ID_name,block,color,condition,correct_keyboard_response,number,practice,response_keyboard_response,response_time_keyboard_response,subject_nr
kiskutya8,0,blue,arab,1,8,yes,rshift,108335,0
kiskutya8,0,red,arab,0,8,yes,rshift,2694,0
kiskutya8,0,red,arab,0,9,yes,rshift,2491,0
kiskutya8,0,blue,arab,1,2,yes,rshift,1905,0
kiskutya8,0,blue,arab,1,7,yes,rshift,1185,0
kiskutya8,0,blue,arab,1,6,yes,rshift,1123,0
kiskutya8,0,red,arab,0,2,yes,rshift,1021,0
kiskutya8,0,red,arab,0,3,yes,rshift,1508,0
kiskutya8,0,blue,arab,1,4,yes,rshift,756,0
kiskutya8,0,red,arab,0,6,yes,rshift,653,0
kiskutya8,0,red,arab,0,4,yes,rshift,18407,0
kiskutya8,0,blue,arab,1,3,yes,rshift,1075,0
kiskutya8,0,red,arab,0,7,yes,rshift,777,0
kiskutya8,0,blue,arab,1,1,yes,rshift,807,0
kiskutya8,0,blue,arab,1,9,yes,rshift,757,0
kiskutya8,0,red,arab,0,1,yes,rshift,1698,0
kiskutya8,1,blue,arab,1,3,no,rshift,686,0
kiskutya8,1,blue,arab,1,4,no,rshift,378,0
kiskutya8,1,red,arab,1,6,no,lshift,332,0
kiskutya8,1,red,arab,1,4,no,lshift,347,0
kiskutya8,1,blue,arab,1,3,no,rshift,478,0
kiskutya8,1,red,arab,1,1,no,lshift,579,0
kiskutya8,1,red,arab,1,9,no,lshift,434,0
kiskutya8,1,blue,arab,1,1,no,rshift,602,0
kiskutya8,1,red,arab,1,7,no,lshift,494,0
kiskutya8,1,red,arab,1,7,no,lshift,386,0
kiskutya8,1,blue,arab,1,6,no,rshift,516,0
kiskutya8,1,red,arab,1,3,no,lshift,435,0
kiskutya8,1,red,arab,1,6,no,lshift,442,0
kiskutya8,1,red,arab,1,8,no,lshift,425,0
kiskutya8,1,red,arab,1,3,no,lshift,397,0
kiskutya8,1,red,arab,1,4,no,lshift,392,0
kiskutya8,1,red,arab,1,4,no,lshift,10238,0
kiskutya8,1,blue,arab,1,7,no,rshift,464,0
kiskutya8,1,blue,arab,1,9,no,rshift,458,0
kiskutya8,1,red,arab,1,8,no,lshift,381,0
kiskutya8,1,blue,arab,1,8,no,rshift,442,0
kiskutya8,1,red,arab,1,2,no,lshift,389,0
kiskutya8,1,red,arab,1,3,no,lshift,371,0
kiskutya8,1,blue,arab,1,4,no,rshift,489,0
kiskutya8,1,blue,arab,1,7,no,rshift,440,0
kiskutya8,1,blue,arab,1,7,no,rshift,416,0
kiskutya8,1,blue,arab,1,6,no,rshift,417,0
kiskutya8,1,blue,arab,1,8,no,rshift,439,0
kiskutya8,1,red,arab,1,4,no,lshift,971,0
kiskutya8,1,red,arab,1,3,no,lshift,439,0
kiskutya8,1,blue,arab,1,4,no,rshift,435,0
kiskutya8,1,blue,arab,1,6,no,rshift,376,0
kiskutya8,1,red,arab,1,9,no,lshift,391,0
kiskutya8,1,red,arab,1,1,no,lshift,453,0
kiskutya8,1,blue,arab,1,3,no,rshift,495,0
kiskutya8,1,red,arab,1,6,no,lshift,464,0
kiskutya8,1,blue,arab,1,2,no,rshift,749,0
kiskutya8,1,blue,arab,1,7,no,rshift,485,0
kiskutya8,1,red,arab,1,2,no,lshift,516,0
kiskutya8,1,red,arab,1,2,no,lshift,433,0
kiskutya8,1,red,arab,1,9,no,lshift,401,0
kiskutya8,1,blue,arab,1,2,no,rshift,402,0
kiskutya8,1,blue,arab,1,3,no,rshift,461,0
kiskutya8,1,blue,arab,1,6,no,rshift,424,0
kiskutya8,1,blue,arab,1,7,no,rshift,368,0
kiskutya8,1,red,arab,1,7,no,lshift,382,0
kiskutya8,1,red,arab,1,8,no,lshift,361,0
kiskutya8,1,blue,arab,1,2,no,rshift,434,0
kiskutya8,1,red,arab,1,7,no,lshift,392,0
kiskutya8,1,blue,arab,1,1,no,rshift,423,0
kiskutya8,1,red,arab,1,3,no,lshift,406,0
kiskutya8,1,blue,arab,1,3,no,rshift,435,0
kiskutya8,1,blue,arab,1,2,no,rshift,389,0
kiskutya8,1,red,arab,1,8,no,lshift,401,0
kiskutya8,1,red,arab,1,7,no,lshift,472,0
kiskutya8,1,red,arab,1,6,no,lshift,382,0
kiskutya8,1,red,arab,1,8,no,lshift,383,0
kiskutya8,1,red,arab,1,2,no,lshift,346,0
kiskutya8,1,blue,arab,1,6,no,rshift,902,0
kiskutya8,1,blue,arab,1,4,no,rshift,376,0
kiskutya8,1,red,arab,1,7,no,lshift,360,0
kiskutya8,1,blue,arab,1,1,no,rshift,456,0
kiskutya8,1,blue,arab,1,7,no,rshift,541,0
kiskutya8,1,blue,arab,1,8,no,rshift,482,0
kiskutya8,1,blue,arab,1,6,no,rshift,479,0
kiskutya8,1,red,arab,1,8,no,lshift,287,0
kiskutya8,1,red,arab,0,2,no,rshift,419,0
kiskutya8,1,red,arab,1,9,no,lshift,452,0
kiskutya8,1,blue,arab,1,7,no,rshift,481,0
kiskutya8,1,red,arab,1,2,no,lshift,359,0
kiskutya8,1,blue,arab,1,2,no,rshift,469,0
kiskutya8,1,red,arab,1,8,no,lshift,729,0
kiskutya8,1,blue,arab,1,6,no,rshift,919,0
kiskutya8,1,red,arab,1,6,no,lshift,463,0
kiskutya8,1,blue,arab,1,8,no,rshift,472,0
kiskutya8,1,red,arab,1,9,no,lshift,495,0
kiskutya8,1,blue,arab,1,6,no,rshift,551,0
kiskutya8,1,red,arab,1,2,no,lshift,571,0
kiskutya8,1,red,arab,1,3,no,lshift,382,0
kiskutya8,1,red,arab,1,1,no,lshift,436,0
kiskutya8,1,red,arab,1,1,no,lshift,422,0
kiskutya8,1,red,arab,1,4,no,lshift,395,0
kiskutya8,1,red,arab,1,7,no,lshift,823,0
kiskutya8,1,blue,arab,1,8,no,rshift,431,0
kiskutya8,1,blue,arab,1,4,no,rshift,617,0
kiskutya8,1,blue,arab,1,6,no,rshift,437,0
kiskutya8,1,red,arab,1,6,no,lshift,423,0
kiskutya8,1,red,arab,1,4,no,lshift,387,0
kiskutya8,1,red,arab,1,8,no,lshift,357,0
kiskutya8,1,blue,arab,1,4,no,rshift,504,0
kiskutya8,1,blue,arab,1,3,no,rshift,568,0
kiskutya8,1,blue,arab,1,8,no,rshift,564,0
kiskutya8,1,red,arab,1,6,no,lshift,361,0
kiskutya8,1,blue,arab,1,3,no,rshift,642,0
kiskutya8,1,red,arab,1,3,no,lshift,363,0
kiskutya8,1,red,arab,1,3,no,lshift,370,0
kiskutya8,1,blue,arab,1,2,no,rshift,468,0
kiskutya8,1,blue,arab,1,8,no,rshift,469,0
kiskutya8,1,red,arab,1,8,no,lshift,418,0
kiskutya8,1,blue,arab,1,9,no,rshift,430,0
kiskutya8,1,blue,arab,1,9,no,rshift,451,0
kiskutya8,1,blue,arab,1,2,no,rshift,447,0
kiskutya8,1,red,arab,1,6,no,lshift,477,0
kiskutya8,1,red,arab,1,7,no,lshift,363,0
kiskutya8,1,blue,arab,0,7,no,lshift,368,0
kiskutya8,1,red,arab,1,8,no,lshift,343,0
kiskutya8,1,blue,arab,1,3,no,rshift,435,0
kiskutya8,1,red,arab,1,1,no,lshift,420,0
kiskutya8,1,red,arab,1,6,no,lshift,443,0
kiskutya8,1,blue,arab,1,4,no,rshift,604,0
kiskutya8,1,red,arab,1,1,no,lshift,423,0
kiskutya8,1,red,arab,1,7,no,lshift,404,0
kiskutya8,1,blue,arab,1,1,no,rshift,439,0
kiskutya8,1,red,arab,1,9,no,lshift,374,0
kiskutya8,1,blue,arab,1,9,no,rshift,403,0
kiskutya8,1,blue,arab,1,1,no,rshift,394,0
kiskutya8,1,blue,arab,1,4,no,rshift,561,0
kiskutya8,1,red,arab,1,7,no,lshift,805,0
kiskutya8,1,blue,arab,1,9,no,rshift,396,0
kiskutya8,1,blue,arab,1,1,no,rshift,399,0
kiskutya8,1,blue,arab,1,3,no,rshift,382,0
kiskutya8,1,red,arab,1,9,no,lshift,418,0
kiskutya8,1,blue,arab,1,9,no,rshift,412,0
kiskutya8,1,red,arab,1,3,no,lshift,575,0
kiskutya8,1,red,arab,1,4,no,lshift,1070,0
kiskutya8,1,blue,arab,1,2,no,rshift,531,0
kiskutya8,1,blue,arab,1,2,no,rshift,393,0
kiskutya8,1,red,arab,1,4,no,lshift,372,0
kiskutya8,1,red,arab,1,9,no,lshift,465,0
kiskutya8,1,blue,arab,0,8,no,lshift,421,0
kiskutya8,1,blue,arab,1,1,no,rshift,511,0
kiskutya8,1,red,arab,1,1,no,lshift,469,0
kiskutya8,1,red,arab,1,9,no,lshift,402,0
kiskutya8,1,blue,arab,1,9,no,rshift,395,0
kiskutya8,1,blue,arab,1,6,no,rshift,391,0
kiskutya8,1,blue,arab,1,7,no,rshift,456,0
kiskutya8,1,blue,arab,1,1,no,rshift,461,0
kiskutya8,1,blue,arab,1,1,no,rshift,435,0
kiskutya8,1,blue,arab,1,7,no,rshift,642,0
kiskutya8,1,blue,arab,1,1,no,rshift,380,0
kiskutya8,1,blue,arab,1,4,no,rshift,321,0
kiskutya8,1,red,arab,1,2,no,lshift,421,0
kiskutya8,1,red,arab,1,6,no,lshift,389,0
kiskutya8,1,blue,arab,1,3,no,rshift,520,0
kiskutya8,1,red,arab,1,4,no,lshift,452,0
kiskutya8,1,red,arab,1,2,no,lshift,396,0
kiskutya8,1,blue,arab,1,2,no,rshift,339,0
kiskutya8,1,blue,arab,1,8,no,rshift,502,0
kiskutya8,1,blue,arab,1,9,no,rshift,376,0
kiskutya8,1,red,arab,1,4,no,lshift,411,0
kiskutya8,1,red,arab,1,1,no,lshift,395,0
kiskutya8,1,blue,arab,1,9,no,rshift,447,0
kiskutya8,1,blue,arab,1,9,no,rshift,369,0
kiskutya8,1,blue,arab,1,4,no,rshift,385,0
kiskutya8,1,red,arab,1,1,no,lshift,411,0
kiskutya8,1,red,arab,1,3,no,lshift,824,0
kiskutya8,1,blue,arab,1,8,no,rshift,1009,0
kiskutya8,1,red,arab,1,1,no,lshift,520,0
kiskutya8,1,red,arab,1,9,no,lshift,383,0
kiskutya8,1,red,arab,1,2,no,lshift,401,0
kiskutya8,2,red,arab,1,8,no,lshift,429,0
kiskutya8,2,red,arab,1,3,no,lshift,471,0
kiskutya8,2,blue,arab,1,2,no,rshift,606,0
kiskutya8,2,red,arab,1,2,no,lshift,970,0
kiskutya8,2,blue,arab,1,1,no,rshift,508,0
kiskutya8,2,red,arab,1,7,no,lshift,411,0
kiskutya8,2,blue,arab,1,7,no,rshift,523,0
kiskutya8,2,red,arab,1,7,no,lshift,447,0
kiskutya8,2,red,arab,1,6,no,lshift,399,0
kiskutya8,2,blue,arab,1,4,no,rshift,460,0
kiskutya8,2,blue,arab,1,1,no,rshift,421,0
kiskutya8,2,blue,arab,1,7,no,rshift,351,0
kiskutya8,2,blue,arab,1,3,no,rshift,439,0
kiskutya8,2,blue,arab,1,8,no,rshift,385,0
kiskutya8,2,blue,arab,1,7,no,rshift,471,0
kiskutya8,2,blue,arab,1,6,no,rshift,401,0
kiskutya8,2,red,arab,1,4,no,lshift,358,0
kiskutya8,2,blue,arab,1,1,no,rshift,427,0
kiskutya8,2,red,arab,1,3,no,lshift,342,0
kiskutya8,2,blue,arab,1,4,no,rshift,495,0
kiskutya8,2,blue,arab,1,7,no,rshift,394,0
kiskutya8,2,red,arab,1,6,no,lshift,461,0
kiskutya8,2,red,arab,0,9,no,rshift,602,0
kiskutya8,2,blue,arab,1,6,no,rshift,457,0
kiskutya8,2,red,arab,1,4,no,lshift,416,0
kiskutya8,2,blue,arab,1,4,no,rshift,427,0
kiskutya8,2,red,arab,1,7,no,lshift,668,0
kiskutya8,2,red,arab,1,2,no,lshift,394,0
kiskutya8,2,red,arab,1,3,no,lshift,491,0
kiskutya8,2,blue,arab,1,4,no,rshift,407,0
kiskutya8,2,blue,arab,1,8,no,rshift,385,0
kiskutya8,2,red,arab,1,6,no,lshift,375,0
kiskutya8,2,red,arab,1,2,no,lshift,427,0
kiskutya8,2,blue,arab,1,6,no,rshift,1092,0
kiskutya8,2,red,arab,1,6,no,lshift,513,0
kiskutya8,2,red,arab,1,9,no,lshift,475,0
kiskutya8,2,red,arab,1,4,no,lshift,466,0
kiskutya8,2,blue,arab,1,6,no,rshift,461,0
kiskutya8,2,red,arab,1,4,no,lshift,454,0
kiskutya8,2,red,arab,1,9,no,lshift,496,0
kiskutya8,2,blue,arab,1,1,no,rshift,462,0
kiskutya8,2,red,arab,1,1,no,lshift,426,0
kiskutya8,2,red,arab,1,9,no,lshift,428,0
kiskutya8,2,red,arab,1,1,no,lshift,562,0
kiskutya8,2,blue,arab,1,1,no,rshift,672,0
kiskutya8,2,red,arab,1,8,no,lshift,455,0
kiskutya8,2,red,arab,1,4,no,lshift,602,0
kiskutya8,2,red,arab,1,2,no,lshift,455,0
kiskutya8,2,red,arab,1,1,no,lshift,493,0
kiskutya8,2,red,arab,1,3,no,lshift,419,0
kiskutya8,2,red,arab,1,8,no,lshift,593,0
kiskutya8,2,red,arab,1,7,no,lshift,439,0
kiskutya8,2,blue,arab,1,7,no,rshift,715,0
kiskutya8,2,blue,arab,1,3,no,rshift,456,0
kiskutya8,2,red,arab,1,8,no,lshift,470,0
kiskutya8,2,blue,arab,1,9,no,rshift,474,0
kiskutya8,2,red,arab,1,7,no,lshift,431,0
kiskutya8,2,red,arab,1,1,no,lshift,437,0
kiskutya8,2,red,arab,1,8,no,lshift,391,0
kiskutya8,2,blue,arab,1,8,no,rshift,453,0
kiskutya8,2,blue,arab,1,3,no,rshift,535,0
kiskutya8,2,blue,arab,1,1,no,rshift,594,0
kiskutya8,2,blue,arab,1,8,no,rshift,494,0
kiskutya8,2,blue,arab,1,4,no,rshift,442,0
kiskutya8,2,red,arab,1,6,no,lshift,639,0
kiskutya8,2,red,arab,1,3,no,lshift,461,0
kiskutya8,2,red,arab,1,9,no,lshift,1046,0
kiskutya8,2,blue,arab,1,2,no,rshift,610,0
kiskutya8,2,red,arab,1,1,no,lshift,802,0
kiskutya8,2,red,arab,1,9,no,lshift,388,0
kiskutya8,2,red,arab,1,7,no,lshift,436,0
kiskutya8,2,red,arab,1,7,no,lshift,441,0
kiskutya8,2,blue,arab,1,6,no,rshift,609,0
kiskutya8,2,red,arab,1,8,no,lshift,494,0
kiskutya8,2,red,arab,1,6,no,lshift,496,0
kiskutya8,2,red,arab,1,2,no,lshift,472,0
kiskutya8,2,red,arab,1,1,no,lshift,448,0
kiskutya8,2,red,arab,1,7,no,lshift,420,0
kiskutya8,2,red,arab,1,8,no,lshift,529,0
kiskutya8,2,red,arab,1,2,no,lshift,456,0
kiskutya8,2,red,arab,1,1,no,lshift,478,0
kiskutya8,2,red,arab,1,8,no,lshift,478,0
kiskutya8,2,blue,arab,1,9,no,rshift,421,0
kiskutya8,2,red,arab,1,3,no,lshift,414,0
kiskutya8,2,red,arab,1,6,no,lshift,343,0
kiskutya8,2,blue,arab,1,8,no,rshift,476,0
kiskutya8,2,red,arab,1,7,no,lshift,438,0
kiskutya8,2,red,arab,1,1,no,lshift,441,0
kiskutya8,2,blue,arab,1,4,no,rshift,492,0
kiskutya8,2,blue,arab,1,2,no,rshift,418,0
kiskutya8,2,blue,arab,1,3,no,rshift,454,0
kiskutya8,2,red,arab,1,6,no,lshift,370,0
kiskutya8,2,blue,arab,1,4,no,rshift,435,0
kiskutya8,2,blue,arab,1,4,no,rshift,388,0
kiskutya8,2,blue,arab,1,6,no,rshift,388,0
kiskutya8,2,blue,arab,1,7,no,rshift,396,0
kiskutya8,2,blue,arab,1,3,no,rshift,436,0
kiskutya8,2,red,arab,1,4,no,lshift,1267,0
kiskutya8,2,blue,arab,1,1,no,rshift,671,0
kiskutya8,2,blue,arab,1,3,no,rshift,373,0
kiskutya8,2,blue,arab,1,2,no,rshift,407,0
kiskutya8,2,blue,arab,1,2,no,rshift,363,0
kiskutya8,2,blue,arab,1,9,no,rshift,367,0
kiskutya8,2,blue,arab,1,1,no,rshift,434,0
kiskutya8,2,red,arab,1,4,no,lshift,425,0
kiskutya8,2,blue,arab,1,9,no,rshift,602,0
kiskutya8,2,red,arab,1,9,no,lshift,695,0
kiskutya8,2,blue,arab,1,2,no,rshift,440,0
kiskutya8,2,red,arab,1,8,no,lshift,494,0
kiskutya8,2,blue,arab,1,3,no,rshift,434,0
kiskutya8,2,blue,arab,1,9,no,rshift,378,0
kiskutya8,2,blue,arab,1,3,no,rshift,398,0
kiskutya8,2,blue,arab,1,9,no,rshift,387,0
kiskutya8,2,red,arab,1,3,no,lshift,567,0
kiskutya8,2,red,arab,1,4,no,lshift,487,0
kiskutya8,2,red,arab,1,2,no,lshift,541,0
kiskutya8,2,blue,arab,1,8,no,rshift,658,0
kiskutya8,2,blue,arab,1,7,no,rshift,509,0
kiskutya8,2,red,arab,1,9,no,lshift,461,0
kiskutya8,2,blue,arab,1,1,no,rshift,470,0
kiskutya8,2,blue,arab,1,7,no,rshift,418,0
kiskutya8,2,red,arab,1,6,no,lshift,441,0
kiskutya8,2,red,arab,1,3,no,lshift,470,0
kiskutya8,2,blue,arab,1,3,no,rshift,430,0
kiskutya8,2,blue,arab,1,4,no,rshift,397,0
kiskutya8,2,blue,arab,1,1,no,rshift,435,0
kiskutya8,2,blue,arab,1,9,no,rshift,472,0
kiskutya8,2,blue,arab,1,2,no,rshift,402,0
kiskutya8,2,red,arab,1,4,no,lshift,579,0
kiskutya8,2,blue,arab,1,3,no,rshift,412,0
kiskutya8,2,blue,arab,1,8,no,rshift,382,0
kiskutya8,2,red,arab,1,3,no,lshift,523,0
kiskutya8,2,red,arab,1,2,no,lshift,549,0
kiskutya8,2,red,arab,1,9,no,lshift,525,0
kiskutya8,2,red,arab,1,4,no,lshift,503,0
kiskutya8,2,blue,arab,1,4,no,rshift,435,0
kiskutya8,2,red,arab,1,7,no,lshift,454,0
kiskutya8,2,blue,arab,1,7,no,rshift,447,0
kiskutya8,2,blue,arab,1,6,no,rshift,500,0
kiskutya8,2,blue,arab,1,9,no,rshift,676,0
kiskutya8,2,blue,arab,1,8,no,rshift,702,0
kiskutya8,2,blue,arab,1,7,no,rshift,410,0
kiskutya8,2,blue,arab,1,2,no,rshift,503,0
kiskutya8,2,red,arab,1,1,no,lshift,511,0
kiskutya8,2,red,arab,1,9,no,lshift,384,0
kiskutya8,2,blue,arab,1,6,no,rshift,626,0
kiskutya8,2,blue,arab,1,6,no,rshift,685,0
kiskutya8,2,blue,arab,1,9,no,rshift,334,0
kiskutya8,2,red,arab,1,1,no,lshift,401,0
kiskutya8,2,blue,arab,1,8,no,rshift,387,0
kiskutya8,2,red,arab,1,8,no,lshift,427,0
kiskutya8,2,blue,arab,1,9,no,rshift,391,0
kiskutya8,2,red,arab,1,6,no,lshift,422,0
kiskutya8,2,blue,arab,1,2,no,rshift,500,0
kiskutya8,2,blue,arab,1,6,no,rshift,363,0
kiskutya8,2,red,arab,1,2,no,lshift,424,0
kiskutya8,2,blue,arab,1,2,no,rshift,420,0
kiskutya8,2,red,arab,1,2,no,lshift,537,0
kiskutya8,2,blue,arab,1,8,no,rshift,428,0
kiskutya8,2,red,arab,1,3,no,lshift,462,0
kiskutya8,3,blue,arab,1,7,no,rshift,402,0
kiskutya8,3,blue,arab,1,7,no,rshift,386,0
kiskutya8,3,blue,arab,1,2,no,rshift,327,0
kiskutya8,3,blue,arab,1,7,no,rshift,375,0
kiskutya8,3,blue,arab,1,6,no,rshift,586,0
kiskutya8,3,red,arab,1,6,no,lshift,439,0
kiskutya8,3,red,arab,1,8,no,lshift,422,0
kiskutya8,3,blue,arab,1,6,no,rshift,353,0
kiskutya8,3,blue,arab,1,8,no,rshift,325,0
kiskutya8,3,red,arab,1,6,no,lshift,374,0
kiskutya8,3,blue,arab,1,4,no,rshift,348,0
kiskutya8,3,red,arab,1,7,no,lshift,399,0
kiskutya8,3,blue,arab,1,8,no,rshift,385,0
kiskutya8,3,red,arab,1,8,no,lshift,1133,0
kiskutya8,3,blue,arab,1,4,no,rshift,391,0
kiskutya8,3,red,arab,1,7,no,lshift,456,0
kiskutya8,3,red,arab,1,2,no,lshift,492,0
kiskutya8,3,blue,arab,1,9,no,rshift,689,0
kiskutya8,3,red,arab,1,2,no,lshift,508,0
kiskutya8,3,blue,arab,1,9,no,rshift,300,0
kiskutya8,3,red,arab,1,2,no,lshift,438,0
kiskutya8,3,red,arab,1,7,no,lshift,626,0
kiskutya8,3,red,arab,1,2,no,lshift,418,0
kiskutya8,3,blue,arab,1,7,no,rshift,1254,0
kiskutya8,3,red,arab,1,8,no,lshift,383,0
kiskutya8,3,red,arab,1,1,no,lshift,408,0
kiskutya8,3,red,arab,1,2,no,lshift,400,0
kiskutya8,3,red,arab,1,1,no,lshift,426,0
kiskutya8,3,blue,arab,1,8,no,rshift,456,0
kiskutya8,3,red,arab,1,6,no,lshift,439,0
kiskutya8,3,red,arab,1,9,no,lshift,452,0
kiskutya8,3,red,arab,1,1,no,lshift,924,0
kiskutya8,3,red,arab,1,7,no,lshift,479,0
kiskutya8,3,red,arab,1,8,no,lshift,440,0
kiskutya8,3,blue,arab,1,6,no,rshift,454,0
kiskutya8,3,red,arab,1,3,no,lshift,377,0
kiskutya8,3,blue,arab,1,2,no,rshift,527,0
kiskutya8,3,red,arab,1,8,no,lshift,359,0
kiskutya8,3,red,arab,1,7,no,lshift,421,0
kiskutya8,3,blue,arab,1,1,no,rshift,426,0
kiskutya8,3,blue,arab,1,4,no,rshift,523,0
kiskutya8,3,red,arab,1,6,no,lshift,472,0
kiskutya8,3,blue,arab,1,2,no,rshift,678,0
kiskutya8,3,red,arab,1,6,no,lshift,444,0
kiskutya8,3,blue,arab,1,7,no,rshift,469,0
kiskutya8,3,red,arab,1,3,no,lshift,486,0
kiskutya8,3,red,arab,1,7,no,lshift,429,0
kiskutya8,3,red,arab,1,8,no,lshift,454,0
kiskutya8,3,blue,arab,1,8,no,rshift,456,0
kiskutya8,3,red,arab,1,4,no,lshift,420,0
kiskutya8,3,red,arab,1,6,no,lshift,830,0
kiskutya8,3,red,arab,1,3,no,lshift,392,0
kiskutya8,3,red,arab,1,7,no,lshift,720,0
kiskutya8,3,blue,arab,1,9,no,rshift,463,0
kiskutya8,3,red,arab,1,6,no,lshift,463,0
kiskutya8,3,blue,arab,1,3,no,rshift,419,0
kiskutya8,3,red,arab,1,2,no,lshift,470,0
kiskutya8,3,red,arab,1,4,no,lshift,646,0
kiskutya8,3,blue,arab,1,6,no,rshift,442,0
kiskutya8,3,blue,arab,1,9,no,rshift,325,0
kiskutya8,3,blue,arab,1,4,no,rshift,329,0
kiskutya8,3,blue,arab,1,9,no,rshift,348,0
kiskutya8,3,blue,arab,1,7,no,rshift,410,0
kiskutya8,3,blue,arab,1,7,no,rshift,376,0
kiskutya8,3,blue,arab,1,8,no,rshift,389,0
kiskutya8,3,red,arab,1,3,no,lshift,323,0
kiskutya8,3,blue,arab,1,1,no,rshift,325,0
kiskutya8,3,red,arab,1,9,no,lshift,397,0
kiskutya8,3,blue,arab,1,1,no,rshift,484,0
kiskutya8,3,blue,arab,1,2,no,rshift,292,0
kiskutya8,3,blue,arab,1,6,no,rshift,268,0
kiskutya8,3,blue,arab,1,3,no,rshift,384,0
kiskutya8,3,blue,arab,1,2,no,rshift,330,0
kiskutya8,3,blue,arab,1,1,no,rshift,401,0
kiskutya8,3,red,arab,1,8,no,lshift,410,0
kiskutya8,3,red,arab,1,4,no,lshift,409,0
kiskutya8,3,blue,arab,1,1,no,rshift,325,0
kiskutya8,3,blue,arab,1,3,no,rshift,411,0
kiskutya8,3,red,arab,1,4,no,lshift,370,0
kiskutya8,3,blue,arab,1,1,no,rshift,434,0
kiskutya8,3,blue,arab,1,2,no,rshift,327,0
kiskutya8,3,blue,arab,1,9,no,rshift,420,0
kiskutya8,3,red,arab,1,9,no,lshift,390,0
kiskutya8,3,blue,arab,1,8,no,rshift,388,0
kiskutya8,3,red,arab,1,9,no,lshift,436,0
kiskutya8,3,red,arab,1,6,no,lshift,402,0
kiskutya8,3,red,arab,1,4,no,lshift,406,0
kiskutya8,3,blue,arab,1,4,no,rshift,417,0
kiskutya8,3,red,arab,1,7,no,lshift,427,0
kiskutya8,3,blue,arab,1,7,no,rshift,380,0
kiskutya8,3,red,arab,1,1,no,lshift,402,0
kiskutya8,3,blue,arab,1,3,no,rshift,503,0
kiskutya8,3,blue,arab,1,9,no,rshift,353,0
kiskutya8,3,blue,arab,1,3,no,rshift,391,0
kiskutya8,3,red,arab,1,8,no,lshift,406,0
kiskutya8,3,blue,arab,1,2,no,rshift,608,0
kiskutya8,3,blue,arab,1,3,no,rshift,423,0
kiskutya8,3,blue,arab,1,2,no,rshift,402,0
kiskutya8,3,blue,arab,1,2,no,rshift,353,0
kiskutya8,3,blue,arab,1,8,no,rshift,386,0
kiskutya8,3,red,arab,1,7,no,lshift,410,0
kiskutya8,3,red,arab,1,3,no,lshift,379,0
kiskutya8,3,red,arab,1,1,no,lshift,468,0
kiskutya8,3,blue,arab,1,1,no,rshift,396,0
kiskutya8,3,blue,arab,1,3,no,rshift,354,0
kiskutya8,3,blue,arab,1,1,no,rshift,395,0
kiskutya8,3,red,arab,1,3,no,lshift,402,0
kiskutya8,3,red,arab,1,9,no,lshift,477,0
kiskutya8,3,blue,arab,1,1,no,rshift,372,0
kiskutya8,3,red,arab,1,4,no,lshift,416,0
kiskutya8,3,red,arab,1,1,no,lshift,385,0
kiskutya8,3,blue,arab,1,7,no,rshift,367,0
kiskutya8,3,red,arab,1,7,no,lshift,636,0
kiskutya8,3,red,arab,1,8,no,lshift,425,0
kiskutya8,3,red,arab,1,6,no,lshift,372,0
kiskutya8,3,blue,arab,1,6,no,rshift,451,0
kiskutya8,3,red,arab,1,1,no,lshift,370,0
kiskutya8,3,red,arab,1,2,no,lshift,431,0
kiskutya8,3,blue,arab,1,2,no,rshift,516,0
kiskutya8,3,red,arab,1,8,no,lshift,540,0
kiskutya8,3,red,arab,1,4,no,lshift,408,0
kiskutya8,3,red,arab,1,3,no,lshift,391,0
kiskutya8,3,red,arab,1,2,no,lshift,386,0
kiskutya8,3,red,arab,1,2,no,lshift,358,0
kiskutya8,3,blue,arab,1,6,no,rshift,432,0
kiskutya8,3,red,arab,1,9,no,lshift,421,0
kiskutya8,3,blue,arab,1,1,no,rshift,349,0
kiskutya8,3,blue,arab,1,9,no,rshift,531,0
kiskutya8,3,blue,arab,1,6,no,rshift,402,0
kiskutya8,3,blue,arab,1,3,no,rshift,329,0
kiskutya8,3,red,arab,1,3,no,lshift,392,0
kiskutya8,3,red,arab,1,6,no,lshift,357,0
kiskutya8,3,blue,arab,1,4,no,rshift,402,0
kiskutya8,3,red,arab,1,3,no,lshift,435,0
kiskutya8,3,red,arab,1,9,no,lshift,496,0
kiskutya8,3,red,arab,1,3,no,lshift,461,0
kiskutya8,3,red,arab,1,4,no,lshift,412,0
kiskutya8,3,red,arab,1,1,no,lshift,435,0
kiskutya8,3,red,arab,0,9,no,rshift,423,0
kiskutya8,3,red,arab,1,2,no,lshift,447,0
kiskutya8,3,blue,arab,1,8,no,rshift,447,0
kiskutya8,3,blue,arab,1,4,no,rshift,435,0
kiskutya8,3,red,arab,1,1,no,lshift,384,0
kiskutya8,3,blue,arab,1,9,no,rshift,756,0
kiskutya8,3,blue,arab,1,3,no,rshift,485,0
kiskutya8,3,red,arab,1,1,no,lshift,391,0
kiskutya8,3,blue,arab,1,7,no,rshift,454,0
kiskutya8,3,blue,arab,1,4,no,rshift,351,0
kiskutya8,3,blue,arab,1,8,no,rshift,402,0
kiskutya8,3,blue,arab,1,3,no,rshift,492,0
kiskutya8,3,blue,arab,1,8,no,rshift,378,0
kiskutya8,3,red,arab,1,4,no,lshift,383,0
kiskutya8,3,red,arab,1,4,no,lshift,377,0
kiskutya8,3,red,arab,1,9,no,lshift,410,0
kiskutya8,3,blue,arab,1,4,no,rshift,684,0
kiskutya8,3,blue,arab,1,9,no,rshift,457,0
kiskutya8,3,blue,arab,1,6,no,rshift,534,0
kiskutya8,3,red,arab,1,9,no,lshift,473,0
kiskutya8,3,blue,arab,1,6,no,rshift,451,0
kiskutya8,3,blue,arab,1,4,no,rshift,393,0
kiskutya8,0,blue,dot,1,6,yes,rshift,392,0
kiskutya8,0,blue,dot,1,1,yes,rshift,298,0
kiskutya8,0,blue,dot,1,4,yes,rshift,284,0
kiskutya8,0,red,dot,1,3,yes,lshift,341,0
kiskutya8,0,red,dot,1,1,yes,lshift,407,0
kiskutya8,0,blue,dot,1,3,yes,rshift,299,0
kiskutya8,0,red,dot,1,6,yes,lshift,414,0
kiskutya8,0,red,dot,1,4,yes,lshift,390,0
kiskutya8,0,blue,dot,1,8,yes,rshift,272,0
kiskutya8,0,red,dot,1,9,yes,lshift,419,0
kiskutya8,0,blue,dot,1,2,yes,rshift,318,0
kiskutya8,0,red,dot,1,7,yes,lshift,392,0
kiskutya8,0,red,dot,1,8,yes,lshift,624,0
kiskutya8,0,red,dot,1,2,yes,lshift,393,0
kiskutya8,0,blue,dot,1,7,yes,rshift,323,0
kiskutya8,0,blue,dot,1,9,yes,rshift,499,0
kiskutya8,1,blue,dot,1,4,no,rshift,502,0
kiskutya8,1,blue,dot,1,8,no,rshift,411,0
kiskutya8,1,blue,dot,1,9,no,rshift,378,0
kiskutya8,1,red,dot,1,7,no,lshift,349,0
kiskutya8,1,blue,dot,1,2,no,rshift,655,0
kiskutya8,1,red,dot,1,7,no,lshift,384,0
kiskutya8,1,blue,dot,1,9,no,rshift,386,0
kiskutya8,1,red,dot,1,8,no,lshift,369,0
kiskutya8,1,blue,dot,1,9,no,rshift,326,0
kiskutya8,1,red,dot,1,7,no,lshift,778,0
kiskutya8,1,blue,dot,1,7,no,rshift,334,0
kiskutya8,1,red,dot,1,1,no,lshift,368,0
kiskutya8,1,red,dot,1,7,no,lshift,387,0
kiskutya8,1,blue,dot,1,1,no,rshift,398,0
kiskutya8,1,red,dot,1,4,no,lshift,808,0
kiskutya8,1,red,dot,1,4,no,lshift,640,0
kiskutya8,1,blue,dot,1,7,no,rshift,348,0
kiskutya8,1,blue,dot,1,7,no,rshift,321,0
kiskutya8,1,red,dot,1,8,no,lshift,385,0
kiskutya8,1,red,dot,1,3,no,lshift,750,0
kiskutya8,1,blue,dot,1,6,no,rshift,388,0
kiskutya8,1,blue,dot,1,9,no,rshift,371,0
kiskutya8,1,red,dot,1,2,no,lshift,593,0
kiskutya8,1,blue,dot,1,7,no,rshift,558,0
kiskutya8,1,blue,dot,1,2,no,rshift,359,0
kiskutya8,1,red,dot,1,1,no,lshift,363,0
kiskutya8,1,red,dot,1,1,no,lshift,383,0
kiskutya8,1,blue,dot,1,3,no,rshift,374,0
kiskutya8,1,red,dot,1,8,no,lshift,434,0
kiskutya8,1,red,dot,1,4,no,lshift,1123,0
kiskutya8,1,blue,dot,1,6,no,rshift,374,0
kiskutya8,1,red,dot,1,2,no,lshift,381,0
kiskutya8,1,blue,dot,1,3,no,rshift,367,0
kiskutya8,1,red,dot,1,4,no,lshift,513,0
kiskutya8,1,blue,dot,1,6,no,rshift,345,0
kiskutya8,1,red,dot,1,3,no,lshift,368,0
kiskutya8,1,red,dot,1,2,no,lshift,612,0
kiskutya8,1,red,dot,1,9,no,lshift,463,0
kiskutya8,1,red,dot,1,3,no,lshift,518,0
kiskutya8,1,blue,dot,1,3,no,rshift,304,0
kiskutya8,1,red,dot,1,9,no,lshift,362,0
kiskutya8,1,blue,dot,1,2,no,rshift,347,0
kiskutya8,1,red,dot,1,3,no,lshift,337,0
kiskutya8,1,red,dot,1,6,no,lshift,402,0
kiskutya8,1,red,dot,1,2,no,lshift,360,0
kiskutya8,1,red,dot,1,8,no,lshift,387,0
kiskutya8,1,blue,dot,1,9,no,rshift,541,0
kiskutya8,1,red,dot,1,3,no,lshift,350,0
kiskutya8,1,blue,dot,1,9,no,rshift,356,0
kiskutya8,1,red,dot,1,3,no,lshift,332,0
kiskutya8,1,red,dot,1,1,no,lshift,363,0
kiskutya8,1,red,dot,1,8,no,lshift,362,0
kiskutya8,1,red,dot,1,4,no,lshift,363,0
kiskutya8,1,blue,dot,1,1,no,rshift,354,0
kiskutya8,1,red,dot,1,6,no,lshift,327,0
kiskutya8,1,red,dot,1,8,no,lshift,330,0
kiskutya8,1,blue,dot,1,4,no,rshift,516,0
kiskutya8,1,red,dot,1,3,no,lshift,727,0
kiskutya8,1,red,dot,1,6,no,lshift,833,0
kiskutya8,1,red,dot,1,4,no,lshift,819,0
kiskutya8,1,red,dot,1,7,no,lshift,409,0
kiskutya8,1,blue,dot,1,6,no,rshift,359,0
kiskutya8,1,red,dot,1,9,no,lshift,644,0
kiskutya8,1,red,dot,1,4,no,lshift,322,0
kiskutya8,1,blue,dot,1,8,no,rshift,424,0
kiskutya8,1,blue,dot,1,7,no,rshift,328,0
kiskutya8,1,blue,dot,1,4,no,rshift,352,0
kiskutya8,1,red,dot,1,2,no,lshift,401,0
kiskutya8,1,blue,dot,1,1,no,rshift,359,0
kiskutya8,1,red,dot,1,9,no,lshift,414,0
kiskutya8,1,red,dot,1,7,no,lshift,364,0
kiskutya8,1,blue,dot,1,8,no,rshift,417,0
kiskutya8,1,blue,dot,1,9,no,rshift,461,0
kiskutya8,1,red,dot,1,9,no,lshift,391,0
kiskutya8,1,red,dot,1,7,no,lshift,381,0
kiskutya8,1,blue,dot,1,8,no,rshift,450,0
kiskutya8,1,blue,dot,1,6,no,rshift,470,0
kiskutya8,1,red,dot,1,9,no,lshift,411,0
kiskutya8,1,blue,dot,1,1,no,rshift,401,0
kiskutya8,1,red,dot,1,8,no,lshift,361,0
kiskutya8,1,blue,dot,1,7,no,rshift,403,0
kiskutya8,1,red,dot,1,2,no,lshift,348,0
kiskutya8,1,blue,dot,1,6,no,rshift,373,0
kiskutya8,1,blue,dot,1,6,no,rshift,383,0
kiskutya8,1,blue,dot,1,9,no,rshift,432,0
kiskutya8,1,red,dot,1,1,no,lshift,306,0
kiskutya8,1,red,dot,1,7,no,lshift,340,0
kiskutya8,1,red,dot,1,3,no,lshift,512,0
kiskutya8,1,blue,dot,0,1,no,lshift,460,0
kiskutya8,1,blue,dot,1,2,no,rshift,393,0
kiskutya8,1,blue,dot,1,6,no,rshift,396,0
kiskutya8,1,blue,dot,1,2,no,rshift,335,0
kiskutya8,1,red,dot,1,9,no,lshift,406,0
kiskutya8,1,blue,dot,1,9,no,rshift,353,0
kiskutya8,1,blue,dot,1,3,no,rshift,414,0
kiskutya8,1,blue,dot,1,8,no,rshift,355,0
kiskutya8,1,blue,dot,1,4,no,rshift,325,0
kiskutya8,1,red,dot,1,9,no,lshift,421,0
kiskutya8,1,blue,dot,1,7,no,rshift,321,0
kiskutya8,1,red,dot,1,1,no,lshift,426,0
kiskutya8,1,blue,dot,1,8,no,rshift,335,0
kiskutya8,1,red,dot,1,6,no,lshift,362,0
kiskutya8,1,blue,dot,1,4,no,rshift,408,0
kiskutya8,1,blue,dot,1,3,no,rshift,356,0
kiskutya8,1,blue,dot,1,3,no,rshift,392,0
kiskutya8,1,blue,dot,1,2,no,rshift,445,0
kiskutya8,1,red,dot,1,4,no,lshift,373,0
kiskutya8,1,blue,dot,1,6,no,rshift,458,0
kiskutya8,1,blue,dot,1,1,no,rshift,334,0
kiskutya8,1,blue,dot,1,7,no,rshift,339,0
kiskutya8,1,red,dot,1,6,no,lshift,432,0
kiskutya8,1,blue,dot,1,4,no,rshift,612,0
kiskutya8,1,blue,dot,1,4,no,rshift,351,0
kiskutya8,1,red,dot,1,2,no,lshift,357,0
kiskutya8,1,blue,dot,1,4,no,rshift,512,0
kiskutya8,1,red,dot,1,4,no,lshift,360,0
kiskutya8,1,red,dot,1,3,no,lshift,399,0
kiskutya8,1,red,dot,1,6,no,lshift,376,0
kiskutya8,1,red,dot,1,1,no,lshift,370,0
kiskutya8,1,red,dot,1,1,no,lshift,347,0
kiskutya8,1,blue,dot,1,7,no,rshift,2278,0
kiskutya8,1,red,dot,1,3,no,lshift,338,0
kiskutya8,1,red,dot,1,1,no,lshift,342,0
kiskutya8,1,red,dot,1,4,no,lshift,372,0
kiskutya8,1,red,dot,1,9,no,lshift,405,0
kiskutya8,1,blue,dot,1,3,no,rshift,367,0
kiskutya8,1,red,dot,1,6,no,lshift,379,0
kiskutya8,1,blue,dot,1,8,no,rshift,407,0
kiskutya8,1,red,dot,1,9,no,lshift,398,0
kiskutya8,1,blue,dot,1,3,no,rshift,507,0
kiskutya8,1,red,dot,1,1,no,lshift,305,0
kiskutya8,1,blue,dot,1,1,no,rshift,395,0
kiskutya8,1,red,dot,1,6,no,lshift,374,0
kiskutya8,1,red,dot,1,6,no,lshift,401,0
kiskutya8,1,red,dot,1,7,no,lshift,386,0
kiskutya8,1,red,dot,1,6,no,lshift,449,0
kiskutya8,1,blue,dot,1,8,no,rshift,584,0
kiskutya8,1,blue,dot,1,3,no,rshift,583,0
kiskutya8,1,blue,dot,1,8,no,rshift,344,0
kiskutya8,1,blue,dot,1,2,no,rshift,328,0
kiskutya8,1,blue,dot,1,1,no,rshift,322,0
kiskutya8,1,red,dot,1,2,no,lshift,349,0
kiskutya8,1,blue,dot,1,2,no,rshift,404,0
kiskutya8,1,blue,dot,1,2,no,rshift,338,0
kiskutya8,1,red,dot,1,8,no,lshift,366,0
kiskutya8,1,blue,dot,1,3,no,rshift,367,0
kiskutya8,1,red,dot,1,7,no,lshift,311,0
kiskutya8,1,blue,dot,1,2,no,rshift,274,0
kiskutya8,1,blue,dot,1,6,no,rshift,287,0
kiskutya8,1,blue,dot,1,8,no,rshift,300,0
kiskutya8,1,blue,dot,1,1,no,rshift,245,0
kiskutya8,1,blue,dot,1,4,no,rshift,217,0
kiskutya8,1,blue,dot,1,9,no,rshift,271,0
kiskutya8,1,blue,dot,1,1,no,rshift,344,0
kiskutya8,1,red,dot,1,8,no,lshift,384,0
kiskutya8,1,red,dot,0,8,no,rshift,292,0
kiskutya8,1,red,dot,1,2,no,lshift,515,0
kiskutya8,1,blue,dot,1,4,no,rshift,256,0
kiskutya8,1,red,dot,1,2,no,lshift,330,0
kiskutya8,1,blue,dot,1,7,no,rshift,353,0
kiskutya8,2,red,dot,1,7,no,lshift,1540,0
kiskutya8,2,blue,dot,1,3,no,rshift,338,0
kiskutya8,2,red,dot,1,9,no,lshift,1219,0
kiskutya8,2,red,dot,1,2,no,lshift,335,0
kiskutya8,2,blue,dot,1,6,no,rshift,343,0
kiskutya8,2,red,dot,1,8,no,lshift,733,0
kiskutya8,2,red,dot,1,8,no,lshift,361,0
kiskutya8,2,red,dot,1,1,no,lshift,376,0
kiskutya8,2,blue,dot,1,6,no,rshift,689,0
kiskutya8,2,blue,dot,1,3,no,rshift,371,0
kiskutya8,2,red,dot,1,2,no,lshift,349,0
kiskutya8,2,blue,dot,1,8,no,rshift,371,0
kiskutya8,2,blue,dot,1,8,no,rshift,322,0
kiskutya8,2,red,dot,1,7,no,lshift,494,0
kiskutya8,2,blue,dot,1,2,no,rshift,368,0
kiskutya8,2,blue,dot,1,1,no,rshift,274,0
kiskutya8,2,red,dot,1,2,no,lshift,366,0
kiskutya8,2,red,dot,1,9,no,lshift,427,0
kiskutya8,2,red,dot,1,1,no,lshift,354,0
kiskutya8,2,blue,dot,1,4,no,rshift,357,0
kiskutya8,2,blue,dot,1,8,no,rshift,401,0
kiskutya8,2,red,dot,1,2,no,lshift,437,0
kiskutya8,2,red,dot,1,6,no,lshift,489,0
kiskutya8,2,blue,dot,1,8,no,rshift,363,0
kiskutya8,2,red,dot,1,9,no,lshift,468,0
kiskutya8,2,blue,dot,1,2,no,rshift,484,0
kiskutya8,2,blue,dot,1,9,no,rshift,607,0
kiskutya8,2,blue,dot,1,2,no,rshift,370,0
kiskutya8,2,red,dot,1,4,no,lshift,575,0
kiskutya8,2,blue,dot,1,4,no,rshift,415,0
kiskutya8,2,red,dot,1,6,no,lshift,457,0
kiskutya8,2,red,dot,1,7,no,lshift,387,0
kiskutya8,2,red,dot,1,3,no,lshift,438,0
kiskutya8,2,red,dot,1,6,no,lshift,366,0
kiskutya8,2,blue,dot,1,6,no,rshift,396,0
kiskutya8,2,red,dot,1,1,no,lshift,370,0
kiskutya8,2,red,dot,1,4,no,lshift,363,0
kiskutya8,2,red,dot,1,4,no,lshift,366,0
kiskutya8,2,red,dot,1,9,no,lshift,410,0
kiskutya8,2,blue,dot,1,6,no,rshift,325,0
kiskutya8,2,blue,dot,1,7,no,rshift,325,0
kiskutya8,2,red,dot,1,8,no,lshift,384,0
kiskutya8,2,blue,dot,1,7,no,rshift,395,0
kiskutya8,2,blue,dot,1,3,no,rshift,360,0
kiskutya8,2,red,dot,1,9,no,lshift,912,0
kiskutya8,2,blue,dot,1,4,no,rshift,362,0
kiskutya8,2,red,dot,1,6,no,lshift,345,0
kiskutya8,2,blue,dot,1,3,no,rshift,411,0
kiskutya8,2,red,dot,1,3,no,lshift,383,0
kiskutya8,2,red,dot,1,9,no,lshift,386,0
kiskutya8,2,red,dot,1,2,no,lshift,366,0
kiskutya8,2,red,dot,1,6,no,lshift,388,0
kiskutya8,2,red,dot,1,7,no,lshift,444,0
kiskutya8,2,red,dot,1,1,no,lshift,388,0
kiskutya8,2,red,dot,1,7,no,lshift,345,0
kiskutya8,2,blue,dot,1,9,no,rshift,453,0
kiskutya8,2,red,dot,1,6,no,lshift,331,0
kiskutya8,2,blue,dot,1,6,no,rshift,482,0
kiskutya8,2,red,dot,1,8,no,lshift,626,0
kiskutya8,2,red,dot,1,9,no,lshift,431,0
kiskutya8,2,blue,dot,1,7,no,rshift,415,0
kiskutya8,2,blue,dot,1,8,no,rshift,491,0
kiskutya8,2,blue,dot,1,8,no,rshift,391,0
kiskutya8,2,blue,dot,1,4,no,rshift,634,0
kiskutya8,2,blue,dot,1,9,no,rshift,353,0
kiskutya8,2,red,dot,1,7,no,lshift,432,0
kiskutya8,2,red,dot,1,1,no,lshift,937,0
kiskutya8,2,red,dot,1,1,no,lshift,377,0
kiskutya8,2,red,dot,1,4,no,lshift,359,0
kiskutya8,2,red,dot,1,3,no,lshift,491,0
kiskutya8,2,blue,dot,1,3,no,rshift,386,0
kiskutya8,2,red,dot,1,8,no,lshift,388,0
kiskutya8,2,blue,dot,1,2,no,rshift,398,0
kiskutya8,2,blue,dot,1,1,no,rshift,371,0
kiskutya8,2,blue,dot,1,7,no,rshift,334,0
kiskutya8,2,blue,dot,1,4,no,rshift,275,0
kiskutya8,2,red,dot,1,3,no,lshift,345,0
kiskutya8,2,red,dot,1,8,no,lshift,316,0
kiskutya8,2,red,dot,1,8,no,lshift,308,0
kiskutya8,2,blue,dot,1,9,no,rshift,363,0
kiskutya8,2,blue,dot,1,7,no,rshift,294,0
kiskutya8,2,blue,dot,1,2,no,rshift,272,0
kiskutya8,2,red,dot,1,3,no,lshift,384,0
kiskutya8,2,red,dot,1,7,no,lshift,451,0
kiskutya8,2,red,dot,1,8,no,lshift,397,0
kiskutya8,2,red,dot,1,3,no,lshift,360,0
kiskutya8,2,red,dot,1,8,no,lshift,320,0
kiskutya8,2,blue,dot,1,2,no,rshift,389,0
kiskutya8,2,red,dot,1,7,no,lshift,316,0
kiskutya8,2,red,dot,1,8,no,lshift,296,0
kiskutya8,2,blue,dot,1,6,no,rshift,314,0
kiskutya8,2,blue,dot,1,6,no,rshift,268,0
kiskutya8,2,red,dot,1,1,no,lshift,347,0
kiskutya8,2,red,dot,1,4,no,lshift,381,0
kiskutya8,2,blue,dot,1,9,no,rshift,354,0
kiskutya8,2,blue,dot,1,1,no,rshift,352,0
kiskutya8,2,red,dot,1,7,no,lshift,375,0
kiskutya8,2,red,dot,1,6,no,lshift,291,0
kiskutya8,2,red,dot,1,4,no,lshift,295,0
kiskutya8,2,red,dot,1,3,no,lshift,335,0
kiskutya8,2,blue,dot,1,1,no,rshift,292,0
kiskutya8,2,red,dot,1,3,no,lshift,371,0
kiskutya8,2,blue,dot,1,3,no,rshift,331,0
kiskutya8,2,red,dot,1,3,no,lshift,801,0
kiskutya8,2,blue,dot,1,7,no,rshift,494,0
kiskutya8,2,red,dot,1,9,no,lshift,344,0
kiskutya8,2,blue,dot,1,7,no,rshift,340,0
kiskutya8,2,red,dot,1,3,no,lshift,356,0
kiskutya8,2,blue,dot,1,8,no,rshift,457,0
kiskutya8,2,blue,dot,1,1,no,rshift,471,0
kiskutya8,2,red,dot,1,1,no,lshift,423,0
kiskutya8,2,blue,dot,1,2,no,rshift,305,0
kiskutya8,2,blue,dot,1,4,no,rshift,1227,0
kiskutya8,2,red,dot,1,2,no,lshift,360,0
kiskutya8,2,blue,dot,1,6,no,rshift,740,0
kiskutya8,2,red,dot,1,2,no,lshift,293,0
kiskutya8,2,red,dot,1,4,no,lshift,334,0
kiskutya8,2,blue,dot,1,2,no,rshift,399,0
kiskutya8,2,red,dot,1,9,no,lshift,324,0
kiskutya8,2,red,dot,1,1,no,lshift,358,0
kiskutya8,2,red,dot,1,1,no,lshift,342,0
kiskutya8,2,blue,dot,1,3,no,rshift,350,0
kiskutya8,2,blue,dot,1,6,no,rshift,496,0
kiskutya8,2,blue,dot,1,1,no,rshift,301,0
kiskutya8,2,blue,dot,1,9,no,rshift,316,0
kiskutya8,2,blue,dot,1,9,no,rshift,340,0
kiskutya8,2,red,dot,1,2,no,lshift,407,0
kiskutya8,2,blue,dot,1,9,no,rshift,332,0
kiskutya8,2,blue,dot,1,9,no,rshift,256,0
kiskutya8,2,red,dot,1,6,no,lshift,416,0
kiskutya8,2,blue,dot,1,8,no,rshift,314,0
kiskutya8,2,red,dot,1,4,no,lshift,350,0
kiskutya8,2,blue,dot,1,1,no,rshift,276,0
kiskutya8,2,red,dot,1,4,no,lshift,343,0
kiskutya8,2,blue,dot,1,2,no,rshift,369,0
kiskutya8,2,blue,dot,1,4,no,rshift,326,0
kiskutya8,2,red,dot,1,6,no,lshift,442,0
kiskutya8,2,red,dot,1,2,no,lshift,428,0
kiskutya8,2,blue,dot,1,6,no,rshift,349,0
kiskutya8,2,red,dot,1,9,no,lshift,481,0
kiskutya8,2,red,dot,1,6,no,lshift,509,0
kiskutya8,2,blue,dot,1,3,no,rshift,280,0
kiskutya8,2,blue,dot,1,1,no,rshift,487,0
kiskutya8,2,red,dot,1,4,no,lshift,427,0
kiskutya8,2,blue,dot,0,1,no,lshift,338,0
kiskutya8,2,blue,dot,1,8,no,rshift,534,0
kiskutya8,2,blue,dot,1,9,no,rshift,291,0
kiskutya8,2,blue,dot,1,4,no,rshift,311,0
kiskutya8,2,blue,dot,1,4,no,rshift,258,0
kiskutya8,2,blue,dot,1,2,no,rshift,445,0
kiskutya8,2,red,dot,1,2,no,lshift,317,0
kiskutya8,2,blue,dot,1,7,no,rshift,323,0
kiskutya8,2,blue,dot,1,7,no,rshift,351,0
kiskutya8,2,blue,dot,1,8,no,rshift,311,0
kiskutya8,2,blue,dot,1,1,no,rshift,287,0
kiskutya8,2,red,dot,1,7,no,lshift,350,0
kiskutya8,2,blue,dot,1,7,no,rshift,367,0
kiskutya8,2,blue,dot,1,3,no,rshift,339,0
kiskutya8,2,blue,dot,1,4,no,rshift,364,0
kiskutya8,2,blue,dot,1,3,no,rshift,313,0
kiskutya8,3,red,dot,1,6,no,lshift,790,0
kiskutya8,3,red,dot,1,3,no,lshift,841,0
kiskutya8,3,red,dot,1,6,no,lshift,355,0
kiskutya8,3,red,dot,1,3,no,lshift,342,0
kiskutya8,3,red,dot,1,2,no,lshift,404,0
kiskutya8,3,red,dot,1,8,no,lshift,1917,0
kiskutya8,3,red,dot,1,6,no,lshift,332,0
kiskutya8,3,red,dot,1,9,no,lshift,348,0
kiskutya8,3,blue,dot,1,9,no,rshift,274,0
kiskutya8,3,red,dot,1,7,no,lshift,366,0
kiskutya8,3,blue,dot,1,8,no,rshift,354,0
kiskutya8,3,blue,dot,1,1,no,rshift,318,0
kiskutya8,3,blue,dot,1,2,no,rshift,267,0
kiskutya8,3,red,dot,1,9,no,lshift,431,0
kiskutya8,3,blue,dot,1,1,no,rshift,321,0
kiskutya8,3,red,dot,1,8,no,lshift,383,0
kiskutya8,3,blue,dot,1,9,no,rshift,823,0
kiskutya8,3,blue,dot,1,8,no,rshift,718,0
kiskutya8,3,red,dot,1,3,no,lshift,337,0
kiskutya8,3,red,dot,1,4,no,lshift,483,0
kiskutya8,3,blue,dot,1,4,no,rshift,292,0
kiskutya8,3,blue,dot,1,8,no,rshift,394,0
kiskutya8,3,blue,dot,1,6,no,rshift,342,0
kiskutya8,3,red,dot,1,1,no,lshift,449,0
kiskutya8,3,red,dot,1,9,no,lshift,431,0
kiskutya8,3,red,dot,1,8,no,lshift,482,0
kiskutya8,3,blue,dot,1,2,no,rshift,340,0
kiskutya8,3,red,dot,1,6,no,lshift,548,0
kiskutya8,3,blue,dot,1,7,no,rshift,333,0
kiskutya8,3,red,dot,1,8,no,lshift,423,0
kiskutya8,3,red,dot,1,1,no,lshift,383,0
kiskutya8,3,red,dot,1,2,no,lshift,491,0
kiskutya8,3,blue,dot,1,9,no,rshift,497,0
kiskutya8,3,red,dot,1,8,no,lshift,401,0
kiskutya8,3,red,dot,1,4,no,lshift,437,0
kiskutya8,3,blue,dot,1,2,no,rshift,355,0
kiskutya8,3,blue,dot,1,8,no,rshift,280,0
kiskutya8,3,red,dot,1,6,no,lshift,4786,0
kiskutya8,3,blue,dot,1,8,no,rshift,686,0
kiskutya8,3,red,dot,1,4,no,lshift,654,0
kiskutya8,3,blue,dot,1,2,no,rshift,676,0
kiskutya8,3,red,dot,1,8,no,lshift,700,0
kiskutya8,3,red,dot,1,3,no,lshift,850,0
kiskutya8,3,red,dot,1,2,no,lshift,551,0
kiskutya8,3,blue,dot,1,3,no,rshift,430,0
kiskutya8,3,blue,dot,1,3,no,rshift,300,0
kiskutya8,3,red,dot,1,2,no,lshift,530,0
kiskutya8,3,blue,dot,1,1,no,rshift,342,0
kiskutya8,3,blue,dot,1,3,no,rshift,554,0
kiskutya8,3,red,dot,1,8,no,lshift,967,0
kiskutya8,3,blue,dot,1,3,no,rshift,1135,0
kiskutya8,3,blue,dot,1,7,no,rshift,798,0
kiskutya8,3,blue,dot,1,6,no,rshift,340,0
kiskutya8,3,blue,dot,1,7,no,rshift,542,0
kiskutya8,3,red,dot,1,9,no,lshift,494,0
kiskutya8,3,blue,dot,1,6,no,rshift,313,0
kiskutya8,3,red,dot,1,7,no,lshift,707,0
kiskutya8,3,red,dot,1,3,no,lshift,348,0
kiskutya8,3,blue,dot,1,8,no,rshift,379,0
kiskutya8,3,red,dot,1,6,no,lshift,513,0
kiskutya8,3,red,dot,1,9,no,lshift,682,0
kiskutya8,3,red,dot,1,6,no,lshift,717,0
kiskutya8,3,red,dot,1,7,no,lshift,500,0
kiskutya8,3,blue,dot,1,6,no,rshift,366,0
kiskutya8,3,blue,dot,1,2,no,rshift,439,0
kiskutya8,3,blue,dot,1,7,no,rshift,405,0
kiskutya8,3,red,dot,1,9,no,lshift,357,0
kiskutya8,3,red,dot,1,2,no,lshift,421,0
kiskutya8,3,blue,dot,1,9,no,rshift,396,0
kiskutya8,3,red,dot,1,9,no,lshift,404,0
kiskutya8,3,blue,dot,1,6,no,rshift,378,0
kiskutya8,3,red,dot,1,3,no,lshift,352,0
kiskutya8,3,red,dot,1,1,no,lshift,348,0
kiskutya8,3,red,dot,1,6,no,lshift,440,0
kiskutya8,3,blue,dot,1,2,no,rshift,332,0
kiskutya8,3,red,dot,1,2,no,lshift,442,0
kiskutya8,3,red,dot,1,8,no,lshift,353,0
kiskutya8,3,red,dot,1,3,no,lshift,388,0
kiskutya8,3,red,dot,1,2,no,lshift,492,0
kiskutya8,3,red,dot,1,7,no,lshift,305,0
kiskutya8,3,red,dot,1,4,no,lshift,545,0
kiskutya8,3,blue,dot,1,9,no,rshift,569,0
kiskutya8,3,blue,dot,1,4,no,rshift,316,0
kiskutya8,3,blue,dot,1,3,no,rshift,401,0
kiskutya8,3,blue,dot,1,4,no,rshift,1045,0
kiskutya8,3,red,dot,1,1,no,lshift,435,0
kiskutya8,3,blue,dot,1,6,no,rshift,288,0
kiskutya8,3,blue,dot,1,7,no,rshift,366,0
kiskutya8,3,blue,dot,1,7,no,rshift,416,0
kiskutya8,3,red,dot,1,2,no,lshift,376,0
kiskutya8,3,red,dot,1,6,no,lshift,358,0
kiskutya8,3,blue,dot,1,4,no,rshift,657,0
kiskutya8,3,blue,dot,1,7,no,rshift,304,0
kiskutya8,3,blue,dot,1,3,no,rshift,288,0
kiskutya8,3,blue,dot,0,7,no,lshift,322,0
kiskutya8,3,red,dot,1,1,no,lshift,261,0
kiskutya8,3,blue,dot,1,2,no,rshift,251,0
kiskutya8,3,blue,dot,1,6,no,rshift,348,0
kiskutya8,3,blue,dot,1,1,no,rshift,313,0
kiskutya8,3,blue,dot,1,4,no,rshift,317,0
kiskutya8,3,red,dot,1,1,no,lshift,369,0
kiskutya8,3,red,dot,1,7,no,lshift,386,0
kiskutya8,3,blue,dot,1,6,no,rshift,354,0
kiskutya8,3,blue,dot,1,2,no,rshift,295,0
kiskutya8,3,blue,dot,1,9,no,rshift,342,0
kiskutya8,3,blue,dot,1,1,no,rshift,297,0
kiskutya8,3,blue,dot,1,4,no,rshift,231,0
kiskutya8,3,blue,dot,1,4,no,rshift,335,0
kiskutya8,3,blue,dot,1,9,no,rshift,238,0
kiskutya8,3,blue,dot,1,1,no,rshift,268,0
kiskutya8,3,red,dot,1,1,no,lshift,387,0
kiskutya8,3,blue,dot,1,8,no,rshift,244,0
kiskutya8,3,blue,dot,1,3,no,rshift,300,0
kiskutya8,3,blue,dot,1,3,no,rshift,305,0
kiskutya8,3,blue,dot,1,7,no,rshift,516,0
kiskutya8,3,red,dot,1,4,no,lshift,347,0
kiskutya8,3,blue,dot,1,7,no,rshift,282,0
kiskutya8,3,red,dot,0,7,no,rshift,82,0
kiskutya8,3,red,dot,1,4,no,lshift,313,0
kiskutya8,3,blue,dot,1,2,no,rshift,298,0
kiskutya8,3,red,dot,1,3,no,lshift,302,0
kiskutya8,3,red,dot,1,1,no,lshift,295,0
kiskutya8,3,blue,dot,1,8,no,rshift,295,0
kiskutya8,3,blue,dot,1,6,no,rshift,343,0
kiskutya8,3,red,dot,1,4,no,lshift,364,0
kiskutya8,3,red,dot,1,7,no,lshift,623,0
kiskutya8,3,blue,dot,1,4,no,rshift,509,0
kiskutya8,3,blue,dot,1,9,no,rshift,508,0
kiskutya8,3,red,dot,1,8,no,lshift,698,0
kiskutya8,3,red,dot,1,9,no,lshift,538,0
kiskutya8,3,blue,dot,1,9,no,rshift,339,0
kiskutya8,3,red,dot,1,8,no,lshift,340,0
kiskutya8,3,blue,dot,1,9,no,rshift,335,0
kiskutya8,3,red,dot,1,7,no,lshift,399,0
kiskutya8,3,blue,dot,1,8,no,rshift,314,0
kiskutya8,3,red,dot,1,9,no,lshift,415,0
kiskutya8,3,red,dot,1,3,no,lshift,338,0
kiskutya8,3,blue,dot,1,2,no,rshift,349,0
kiskutya8,3,red,dot,1,7,no,lshift,384,0
kiskutya8,3,blue,dot,1,4,no,rshift,282,0
kiskutya8,3,blue,dot,1,4,no,rshift,1250,0
kiskutya8,3,red,dot,1,9,no,lshift,1313,0
kiskutya8,3,red,dot,1,2,no,lshift,534,0
kiskutya8,3,blue,dot,1,6,no,rshift,675,0
kiskutya8,3,red,dot,1,1,no,lshift,353,0
kiskutya8,3,blue,dot,1,3,no,rshift,317,0
kiskutya8,3,red,dot,1,1,no,lshift,930,0
kiskutya8,3,red,dot,1,2,no,lshift,810,0
kiskutya8,3,blue,dot,1,3,no,rshift,1443,0
kiskutya8,3,blue,dot,1,1,no,rshift,926,0
kiskutya8,3,red,dot,1,3,no,lshift,607,0
kiskutya8,3,blue,dot,1,1,no,rshift,385,0
kiskutya8,3,red,dot,1,7,no,lshift,560,0
kiskutya8,3,red,dot,1,4,no,lshift,1121,0
kiskutya8,3,blue,dot,1,8,no,rshift,860,0
kiskutya8,3,blue,dot,1,1,no,rshift,331,0
kiskutya8,3,red,dot,1,6,no,lshift,443,0
kiskutya8,3,blue,dot,1,1,no,rshift,307,0
kiskutya8,3,red,dot,1,4,no,lshift,337,0
kiskutya8,3,red,dot,1,4,no,lshift,564,0
kiskutya8,0,red,classic,0,7,yes,lshift,2742,0
kiskutya8,0,red,classic,1,1,yes,rshift,1276,0
kiskutya8,0,red,classic,1,6,yes,lshift,539,0
kiskutya8,0,red,classic,0,4,yes,rshift,701,0
kiskutya8,0,red,classic,1,8,yes,lshift,524,0
kiskutya8,0,red,classic,1,3,yes,rshift,672,0
kiskutya8,0,red,classic,1,9,yes,rshift,564,0
kiskutya8,0,red,classic,1,2,yes,lshift,473,0
kiskutya8,1,red,classic,1,2,yes,rshift,503,0
kiskutya8,1,red,classic,1,6,yes,rshift,471,0
kiskutya8,1,red,classic,1,3,yes,lshift,482,0
kiskutya8,1,red,classic,1,1,yes,lshift,472,0
kiskutya8,1,red,classic,1,9,yes,lshift,780,0
kiskutya8,1,red,classic,1,4,yes,rshift,482,0
kiskutya8,1,red,classic,1,7,yes,lshift,493,0
kiskutya8,1,red,classic,1,8,yes,rshift,541,0
kiskutya8,2,red,classic,1,9,no,rshift,629,0
kiskutya8,2,red,classic,1,3,no,rshift,485,0
kiskutya8,2,red,classic,1,3,no,rshift,362,0
kiskutya8,2,red,classic,1,4,no,lshift,620,0
kiskutya8,2,red,classic,1,7,no,rshift,716,0
kiskutya8,2,red,classic,1,1,no,rshift,1093,0
kiskutya8,2,red,classic,1,4,no,lshift,481,0
kiskutya8,2,red,classic,1,7,no,rshift,487,0
kiskutya8,2,red,classic,1,8,no,lshift,691,0
kiskutya8,2,red,classic,1,6,no,lshift,654,0
kiskutya8,2,red,classic,1,3,no,rshift,475,0
kiskutya8,2,red,classic,1,7,no,rshift,671,0
kiskutya8,2,red,classic,1,3,no,rshift,469,0
kiskutya8,2,red,classic,1,3,no,rshift,788,0
kiskutya8,2,red,classic,1,2,no,lshift,469,0
kiskutya8,2,red,classic,1,8,no,lshift,458,0
kiskutya8,2,red,classic,1,2,no,lshift,490,0
kiskutya8,2,red,classic,1,1,no,rshift,652,0
kiskutya8,2,red,classic,0,7,no,lshift,585,0
kiskutya8,2,red,classic,1,1,no,rshift,490,0
kiskutya8,2,red,classic,1,2,no,lshift,673,0
kiskutya8,2,red,classic,1,4,no,lshift,458,0
kiskutya8,2,red,classic,1,1,no,rshift,361,0
kiskutya8,2,red,classic,1,1,no,rshift,1430,0
kiskutya8,2,red,classic,1,8,no,lshift,554,0
kiskutya8,2,red,classic,1,9,no,rshift,418,0
kiskutya8,2,red,classic,1,2,no,lshift,3389,0
kiskutya8,2,red,classic,1,8,no,lshift,539,0
kiskutya8,2,red,classic,1,7,no,rshift,449,0
kiskutya8,2,red,classic,1,8,no,lshift,507,0
kiskutya8,2,red,classic,1,7,no,rshift,861,0
kiskutya8,2,red,classic,1,1,no,rshift,541,0
kiskutya8,2,red,classic,1,3,no,rshift,440,0
kiskutya8,2,red,classic,1,2,no,lshift,703,0
kiskutya8,2,red,classic,1,8,no,lshift,488,0
kiskutya8,2,red,classic,1,6,no,lshift,482,0
kiskutya8,2,red,classic,1,4,no,lshift,710,0
kiskutya8,2,red,classic,1,8,no,lshift,345,0
kiskutya8,2,red,classic,1,9,no,rshift,3997,0
kiskutya8,2,red,classic,1,2,no,lshift,845,0
kiskutya8,2,red,classic,1,9,no,rshift,541,0
kiskutya8,2,red,classic,1,6,no,lshift,778,0
kiskutya8,2,red,classic,1,8,no,lshift,460,0
kiskutya8,2,red,classic,1,3,no,rshift,487,0
kiskutya8,2,red,classic,1,9,no,rshift,535,0
kiskutya8,2,red,classic,1,1,no,rshift,787,0
kiskutya8,2,red,classic,1,6,no,lshift,454,0
kiskutya8,2,red,classic,1,7,no,rshift,523,0
kiskutya8,2,red,classic,0,7,no,lshift,570,0
kiskutya8,2,red,classic,1,9,no,rshift,561,0
kiskutya8,2,red,classic,1,7,no,rshift,518,0
kiskutya8,2,red,classic,1,3,no,rshift,517,0
kiskutya8,2,red,classic,1,9,no,rshift,526,0
kiskutya8,2,red,classic,1,3,no,rshift,494,0
kiskutya8,2,red,classic,1,2,no,lshift,542,0
kiskutya8,2,red,classic,1,4,no,lshift,936,0
kiskutya8,2,red,classic,1,7,no,rshift,504,0
kiskutya8,2,red,classic,1,9,no,rshift,529,0
kiskutya8,2,red,classic,1,4,no,lshift,605,0
kiskutya8,2,red,classic,1,9,no,rshift,536,0
kiskutya8,2,red,classic,1,1,no,rshift,576,0
kiskutya8,2,red,classic,1,6,no,lshift,430,0
kiskutya8,2,red,classic,1,6,no,lshift,593,0
kiskutya8,2,red,classic,1,4,no,lshift,601,0
kiskutya8,2,red,classic,1,1,no,rshift,893,0
kiskutya8,2,red,classic,1,6,no,lshift,551,0
kiskutya8,2,red,classic,1,8,no,lshift,475,0
kiskutya8,2,red,classic,1,3,no,rshift,526,0
kiskutya8,2,red,classic,1,2,no,lshift,529,0
kiskutya8,2,red,classic,1,3,no,rshift,394,0
kiskutya8,2,red,classic,1,9,no,rshift,423,0
kiskutya8,2,red,classic,0,8,no,rshift,370,0
kiskutya8,2,red,classic,1,1,no,rshift,391,0
kiskutya8,2,red,classic,1,4,no,lshift,420,0
kiskutya8,2,red,classic,1,2,no,lshift,558,0
kiskutya8,2,red,classic,1,8,no,lshift,435,0
kiskutya8,2,red,classic,1,1,no,rshift,382,0
kiskutya8,2,red,classic,1,8,no,lshift,532,0
kiskutya8,2,red,classic,0,4,no,rshift,382,0
kiskutya8,2,red,classic,1,7,no,rshift,440,0
kiskutya8,2,red,classic,1,3,no,rshift,574,0
kiskutya8,2,red,classic,1,2,no,lshift,447,0
kiskutya8,2,red,classic,1,4,no,lshift,512,0
kiskutya8,2,red,classic,1,4,no,lshift,449,0
kiskutya8,2,red,classic,1,7,no,rshift,836,0
kiskutya8,2,red,classic,1,8,no,lshift,532,0
kiskutya8,2,red,classic,1,2,no,lshift,501,0
kiskutya8,2,red,classic,1,7,no,rshift,543,0
kiskutya8,2,red,classic,1,3,no,rshift,620,0
kiskutya8,2,red,classic,1,9,no,rshift,577,0
kiskutya8,2,red,classic,1,1,no,rshift,600,0
kiskutya8,2,red,classic,1,1,no,rshift,518,0
kiskutya8,2,red,classic,1,6,no,lshift,486,0
kiskutya8,2,red,classic,1,8,no,lshift,570,0
kiskutya8,2,red,classic,1,4,no,lshift,529,0
kiskutya8,2,red,classic,1,2,no,lshift,677,0
kiskutya8,2,red,classic,1,6,no,lshift,936,0
kiskutya8,2,red,classic,1,6,no,lshift,584,0
kiskutya8,2,red,classic,1,6,no,lshift,448,0
kiskutya8,2,red,classic,1,4,no,lshift,635,0
kiskutya8,2,red,classic,1,6,no,lshift,405,0
kiskutya8,2,red,classic,1,4,no,lshift,1220,0
kiskutya8,2,red,classic,1,3,no,rshift,737,0
kiskutya8,2,red,classic,1,9,no,rshift,448,0
kiskutya8,2,red,classic,1,6,no,lshift,1343,0
kiskutya8,2,red,classic,1,1,no,rshift,623,0
kiskutya8,2,red,classic,1,9,no,rshift,893,0
kiskutya8,2,red,classic,1,6,no,lshift,579,0
kiskutya8,2,red,classic,1,2,no,lshift,559,0
kiskutya8,2,red,classic,1,7,no,rshift,502,0
kiskutya8,2,red,classic,1,9,no,rshift,538,0
kiskutya8,2,red,classic,1,2,no,lshift,518,0
kiskutya8,3,red,classic,1,9,no,lshift,797,0
kiskutya8,3,red,classic,1,3,no,lshift,437,0
kiskutya8,3,red,classic,1,4,no,rshift,485,0
kiskutya8,3,red,classic,1,1,no,lshift,539,0
kiskutya8,3,red,classic,1,2,no,rshift,456,0
kiskutya8,3,red,classic,1,8,no,rshift,929,0
kiskutya8,3,red,classic,1,3,no,lshift,405,0
kiskutya8,3,red,classic,0,9,no,rshift,477,0
kiskutya8,3,red,classic,1,1,no,lshift,596,0
kiskutya8,3,red,classic,1,2,no,rshift,504,0
kiskutya8,3,red,classic,1,1,no,lshift,527,0
kiskutya8,3,red,classic,1,3,no,lshift,423,0
kiskutya8,3,red,classic,1,6,no,rshift,467,0
kiskutya8,3,red,classic,1,7,no,lshift,1727,0
kiskutya8,3,red,classic,1,6,no,rshift,412,0
kiskutya8,3,red,classic,1,3,no,lshift,875,0
kiskutya8,3,red,classic,1,4,no,rshift,497,0
kiskutya8,3,red,classic,1,7,no,lshift,2133,0
kiskutya8,3,red,classic,1,9,no,lshift,809,0
kiskutya8,3,red,classic,1,8,no,rshift,570,0
kiskutya8,3,red,classic,1,6,no,rshift,618,0
kiskutya8,3,red,classic,1,4,no,rshift,514,0
kiskutya8,3,red,classic,1,7,no,lshift,422,0
kiskutya8,3,red,classic,1,2,no,rshift,583,0
kiskutya8,3,red,classic,0,2,no,lshift,546,0
kiskutya8,3,red,classic,1,3,no,lshift,428,0
kiskutya8,3,red,classic,1,4,no,rshift,385,0
kiskutya8,3,red,classic,1,4,no,rshift,399,0
kiskutya8,3,red,classic,1,6,no,rshift,478,0
kiskutya8,3,red,classic,1,1,no,lshift,520,0
kiskutya8,3,red,classic,1,1,no,lshift,371,0
kiskutya8,3,red,classic,1,3,no,lshift,430,0
kiskutya8,3,red,classic,1,6,no,rshift,451,0
kiskutya8,3,red,classic,1,4,no,rshift,792,0
kiskutya8,3,red,classic,1,9,no,lshift,535,0
kiskutya8,3,red,classic,1,4,no,rshift,714,0
kiskutya8,3,red,classic,1,8,no,rshift,722,0
kiskutya8,3,red,classic,1,8,no,rshift,327,0
kiskutya8,3,red,classic,1,9,no,lshift,562,0
kiskutya8,3,red,classic,1,4,no,rshift,535,0
kiskutya8,3,red,classic,1,3,no,lshift,420,0
kiskutya8,3,red,classic,1,6,no,rshift,1178,0
kiskutya8,3,red,classic,1,6,no,rshift,445,0
kiskutya8,3,red,classic,1,1,no,lshift,433,0
kiskutya8,3,red,classic,1,2,no,rshift,422,0
kiskutya8,3,red,classic,1,1,no,lshift,404,0
kiskutya8,3,red,classic,1,6,no,rshift,383,0
kiskutya8,3,red,classic,0,9,no,rshift,381,0
kiskutya8,3,red,classic,1,9,no,lshift,535,0
kiskutya8,3,red,classic,1,9,no,lshift,457,0
kiskutya8,3,red,classic,1,4,no,rshift,456,0
kiskutya8,3,red,classic,1,8,no,rshift,564,0
kiskutya8,3,red,classic,1,7,no,lshift,475,0
kiskutya8,3,red,classic,1,3,no,lshift,456,0
kiskutya8,3,red,classic,1,7,no,lshift,628,0
kiskutya8,3,red,classic,1,7,no,lshift,454,0
kiskutya8,3,red,classic,1,6,no,rshift,471,0
kiskutya8,3,red,classic,1,8,no,rshift,467,0
kiskutya8,3,red,classic,1,2,no,rshift,469,0
kiskutya8,3,red,classic,1,3,no,lshift,343,0
kiskutya8,3,red,classic,1,1,no,lshift,476,0
kiskutya8,3,red,classic,1,7,no,lshift,621,0
kiskutya8,3,red,classic,1,1,no,lshift,449,0
kiskutya8,3,red,classic,1,2,no,rshift,514,0
kiskutya8,3,red,classic,1,4,no,rshift,455,0
kiskutya8,3,red,classic,0,2,no,lshift,465,0
kiskutya8,3,red,classic,1,7,no,lshift,627,0
kiskutya8,3,red,classic,1,2,no,rshift,1004,0
kiskutya8,3,red,classic,1,2,no,rshift,426,0
kiskutya8,3,red,classic,1,2,no,rshift,387,0
kiskutya8,3,red,classic,1,9,no,lshift,379,0
kiskutya8,3,red,classic,1,7,no,lshift,490,0
kiskutya8,3,red,classic,1,2,no,rshift,465,0
kiskutya8,3,red,classic,1,4,no,rshift,588,0
kiskutya8,3,red,classic,1,8,no,rshift,438,0
kiskutya8,3,red,classic,1,7,no,lshift,470,0
kiskutya8,3,red,classic,1,7,no,lshift,493,0
kiskutya8,3,red,classic,1,8,no,rshift,447,0
kiskutya8,3,red,classic,1,3,no,lshift,594,0
kiskutya8,3,red,classic,1,9,no,lshift,643,0
kiskutya8,3,red,classic,1,1,no,lshift,435,0
kiskutya8,3,red,classic,1,4,no,rshift,381,0
kiskutya8,3,red,classic,1,2,no,rshift,535,0
kiskutya8,3,red,classic,1,6,no,rshift,374,0
kiskutya8,3,red,classic,1,8,no,rshift,451,0
kiskutya8,3,red,classic,1,1,no,lshift,521,0
kiskutya8,3,red,classic,1,1,no,lshift,405,0
kiskutya8,3,red,classic,1,3,no,lshift,551,0
kiskutya8,3,red,classic,1,8,no,rshift,427,0
kiskutya8,3,red,classic,0,2,no,lshift,542,0
kiskutya8,3,red,classic,1,1,no,lshift,507,0
kiskutya8,3,red,classic,0,7,no,rshift,531,0
kiskutya8,3,red,classic,1,6,no,rshift,402,0
kiskutya8,3,red,classic,1,8,no,rshift,441,0
kiskutya8,3,red,classic,1,6,no,rshift,494,0
kiskutya8,3,red,classic,1,9,no,lshift,713,0
kiskutya8,3,red,classic,1,3,no,lshift,509,0
kiskutya8,3,red,classic,1,8,no,rshift,482,0
kiskutya8,3,red,classic,1,3,no,lshift,1091,0
kiskutya8,3,red,classic,1,1,no,lshift,784,0
kiskutya8,3,red,classic,1,9,no,lshift,1344,0
kiskutya8,3,red,classic,1,9,no,lshift,467,0
kiskutya8,3,red,classic,1,4,no,rshift,499,0
kiskutya8,3,red,classic,1,8,no,rshift,492,0
kiskutya8,3,red,classic,1,8,no,rshift,366,0
kiskutya8,3,red,classic,1,3,no,lshift,979,0
kiskutya8,3,red,classic,1,7,no,lshift,624,0
kiskutya8,3,red,classic,1,9,no,lshift,636,0
kiskutya8,3,red,classic,1,7,no,lshift,482,0
kiskutya8,3,red,classic,1,6,no,rshift,429,0
kiskutya8,3,red,classic,1,6,no,rshift,373,0
kiskutya8,3,red,classic,1,4,no,rshift,671,0
