ID_name,block,color,condition,correct_keyboard_response,number,practice,response_keyboard_response,response_time_keyboard_response,subject_nr
221203,0,red,arab,1,4,yes,lshift,9370,1
221203,0,red,arab,1,7,yes,lshift,1523,1
221203,0,red,arab,1,6,yes,lshift,751,1
221203,0,blue,arab,1,4,yes,rshift,656,1
221203,0,red,arab,1,9,yes,lshift,664,1
221203,0,blue,arab,1,8,yes,rshift,579,1
221203,0,blue,arab,1,7,yes,rshift,997,1
221203,0,red,arab,1,8,yes,lshift,546,1
221203,0,red,arab,1,3,yes,lshift,590,1
221203,0,blue,arab,1,9,yes,rshift,490,1
221203,0,blue,arab,1,6,yes,rshift,726,1
221203,0,red,arab,1,2,yes,lshift,371,1
221203,0,blue,arab,1,1,yes,rshift,487,1
221203,0,blue,arab,1,3,yes,rshift,477,1
221203,0,blue,arab,1,2,yes,rshift,450,1
221203,0,red,arab,1,1,yes,lshift,428,1
221203,1,red,arab,1,6,no,lshift,586,1
221203,1,red,arab,1,3,no,lshift,420,1
221203,1,red,arab,1,6,no,lshift,473,1
221203,1,blue,arab,1,4,no,rshift,423,1
221203,1,blue,arab,1,6,no,rshift,534,1
221203,1,blue,arab,1,7,no,rshift,443,1
221203,1,red,arab,1,4,no,lshift,502,1
221203,1,blue,arab,1,3,no,rshift,542,1
221203,1,blue,arab,1,3,no,rshift,1034,1
221203,1,red,arab,1,2,no,lshift,693,1
221203,1,blue,arab,1,2,no,rshift,1055,1
221203,1,red,arab,1,4,no,lshift,747,1
221203,1,red,arab,1,9,no,lshift,1277,1
221203,1,red,arab,1,7,no,lshift,624,1
221203,1,red,arab,1,2,no,lshift,1005,1
221203,1,red,arab,1,7,no,lshift,508,1
221203,1,red,arab,1,7,no,lshift,7993,1
221203,1,blue,arab,1,1,no,rshift,800,1
221203,1,red,arab,1,4,no,lshift,667,1
221203,1,blue,arab,1,9,no,rshift,1253,1
221203,1,red,arab,1,8,no,lshift,474,1
221203,1,red,arab,1,9,no,lshift,860,1
221203,1,blue,arab,1,7,no,rshift,441,1
221203,1,blue,arab,1,2,no,rshift,981,1
221203,1,blue,arab,1,7,no,rshift,459,1
221203,1,blue,arab,1,4,no,rshift,644,1
221203,1,blue,arab,1,9,no,rshift,422,1
221203,1,blue,arab,1,1,no,rshift,10060,1
221203,1,blue,arab,1,2,no,rshift,522,1
221203,1,blue,arab,1,3,no,rshift,1157,1
221203,1,blue,arab,1,6,no,rshift,1041,1
221203,1,blue,arab,1,8,no,rshift,1426,1
221203,1,red,arab,1,6,no,lshift,10524,1
221203,1,red,arab,1,4,no,lshift,449,1
221203,1,blue,arab,1,7,no,rshift,866,1
221203,1,red,arab,1,4,no,lshift,408,1
221203,1,red,arab,1,2,no,lshift,468,1
221203,1,blue,arab,1,7,no,rshift,665,1
221203,1,red,arab,1,7,no,lshift,494,1
221203,1,blue,arab,1,1,no,rshift,710,1
221203,1,red,arab,1,2,no,lshift,466,1
221203,1,red,arab,1,9,no,lshift,1017,1
221203,1,blue,arab,1,9,no,rshift,433,1
221203,1,red,arab,1,6,no,lshift,467,1
221203,1,red,arab,1,7,no,lshift,524,1
221203,1,blue,arab,1,9,no,rshift,455,1
221203,1,blue,arab,1,8,no,rshift,476,1
221203,1,blue,arab,1,4,no,rshift,1099,1
221203,1,blue,arab,1,8,no,rshift,548,1
221203,1,blue,arab,1,7,no,rshift,738,1
221203,1,red,arab,1,8,no,lshift,12187,1
221203,1,blue,arab,1,8,no,rshift,1369,1
221203,1,red,arab,1,1,no,lshift,804,1
221203,1,red,arab,1,1,no,lshift,557,1
221203,1,red,arab,1,1,no,lshift,800,1
221203,1,red,arab,1,8,no,lshift,618,1
221203,1,red,arab,1,6,no,lshift,517,1
221203,1,red,arab,1,8,no,lshift,14242,1
221203,1,blue,arab,1,1,no,rshift,54247,1
221203,1,blue,arab,1,1,no,rshift,567,1
221203,1,red,arab,1,9,no,lshift,813,1
221203,1,blue,arab,1,6,no,rshift,400,1
221203,1,blue,arab,1,8,no,rshift,599,1
221203,1,red,arab,1,4,no,lshift,581,1
221203,1,red,arab,1,3,no,lshift,537,1
221203,1,blue,arab,1,7,no,rshift,609,1
221203,1,blue,arab,1,9,no,rshift,461,1
221203,1,red,arab,1,1,no,lshift,445,1
221203,1,blue,arab,1,6,no,rshift,462,1
221203,1,red,arab,1,6,no,lshift,723,1
221203,1,red,arab,1,3,no,lshift,1093,1
221203,1,red,arab,1,7,no,lshift,831,1
221203,1,red,arab,1,3,no,lshift,423,1
221203,1,red,arab,1,1,no,lshift,377,1
221203,1,red,arab,1,1,no,lshift,8649,1
221203,1,red,arab,1,7,no,lshift,479,1
221203,1,red,arab,1,4,no,lshift,576,1
221203,1,red,arab,1,9,no,lshift,352,1
221203,1,red,arab,1,8,no,lshift,568,1
221203,1,blue,arab,1,9,no,rshift,42295,1
221203,1,blue,arab,1,4,no,rshift,686,1
221203,1,red,arab,1,6,no,lshift,565,1
221203,1,red,arab,1,8,no,lshift,571,1
221203,1,blue,arab,1,1,no,rshift,515,1
221203,1,blue,arab,1,9,no,rshift,686,1
221203,1,blue,arab,1,6,no,rshift,1251,1
221203,1,blue,arab,1,4,no,rshift,467,1
221203,1,red,arab,1,9,no,lshift,324,1
221203,1,blue,arab,1,2,no,rshift,409,1
221203,1,red,arab,1,7,no,lshift,779,1
221203,1,red,arab,1,4,no,lshift,703,1
221203,1,red,arab,1,9,no,lshift,536,1
221203,1,blue,arab,1,8,no,rshift,462,1
221203,1,blue,arab,1,6,no,rshift,584,1
221203,1,red,arab,1,1,no,lshift,501,1
221203,1,red,arab,1,8,no,lshift,572,1
221203,1,blue,arab,1,4,no,rshift,394,1
221203,1,blue,arab,1,3,no,rshift,427,1
221203,1,red,arab,1,8,no,lshift,719,1
221203,1,red,arab,1,2,no,lshift,653,1
221203,1,red,arab,1,1,no,lshift,562,1
221203,1,red,arab,1,8,no,lshift,530,1
221203,1,red,arab,1,3,no,lshift,679,1
221203,1,red,arab,1,3,no,lshift,484,1
221203,1,blue,arab,1,7,no,rshift,429,1
221203,1,blue,arab,1,8,no,rshift,450,1
221203,1,blue,arab,1,8,no,rshift,424,1
221203,1,blue,arab,1,8,no,rshift,351,1
221203,1,red,arab,1,3,no,lshift,449,1
221203,1,blue,arab,1,1,no,rshift,847,1
221203,1,blue,arab,1,2,no,rshift,694,1
221203,1,blue,arab,1,2,no,rshift,419,1
221203,1,red,arab,1,2,no,lshift,504,1
221203,1,red,arab,1,3,no,lshift,649,1
221203,1,red,arab,1,9,no,lshift,624,1
221203,1,red,arab,1,1,no,lshift,373,1
221203,1,red,arab,1,2,no,lshift,411,1
221203,1,blue,arab,1,3,no,rshift,425,1
221203,1,red,arab,1,4,no,lshift,666,1
221203,1,blue,arab,1,9,no,rshift,2480,1
221203,1,red,arab,1,2,no,lshift,770,1
221203,1,blue,arab,1,1,no,rshift,1817,1
221203,1,blue,arab,1,8,no,rshift,402,1
221203,1,blue,arab,1,2,no,rshift,429,1
221203,1,blue,arab,1,4,no,rshift,380,1
221203,1,blue,arab,1,9,no,rshift,513,1
221203,1,blue,arab,1,6,no,rshift,466,1
221203,1,blue,arab,1,7,no,rshift,485,1
221203,1,blue,arab,1,3,no,rshift,467,1
221203,1,blue,arab,1,3,no,rshift,399,1
221203,1,blue,arab,1,3,no,rshift,374,1
221203,1,blue,arab,1,2,no,rshift,367,1
221203,1,blue,arab,1,1,no,rshift,416,1
221203,1,blue,arab,1,2,no,rshift,359,1
221203,1,red,arab,1,2,no,lshift,363,1
221203,1,red,arab,1,7,no,lshift,567,1
221203,1,red,arab,1,8,no,lshift,1172,1
221203,1,red,arab,1,1,no,lshift,968,1
221203,1,red,arab,1,2,no,lshift,498,1
221203,1,red,arab,1,6,no,lshift,417,1
221203,1,red,arab,1,6,no,lshift,600,1
221203,1,red,arab,1,9,no,lshift,483,1
221203,1,red,arab,1,3,no,lshift,417,1
221203,1,blue,arab,1,4,no,rshift,447,1
221203,1,blue,arab,1,4,no,rshift,589,1
221203,1,blue,arab,1,4,no,rshift,398,1
221203,1,blue,arab,1,6,no,rshift,640,1
221203,1,blue,arab,1,1,no,rshift,1526,1
221203,1,blue,arab,1,7,no,rshift,433,1
221203,1,blue,arab,1,6,no,rshift,468,1
221203,1,red,arab,1,4,no,lshift,1130,1
221203,1,blue,arab,1,3,no,rshift,1051,1
221203,1,red,arab,1,6,no,lshift,443,1
221203,1,red,arab,1,7,no,lshift,640,1
221203,1,blue,arab,1,3,no,rshift,564,1
221203,1,red,arab,1,9,no,lshift,715,1
221203,1,blue,arab,1,9,no,rshift,1369,1
221203,1,blue,arab,1,2,no,rshift,387,1
221203,1,red,arab,1,3,no,lshift,394,1
221203,1,blue,arab,1,6,no,rshift,1733,1
221203,2,blue,arab,1,8,no,rshift,1002,1
221203,2,red,arab,1,1,no,lshift,625,1
221203,2,red,arab,1,1,no,lshift,986,1
221203,2,blue,arab,1,7,no,rshift,395,1
221203,2,red,arab,1,4,no,lshift,599,1
221203,2,red,arab,1,7,no,lshift,611,1
221203,2,red,arab,1,6,no,lshift,1103,1
221203,2,blue,arab,1,6,no,rshift,392,1
221203,2,blue,arab,1,3,no,rshift,1055,1
221203,2,blue,arab,1,4,no,rshift,440,1
221203,2,blue,arab,1,3,no,rshift,451,1
221203,2,red,arab,1,3,no,lshift,346,1
221203,2,blue,arab,1,3,no,rshift,847,1
221203,2,blue,arab,1,9,no,rshift,504,1
221203,2,red,arab,1,8,no,lshift,504,1
221203,2,blue,arab,1,1,no,rshift,484,1
221203,2,blue,arab,1,2,no,rshift,437,1
221203,2,blue,arab,1,8,no,rshift,493,1
221203,2,red,arab,1,1,no,lshift,593,1
221203,2,blue,arab,1,9,no,rshift,467,1
221203,2,red,arab,1,6,no,lshift,633,1
221203,2,red,arab,1,3,no,lshift,491,1
221203,2,red,arab,1,7,no,lshift,631,1
221203,2,blue,arab,1,4,no,rshift,767,1
221203,2,red,arab,1,3,no,lshift,756,1
221203,2,red,arab,1,3,no,lshift,460,1
221203,2,red,arab,1,4,no,lshift,1743,1
221203,2,blue,arab,1,7,no,rshift,544,1
221203,2,blue,arab,1,6,no,rshift,400,1
221203,2,blue,arab,1,4,no,rshift,1962,1
221203,2,blue,arab,1,8,no,rshift,419,1
221203,2,red,arab,1,2,no,lshift,465,1
221203,2,red,arab,1,6,no,lshift,793,1
221203,2,blue,arab,1,6,no,rshift,577,1
221203,2,red,arab,1,7,no,lshift,471,1
221203,2,blue,arab,1,2,no,rshift,471,1
221203,2,blue,arab,1,6,no,rshift,674,1
221203,2,blue,arab,1,2,no,rshift,442,1
221203,2,red,arab,1,3,no,lshift,366,1
221203,2,blue,arab,1,2,no,rshift,883,1
221203,2,red,arab,1,7,no,lshift,723,1
221203,2,blue,arab,1,7,no,rshift,592,1
221203,2,red,arab,1,8,no,lshift,567,1
221203,2,red,arab,1,7,no,lshift,465,1
221203,2,red,arab,1,2,no,lshift,3181,1
221203,2,red,arab,1,6,no,lshift,400,1
221203,2,red,arab,1,6,no,lshift,380,1
221203,2,blue,arab,1,6,no,rshift,468,1
221203,2,red,arab,1,7,no,lshift,326,1
221203,2,red,arab,1,3,no,lshift,399,1
221203,2,blue,arab,1,9,no,rshift,395,1
221203,2,blue,arab,1,4,no,rshift,498,1
221203,2,blue,arab,1,9,no,rshift,430,1
221203,2,red,arab,1,8,no,lshift,489,1
221203,2,blue,arab,1,4,no,rshift,1597,1
221203,2,blue,arab,1,7,no,rshift,409,1
221203,2,blue,arab,1,6,no,rshift,652,1
221203,2,red,arab,1,9,no,lshift,401,1
221203,2,blue,arab,1,7,no,rshift,1221,1
221203,2,red,arab,1,1,no,lshift,370,1
221203,2,red,arab,1,4,no,lshift,1577,1
221203,2,blue,arab,1,2,no,rshift,375,1
221203,2,blue,arab,1,7,no,rshift,2345,1
221203,2,blue,arab,1,1,no,rshift,484,1
221203,2,red,arab,1,2,no,lshift,411,1
221203,2,red,arab,1,6,no,lshift,436,1
221203,2,red,arab,1,2,no,lshift,334,1
221203,2,blue,arab,1,3,no,rshift,378,1
221203,2,red,arab,1,9,no,lshift,1568,1
221203,2,blue,arab,1,4,no,rshift,301,1
221203,2,blue,arab,1,4,no,rshift,916,1
221203,2,red,arab,1,4,no,lshift,644,1
221203,2,blue,arab,1,1,no,rshift,882,1
221203,2,blue,arab,1,9,no,rshift,2384,1
221203,2,red,arab,1,1,no,lshift,488,1
221203,2,red,arab,1,8,no,lshift,672,1
221203,2,red,arab,1,2,no,lshift,521,1
221203,2,blue,arab,1,6,no,rshift,500,1
221203,2,blue,arab,1,2,no,rshift,601,1
221203,2,blue,arab,1,1,no,rshift,411,1
221203,2,blue,arab,1,8,no,rshift,432,1
221203,2,red,arab,1,1,no,lshift,590,1
221203,2,blue,arab,1,7,no,rshift,1931,1
221203,2,red,arab,1,6,no,lshift,2396,1
221203,2,blue,arab,1,2,no,rshift,1310,1
221203,2,red,arab,1,4,no,lshift,551,1
221203,2,blue,arab,1,6,no,rshift,1101,1
221203,2,red,arab,1,4,no,lshift,412,1
221203,2,blue,arab,1,4,no,rshift,975,1
221203,2,red,arab,1,7,no,lshift,709,1
221203,2,red,arab,1,2,no,lshift,522,1
221203,2,red,arab,1,3,no,lshift,390,1
221203,2,red,arab,1,8,no,lshift,522,1
221203,2,red,arab,1,1,no,lshift,481,1
221203,2,blue,arab,1,8,no,rshift,651,1
221203,2,red,arab,1,9,no,lshift,425,1
221203,2,red,arab,1,6,no,lshift,466,1
221203,2,red,arab,1,7,no,lshift,847,1
221203,2,blue,arab,1,7,no,rshift,417,1
221203,2,blue,arab,1,4,no,rshift,917,1
221203,2,red,arab,1,2,no,lshift,499,1
221203,2,red,arab,1,9,no,lshift,336,1
221203,2,blue,arab,1,8,no,rshift,961,1
221203,2,blue,arab,1,3,no,rshift,475,1
221203,2,blue,arab,1,4,no,rshift,375,1
221203,2,blue,arab,1,6,no,rshift,365,1
221203,2,blue,arab,1,3,no,rshift,322,1
221203,2,red,arab,1,9,no,lshift,329,1
221203,2,blue,arab,1,2,no,rshift,428,1
221203,2,red,arab,1,4,no,lshift,400,1
221203,2,red,arab,1,6,no,lshift,931,1
221203,2,red,arab,1,9,no,lshift,519,1
221203,2,blue,arab,1,9,no,rshift,1058,1
221203,2,blue,arab,1,7,no,rshift,562,1
221203,2,red,arab,1,9,no,lshift,365,1
221203,2,blue,arab,1,1,no,rshift,752,1
221203,2,blue,arab,1,1,no,rshift,1339,1
221203,2,red,arab,1,4,no,lshift,512,1
221203,2,red,arab,1,4,no,lshift,743,1
221203,2,blue,arab,1,1,no,rshift,678,1
221203,2,blue,arab,1,9,no,rshift,455,1
221203,2,red,arab,1,4,no,lshift,363,1
221203,2,red,arab,1,9,no,lshift,889,1
221203,2,blue,arab,1,1,no,rshift,1234,1
221203,2,blue,arab,1,9,no,rshift,383,1
221203,2,red,arab,1,7,no,lshift,1734,1
221203,2,red,arab,1,8,no,lshift,595,1
221203,2,red,arab,1,6,no,lshift,401,1
221203,2,red,arab,1,8,no,lshift,513,1
221203,2,red,arab,1,2,no,lshift,384,1
221203,2,red,arab,1,8,no,lshift,1661,1
221203,2,blue,arab,1,9,no,rshift,558,1
221203,2,red,arab,1,1,no,lshift,483,1
221203,2,blue,arab,1,2,no,rshift,880,1
221203,2,blue,arab,1,3,no,rshift,1167,1
221203,2,red,arab,1,8,no,lshift,378,1
221203,2,blue,arab,1,9,no,rshift,614,1
221203,2,red,arab,1,2,no,lshift,858,1
221203,2,red,arab,1,9,no,lshift,439,1
221203,2,blue,arab,1,1,no,rshift,463,1
221203,2,blue,arab,1,8,no,rshift,677,1
221203,2,blue,arab,1,3,no,rshift,459,1
221203,2,blue,arab,1,3,no,rshift,651,1
221203,2,blue,arab,1,8,no,rshift,3051,1
221203,2,red,arab,1,3,no,lshift,409,1
221203,2,red,arab,1,8,no,lshift,430,1
221203,2,red,arab,1,2,no,lshift,402,1
221203,2,blue,arab,1,7,no,rshift,447,1
221203,2,blue,arab,1,8,no,rshift,548,1
221203,2,red,arab,1,1,no,lshift,583,1
221203,2,blue,arab,1,3,no,rshift,439,1
221203,2,blue,arab,1,1,no,rshift,988,1
221203,2,red,arab,1,3,no,lshift,593,1
221203,2,red,arab,1,1,no,lshift,1172,1
221203,2,blue,arab,1,8,no,rshift,430,1
221203,2,red,arab,1,7,no,lshift,460,1
221203,2,red,arab,1,3,no,lshift,2207,1
221203,2,blue,arab,1,2,no,rshift,363,1
221203,2,red,arab,1,9,no,lshift,331,1
221203,2,blue,arab,1,6,no,rshift,541,1
221203,3,red,arab,1,3,no,lshift,1277,1
221203,3,blue,arab,1,3,no,rshift,432,1
221203,3,blue,arab,1,1,no,rshift,527,1
221203,3,red,arab,1,6,no,lshift,460,1
221203,3,red,arab,1,8,no,lshift,657,1
221203,3,red,arab,1,4,no,lshift,379,1
221203,3,blue,arab,1,3,no,rshift,392,1
221203,3,blue,arab,1,2,no,rshift,1146,1
221203,3,red,arab,1,8,no,lshift,586,1
221203,3,red,arab,1,8,no,lshift,366,1
221203,3,red,arab,1,2,no,lshift,405,1
221203,3,red,arab,1,1,no,lshift,777,1
221203,3,blue,arab,1,6,no,rshift,975,1
221203,3,red,arab,1,7,no,lshift,867,1
221203,3,red,arab,1,1,no,lshift,1583,1
221203,3,blue,arab,1,3,no,rshift,900,1
221203,3,blue,arab,1,2,no,rshift,455,1
221203,3,red,arab,1,8,no,lshift,474,1
221203,3,red,arab,1,4,no,lshift,431,1
221203,3,red,arab,1,4,no,lshift,435,1
221203,3,red,arab,1,4,no,lshift,517,1
221203,3,blue,arab,1,4,no,rshift,445,1
221203,3,blue,arab,1,4,no,rshift,657,1
221203,3,blue,arab,1,2,no,rshift,431,1
221203,3,red,arab,1,7,no,lshift,563,1
221203,3,red,arab,1,1,no,lshift,374,1
221203,3,blue,arab,1,7,no,rshift,489,1
221203,3,red,arab,1,2,no,lshift,784,1
221203,3,blue,arab,1,9,no,rshift,681,1
221203,3,red,arab,1,3,no,lshift,629,1
221203,3,blue,arab,1,4,no,rshift,579,1
221203,3,red,arab,1,3,no,lshift,697,1
221203,3,red,arab,1,6,no,lshift,488,1
221203,3,red,arab,1,1,no,lshift,437,1
221203,3,red,arab,1,9,no,lshift,700,1
221203,3,blue,arab,1,4,no,rshift,475,1
221203,3,blue,arab,1,8,no,rshift,834,1
221203,3,blue,arab,1,4,no,rshift,402,1
221203,3,red,arab,1,7,no,lshift,684,1
221203,3,blue,arab,1,3,no,rshift,934,1
221203,3,blue,arab,1,8,no,rshift,673,1
221203,3,blue,arab,1,4,no,rshift,416,1
221203,3,red,arab,1,9,no,lshift,518,1
221203,3,blue,arab,1,3,no,rshift,366,1
221203,3,red,arab,1,9,no,lshift,467,1
221203,3,red,arab,1,3,no,lshift,890,1
221203,3,blue,arab,1,7,no,rshift,416,1
221203,3,red,arab,1,6,no,lshift,417,1
221203,3,red,arab,1,2,no,lshift,3823,1
221203,3,red,arab,1,3,no,lshift,737,1
221203,3,blue,arab,1,4,no,rshift,949,1
221203,3,red,arab,1,2,no,lshift,493,1
221203,3,blue,arab,1,6,no,rshift,3307,1
221203,3,blue,arab,1,7,no,rshift,570,1
221203,3,red,arab,1,4,no,lshift,627,1
221203,3,red,arab,1,8,no,lshift,1092,1
221203,3,blue,arab,1,4,no,rshift,2578,1
221203,3,blue,arab,1,2,no,rshift,664,1
221203,3,blue,arab,1,3,no,rshift,768,1
221203,3,blue,arab,1,7,no,rshift,1114,1
221203,3,red,arab,1,7,no,lshift,1082,1
221203,3,blue,arab,0,3,no,lshift,492,1
221203,3,blue,arab,1,8,no,rshift,577,1
221203,3,red,arab,1,3,no,lshift,584,1
221203,3,red,arab,1,1,no,lshift,417,1
221203,3,red,arab,1,3,no,lshift,578,1
221203,3,red,arab,1,1,no,lshift,1268,1
221203,3,red,arab,1,7,no,lshift,626,1
221203,3,red,arab,1,2,no,lshift,507,1
221203,3,blue,arab,1,9,no,rshift,384,1
221203,3,red,arab,1,4,no,lshift,803,1
221203,3,blue,arab,1,1,no,rshift,417,1
221203,3,red,arab,1,3,no,lshift,485,1
221203,3,red,arab,1,7,no,lshift,462,1
221203,3,blue,arab,1,7,no,rshift,371,1
221203,3,blue,arab,1,8,no,rshift,377,1
221203,3,red,arab,1,3,no,lshift,416,1
221203,3,red,arab,1,6,no,lshift,550,1
221203,3,red,arab,1,4,no,lshift,537,1
221203,3,blue,arab,1,6,no,rshift,483,1
221203,3,red,arab,1,9,no,lshift,450,1
221203,3,red,arab,1,2,no,lshift,567,1
221203,3,blue,arab,1,1,no,rshift,460,1
221203,3,red,arab,1,6,no,lshift,1921,1
221203,3,red,arab,1,8,no,lshift,429,1
221203,3,blue,arab,1,1,no,rshift,511,1
221203,3,red,arab,1,9,no,lshift,467,1
221203,3,blue,arab,1,7,no,rshift,398,1
221203,3,blue,arab,1,6,no,rshift,408,1
221203,3,red,arab,1,4,no,lshift,383,1
221203,3,blue,arab,1,8,no,rshift,2069,1
221203,3,red,arab,1,1,no,lshift,371,1
221203,3,red,arab,1,9,no,lshift,505,1
221203,3,red,arab,1,4,no,lshift,634,1
221203,3,blue,arab,1,2,no,rshift,704,1
221203,3,blue,arab,1,2,no,rshift,422,1
221203,3,blue,arab,1,1,no,rshift,549,1
221203,3,red,arab,1,9,no,lshift,463,1
221203,3,blue,arab,1,1,no,rshift,395,1
221203,3,blue,arab,1,9,no,rshift,1336,1
221203,3,red,arab,1,6,no,lshift,413,1
221203,3,blue,arab,1,2,no,rshift,879,1
221203,3,red,arab,1,1,no,lshift,732,1
221203,3,blue,arab,1,6,no,rshift,1554,1
221203,3,blue,arab,1,6,no,rshift,410,1
221203,3,blue,arab,1,9,no,rshift,524,1
221203,3,blue,arab,1,3,no,rshift,1936,1
221203,3,blue,arab,1,7,no,rshift,370,1
221203,3,red,arab,1,2,no,lshift,559,1
221203,3,red,arab,1,8,no,lshift,2047,1
221203,3,red,arab,1,8,no,lshift,467,1
221203,3,red,arab,1,8,no,lshift,411,1
221203,3,red,arab,1,2,no,lshift,334,1
221203,3,red,arab,1,9,no,lshift,2962,1
221203,3,blue,arab,1,3,no,rshift,422,1
221203,3,blue,arab,1,8,no,rshift,741,1
221203,3,blue,arab,1,9,no,rshift,718,1
221203,3,blue,arab,1,2,no,rshift,489,1
221203,3,blue,arab,1,6,no,rshift,393,1
221203,3,blue,arab,1,7,no,rshift,1379,1
221203,3,blue,arab,1,3,no,rshift,480,1
221203,3,blue,arab,1,8,no,rshift,1475,1
221203,3,blue,arab,1,6,no,rshift,631,1
221203,3,red,arab,1,7,no,lshift,383,1
221203,3,blue,arab,1,7,no,rshift,3434,1
221203,3,blue,arab,1,9,no,rshift,1814,1
221203,3,red,arab,1,9,no,lshift,1454,1
221203,3,blue,arab,1,8,no,rshift,524,1
221203,3,blue,arab,1,9,no,rshift,1017,1
221203,3,blue,arab,1,1,no,rshift,652,1
221203,3,red,arab,1,1,no,lshift,529,1
221203,3,blue,arab,1,9,no,rshift,1975,1
221203,3,blue,arab,1,8,no,rshift,486,1
221203,3,blue,arab,1,1,no,rshift,597,1
221203,3,red,arab,1,9,no,lshift,950,1
221203,3,blue,arab,1,6,no,rshift,653,1
221203,3,red,arab,1,4,no,lshift,561,1
221203,3,red,arab,1,1,no,lshift,460,1
221203,3,red,arab,1,8,no,lshift,447,1
221203,3,red,arab,1,7,no,lshift,423,1
221203,3,blue,arab,1,4,no,rshift,478,1
221203,3,blue,arab,1,8,no,rshift,487,1
221203,3,blue,arab,1,6,no,rshift,418,1
221203,3,blue,arab,1,1,no,rshift,455,1
221203,3,red,arab,1,3,no,lshift,325,1
221203,3,blue,arab,1,9,no,rshift,405,1
221203,3,blue,arab,1,4,no,rshift,450,1
221203,3,red,arab,1,6,no,lshift,476,1
221203,3,red,arab,1,7,no,lshift,973,1
221203,3,red,arab,1,2,no,lshift,947,1
221203,3,red,arab,1,6,no,lshift,511,1
221203,3,blue,arab,1,2,no,rshift,505,1
221203,3,blue,arab,1,1,no,rshift,2472,1
221203,3,blue,arab,1,9,no,rshift,474,1
221203,3,red,arab,1,2,no,lshift,439,1
221203,3,blue,arab,1,7,no,rshift,416,1
221203,3,red,arab,1,7,no,lshift,635,1
221203,3,blue,arab,1,2,no,rshift,435,1
221203,3,red,arab,1,6,no,lshift,513,1
221203,3,red,arab,1,6,no,lshift,485,1
221203,0,red,dot,1,1,yes,lshift,1963,1
221203,0,blue,dot,1,3,yes,rshift,1325,1
221203,0,blue,dot,1,6,yes,rshift,562,1
221203,0,blue,dot,1,7,yes,rshift,459,1
221203,0,red,dot,1,3,yes,lshift,432,1
221203,0,red,dot,1,4,yes,lshift,398,1
221203,0,blue,dot,1,4,yes,rshift,394,1
221203,0,blue,dot,1,8,yes,rshift,441,1
221203,0,red,dot,1,2,yes,lshift,350,1
221203,0,blue,dot,1,2,yes,rshift,1478,1
221203,0,red,dot,1,8,yes,lshift,916,1
221203,0,blue,dot,1,1,yes,rshift,470,1
221203,0,red,dot,1,9,yes,lshift,568,1
221203,0,red,dot,1,7,yes,lshift,460,1
221203,0,blue,dot,1,9,yes,rshift,532,1
221203,0,red,dot,1,6,yes,lshift,364,1
221203,1,blue,dot,1,1,no,rshift,1136,1
221203,1,blue,dot,1,6,no,rshift,403,1
221203,1,red,dot,1,6,no,lshift,348,1
221203,1,red,dot,1,3,no,lshift,412,1
221203,1,blue,dot,1,6,no,rshift,392,1
221203,1,red,dot,1,7,no,lshift,389,1
221203,1,red,dot,1,1,no,lshift,434,1
221203,1,blue,dot,1,9,no,rshift,503,1
221203,1,red,dot,1,2,no,lshift,439,1
221203,1,red,dot,1,6,no,lshift,617,1
221203,1,blue,dot,1,4,no,rshift,409,1
221203,1,red,dot,1,4,no,lshift,527,1
221203,1,blue,dot,1,3,no,rshift,894,1
221203,1,red,dot,1,7,no,lshift,705,1
221203,1,red,dot,1,7,no,lshift,418,1
221203,1,red,dot,1,6,no,lshift,5146,1
221203,1,red,dot,1,7,no,lshift,441,1
221203,1,red,dot,1,9,no,lshift,415,1
221203,1,red,dot,1,3,no,lshift,383,1
221203,1,red,dot,1,9,no,lshift,395,1
221203,1,blue,dot,1,7,no,rshift,404,1
221203,1,red,dot,1,8,no,lshift,538,1
221203,1,red,dot,1,6,no,lshift,552,1
221203,1,blue,dot,1,3,no,rshift,592,1
221203,1,blue,dot,1,7,no,rshift,691,1
221203,1,red,dot,1,3,no,lshift,436,1
221203,1,red,dot,1,6,no,lshift,424,1
221203,1,red,dot,1,8,no,lshift,392,1
221203,1,red,dot,1,8,no,lshift,567,1
221203,1,red,dot,1,8,no,lshift,447,1
221203,1,red,dot,1,4,no,lshift,492,1
221203,1,blue,dot,1,8,no,rshift,720,1
221203,1,blue,dot,1,8,no,rshift,399,1
221203,1,red,dot,1,2,no,lshift,423,1
221203,1,red,dot,1,9,no,lshift,710,1
221203,1,blue,dot,1,4,no,rshift,741,1
221203,1,blue,dot,1,6,no,rshift,612,1
221203,1,red,dot,1,7,no,lshift,384,1
221203,1,blue,dot,1,7,no,rshift,419,1
221203,1,blue,dot,1,3,no,rshift,445,1
221203,1,red,dot,1,9,no,lshift,3309,1
221203,1,red,dot,1,6,no,lshift,372,1
221203,1,red,dot,1,1,no,lshift,592,1
221203,1,red,dot,1,1,no,lshift,416,1
221203,1,blue,dot,1,2,no,rshift,386,1
221203,1,blue,dot,1,7,no,rshift,345,1
221203,1,blue,dot,1,2,no,rshift,359,1
221203,1,blue,dot,1,4,no,rshift,375,1
221203,1,red,dot,1,8,no,lshift,457,1
221203,1,red,dot,1,2,no,lshift,367,1
221203,1,red,dot,1,3,no,lshift,979,1
221203,1,red,dot,1,4,no,lshift,508,1
221203,1,red,dot,1,2,no,lshift,569,1
221203,1,blue,dot,0,4,no,lshift,444,1
221203,1,blue,dot,1,8,no,rshift,364,1
221203,1,blue,dot,1,1,no,rshift,530,1
221203,1,red,dot,1,6,no,lshift,465,1
221203,1,red,dot,1,4,no,lshift,565,1
221203,1,red,dot,1,9,no,lshift,464,1
221203,1,red,dot,1,3,no,lshift,399,1
221203,1,red,dot,1,7,no,lshift,569,1
221203,1,red,dot,1,7,no,lshift,395,1
221203,1,blue,dot,1,2,no,rshift,387,1
221203,1,blue,dot,1,2,no,rshift,414,1
221203,1,blue,dot,1,3,no,rshift,378,1
221203,1,red,dot,1,6,no,lshift,367,1
221203,1,red,dot,1,4,no,lshift,329,1
221203,1,red,dot,1,2,no,lshift,343,1
221203,1,blue,dot,1,1,no,rshift,397,1
221203,1,blue,dot,1,7,no,rshift,476,1
221203,1,red,dot,1,4,no,lshift,337,1
221203,1,blue,dot,1,9,no,rshift,406,1
221203,1,blue,dot,1,6,no,rshift,453,1
221203,1,blue,dot,1,4,no,rshift,468,1
221203,1,red,dot,1,4,no,lshift,462,1
221203,1,blue,dot,1,9,no,rshift,470,1
221203,1,red,dot,1,1,no,lshift,413,1
221203,1,blue,dot,1,4,no,rshift,474,1
221203,1,blue,dot,1,8,no,rshift,565,1
221203,1,red,dot,1,6,no,lshift,430,1
221203,1,blue,dot,1,7,no,rshift,487,1
221203,1,blue,dot,1,9,no,rshift,633,1
221203,1,red,dot,1,4,no,lshift,475,1
221203,1,blue,dot,1,4,no,rshift,1369,1
221203,1,red,dot,1,1,no,lshift,402,1
221203,1,blue,dot,1,2,no,rshift,2962,1
221203,1,blue,dot,1,7,no,rshift,578,1
221203,1,red,dot,1,3,no,lshift,530,1
221203,1,blue,dot,1,1,no,rshift,506,1
221203,1,red,dot,1,8,no,lshift,788,1
221203,1,blue,dot,1,6,no,rshift,2519,1
221203,1,red,dot,1,1,no,lshift,2972,1
221203,1,blue,dot,1,2,no,rshift,3744,1
221203,1,blue,dot,1,1,no,rshift,823,1
221203,1,red,dot,1,2,no,lshift,1673,1
221203,1,red,dot,1,1,no,lshift,1650,1
221203,1,red,dot,1,4,no,lshift,439,1
221203,1,blue,dot,1,8,no,rshift,418,1
221203,1,red,dot,1,2,no,lshift,1159,1
221203,1,blue,dot,1,1,no,rshift,495,1
221203,1,red,dot,1,6,no,lshift,855,1
221203,1,red,dot,1,1,no,lshift,3055,1
221203,1,blue,dot,1,9,no,rshift,436,1
221203,1,blue,dot,1,1,no,rshift,1817,1
221203,1,blue,dot,1,3,no,rshift,401,1
221203,1,blue,dot,1,9,no,rshift,442,1
221203,1,blue,dot,1,8,no,rshift,531,1
221203,1,blue,dot,1,4,no,rshift,443,1
221203,1,red,dot,1,1,no,lshift,514,1
221203,1,blue,dot,1,9,no,rshift,1228,1
221203,1,blue,dot,1,7,no,rshift,688,1
221203,1,red,dot,1,9,no,lshift,551,1
221203,1,red,dot,1,8,no,lshift,1065,1
221203,1,blue,dot,1,7,no,rshift,380,1
221203,1,red,dot,1,9,no,lshift,458,1
221203,1,red,dot,1,1,no,lshift,552,1
221203,1,blue,dot,1,6,no,rshift,409,1
221203,1,red,dot,1,3,no,lshift,805,1
221203,1,blue,dot,1,9,no,rshift,366,1
221203,1,blue,dot,1,3,no,rshift,433,1
221203,1,blue,dot,1,2,no,rshift,747,1
221203,1,red,dot,1,7,no,lshift,629,1
221203,1,red,dot,1,2,no,lshift,848,1
221203,1,red,dot,1,2,no,lshift,444,1
221203,1,red,dot,1,9,no,lshift,666,1
221203,1,blue,dot,1,8,no,rshift,372,1
221203,1,blue,dot,1,1,no,rshift,433,1
221203,1,blue,dot,1,1,no,rshift,423,1
221203,1,blue,dot,1,6,no,rshift,449,1
221203,1,blue,dot,1,2,no,rshift,2202,1
221203,1,red,dot,1,8,no,lshift,387,1
221203,1,blue,dot,1,3,no,rshift,382,1
221203,1,blue,dot,1,3,no,rshift,415,1
221203,1,blue,dot,1,4,no,rshift,736,1
221203,1,red,dot,1,9,no,lshift,340,1
221203,1,red,dot,1,7,no,lshift,1172,1
221203,1,red,dot,1,2,no,lshift,429,1
221203,1,red,dot,1,8,no,lshift,598,1
221203,1,blue,dot,1,6,no,rshift,511,1
221203,1,red,dot,1,3,no,lshift,373,1
221203,1,blue,dot,1,9,no,rshift,695,1
221203,1,blue,dot,1,7,no,rshift,634,1
221203,1,blue,dot,1,2,no,rshift,436,1
221203,1,blue,dot,1,2,no,rshift,397,1
221203,1,blue,dot,1,4,no,rshift,487,1
221203,1,red,dot,1,4,no,lshift,429,1
221203,1,blue,dot,1,3,no,rshift,426,1
221203,1,blue,dot,1,8,no,rshift,398,1
221203,1,red,dot,1,7,no,lshift,447,1
221203,1,blue,dot,1,9,no,rshift,677,1
221203,1,red,dot,1,3,no,lshift,1123,1
221203,1,blue,dot,1,3,no,rshift,466,1
221203,1,blue,dot,1,8,no,rshift,432,1
221203,1,blue,dot,1,6,no,rshift,571,1
221203,1,red,dot,1,3,no,lshift,399,1
221203,1,blue,dot,1,8,no,rshift,347,1
221203,1,blue,dot,1,1,no,rshift,457,1
221203,1,red,dot,1,8,no,lshift,924,1
221203,1,red,dot,1,9,no,lshift,712,1
221203,1,blue,dot,1,6,no,rshift,726,1
221203,2,red,dot,1,2,no,lshift,701,1
221203,2,blue,dot,1,2,no,rshift,421,1
221203,2,red,dot,1,9,no,lshift,384,1
221203,2,blue,dot,1,8,no,rshift,413,1
221203,2,red,dot,1,7,no,lshift,357,1
221203,2,red,dot,1,3,no,lshift,515,1
221203,2,blue,dot,1,4,no,rshift,436,1
221203,2,blue,dot,1,6,no,rshift,1178,1
221203,2,blue,dot,1,1,no,rshift,493,1
221203,2,blue,dot,1,6,no,rshift,697,1
221203,2,red,dot,1,9,no,lshift,3137,1
221203,2,red,dot,1,3,no,lshift,396,1
221203,2,red,dot,1,9,no,lshift,851,1
221203,2,red,dot,1,8,no,lshift,1082,1
221203,2,blue,dot,1,6,no,rshift,415,1
221203,2,red,dot,1,7,no,lshift,579,1
221203,2,red,dot,1,1,no,lshift,460,1
221203,2,blue,dot,1,4,no,rshift,423,1
221203,2,red,dot,1,3,no,lshift,436,1
221203,2,red,dot,1,3,no,lshift,602,1
221203,2,blue,dot,1,3,no,rshift,632,1
221203,2,blue,dot,1,9,no,rshift,449,1
221203,2,blue,dot,1,7,no,rshift,445,1
221203,2,blue,dot,1,4,no,rshift,495,1
221203,2,blue,dot,1,4,no,rshift,392,1
221203,2,blue,dot,1,6,no,rshift,380,1
221203,2,blue,dot,1,1,no,rshift,622,1
221203,2,red,dot,1,2,no,lshift,342,1
221203,2,blue,dot,1,9,no,rshift,751,1
221203,2,red,dot,1,8,no,lshift,852,1
221203,2,blue,dot,1,8,no,rshift,500,1
221203,2,red,dot,1,8,no,lshift,490,1
221203,2,red,dot,1,7,no,lshift,707,1
221203,2,blue,dot,1,8,no,rshift,1059,1
221203,2,blue,dot,1,2,no,rshift,528,1
221203,2,blue,dot,1,4,no,rshift,2007,1
221203,2,red,dot,1,4,no,lshift,498,1
221203,2,blue,dot,1,3,no,rshift,1169,1
221203,2,blue,dot,1,1,no,rshift,418,1
221203,2,red,dot,1,2,no,lshift,493,1
221203,2,red,dot,1,3,no,lshift,481,1
221203,2,blue,dot,1,8,no,rshift,352,1
221203,2,red,dot,1,4,no,lshift,832,1
221203,2,blue,dot,1,8,no,rshift,1472,1
221203,2,red,dot,1,9,no,lshift,832,1
221203,2,blue,dot,1,3,no,rshift,703,1
221203,2,red,dot,1,6,no,lshift,378,1
221203,2,red,dot,1,8,no,lshift,428,1
221203,2,blue,dot,1,2,no,rshift,724,1
221203,2,red,dot,1,2,no,lshift,403,1
221203,2,red,dot,1,6,no,lshift,1531,1
221203,2,red,dot,1,4,no,lshift,399,1
221203,2,blue,dot,1,1,no,rshift,382,1
221203,2,red,dot,1,4,no,lshift,424,1
221203,2,red,dot,1,9,no,lshift,627,1
221203,2,red,dot,1,4,no,lshift,354,1
221203,2,blue,dot,1,7,no,rshift,415,1
221203,2,red,dot,1,4,no,lshift,358,1
221203,2,blue,dot,1,2,no,rshift,347,1
221203,2,red,dot,1,3,no,lshift,390,1
221203,2,red,dot,1,8,no,lshift,342,1
221203,2,red,dot,1,1,no,lshift,339,1
221203,2,blue,dot,1,3,no,rshift,979,1
221203,2,blue,dot,1,3,no,rshift,516,1
221203,2,red,dot,1,7,no,lshift,424,1
221203,2,blue,dot,1,8,no,rshift,395,1
221203,2,blue,dot,1,9,no,rshift,411,1
221203,2,blue,dot,1,3,no,rshift,405,1
221203,2,blue,dot,1,7,no,rshift,425,1
221203,2,blue,dot,1,1,no,rshift,589,1
221203,2,red,dot,1,4,no,lshift,865,1
221203,2,blue,dot,1,1,no,rshift,458,1
221203,2,blue,dot,1,7,no,rshift,437,1
221203,2,blue,dot,1,2,no,rshift,658,1
221203,2,blue,dot,1,2,no,rshift,1064,1
221203,2,blue,dot,1,7,no,rshift,395,1
221203,2,blue,dot,1,4,no,rshift,660,1
221203,2,blue,dot,1,1,no,rshift,376,1
221203,2,blue,dot,1,6,no,rshift,638,1
221203,2,blue,dot,1,8,no,rshift,373,1
221203,2,blue,dot,1,7,no,rshift,392,1
221203,2,blue,dot,1,9,no,rshift,391,1
221203,2,red,dot,1,6,no,lshift,446,1
221203,2,red,dot,1,4,no,lshift,326,1
221203,2,red,dot,1,3,no,lshift,495,1
221203,2,red,dot,1,1,no,lshift,416,1
221203,2,red,dot,1,6,no,lshift,384,1
221203,2,red,dot,1,1,no,lshift,303,1
221203,2,red,dot,1,2,no,lshift,731,1
221203,2,blue,dot,1,2,no,rshift,508,1
221203,2,blue,dot,1,9,no,rshift,608,1
221203,2,red,dot,1,1,no,lshift,427,1
221203,2,red,dot,1,3,no,lshift,1136,1
221203,2,blue,dot,1,7,no,rshift,391,1
221203,2,red,dot,1,9,no,lshift,516,1
221203,2,blue,dot,1,1,no,rshift,324,1
221203,2,red,dot,1,9,no,lshift,553,1
221203,2,blue,dot,1,9,no,rshift,549,1
221203,2,red,dot,1,8,no,lshift,829,1
221203,2,red,dot,1,8,no,lshift,485,1
221203,2,red,dot,1,2,no,lshift,389,1
221203,2,blue,dot,1,9,no,rshift,474,1
221203,2,red,dot,1,3,no,lshift,346,1
221203,2,blue,dot,1,4,no,rshift,419,1
221203,2,red,dot,1,1,no,lshift,360,1
221203,2,blue,dot,1,6,no,rshift,491,1
221203,2,blue,dot,1,8,no,rshift,550,1
221203,2,blue,dot,1,6,no,rshift,387,1
221203,2,blue,dot,1,1,no,rshift,396,1
221203,2,red,dot,1,7,no,lshift,350,1
221203,2,red,dot,1,4,no,lshift,799,1
221203,2,blue,dot,1,7,no,rshift,437,1
221203,2,blue,dot,1,3,no,rshift,1080,1
221203,2,blue,dot,1,3,no,rshift,399,1
221203,2,red,dot,1,6,no,lshift,435,1
221203,2,blue,dot,1,6,no,rshift,803,1
221203,2,red,dot,1,7,no,lshift,496,1
221203,2,red,dot,1,7,no,lshift,524,1
221203,2,red,dot,1,9,no,lshift,454,1
221203,2,blue,dot,1,7,no,rshift,1270,1
221203,2,red,dot,1,6,no,lshift,404,1
221203,2,red,dot,1,1,no,lshift,362,1
221203,2,red,dot,1,7,no,lshift,356,1
221203,2,red,dot,1,6,no,lshift,592,1
221203,2,red,dot,1,9,no,lshift,494,1
221203,2,red,dot,1,2,no,lshift,389,1
221203,2,blue,dot,1,3,no,rshift,472,1
221203,2,red,dot,1,7,no,lshift,415,1
221203,2,blue,dot,1,9,no,rshift,397,1
221203,2,blue,dot,1,7,no,rshift,372,1
221203,2,blue,dot,1,6,no,rshift,440,1
221203,2,blue,dot,1,2,no,rshift,376,1
221203,2,red,dot,1,9,no,lshift,364,1
221203,2,blue,dot,1,4,no,rshift,497,1
221203,2,red,dot,1,8,no,lshift,392,1
221203,2,red,dot,1,6,no,lshift,1162,1
221203,2,blue,dot,1,3,no,rshift,1473,1
221203,2,red,dot,1,2,no,lshift,332,1
221203,2,blue,dot,1,4,no,rshift,416,1
221203,2,blue,dot,1,6,no,rshift,437,1
221203,2,red,dot,1,4,no,lshift,564,1
221203,2,red,dot,1,8,no,lshift,1928,1
221203,2,red,dot,1,1,no,lshift,381,1
221203,2,blue,dot,1,4,no,rshift,393,1
221203,2,blue,dot,1,9,no,rshift,396,1
221203,2,red,dot,1,8,no,lshift,722,1
221203,2,red,dot,1,3,no,lshift,944,1
221203,2,red,dot,1,1,no,lshift,423,1
221203,2,blue,dot,0,2,no,lshift,531,1
221203,2,blue,dot,1,2,no,rshift,372,1
221203,2,red,dot,1,6,no,lshift,381,1
221203,2,red,dot,1,6,no,lshift,562,1
221203,2,red,dot,1,2,no,lshift,463,1
221203,2,red,dot,1,1,no,lshift,457,1
221203,2,blue,dot,1,8,no,rshift,400,1
221203,2,blue,dot,1,1,no,rshift,340,1
221203,2,blue,dot,1,8,no,rshift,404,1
221203,2,red,dot,1,7,no,lshift,532,1
221203,2,blue,dot,1,9,no,rshift,405,1
221203,2,red,dot,1,2,no,lshift,391,1
221203,3,blue,dot,1,8,no,rshift,798,1
221203,3,red,dot,1,7,no,lshift,362,1
221203,3,blue,dot,1,8,no,rshift,372,1
221203,3,red,dot,1,2,no,lshift,324,1
221203,3,blue,dot,1,1,no,rshift,394,1
221203,3,blue,dot,1,4,no,rshift,422,1
221203,3,red,dot,1,9,no,lshift,458,1
221203,3,red,dot,1,2,no,lshift,544,1
221203,3,blue,dot,1,9,no,rshift,860,1
221203,3,red,dot,1,1,no,lshift,677,1
221203,3,red,dot,1,2,no,lshift,626,1
221203,3,red,dot,1,3,no,lshift,559,1
221203,3,red,dot,1,3,no,lshift,466,1
221203,3,blue,dot,1,2,no,rshift,646,1
221203,3,blue,dot,1,7,no,rshift,907,1
221203,3,red,dot,1,2,no,lshift,617,1
221203,3,red,dot,1,6,no,lshift,1511,1
221203,3,red,dot,1,4,no,lshift,463,1
221203,3,blue,dot,1,3,no,rshift,547,1
221203,3,red,dot,1,3,no,lshift,427,1
221203,3,red,dot,1,1,no,lshift,846,1
221203,3,red,dot,1,8,no,lshift,478,1
221203,3,blue,dot,1,6,no,rshift,444,1
221203,3,blue,dot,1,3,no,rshift,545,1
221203,3,blue,dot,1,2,no,rshift,430,1
221203,3,red,dot,1,3,no,lshift,5100,1
221203,3,red,dot,1,4,no,lshift,6332,1
221203,3,red,dot,1,1,no,lshift,384,1
221203,3,red,dot,1,7,no,lshift,420,1
221203,3,red,dot,1,9,no,lshift,382,1
221203,3,blue,dot,1,6,no,rshift,365,1
221203,3,blue,dot,1,4,no,rshift,985,1
221203,3,red,dot,1,4,no,lshift,1891,1
221203,3,blue,dot,1,6,no,rshift,1824,1
221203,3,blue,dot,1,6,no,rshift,628,1
221203,3,red,dot,1,4,no,lshift,480,1
221203,3,red,dot,1,6,no,lshift,722,1
221203,3,red,dot,1,4,no,lshift,417,1
221203,3,blue,dot,1,1,no,rshift,373,1
221203,3,blue,dot,1,6,no,rshift,483,1
221203,3,blue,dot,1,2,no,rshift,992,1
221203,3,blue,dot,1,1,no,rshift,423,1
221203,3,red,dot,1,7,no,lshift,748,1
221203,3,blue,dot,1,7,no,rshift,490,1
221203,3,blue,dot,1,2,no,rshift,457,1
221203,3,blue,dot,1,7,no,rshift,5144,1
221203,3,red,dot,1,7,no,lshift,561,1
221203,3,blue,dot,1,2,no,rshift,2279,1
221203,3,red,dot,1,6,no,lshift,6149,1
221203,3,blue,dot,1,8,no,rshift,5038,1
221203,3,blue,dot,1,3,no,rshift,410,1
221203,3,blue,dot,1,4,no,rshift,395,1
221203,3,blue,dot,1,1,no,rshift,347,1
221203,3,blue,dot,1,8,no,rshift,3880,1
221203,3,blue,dot,1,3,no,rshift,857,1
221203,3,red,dot,1,4,no,lshift,456,1
221203,3,blue,dot,1,1,no,rshift,621,1
221203,3,red,dot,1,4,no,lshift,837,1
221203,3,blue,dot,1,4,no,rshift,596,1
221203,3,blue,dot,1,7,no,rshift,481,1
221203,3,red,dot,1,1,no,lshift,618,1
221203,3,red,dot,1,7,no,lshift,662,1
221203,3,blue,dot,1,9,no,rshift,405,1
221203,3,red,dot,1,9,no,lshift,591,1
221203,3,blue,dot,1,8,no,rshift,489,1
221203,3,blue,dot,1,2,no,rshift,450,1
221203,3,red,dot,1,8,no,lshift,464,1
221203,3,red,dot,1,2,no,lshift,464,1
221203,3,red,dot,1,7,no,lshift,447,1
221203,3,blue,dot,1,7,no,rshift,342,1
221203,3,blue,dot,1,7,no,rshift,1276,1
221203,3,blue,dot,1,3,no,rshift,574,1
221203,3,red,dot,1,8,no,lshift,724,1
221203,3,red,dot,1,1,no,lshift,753,1
221203,3,red,dot,1,3,no,lshift,450,1
221203,3,red,dot,1,2,no,lshift,448,1
221203,3,blue,dot,1,9,no,rshift,496,1
221203,3,red,dot,1,9,no,lshift,418,1
221203,3,red,dot,1,8,no,lshift,403,1
221203,3,blue,dot,1,6,no,rshift,493,1
221203,3,blue,dot,1,3,no,rshift,1456,1
221203,3,red,dot,1,1,no,lshift,525,1
221203,3,red,dot,1,1,no,lshift,389,1
221203,3,blue,dot,1,1,no,rshift,629,1
221203,3,blue,dot,1,2,no,rshift,400,1
221203,3,red,dot,1,9,no,lshift,345,1
221203,3,blue,dot,1,8,no,rshift,754,1
221203,3,blue,dot,1,9,no,rshift,417,1
221203,3,red,dot,1,3,no,lshift,439,1
221203,3,red,dot,1,8,no,lshift,707,1
221203,3,blue,dot,1,8,no,rshift,723,1
221203,3,blue,dot,1,4,no,rshift,675,1
221203,3,blue,dot,1,2,no,rshift,698,1
221203,3,blue,dot,1,9,no,rshift,1026,1
221203,3,red,dot,1,4,no,lshift,357,1
221203,3,red,dot,1,3,no,lshift,642,1
221203,3,blue,dot,1,7,no,rshift,499,1
221203,3,blue,dot,1,7,no,rshift,512,1
221203,3,red,dot,1,4,no,lshift,400,1
221203,3,blue,dot,1,4,no,rshift,446,1
221203,3,blue,dot,1,6,no,rshift,471,1
221203,3,blue,dot,1,8,no,rshift,714,1
221203,3,blue,dot,1,1,no,rshift,650,1
221203,3,blue,dot,1,3,no,rshift,528,1
221203,3,red,dot,1,1,no,lshift,455,1
221203,3,blue,dot,1,1,no,rshift,452,1
221203,3,blue,dot,1,3,no,rshift,418,1
221203,3,blue,dot,1,9,no,rshift,412,1
221203,3,red,dot,1,2,no,lshift,670,1
221203,3,blue,dot,1,8,no,rshift,385,1
221203,3,red,dot,1,8,no,lshift,395,1
221203,3,red,dot,1,3,no,lshift,492,1
221203,3,red,dot,1,6,no,lshift,1940,1
221203,3,blue,dot,1,9,no,rshift,702,1
221203,3,blue,dot,1,2,no,rshift,1058,1
221203,3,blue,dot,1,3,no,rshift,422,1
221203,3,red,dot,1,8,no,lshift,584,1
221203,3,red,dot,1,9,no,lshift,449,1
221203,3,blue,dot,1,6,no,rshift,332,1
221203,3,red,dot,1,7,no,lshift,459,1
221203,3,red,dot,1,2,no,lshift,397,1
221203,3,red,dot,1,6,no,lshift,654,1
221203,3,red,dot,1,8,no,lshift,481,1
221203,3,red,dot,1,2,no,lshift,362,1
221203,3,red,dot,1,9,no,lshift,741,1
221203,3,red,dot,1,6,no,lshift,518,1
221203,3,blue,dot,1,8,no,rshift,439,1
221203,3,red,dot,1,8,no,lshift,407,1
221203,3,red,dot,1,7,no,lshift,2859,1
221203,3,red,dot,1,6,no,lshift,396,1
221203,3,blue,dot,1,7,no,rshift,426,1
221203,3,red,dot,1,9,no,lshift,500,1
221203,3,red,dot,1,9,no,lshift,607,1
221203,3,blue,dot,1,6,no,rshift,1392,1
221203,3,blue,dot,1,4,no,rshift,766,1
221203,3,blue,dot,1,1,no,rshift,416,1
221203,3,blue,dot,1,1,no,rshift,736,1
221203,3,blue,dot,1,4,no,rshift,791,1
221203,3,red,dot,1,6,no,lshift,528,1
221203,3,red,dot,1,8,no,lshift,847,1
221203,3,red,dot,1,7,no,lshift,712,1
221203,3,red,dot,1,3,no,lshift,433,1
221203,3,red,dot,1,6,no,lshift,843,1
221203,3,red,dot,1,4,no,lshift,522,1
221203,3,red,dot,1,1,no,lshift,380,1
221203,3,red,dot,1,9,no,lshift,396,1
221203,3,red,dot,1,1,no,lshift,366,1
221203,3,blue,dot,1,2,no,rshift,322,1
221203,3,blue,dot,1,3,no,rshift,340,1
221203,3,red,dot,1,2,no,lshift,584,1
221203,3,blue,dot,1,9,no,rshift,420,1
221203,3,red,dot,1,7,no,lshift,363,1
221203,3,red,dot,1,3,no,lshift,425,1
221203,3,red,dot,1,6,no,lshift,499,1
221203,3,blue,dot,1,9,no,rshift,392,1
221203,3,blue,dot,1,4,no,rshift,664,1
221203,3,blue,dot,1,9,no,rshift,3188,1
221203,3,blue,dot,1,4,no,rshift,617,1
221203,3,blue,dot,1,6,no,rshift,527,1
221203,3,blue,dot,1,7,no,rshift,441,1
221203,0,blue,classic,1,7,yes,lshift,2420,1
221203,0,blue,classic,1,4,yes,rshift,701,1
221203,0,blue,classic,1,3,yes,lshift,603,1
221203,0,blue,classic,1,8,yes,rshift,1205,1
221203,0,blue,classic,1,9,yes,lshift,723,1
221203,0,blue,classic,1,6,yes,rshift,841,1
221203,0,blue,classic,0,2,yes,lshift,598,1
221203,0,blue,classic,1,1,yes,lshift,693,1
221203,1,blue,classic,1,1,yes,rshift,1001,1
221203,1,blue,classic,1,8,yes,lshift,733,1
221203,1,blue,classic,1,3,yes,rshift,667,1
221203,1,blue,classic,1,6,yes,lshift,1274,1
221203,1,blue,classic,1,4,yes,lshift,706,1
221203,1,blue,classic,1,2,yes,lshift,781,1
221203,1,blue,classic,1,7,yes,rshift,604,1
221203,1,blue,classic,1,9,yes,rshift,957,1
221203,2,blue,classic,1,7,no,lshift,1184,1
221203,2,blue,classic,1,6,no,rshift,439,1
221203,2,blue,classic,1,6,no,rshift,1817,1
221203,2,blue,classic,1,1,no,lshift,533,1
221203,2,blue,classic,1,4,no,rshift,553,1
221203,2,blue,classic,1,3,no,lshift,705,1
221203,2,blue,classic,1,2,no,rshift,1317,1
221203,2,blue,classic,1,4,no,rshift,548,1
221203,2,blue,classic,1,4,no,rshift,474,1
221203,2,blue,classic,1,9,no,lshift,678,1
221203,2,blue,classic,1,8,no,rshift,596,1
221203,2,blue,classic,1,6,no,rshift,584,1
221203,2,blue,classic,1,9,no,lshift,550,1
221203,2,blue,classic,1,9,no,lshift,1231,1
221203,2,blue,classic,1,4,no,rshift,756,1
221203,2,blue,classic,1,4,no,rshift,1179,1
221203,2,blue,classic,1,2,no,rshift,810,1
221203,2,blue,classic,1,9,no,lshift,579,1
221203,2,blue,classic,1,3,no,lshift,571,1
221203,2,blue,classic,1,8,no,rshift,727,1
221203,2,blue,classic,1,8,no,rshift,694,1
221203,2,blue,classic,1,3,no,lshift,547,1
221203,2,blue,classic,1,8,no,rshift,556,1
221203,2,blue,classic,1,2,no,rshift,596,1
221203,2,blue,classic,1,9,no,lshift,645,1
221203,2,blue,classic,1,2,no,rshift,1153,1
221203,2,blue,classic,1,9,no,lshift,514,1
221203,2,blue,classic,1,2,no,rshift,434,1
221203,2,blue,classic,1,1,no,lshift,963,1
221203,2,blue,classic,1,6,no,rshift,592,1
221203,2,blue,classic,1,1,no,lshift,1231,1
221203,2,blue,classic,1,7,no,lshift,554,1
221203,2,blue,classic,1,3,no,lshift,584,1
221203,2,blue,classic,1,2,no,rshift,520,1
221203,2,blue,classic,1,3,no,lshift,486,1
221203,2,blue,classic,1,8,no,rshift,451,1
221203,2,blue,classic,1,1,no,lshift,508,1
221203,2,blue,classic,1,9,no,lshift,589,1
221203,2,blue,classic,1,9,no,lshift,524,1
221203,2,blue,classic,1,8,no,rshift,589,1
221203,2,blue,classic,1,7,no,lshift,758,1
221203,2,blue,classic,1,9,no,lshift,1082,1
221203,2,blue,classic,1,4,no,rshift,460,1
221203,2,blue,classic,1,7,no,lshift,649,1
221203,2,blue,classic,1,2,no,rshift,761,1
221203,2,blue,classic,1,4,no,rshift,662,1
221203,2,blue,classic,1,7,no,lshift,1993,1
221203,2,blue,classic,1,2,no,rshift,616,1
221203,2,blue,classic,1,8,no,rshift,1031,1
221203,2,blue,classic,1,3,no,lshift,549,1
221203,2,blue,classic,1,8,no,rshift,498,1
221203,2,blue,classic,1,4,no,rshift,481,1
221203,2,blue,classic,1,1,no,lshift,451,1
221203,2,blue,classic,1,7,no,lshift,1342,1
221203,2,blue,classic,1,8,no,rshift,753,1
221203,2,blue,classic,1,1,no,lshift,541,1
221203,2,blue,classic,1,4,no,rshift,583,1
221203,2,blue,classic,1,6,no,rshift,3267,1
221203,2,blue,classic,1,9,no,lshift,528,1
221203,2,blue,classic,1,4,no,rshift,968,1
221203,2,blue,classic,1,3,no,lshift,450,1
221203,2,blue,classic,1,6,no,rshift,2406,1
221203,2,blue,classic,1,3,no,lshift,2022,1
221203,2,blue,classic,1,1,no,lshift,909,1
221203,2,blue,classic,1,3,no,lshift,1318,1
221203,2,blue,classic,1,1,no,lshift,935,1
221203,2,blue,classic,1,6,no,rshift,615,1
221203,2,blue,classic,1,9,no,lshift,697,1
221203,2,blue,classic,1,7,no,lshift,931,1
221203,2,blue,classic,1,7,no,lshift,491,1
221203,2,blue,classic,1,4,no,rshift,418,1
221203,2,blue,classic,1,1,no,lshift,714,1
221203,2,blue,classic,1,9,no,lshift,983,1
221203,2,blue,classic,1,2,no,rshift,683,1
221203,2,blue,classic,1,9,no,lshift,1703,1
221203,2,blue,classic,1,7,no,lshift,1358,1
221203,2,blue,classic,1,3,no,lshift,1047,1
221203,2,blue,classic,1,1,no,lshift,1040,1
221203,2,blue,classic,1,6,no,rshift,506,1
221203,2,blue,classic,1,3,no,lshift,679,1
221203,2,blue,classic,1,2,no,rshift,1101,1
221203,2,blue,classic,1,8,no,rshift,2205,1
221203,2,blue,classic,1,8,no,rshift,684,1
221203,2,blue,classic,1,8,no,rshift,2415,1
221203,2,blue,classic,0,2,no,lshift,1326,1
221203,2,blue,classic,1,2,no,rshift,923,1
221203,2,blue,classic,1,4,no,rshift,534,1
221203,2,blue,classic,1,6,no,rshift,545,1
221203,2,blue,classic,1,7,no,lshift,695,1
221203,2,blue,classic,1,8,no,rshift,654,1
221203,2,blue,classic,1,8,no,rshift,438,1
221203,2,blue,classic,1,6,no,rshift,476,1
221203,2,blue,classic,1,1,no,lshift,635,1
221203,2,blue,classic,1,7,no,lshift,983,1
221203,2,blue,classic,1,2,no,rshift,721,1
221203,2,blue,classic,1,1,no,lshift,798,1
221203,2,blue,classic,1,2,no,rshift,609,1
221203,2,blue,classic,1,3,no,lshift,563,1
221203,2,blue,classic,1,7,no,lshift,1067,1
221203,2,blue,classic,1,6,no,rshift,526,1
221203,2,blue,classic,1,6,no,rshift,508,1
221203,2,blue,classic,1,3,no,lshift,476,1
221203,2,blue,classic,1,9,no,lshift,1257,1
221203,2,blue,classic,1,1,no,lshift,849,1
221203,2,blue,classic,1,4,no,rshift,603,1
221203,2,blue,classic,1,4,no,rshift,660,1
221203,2,blue,classic,1,1,no,lshift,1455,1
221203,2,blue,classic,1,3,no,lshift,1173,1
221203,2,blue,classic,1,6,no,rshift,662,1
221203,2,blue,classic,1,7,no,lshift,2191,1
221203,2,blue,classic,1,7,no,lshift,817,1
221203,2,blue,classic,1,6,no,rshift,467,1
221203,3,blue,classic,1,7,no,rshift,872,1
221203,3,blue,classic,1,3,no,rshift,645,1
221203,3,blue,classic,1,6,no,lshift,469,1
221203,3,blue,classic,1,6,no,lshift,1150,1
221203,3,blue,classic,1,3,no,rshift,528,1
221203,3,blue,classic,1,1,no,rshift,529,1
221203,3,blue,classic,1,2,no,lshift,983,1
221203,3,blue,classic,1,2,no,lshift,583,1
221203,3,blue,classic,1,1,no,rshift,580,1
221203,3,blue,classic,1,2,no,lshift,1191,1
221203,3,blue,classic,1,3,no,rshift,467,1
221203,3,blue,classic,1,9,no,rshift,764,1
221203,3,blue,classic,1,2,no,lshift,928,1
221203,3,blue,classic,1,8,no,lshift,1667,1
221203,3,blue,classic,1,9,no,rshift,713,1
221203,3,blue,classic,1,1,no,rshift,740,1
221203,3,blue,classic,1,7,no,rshift,618,1
221203,3,blue,classic,1,9,no,rshift,680,1
221203,3,blue,classic,1,3,no,rshift,684,1
221203,3,blue,classic,1,7,no,rshift,668,1
221203,3,blue,classic,1,8,no,lshift,1072,1
221203,3,blue,classic,1,9,no,rshift,1488,1
221203,3,blue,classic,1,2,no,lshift,714,1
221203,3,blue,classic,1,7,no,rshift,1109,1
221203,3,blue,classic,1,3,no,rshift,1038,1
221203,3,blue,classic,1,8,no,lshift,1208,1
221203,3,blue,classic,1,1,no,rshift,587,1
221203,3,blue,classic,1,7,no,rshift,509,1
221203,3,blue,classic,1,8,no,lshift,993,1
221203,3,blue,classic,1,8,no,lshift,5948,1
221203,3,blue,classic,1,9,no,rshift,847,1
221203,3,blue,classic,1,1,no,rshift,766,1
221203,3,blue,classic,1,8,no,lshift,835,1
221203,3,blue,classic,1,8,no,lshift,1106,1
221203,3,blue,classic,1,2,no,lshift,1909,1
221203,3,blue,classic,1,9,no,rshift,807,1
221203,3,blue,classic,1,9,no,rshift,486,1
221203,3,blue,classic,1,9,no,rshift,574,1
221203,3,blue,classic,1,7,no,rshift,3262,1
221203,3,blue,classic,1,2,no,lshift,625,1
221203,3,blue,classic,1,6,no,lshift,739,1
221203,3,blue,classic,1,4,no,lshift,627,1
221203,3,blue,classic,1,6,no,lshift,960,1
221203,3,blue,classic,1,7,no,rshift,1261,1
221203,3,blue,classic,1,8,no,lshift,1217,1
221203,3,blue,classic,1,1,no,rshift,3413,1
221203,3,blue,classic,1,4,no,lshift,576,1
221203,3,blue,classic,1,4,no,lshift,1103,1
221203,3,blue,classic,1,1,no,rshift,847,1
221203,3,blue,classic,1,1,no,rshift,781,1
221203,3,blue,classic,1,8,no,lshift,557,1
221203,3,blue,classic,1,9,no,rshift,1105,1
221203,3,blue,classic,1,1,no,rshift,824,1
221203,3,blue,classic,1,2,no,lshift,626,1
221203,3,blue,classic,0,2,no,rshift,1092,1
221203,3,blue,classic,1,4,no,lshift,829,1
221203,3,blue,classic,1,9,no,rshift,635,1
221203,3,blue,classic,1,6,no,lshift,806,1
221203,3,blue,classic,1,9,no,rshift,547,1
221203,3,blue,classic,1,6,no,lshift,1150,1
221203,3,blue,classic,1,3,no,rshift,1846,1
221203,3,blue,classic,1,1,no,rshift,1278,1
221203,3,blue,classic,1,4,no,lshift,478,1
221203,3,blue,classic,1,7,no,rshift,483,1
221203,3,blue,classic,1,9,no,rshift,1002,1
221203,3,blue,classic,1,1,no,rshift,476,1
221203,3,blue,classic,1,6,no,lshift,754,1
221203,3,blue,classic,1,4,no,lshift,978,1
221203,3,blue,classic,1,3,no,rshift,610,1
221203,3,blue,classic,1,8,no,lshift,756,1
221203,3,blue,classic,1,7,no,rshift,1606,1
221203,3,blue,classic,1,3,no,rshift,701,1
221203,3,blue,classic,1,3,no,rshift,460,1
221203,3,blue,classic,1,9,no,rshift,479,1
221203,3,blue,classic,1,8,no,lshift,505,1
221203,3,blue,classic,1,3,no,rshift,460,1
221203,3,blue,classic,1,4,no,lshift,656,1
221203,3,blue,classic,1,3,no,rshift,1919,1
221203,3,blue,classic,1,7,no,rshift,557,1
221203,3,blue,classic,1,6,no,lshift,575,1
221203,3,blue,classic,1,4,no,lshift,694,1
221203,3,blue,classic,1,6,no,lshift,789,1
221203,3,blue,classic,1,2,no,lshift,672,1
221203,3,blue,classic,1,1,no,rshift,956,1
221203,3,blue,classic,1,3,no,rshift,541,1
221203,3,blue,classic,1,7,no,rshift,636,1
221203,3,blue,classic,1,9,no,rshift,748,1
221203,3,blue,classic,1,6,no,lshift,503,1
221203,3,blue,classic,1,6,no,lshift,571,1
221203,3,blue,classic,1,6,no,lshift,954,1
221203,3,blue,classic,1,1,no,rshift,505,1
221203,3,blue,classic,1,2,no,lshift,743,1
221203,3,blue,classic,1,4,no,lshift,614,1
221203,3,blue,classic,1,7,no,rshift,623,1
221203,3,blue,classic,1,4,no,lshift,499,1
221203,3,blue,classic,1,4,no,lshift,570,1
221203,3,blue,classic,1,4,no,lshift,430,1
221203,3,blue,classic,1,2,no,lshift,699,1
221203,3,blue,classic,1,8,no,lshift,964,1
221203,3,blue,classic,1,4,no,lshift,529,1
221203,3,blue,classic,1,2,no,lshift,535,1
221203,3,blue,classic,1,3,no,rshift,741,1
221203,3,blue,classic,1,1,no,rshift,1584,1
221203,3,blue,classic,1,8,no,lshift,659,1
221203,3,blue,classic,1,7,no,rshift,1220,1
221203,3,blue,classic,1,4,no,lshift,545,1
221203,3,blue,classic,1,8,no,lshift,931,1
221203,3,blue,classic,1,6,no,lshift,500,1
221203,3,blue,classic,1,2,no,lshift,571,1
221203,3,blue,classic,1,3,no,rshift,666,1
221203,3,blue,classic,1,6,no,lshift,676,1
221203,3,blue,classic,1,7,no,rshift,1734,1
