ID_name,block,color,condition,correct_keyboard_response,number,practice,response_keyboard_response,response_time_keyboard_response,subject_nr
Ardvinx,0,blue,dot,1,8,yes,lshift,952,0
Ardvinx,0,blue,dot,1,1,yes,lshift,459,0
Ardvinx,0,blue,dot,1,9,yes,lshift,376,0
Ardvinx,0,blue,dot,1,4,yes,lshift,343,0
Ardvinx,0,red,dot,1,7,yes,rshift,328,0
Ardvinx,0,red,dot,1,3,yes,rshift,372,0
Ardvinx,0,blue,dot,0,2,yes,rshift,693,0
Ardvinx,0,blue,dot,1,6,yes,lshift,497,0
Ardvinx,0,red,dot,1,2,yes,rshift,509,0
Ardvinx,0,red,dot,1,9,yes,rshift,389,0
Ardvinx,0,red,dot,1,6,yes,rshift,354,0
Ardvinx,0,red,dot,1,1,yes,rshift,390,0
Ardvinx,0,blue,dot,1,3,yes,lshift,500,0
Ardvinx,0,blue,dot,1,7,yes,lshift,403,0
Ardvinx,0,red,dot,1,8,yes,rshift,439,0
Ardvinx,0,red,dot,1,4,yes,rshift,434,0
Ardvinx,1,red,dot,1,2,no,rshift,724,0
Ardvinx,1,red,dot,1,6,no,rshift,381,0
Ardvinx,1,blue,dot,1,1,no,lshift,396,0
Ardvinx,1,blue,dot,1,9,no,lshift,440,0
Ardvinx,1,red,dot,1,7,no,rshift,431,0
Ardvinx,1,red,dot,1,6,no,rshift,376,0
Ardvinx,1,red,dot,1,2,no,rshift,395,0
Ardvinx,1,red,dot,1,4,no,rshift,341,0
Ardvinx,1,blue,dot,1,3,no,lshift,396,0
Ardvinx,1,red,dot,1,8,no,rshift,397,0
Ardvinx,1,blue,dot,1,1,no,lshift,520,0
Ardvinx,1,blue,dot,1,3,no,lshift,382,0
Ardvinx,1,red,dot,1,8,no,rshift,370,0
Ardvinx,1,red,dot,1,4,no,rshift,332,0
Ardvinx,1,red,dot,1,9,no,rshift,348,0
Ardvinx,1,red,dot,1,8,no,rshift,324,0
Ardvinx,1,blue,dot,1,4,no,lshift,348,0
Ardvinx,1,red,dot,1,3,no,rshift,353,0
Ardvinx,1,blue,dot,1,7,no,lshift,518,0
Ardvinx,1,red,dot,1,6,no,rshift,381,0
Ardvinx,1,blue,dot,1,3,no,lshift,457,0
Ardvinx,1,red,dot,1,7,no,rshift,387,0
Ardvinx,1,red,dot,1,3,no,rshift,471,0
Ardvinx,1,blue,dot,1,7,no,lshift,435,0
Ardvinx,1,red,dot,1,4,no,rshift,331,0
Ardvinx,1,red,dot,1,3,no,rshift,390,0
Ardvinx,1,red,dot,1,8,no,rshift,399,0
Ardvinx,1,red,dot,1,2,no,rshift,421,0
Ardvinx,1,red,dot,1,7,no,rshift,390,0
Ardvinx,1,blue,dot,1,6,no,lshift,5098,0
Ardvinx,1,blue,dot,1,9,no,lshift,582,0
Ardvinx,1,blue,dot,1,8,no,lshift,516,0
Ardvinx,1,blue,dot,1,2,no,lshift,546,0
Ardvinx,1,red,dot,1,6,no,rshift,3216,0
Ardvinx,1,red,dot,1,8,no,rshift,4149,0
Ardvinx,1,red,dot,1,4,no,rshift,1607,0
Ardvinx,1,blue,dot,1,3,no,lshift,495,0
Ardvinx,1,red,dot,1,6,no,rshift,457,0
Ardvinx,1,red,dot,1,6,no,rshift,1012,0
Ardvinx,1,blue,dot,1,9,no,lshift,523,0
Ardvinx,1,blue,dot,1,7,no,lshift,1031,0
Ardvinx,1,red,dot,1,2,no,rshift,591,0
Ardvinx,1,blue,dot,1,2,no,lshift,485,0
Ardvinx,1,red,dot,1,9,no,rshift,582,0
Ardvinx,1,red,dot,1,1,no,rshift,617,0
Ardvinx,1,blue,dot,1,3,no,lshift,532,0
Ardvinx,1,red,dot,1,7,no,rshift,380,0
Ardvinx,1,blue,dot,1,1,no,lshift,403,0
Ardvinx,1,red,dot,1,7,no,rshift,367,0
Ardvinx,1,red,dot,1,4,no,rshift,328,0
Ardvinx,1,blue,dot,1,7,no,lshift,380,0
Ardvinx,1,blue,dot,1,1,no,lshift,366,0
Ardvinx,1,red,dot,1,6,no,rshift,339,0
Ardvinx,1,red,dot,1,8,no,rshift,340,0
Ardvinx,1,blue,dot,1,6,no,lshift,338,0
Ardvinx,1,blue,dot,1,3,no,lshift,361,0
Ardvinx,1,blue,dot,1,6,no,lshift,397,0
Ardvinx,1,red,dot,1,1,no,rshift,396,0
Ardvinx,1,red,dot,1,3,no,rshift,292,0
Ardvinx,1,red,dot,1,4,no,rshift,280,0
Ardvinx,1,blue,dot,1,3,no,lshift,274,0
Ardvinx,1,red,dot,1,2,no,rshift,401,0
Ardvinx,1,red,dot,1,9,no,rshift,379,0
Ardvinx,1,red,dot,1,2,no,rshift,364,0
Ardvinx,1,blue,dot,1,8,no,lshift,459,0
Ardvinx,1,blue,dot,1,8,no,lshift,373,0
Ardvinx,1,blue,dot,1,4,no,lshift,364,0
Ardvinx,1,red,dot,1,1,no,rshift,313,0
Ardvinx,1,blue,dot,1,8,no,lshift,448,0
Ardvinx,1,red,dot,1,4,no,rshift,401,0
Ardvinx,1,red,dot,1,6,no,rshift,326,0
Ardvinx,1,blue,dot,1,3,no,lshift,486,0
Ardvinx,1,blue,dot,1,1,no,lshift,446,0
Ardvinx,1,red,dot,1,3,no,rshift,384,0
Ardvinx,1,red,dot,1,7,no,rshift,411,0
Ardvinx,1,blue,dot,1,9,no,lshift,483,0
Ardvinx,1,blue,dot,1,4,no,lshift,425,0
Ardvinx,1,blue,dot,1,2,no,lshift,494,0
Ardvinx,1,blue,dot,1,2,no,lshift,426,0
Ardvinx,1,blue,dot,1,8,no,lshift,376,0
Ardvinx,1,red,dot,1,9,no,rshift,1882,0
Ardvinx,1,blue,dot,1,7,no,lshift,541,0
Ardvinx,1,blue,dot,1,4,no,lshift,444,0
Ardvinx,1,blue,dot,1,9,no,lshift,471,0
Ardvinx,1,blue,dot,1,4,no,lshift,476,0
Ardvinx,1,blue,dot,1,7,no,lshift,435,0
Ardvinx,1,red,dot,1,1,no,rshift,765,0
Ardvinx,1,red,dot,1,6,no,rshift,386,0
Ardvinx,1,blue,dot,1,6,no,lshift,415,0
Ardvinx,1,red,dot,1,1,no,rshift,403,0
Ardvinx,1,red,dot,1,3,no,rshift,393,0
Ardvinx,1,red,dot,1,8,no,rshift,386,0
Ardvinx,1,blue,dot,1,2,no,lshift,445,0
Ardvinx,1,blue,dot,1,3,no,lshift,399,0
Ardvinx,1,red,dot,1,9,no,rshift,363,0
Ardvinx,1,blue,dot,1,3,no,lshift,463,0
Ardvinx,1,blue,dot,1,2,no,lshift,413,0
Ardvinx,1,blue,dot,1,4,no,lshift,445,0
Ardvinx,1,blue,dot,1,9,no,lshift,446,0
Ardvinx,1,red,dot,1,2,no,rshift,347,0
Ardvinx,1,red,dot,1,8,no,rshift,359,0
Ardvinx,1,red,dot,1,8,no,rshift,431,0
Ardvinx,1,red,dot,1,1,no,rshift,533,0
Ardvinx,1,blue,dot,1,2,no,lshift,579,0
Ardvinx,1,red,dot,1,4,no,rshift,491,0
Ardvinx,1,red,dot,1,9,no,rshift,369,0
Ardvinx,1,red,dot,1,9,no,rshift,362,0
Ardvinx,1,blue,dot,1,8,no,lshift,559,0
Ardvinx,1,blue,dot,1,2,no,lshift,456,0
Ardvinx,1,red,dot,1,1,no,rshift,565,0
Ardvinx,1,blue,dot,1,8,no,lshift,513,0
Ardvinx,1,red,dot,1,1,no,rshift,367,0
Ardvinx,1,blue,dot,1,6,no,lshift,522,0
Ardvinx,1,red,dot,1,4,no,rshift,530,0
Ardvinx,1,red,dot,1,2,no,rshift,450,0
Ardvinx,1,blue,dot,1,6,no,lshift,389,0
Ardvinx,1,red,dot,1,2,no,rshift,299,0
Ardvinx,1,blue,dot,1,6,no,lshift,387,0
Ardvinx,1,blue,dot,1,7,no,lshift,481,0
Ardvinx,1,blue,dot,1,4,no,lshift,423,0
Ardvinx,1,blue,dot,1,7,no,lshift,429,0
Ardvinx,1,blue,dot,1,1,no,lshift,440,0
Ardvinx,1,blue,dot,1,2,no,lshift,628,0
Ardvinx,1,red,dot,1,3,no,rshift,332,0
Ardvinx,1,red,dot,1,3,no,rshift,289,0
Ardvinx,1,red,dot,1,1,no,rshift,304,0
Ardvinx,1,red,dot,1,2,no,rshift,254,0
Ardvinx,1,blue,dot,1,4,no,lshift,338,0
Ardvinx,1,blue,dot,1,6,no,lshift,397,0
Ardvinx,1,red,dot,1,4,no,rshift,345,0
Ardvinx,1,blue,dot,1,8,no,lshift,528,0
Ardvinx,1,blue,dot,0,7,no,rshift,382,0
Ardvinx,1,blue,dot,1,2,no,lshift,732,0
Ardvinx,1,blue,dot,1,1,no,lshift,492,0
Ardvinx,1,red,dot,1,3,no,rshift,314,0
Ardvinx,1,red,dot,1,1,no,rshift,499,0
Ardvinx,1,red,dot,1,9,no,rshift,416,0
Ardvinx,1,blue,dot,1,4,no,lshift,501,0
Ardvinx,1,blue,dot,1,9,no,lshift,459,0
Ardvinx,1,red,dot,1,8,no,rshift,413,0
Ardvinx,1,red,dot,1,9,no,rshift,349,0
Ardvinx,1,red,dot,1,6,no,rshift,427,0
Ardvinx,1,blue,dot,1,6,no,lshift,667,0
Ardvinx,1,blue,dot,1,1,no,lshift,380,0
Ardvinx,1,blue,dot,1,9,no,lshift,463,0
Ardvinx,1,blue,dot,1,1,no,lshift,368,0
Ardvinx,1,blue,dot,1,4,no,lshift,485,0
Ardvinx,1,red,dot,1,7,no,rshift,360,0
Ardvinx,1,red,dot,1,9,no,rshift,303,0
Ardvinx,1,blue,dot,1,1,no,lshift,386,0
Ardvinx,1,red,dot,1,7,no,rshift,407,0
Ardvinx,1,blue,dot,1,6,no,lshift,425,0
Ardvinx,1,red,dot,1,3,no,rshift,365,0
Ardvinx,1,blue,dot,1,9,no,lshift,476,0
Ardvinx,1,blue,dot,1,9,no,lshift,358,0
Ardvinx,1,red,dot,1,7,no,rshift,373,0
Ardvinx,1,blue,dot,1,8,no,lshift,419,0
Ardvinx,1,red,dot,1,7,no,rshift,387,0
Ardvinx,1,blue,dot,1,7,no,lshift,429,0
Ardvinx,1,blue,dot,1,8,no,lshift,366,0
Ardvinx,2,blue,dot,1,6,no,lshift,461,0
Ardvinx,2,blue,dot,1,7,no,lshift,310,0
Ardvinx,2,blue,dot,1,8,no,lshift,390,0
Ardvinx,2,red,dot,1,7,no,rshift,423,0
Ardvinx,2,blue,dot,1,6,no,lshift,388,0
Ardvinx,2,red,dot,1,4,no,rshift,347,0
Ardvinx,2,red,dot,1,6,no,rshift,378,0
Ardvinx,2,red,dot,1,3,no,rshift,289,0
Ardvinx,2,red,dot,1,1,no,rshift,397,0
Ardvinx,2,blue,dot,1,9,no,lshift,436,0
Ardvinx,2,blue,dot,1,4,no,lshift,365,0
Ardvinx,2,red,dot,1,2,no,rshift,371,0
Ardvinx,2,red,dot,1,7,no,rshift,323,0
Ardvinx,2,red,dot,1,6,no,rshift,383,0
Ardvinx,2,red,dot,1,3,no,rshift,354,0
Ardvinx,2,red,dot,1,4,no,rshift,315,0
Ardvinx,2,red,dot,1,6,no,rshift,1111,0
Ardvinx,2,blue,dot,1,4,no,lshift,369,0
Ardvinx,2,blue,dot,1,4,no,lshift,390,0
Ardvinx,2,red,dot,1,2,no,rshift,392,0
Ardvinx,2,red,dot,1,9,no,rshift,347,0
Ardvinx,2,red,dot,1,7,no,rshift,329,0
Ardvinx,2,red,dot,1,4,no,rshift,299,0
Ardvinx,2,red,dot,1,6,no,rshift,292,0
Ardvinx,2,red,dot,1,9,no,rshift,432,0
Ardvinx,2,blue,dot,1,1,no,lshift,358,0
Ardvinx,2,blue,dot,1,7,no,lshift,375,0
Ardvinx,2,blue,dot,1,1,no,lshift,368,0
Ardvinx,2,blue,dot,1,9,no,lshift,383,0
Ardvinx,2,blue,dot,1,1,no,lshift,340,0
Ardvinx,2,red,dot,1,4,no,rshift,449,0
Ardvinx,2,red,dot,1,7,no,rshift,355,0
Ardvinx,2,red,dot,1,9,no,rshift,374,0
Ardvinx,2,blue,dot,1,4,no,lshift,484,0
Ardvinx,2,red,dot,1,3,no,rshift,716,0
Ardvinx,2,red,dot,1,2,no,rshift,420,0
Ardvinx,2,blue,dot,1,9,no,lshift,727,0
Ardvinx,2,red,dot,1,7,no,rshift,465,0
Ardvinx,2,blue,dot,1,8,no,lshift,589,0
Ardvinx,2,blue,dot,1,6,no,lshift,704,0
Ardvinx,2,red,dot,1,6,no,rshift,601,0
Ardvinx,2,blue,dot,1,2,no,lshift,1437,0
Ardvinx,2,red,dot,1,4,no,rshift,585,0
Ardvinx,2,red,dot,1,8,no,rshift,431,0
Ardvinx,2,red,dot,1,3,no,rshift,414,0
Ardvinx,2,blue,dot,1,7,no,lshift,464,0
Ardvinx,2,red,dot,1,9,no,rshift,700,0
Ardvinx,2,red,dot,1,4,no,rshift,336,0
Ardvinx,2,blue,dot,1,8,no,lshift,559,0
Ardvinx,2,blue,dot,1,2,no,lshift,475,0
Ardvinx,2,blue,dot,1,8,no,lshift,404,0
Ardvinx,2,blue,dot,1,3,no,lshift,440,0
Ardvinx,2,blue,dot,1,8,no,lshift,405,0
Ardvinx,2,red,dot,1,1,no,rshift,375,0
Ardvinx,2,red,dot,1,9,no,rshift,322,0
Ardvinx,2,blue,dot,1,9,no,lshift,501,0
Ardvinx,2,blue,dot,1,1,no,lshift,431,0
Ardvinx,2,blue,dot,1,7,no,lshift,394,0
Ardvinx,2,blue,dot,1,6,no,lshift,381,0
Ardvinx,2,blue,dot,1,1,no,lshift,390,0
Ardvinx,2,red,dot,1,3,no,rshift,396,0
Ardvinx,2,red,dot,1,8,no,rshift,431,0
Ardvinx,2,red,dot,1,2,no,rshift,313,0
Ardvinx,2,red,dot,1,9,no,rshift,376,0
Ardvinx,2,red,dot,1,1,no,rshift,371,0
Ardvinx,2,red,dot,1,2,no,rshift,518,0
Ardvinx,2,red,dot,1,1,no,rshift,341,0
Ardvinx,2,blue,dot,1,6,no,lshift,446,0
Ardvinx,2,blue,dot,1,2,no,lshift,331,0
Ardvinx,2,red,dot,1,1,no,rshift,329,0
Ardvinx,2,red,dot,1,7,no,rshift,404,0
Ardvinx,2,blue,dot,0,9,no,rshift,437,0
Ardvinx,2,red,dot,1,2,no,rshift,638,0
Ardvinx,2,blue,dot,1,2,no,lshift,480,0
Ardvinx,2,red,dot,1,2,no,rshift,451,0
Ardvinx,2,red,dot,1,9,no,rshift,721,0
Ardvinx,2,red,dot,1,1,no,rshift,428,0
Ardvinx,2,blue,dot,1,9,no,lshift,429,0
Ardvinx,2,red,dot,1,7,no,rshift,398,0
Ardvinx,2,red,dot,1,3,no,rshift,391,0
Ardvinx,2,blue,dot,1,3,no,lshift,388,0
Ardvinx,2,red,dot,1,7,no,rshift,419,0
Ardvinx,2,blue,dot,1,9,no,lshift,348,0
Ardvinx,2,blue,dot,1,8,no,lshift,363,0
Ardvinx,2,blue,dot,1,2,no,lshift,389,0
Ardvinx,2,red,dot,1,6,no,rshift,449,0
Ardvinx,2,red,dot,1,4,no,rshift,1131,0
Ardvinx,2,red,dot,1,9,no,rshift,591,0
Ardvinx,2,blue,dot,1,3,no,lshift,599,0
Ardvinx,2,blue,dot,1,3,no,lshift,457,0
Ardvinx,2,blue,dot,1,6,no,lshift,441,0
Ardvinx,2,blue,dot,1,4,no,lshift,489,0
Ardvinx,2,red,dot,1,2,no,rshift,448,0
Ardvinx,2,red,dot,1,4,no,rshift,364,0
Ardvinx,2,red,dot,1,6,no,rshift,429,0
Ardvinx,2,blue,dot,1,8,no,lshift,496,0
Ardvinx,2,blue,dot,1,1,no,lshift,390,0
Ardvinx,2,blue,dot,1,2,no,lshift,401,0
Ardvinx,2,red,dot,1,7,no,rshift,452,0
Ardvinx,2,blue,dot,1,4,no,lshift,443,0
Ardvinx,2,blue,dot,1,3,no,lshift,384,0
Ardvinx,2,red,dot,1,3,no,rshift,601,0
Ardvinx,2,red,dot,1,1,no,rshift,434,0
Ardvinx,2,blue,dot,1,7,no,lshift,399,0
Ardvinx,2,blue,dot,1,4,no,lshift,627,0
Ardvinx,2,blue,dot,1,1,no,lshift,477,0
Ardvinx,2,blue,dot,1,2,no,lshift,469,0
Ardvinx,2,blue,dot,1,2,no,lshift,431,0
Ardvinx,2,blue,dot,1,3,no,lshift,383,0
Ardvinx,2,red,dot,1,2,no,rshift,367,0
Ardvinx,2,red,dot,1,1,no,rshift,340,0
Ardvinx,2,blue,dot,1,2,no,lshift,426,0
Ardvinx,2,blue,dot,1,4,no,lshift,434,0
Ardvinx,2,red,dot,1,1,no,rshift,399,0
Ardvinx,2,blue,dot,1,8,no,lshift,488,0
Ardvinx,2,blue,dot,1,7,no,lshift,397,0
Ardvinx,2,blue,dot,1,8,no,lshift,399,0
Ardvinx,2,red,dot,1,3,no,rshift,364,0
Ardvinx,2,blue,dot,1,3,no,lshift,401,0
Ardvinx,2,blue,dot,1,9,no,lshift,402,0
Ardvinx,2,blue,dot,1,9,no,lshift,377,0
Ardvinx,2,blue,dot,1,3,no,lshift,366,0
Ardvinx,2,red,dot,1,6,no,rshift,387,0
Ardvinx,2,blue,dot,1,7,no,lshift,402,0
Ardvinx,2,blue,dot,1,6,no,lshift,383,0
Ardvinx,2,red,dot,1,9,no,rshift,419,0
Ardvinx,2,red,dot,1,3,no,rshift,370,0
Ardvinx,2,red,dot,1,8,no,rshift,380,0
Ardvinx,2,red,dot,1,8,no,rshift,361,0
Ardvinx,2,red,dot,1,1,no,rshift,340,0
Ardvinx,2,blue,dot,1,6,no,lshift,380,0
Ardvinx,2,red,dot,1,8,no,rshift,542,0
Ardvinx,2,blue,dot,1,6,no,lshift,379,0
Ardvinx,2,red,dot,1,8,no,rshift,395,0
Ardvinx,2,blue,dot,1,2,no,lshift,376,0
Ardvinx,2,blue,dot,1,9,no,lshift,390,0
Ardvinx,2,blue,dot,1,7,no,lshift,372,0
Ardvinx,2,red,dot,1,2,no,rshift,307,0
Ardvinx,2,red,dot,1,8,no,rshift,348,0
Ardvinx,2,red,dot,1,8,no,rshift,317,0
Ardvinx,2,red,dot,1,9,no,rshift,352,0
Ardvinx,2,red,dot,1,7,no,rshift,362,0
Ardvinx,2,red,dot,1,8,no,rshift,346,0
Ardvinx,2,blue,dot,1,3,no,lshift,408,0
Ardvinx,2,blue,dot,1,1,no,lshift,418,0
Ardvinx,2,blue,dot,1,1,no,lshift,458,0
Ardvinx,2,red,dot,1,6,no,rshift,370,0
Ardvinx,2,blue,dot,1,7,no,lshift,407,0
Ardvinx,2,blue,dot,1,6,no,lshift,422,0
Ardvinx,2,blue,dot,1,4,no,lshift,400,0
Ardvinx,2,blue,dot,1,1,no,lshift,369,0
Ardvinx,2,blue,dot,1,8,no,lshift,404,0
Ardvinx,2,blue,dot,1,7,no,lshift,519,0
Ardvinx,2,blue,dot,1,3,no,lshift,364,0
Ardvinx,2,red,dot,1,4,no,rshift,397,0
Ardvinx,2,red,dot,1,4,no,rshift,416,0
Ardvinx,2,red,dot,1,8,no,rshift,333,0
Ardvinx,2,red,dot,1,6,no,rshift,319,0
Ardvinx,2,blue,dot,1,4,no,lshift,394,0
Ardvinx,2,red,dot,1,3,no,rshift,419,0
Ardvinx,3,red,dot,1,2,no,rshift,421,0
Ardvinx,3,blue,dot,1,1,no,lshift,355,0
Ardvinx,3,blue,dot,1,2,no,lshift,334,0
Ardvinx,3,red,dot,1,2,no,rshift,346,0
Ardvinx,3,red,dot,1,1,no,rshift,334,0
Ardvinx,3,blue,dot,1,4,no,lshift,395,0
Ardvinx,3,blue,dot,1,1,no,lshift,341,0
Ardvinx,3,blue,dot,1,8,no,lshift,422,0
Ardvinx,3,red,dot,1,8,no,rshift,406,0
Ardvinx,3,blue,dot,1,6,no,lshift,405,0
Ardvinx,3,red,dot,1,7,no,rshift,578,0
Ardvinx,3,red,dot,1,4,no,rshift,331,0
Ardvinx,3,blue,dot,1,6,no,lshift,408,0
Ardvinx,3,blue,dot,1,7,no,lshift,340,0
Ardvinx,3,red,dot,1,8,no,rshift,441,0
Ardvinx,3,red,dot,1,1,no,rshift,355,0
Ardvinx,3,red,dot,1,9,no,rshift,355,0
Ardvinx,3,blue,dot,1,9,no,lshift,433,0
Ardvinx,3,red,dot,1,8,no,rshift,502,0
Ardvinx,3,red,dot,1,3,no,rshift,407,0
Ardvinx,3,red,dot,1,9,no,rshift,312,0
Ardvinx,3,blue,dot,1,7,no,lshift,575,0
Ardvinx,3,blue,dot,1,7,no,lshift,467,0
Ardvinx,3,red,dot,1,2,no,rshift,401,0
Ardvinx,3,red,dot,1,9,no,rshift,780,0
Ardvinx,3,blue,dot,1,1,no,lshift,545,0
Ardvinx,3,red,dot,1,7,no,rshift,438,0
Ardvinx,3,red,dot,1,6,no,rshift,766,0
Ardvinx,3,red,dot,1,1,no,rshift,455,0
Ardvinx,3,red,dot,1,9,no,rshift,408,0
Ardvinx,3,red,dot,1,3,no,rshift,375,0
Ardvinx,3,blue,dot,1,4,no,lshift,3000,0
Ardvinx,3,red,dot,1,4,no,rshift,393,0
Ardvinx,3,blue,dot,1,9,no,lshift,510,0
Ardvinx,3,blue,dot,1,9,no,lshift,514,0
Ardvinx,3,blue,dot,1,8,no,lshift,431,0
Ardvinx,3,red,dot,1,9,no,rshift,396,0
Ardvinx,3,red,dot,1,4,no,rshift,285,0
Ardvinx,3,red,dot,1,8,no,rshift,352,0
Ardvinx,3,blue,dot,1,9,no,lshift,395,0
Ardvinx,3,red,dot,1,8,no,rshift,402,0
Ardvinx,3,red,dot,1,4,no,rshift,1470,0
Ardvinx,3,red,dot,1,3,no,rshift,656,0
Ardvinx,3,blue,dot,1,9,no,lshift,394,0
Ardvinx,3,blue,dot,1,3,no,lshift,712,0
Ardvinx,3,blue,dot,1,2,no,lshift,380,0
Ardvinx,3,blue,dot,1,9,no,lshift,451,0
Ardvinx,3,red,dot,1,8,no,rshift,419,0
Ardvinx,3,blue,dot,1,1,no,lshift,522,0
Ardvinx,3,blue,dot,1,4,no,lshift,416,0
Ardvinx,3,blue,dot,1,8,no,lshift,402,0
Ardvinx,3,blue,dot,1,8,no,lshift,421,0
Ardvinx,3,red,dot,1,2,no,rshift,453,0
Ardvinx,3,blue,dot,1,1,no,lshift,432,0
Ardvinx,3,blue,dot,1,6,no,lshift,1090,0
Ardvinx,3,blue,dot,1,7,no,lshift,414,0
Ardvinx,3,blue,dot,1,7,no,lshift,522,0
Ardvinx,3,blue,dot,1,7,no,lshift,546,0
Ardvinx,3,red,dot,1,6,no,rshift,327,0
Ardvinx,3,red,dot,1,1,no,rshift,303,0
Ardvinx,3,red,dot,1,6,no,rshift,282,0
Ardvinx,3,red,dot,1,8,no,rshift,276,0
Ardvinx,3,blue,dot,1,8,no,lshift,396,0
Ardvinx,3,blue,dot,1,3,no,lshift,327,0
Ardvinx,3,blue,dot,1,4,no,lshift,365,0
Ardvinx,3,red,dot,1,7,no,rshift,383,0
Ardvinx,3,blue,dot,1,4,no,lshift,360,0
Ardvinx,3,red,dot,1,8,no,rshift,399,0
Ardvinx,3,blue,dot,1,4,no,lshift,483,0
Ardvinx,3,blue,dot,1,6,no,lshift,443,0
Ardvinx,3,red,dot,1,6,no,rshift,492,0
Ardvinx,3,red,dot,0,7,no,lshift,521,0
Ardvinx,3,red,dot,1,2,no,rshift,964,0
Ardvinx,3,blue,dot,1,9,no,lshift,695,0
Ardvinx,3,red,dot,1,6,no,rshift,395,0
Ardvinx,3,blue,dot,1,3,no,lshift,433,0
Ardvinx,3,red,dot,1,3,no,rshift,422,0
Ardvinx,3,blue,dot,1,8,no,lshift,436,0
Ardvinx,3,red,dot,1,9,no,rshift,532,0
Ardvinx,3,blue,dot,1,6,no,lshift,531,0
Ardvinx,3,red,dot,1,7,no,rshift,376,0
Ardvinx,3,blue,dot,1,3,no,lshift,448,0
Ardvinx,3,blue,dot,1,3,no,lshift,440,0
Ardvinx,3,blue,dot,1,7,no,lshift,367,0
Ardvinx,3,blue,dot,1,2,no,lshift,472,0
Ardvinx,3,red,dot,1,9,no,rshift,565,0
Ardvinx,3,red,dot,1,2,no,rshift,689,0
Ardvinx,3,blue,dot,1,9,no,lshift,733,0
Ardvinx,3,red,dot,1,3,no,rshift,479,0
Ardvinx,3,red,dot,1,7,no,rshift,734,0
Ardvinx,3,red,dot,1,4,no,rshift,464,0
Ardvinx,3,red,dot,1,4,no,rshift,515,0
Ardvinx,3,red,dot,1,9,no,rshift,391,0
Ardvinx,3,red,dot,1,2,no,rshift,733,0
Ardvinx,3,blue,dot,1,2,no,lshift,421,0
Ardvinx,3,blue,dot,1,4,no,lshift,417,0
Ardvinx,3,red,dot,1,3,no,rshift,372,0
Ardvinx,3,red,dot,1,9,no,rshift,409,0
Ardvinx,3,blue,dot,1,6,no,lshift,523,0
Ardvinx,3,blue,dot,1,6,no,lshift,499,0
Ardvinx,3,red,dot,1,9,no,rshift,553,0
Ardvinx,3,red,dot,1,7,no,rshift,508,0
Ardvinx,3,blue,dot,1,9,no,lshift,539,0
Ardvinx,3,red,dot,1,6,no,rshift,416,0
Ardvinx,3,red,dot,1,1,no,rshift,712,0
Ardvinx,3,blue,dot,1,1,no,lshift,426,0
Ardvinx,3,red,dot,1,7,no,rshift,376,0
Ardvinx,3,red,dot,1,1,no,rshift,604,0
Ardvinx,3,blue,dot,1,2,no,lshift,494,0
Ardvinx,3,red,dot,1,8,no,rshift,676,0
Ardvinx,3,blue,dot,1,7,no,lshift,938,0
Ardvinx,3,blue,dot,1,1,no,lshift,384,0
Ardvinx,3,blue,dot,1,7,no,lshift,404,0
Ardvinx,3,red,dot,1,4,no,rshift,410,0
Ardvinx,3,blue,dot,1,2,no,lshift,426,0
Ardvinx,3,blue,dot,1,4,no,lshift,403,0
Ardvinx,3,blue,dot,1,1,no,lshift,402,0
Ardvinx,3,red,dot,1,6,no,rshift,455,0
Ardvinx,3,blue,dot,1,3,no,lshift,480,0
Ardvinx,3,blue,dot,1,3,no,lshift,547,0
Ardvinx,3,blue,dot,1,8,no,lshift,564,0
Ardvinx,3,blue,dot,1,3,no,lshift,618,0
Ardvinx,3,red,dot,1,3,no,rshift,408,0
Ardvinx,3,blue,dot,1,2,no,lshift,418,0
Ardvinx,3,red,dot,1,7,no,rshift,390,0
Ardvinx,3,blue,dot,1,4,no,lshift,499,0
Ardvinx,3,blue,dot,1,3,no,lshift,568,0
Ardvinx,3,red,dot,1,3,no,rshift,428,0
Ardvinx,3,blue,dot,1,6,no,lshift,432,0
Ardvinx,3,red,dot,1,6,no,rshift,467,0
Ardvinx,3,blue,dot,1,2,no,lshift,386,0
Ardvinx,3,red,dot,1,1,no,rshift,354,0
Ardvinx,3,red,dot,1,6,no,rshift,568,0
Ardvinx,3,blue,dot,1,1,no,lshift,431,0
Ardvinx,3,red,dot,1,1,no,rshift,1041,0
Ardvinx,3,red,dot,1,2,no,rshift,354,0
Ardvinx,3,blue,dot,1,6,no,lshift,392,0
Ardvinx,3,red,dot,1,4,no,rshift,576,0
Ardvinx,3,blue,dot,1,6,no,lshift,404,0
Ardvinx,3,red,dot,1,3,no,rshift,403,0
Ardvinx,3,blue,dot,1,3,no,lshift,374,0
Ardvinx,3,red,dot,1,3,no,rshift,273,0
Ardvinx,3,red,dot,1,8,no,rshift,378,0
Ardvinx,3,red,dot,1,4,no,rshift,290,0
Ardvinx,3,red,dot,1,1,no,rshift,432,0
Ardvinx,3,blue,dot,1,2,no,lshift,310,0
Ardvinx,3,blue,dot,1,7,no,lshift,843,0
Ardvinx,3,red,dot,1,1,no,rshift,994,0
Ardvinx,3,blue,dot,1,8,no,lshift,529,0
Ardvinx,3,blue,dot,1,8,no,lshift,472,0
Ardvinx,3,red,dot,1,7,no,rshift,464,0
Ardvinx,3,red,dot,1,4,no,rshift,965,0
Ardvinx,3,red,dot,1,6,no,rshift,314,0
Ardvinx,3,red,dot,1,2,no,rshift,430,0
Ardvinx,3,blue,dot,1,9,no,lshift,385,0
Ardvinx,3,blue,dot,1,1,no,lshift,345,0
Ardvinx,3,blue,dot,1,4,no,lshift,371,0
Ardvinx,3,blue,dot,1,2,no,lshift,407,0
Ardvinx,3,blue,dot,1,8,no,lshift,554,0
Ardvinx,3,red,dot,1,2,no,rshift,1460,0
Ardvinx,0,red,arab,1,1,yes,rshift,696,0
Ardvinx,0,red,arab,1,3,yes,rshift,654,0
Ardvinx,0,blue,arab,1,4,yes,lshift,391,0
Ardvinx,0,red,arab,1,2,yes,rshift,484,0
Ardvinx,0,red,arab,1,6,yes,rshift,517,0
Ardvinx,0,red,arab,1,8,yes,rshift,414,0
Ardvinx,0,blue,arab,1,7,yes,lshift,394,0
Ardvinx,0,blue,arab,1,3,yes,lshift,425,0
Ardvinx,0,blue,arab,1,9,yes,lshift,373,0
Ardvinx,0,blue,arab,1,2,yes,lshift,345,0
Ardvinx,0,red,arab,1,4,yes,rshift,313,0
Ardvinx,0,blue,arab,1,6,yes,lshift,375,0
Ardvinx,0,red,arab,1,9,yes,rshift,471,0
Ardvinx,0,red,arab,1,7,yes,rshift,344,0
Ardvinx,0,blue,arab,1,8,yes,lshift,311,0
Ardvinx,0,blue,arab,1,1,yes,lshift,340,0
Ardvinx,1,blue,arab,1,3,no,lshift,444,0
Ardvinx,1,red,arab,1,3,no,rshift,426,0
Ardvinx,1,red,arab,1,8,no,rshift,421,0
Ardvinx,1,red,arab,1,3,no,rshift,417,0
Ardvinx,1,blue,arab,1,3,no,lshift,447,0
Ardvinx,1,blue,arab,1,2,no,lshift,532,0
Ardvinx,1,blue,arab,1,7,no,lshift,488,0
Ardvinx,1,red,arab,1,9,no,rshift,343,0
Ardvinx,1,red,arab,1,6,no,rshift,421,0
Ardvinx,1,red,arab,1,2,no,rshift,375,0
Ardvinx,1,blue,arab,1,1,no,lshift,436,0
Ardvinx,1,red,arab,1,9,no,rshift,442,0
Ardvinx,1,blue,arab,1,8,no,lshift,549,0
Ardvinx,1,red,arab,1,2,no,rshift,435,0
Ardvinx,1,blue,arab,1,3,no,lshift,429,0
Ardvinx,1,blue,arab,1,6,no,lshift,835,0
Ardvinx,1,blue,arab,1,3,no,lshift,448,0
Ardvinx,1,red,arab,1,2,no,rshift,402,0
Ardvinx,1,red,arab,1,6,no,rshift,449,0
Ardvinx,1,red,arab,1,4,no,rshift,455,0
Ardvinx,1,blue,arab,1,8,no,lshift,402,0
Ardvinx,1,blue,arab,1,3,no,lshift,384,0
Ardvinx,1,blue,arab,1,8,no,lshift,718,0
Ardvinx,1,red,arab,1,7,no,rshift,496,0
Ardvinx,1,red,arab,1,4,no,rshift,472,0
Ardvinx,1,blue,arab,1,2,no,lshift,439,0
Ardvinx,1,blue,arab,1,2,no,lshift,407,0
Ardvinx,1,red,arab,1,2,no,rshift,533,0
Ardvinx,1,red,arab,1,7,no,rshift,391,0
Ardvinx,1,blue,arab,1,7,no,lshift,508,0
Ardvinx,1,blue,arab,1,1,no,lshift,410,0
Ardvinx,1,red,arab,1,6,no,rshift,530,0
Ardvinx,1,blue,arab,1,4,no,lshift,1083,0
Ardvinx,1,blue,arab,1,2,no,lshift,709,0
Ardvinx,1,blue,arab,1,6,no,lshift,547,0
Ardvinx,1,blue,arab,1,9,no,lshift,500,0
Ardvinx,1,blue,arab,1,6,no,lshift,473,0
Ardvinx,1,blue,arab,1,2,no,lshift,5032,0
Ardvinx,1,blue,arab,1,7,no,lshift,399,0
Ardvinx,1,blue,arab,1,3,no,lshift,415,0
Ardvinx,1,blue,arab,1,7,no,lshift,350,0
Ardvinx,1,red,arab,1,4,no,rshift,418,0
Ardvinx,1,blue,arab,1,8,no,lshift,536,0
Ardvinx,1,red,arab,1,7,no,rshift,684,0
Ardvinx,1,blue,arab,1,6,no,lshift,504,0
Ardvinx,1,red,arab,1,1,no,rshift,674,0
Ardvinx,1,blue,arab,1,2,no,lshift,498,0
Ardvinx,1,red,arab,1,7,no,rshift,497,0
Ardvinx,1,red,arab,1,9,no,rshift,402,0
Ardvinx,1,blue,arab,1,9,no,lshift,432,0
Ardvinx,1,blue,arab,1,6,no,lshift,433,0
Ardvinx,1,red,arab,1,4,no,rshift,481,0
Ardvinx,1,red,arab,1,2,no,rshift,614,0
Ardvinx,1,red,arab,1,7,no,rshift,567,0
Ardvinx,1,red,arab,1,4,no,rshift,417,0
Ardvinx,1,blue,arab,1,7,no,lshift,477,0
Ardvinx,1,red,arab,1,6,no,rshift,934,0
Ardvinx,1,red,arab,1,1,no,rshift,400,0
Ardvinx,1,red,arab,1,7,no,rshift,365,0
Ardvinx,1,blue,arab,1,6,no,lshift,450,0
Ardvinx,1,red,arab,1,4,no,rshift,455,0
Ardvinx,1,blue,arab,1,9,no,lshift,416,0
Ardvinx,1,blue,arab,1,6,no,lshift,429,0
Ardvinx,1,red,arab,1,3,no,rshift,408,0
Ardvinx,1,blue,arab,1,1,no,lshift,389,0
Ardvinx,1,red,arab,1,7,no,rshift,410,0
Ardvinx,1,blue,arab,1,3,no,lshift,393,0
Ardvinx,1,red,arab,1,8,no,rshift,390,0
Ardvinx,1,red,arab,1,7,no,rshift,472,0
Ardvinx,1,blue,arab,1,9,no,lshift,480,0
Ardvinx,1,red,arab,1,2,no,rshift,498,0
Ardvinx,1,red,arab,1,2,no,rshift,409,0
Ardvinx,1,red,arab,1,6,no,rshift,527,0
Ardvinx,1,blue,arab,1,1,no,lshift,363,0
Ardvinx,1,blue,arab,1,9,no,lshift,470,0
Ardvinx,1,red,arab,1,9,no,rshift,436,0
Ardvinx,1,blue,arab,1,4,no,lshift,453,0
Ardvinx,1,red,arab,1,1,no,rshift,399,0
Ardvinx,1,red,arab,1,2,no,rshift,361,0
Ardvinx,1,blue,arab,1,8,no,lshift,418,0
Ardvinx,1,blue,arab,1,9,no,lshift,458,0
Ardvinx,1,red,arab,1,4,no,rshift,353,0
Ardvinx,1,blue,arab,1,8,no,lshift,481,0
Ardvinx,1,red,arab,1,6,no,rshift,422,0
Ardvinx,1,blue,arab,1,1,no,lshift,560,0
Ardvinx,1,red,arab,1,4,no,rshift,387,0
Ardvinx,1,blue,arab,1,1,no,lshift,575,0
Ardvinx,1,blue,arab,1,4,no,lshift,372,0
Ardvinx,1,red,arab,1,1,no,rshift,506,0
Ardvinx,1,red,arab,0,8,no,lshift,829,0
Ardvinx,1,blue,arab,1,8,no,lshift,973,0
Ardvinx,1,blue,arab,1,4,no,lshift,556,0
Ardvinx,1,red,arab,1,9,no,rshift,1007,0
Ardvinx,1,red,arab,1,3,no,rshift,1942,0
Ardvinx,1,red,arab,1,3,no,rshift,394,0
Ardvinx,1,blue,arab,1,4,no,lshift,465,0
Ardvinx,1,blue,arab,1,2,no,lshift,1105,0
Ardvinx,1,blue,arab,1,6,no,lshift,2071,0
Ardvinx,1,red,arab,1,4,no,rshift,564,0
Ardvinx,1,blue,arab,1,2,no,lshift,504,0
Ardvinx,1,blue,arab,1,3,no,lshift,440,0
Ardvinx,1,blue,arab,1,1,no,lshift,465,0
Ardvinx,1,blue,arab,1,4,no,lshift,535,0
Ardvinx,1,red,arab,1,8,no,rshift,493,0
Ardvinx,1,red,arab,1,9,no,rshift,404,0
Ardvinx,1,red,arab,1,8,no,rshift,375,0
Ardvinx,1,blue,arab,1,3,no,lshift,501,0
Ardvinx,1,blue,arab,1,2,no,lshift,338,0
Ardvinx,1,blue,arab,1,2,no,lshift,302,0
Ardvinx,1,red,arab,1,9,no,rshift,370,0
Ardvinx,1,red,arab,1,8,no,rshift,397,0
Ardvinx,1,red,arab,1,3,no,rshift,574,0
Ardvinx,1,blue,arab,0,8,no,rshift,540,0
Ardvinx,1,blue,arab,1,7,no,lshift,487,0
Ardvinx,1,blue,arab,1,9,no,lshift,647,0
Ardvinx,1,blue,arab,1,7,no,lshift,486,0
Ardvinx,1,red,arab,1,4,no,rshift,716,0
Ardvinx,1,red,arab,1,1,no,rshift,447,0
Ardvinx,1,blue,arab,1,4,no,lshift,427,0
Ardvinx,1,blue,arab,1,9,no,lshift,2366,0
Ardvinx,1,blue,arab,1,8,no,lshift,563,0
Ardvinx,1,red,arab,1,1,no,rshift,855,0
Ardvinx,1,red,arab,1,8,no,rshift,959,0
Ardvinx,1,blue,arab,1,7,no,lshift,613,0
Ardvinx,1,red,arab,1,8,no,rshift,701,0
Ardvinx,1,red,arab,1,9,no,rshift,551,0
Ardvinx,1,red,arab,1,6,no,rshift,725,0
Ardvinx,1,red,arab,1,2,no,rshift,716,0
Ardvinx,1,red,arab,1,1,no,rshift,411,0
Ardvinx,1,blue,arab,1,6,no,lshift,967,0
Ardvinx,1,blue,arab,1,8,no,lshift,345,0
Ardvinx,1,red,arab,1,1,no,rshift,408,0
Ardvinx,1,blue,arab,1,9,no,lshift,369,0
Ardvinx,1,blue,arab,1,1,no,lshift,496,0
Ardvinx,1,red,arab,1,3,no,rshift,433,0
Ardvinx,1,blue,arab,1,3,no,lshift,415,0
Ardvinx,1,red,arab,1,7,no,rshift,402,0
Ardvinx,1,blue,arab,1,4,no,lshift,394,0
Ardvinx,1,red,arab,1,3,no,rshift,392,0
Ardvinx,1,blue,arab,1,1,no,lshift,515,0
Ardvinx,1,red,arab,0,1,no,lshift,1805,0
Ardvinx,1,red,arab,1,1,no,rshift,475,0
Ardvinx,1,red,arab,1,2,no,rshift,331,0
Ardvinx,1,red,arab,1,9,no,rshift,355,0
Ardvinx,1,red,arab,1,6,no,rshift,402,0
Ardvinx,1,blue,arab,1,6,no,lshift,523,0
Ardvinx,1,red,arab,1,8,no,rshift,475,0
Ardvinx,1,red,arab,1,7,no,rshift,450,0
Ardvinx,1,red,arab,1,8,no,rshift,473,0
Ardvinx,1,red,arab,1,3,no,rshift,443,0
Ardvinx,1,blue,arab,1,1,no,lshift,412,0
Ardvinx,1,red,arab,1,9,no,rshift,453,0
Ardvinx,1,blue,arab,1,4,no,lshift,518,0
Ardvinx,1,blue,arab,1,9,no,lshift,444,0
Ardvinx,1,red,arab,1,6,no,rshift,474,0
Ardvinx,1,red,arab,1,3,no,rshift,436,0
Ardvinx,1,blue,arab,1,7,no,lshift,384,0
Ardvinx,1,red,arab,1,6,no,rshift,773,0
Ardvinx,1,blue,arab,1,4,no,lshift,465,0
Ardvinx,1,blue,arab,1,7,no,lshift,466,0
Ardvinx,2,red,arab,1,7,no,rshift,1253,0
Ardvinx,2,blue,arab,1,9,no,lshift,376,0
Ardvinx,2,blue,arab,1,9,no,lshift,406,0
Ardvinx,2,blue,arab,1,4,no,lshift,357,0
Ardvinx,2,blue,arab,1,4,no,lshift,328,0
Ardvinx,2,blue,arab,1,2,no,lshift,384,0
Ardvinx,2,blue,arab,1,2,no,lshift,643,0
Ardvinx,2,red,arab,1,3,no,rshift,355,0
Ardvinx,2,red,arab,1,3,no,rshift,457,0
Ardvinx,2,blue,arab,1,4,no,lshift,530,0
Ardvinx,2,blue,arab,1,6,no,lshift,427,0
Ardvinx,2,blue,arab,1,9,no,lshift,382,0
Ardvinx,2,blue,arab,1,2,no,lshift,300,0
Ardvinx,2,blue,arab,1,8,no,lshift,339,0
Ardvinx,2,blue,arab,1,7,no,lshift,380,0
Ardvinx,2,blue,arab,1,8,no,lshift,340,0
Ardvinx,2,blue,arab,1,9,no,lshift,398,0
Ardvinx,2,blue,arab,1,3,no,lshift,442,0
Ardvinx,2,blue,arab,1,7,no,lshift,345,0
Ardvinx,2,blue,arab,1,9,no,lshift,330,0
Ardvinx,2,red,arab,1,4,no,rshift,357,0
Ardvinx,2,red,arab,1,7,no,rshift,268,0
Ardvinx,2,blue,arab,1,9,no,lshift,375,0
Ardvinx,2,blue,arab,1,1,no,lshift,937,0
Ardvinx,2,red,arab,1,1,no,rshift,430,0
Ardvinx,2,red,arab,1,1,no,rshift,312,0
Ardvinx,2,red,arab,1,8,no,rshift,401,0
Ardvinx,2,blue,arab,1,1,no,lshift,383,0
Ardvinx,2,red,arab,1,6,no,rshift,549,0
Ardvinx,2,blue,arab,1,6,no,lshift,396,0
Ardvinx,2,red,arab,1,8,no,rshift,535,0
Ardvinx,2,blue,arab,1,2,no,lshift,698,0
Ardvinx,2,red,arab,1,3,no,rshift,879,0
Ardvinx,2,red,arab,1,4,no,rshift,478,0
Ardvinx,2,blue,arab,1,4,no,lshift,428,0
Ardvinx,2,blue,arab,1,6,no,lshift,987,0
Ardvinx,2,red,arab,1,2,no,rshift,1558,0
Ardvinx,2,red,arab,1,9,no,rshift,410,0
Ardvinx,2,red,arab,1,7,no,rshift,749,0
Ardvinx,2,red,arab,1,3,no,rshift,384,0
Ardvinx,2,red,arab,1,7,no,rshift,379,0
Ardvinx,2,red,arab,1,8,no,rshift,443,0
Ardvinx,2,red,arab,1,8,no,rshift,373,0
Ardvinx,2,blue,arab,1,7,no,lshift,766,0
Ardvinx,2,blue,arab,1,8,no,lshift,1813,0
Ardvinx,2,red,arab,1,4,no,rshift,511,0
Ardvinx,2,blue,arab,1,8,no,lshift,853,0
Ardvinx,2,red,arab,1,8,no,rshift,722,0
Ardvinx,2,red,arab,1,2,no,rshift,440,0
Ardvinx,2,red,arab,1,6,no,rshift,376,0
Ardvinx,2,blue,arab,1,6,no,lshift,426,0
Ardvinx,2,red,arab,1,1,no,rshift,528,0
Ardvinx,2,blue,arab,1,7,no,lshift,357,0
Ardvinx,2,blue,arab,1,7,no,lshift,368,0
Ardvinx,2,blue,arab,1,3,no,lshift,337,0
Ardvinx,2,red,arab,1,9,no,rshift,430,0
Ardvinx,2,red,arab,1,6,no,rshift,1112,0
Ardvinx,2,red,arab,1,1,no,rshift,388,0
Ardvinx,2,red,arab,1,6,no,rshift,487,0
Ardvinx,2,blue,arab,1,8,no,lshift,554,0
Ardvinx,2,red,arab,1,4,no,rshift,500,0
Ardvinx,2,red,arab,1,1,no,rshift,578,0
Ardvinx,2,red,arab,1,9,no,rshift,465,0
Ardvinx,2,red,arab,1,6,no,rshift,375,0
Ardvinx,2,red,arab,1,7,no,rshift,395,0
Ardvinx,2,red,arab,1,8,no,rshift,568,0
Ardvinx,2,blue,arab,1,4,no,lshift,418,0
Ardvinx,2,blue,arab,1,1,no,lshift,544,0
Ardvinx,2,red,arab,1,8,no,rshift,484,0
Ardvinx,2,blue,arab,1,3,no,lshift,509,0
Ardvinx,2,blue,arab,1,4,no,lshift,412,0
Ardvinx,2,blue,arab,1,1,no,lshift,410,0
Ardvinx,2,red,arab,1,4,no,rshift,467,0
Ardvinx,2,blue,arab,1,6,no,lshift,367,0
Ardvinx,2,blue,arab,1,2,no,lshift,362,0
Ardvinx,2,blue,arab,1,3,no,lshift,344,0
Ardvinx,2,blue,arab,1,4,no,lshift,391,0
Ardvinx,2,red,arab,1,2,no,rshift,318,0
Ardvinx,2,red,arab,1,3,no,rshift,299,0
Ardvinx,2,blue,arab,1,7,no,lshift,393,0
Ardvinx,2,red,arab,1,6,no,rshift,377,0
Ardvinx,2,blue,arab,0,8,no,rshift,432,0
Ardvinx,2,blue,arab,1,3,no,lshift,500,0
Ardvinx,2,blue,arab,1,4,no,lshift,541,0
Ardvinx,2,blue,arab,1,4,no,lshift,380,0
Ardvinx,2,blue,arab,1,8,no,lshift,446,0
Ardvinx,2,red,arab,1,4,no,rshift,479,0
Ardvinx,2,blue,arab,1,9,no,lshift,3066,0
Ardvinx,2,red,arab,1,6,no,rshift,2333,0
Ardvinx,2,red,arab,1,2,no,rshift,351,0
Ardvinx,2,blue,arab,1,8,no,lshift,436,0
Ardvinx,2,blue,arab,1,9,no,lshift,444,0
Ardvinx,2,red,arab,1,9,no,rshift,516,0
Ardvinx,2,red,arab,1,4,no,rshift,477,0
Ardvinx,2,red,arab,1,3,no,rshift,439,0
Ardvinx,2,red,arab,1,8,no,rshift,679,0
Ardvinx,2,blue,arab,1,3,no,lshift,462,0
Ardvinx,2,blue,arab,1,7,no,lshift,735,0
Ardvinx,2,blue,arab,1,7,no,lshift,784,0
Ardvinx,2,red,arab,1,7,no,rshift,496,0
Ardvinx,2,blue,arab,1,1,no,lshift,417,0
Ardvinx,2,blue,arab,1,3,no,lshift,371,0
Ardvinx,2,blue,arab,1,1,no,lshift,435,0
Ardvinx,2,red,arab,1,2,no,rshift,337,0
Ardvinx,2,red,arab,1,1,no,rshift,364,0
Ardvinx,2,red,arab,1,2,no,rshift,329,0
Ardvinx,2,blue,arab,1,4,no,lshift,452,0
Ardvinx,2,red,arab,1,1,no,rshift,387,0
Ardvinx,2,red,arab,1,6,no,rshift,306,0
Ardvinx,2,red,arab,1,3,no,rshift,331,0
Ardvinx,2,blue,arab,1,6,no,lshift,545,0
Ardvinx,2,blue,arab,1,6,no,lshift,296,0
Ardvinx,2,red,arab,1,8,no,rshift,368,0
Ardvinx,2,blue,arab,1,1,no,lshift,404,0
Ardvinx,2,red,arab,1,7,no,rshift,401,0
Ardvinx,2,red,arab,1,8,no,rshift,403,0
Ardvinx,2,red,arab,0,4,no,lshift,353,0
Ardvinx,2,red,arab,1,3,no,rshift,427,0
Ardvinx,2,blue,arab,1,1,no,lshift,513,0
Ardvinx,2,red,arab,1,3,no,rshift,789,0
Ardvinx,2,blue,arab,1,1,no,lshift,709,0
Ardvinx,2,blue,arab,1,2,no,lshift,444,0
Ardvinx,2,red,arab,1,1,no,rshift,414,0
Ardvinx,2,red,arab,1,7,no,rshift,346,0
Ardvinx,2,blue,arab,1,2,no,lshift,401,0
Ardvinx,2,red,arab,1,7,no,rshift,498,0
Ardvinx,2,blue,arab,1,7,no,lshift,555,0
Ardvinx,2,red,arab,1,9,no,rshift,398,0
Ardvinx,2,blue,arab,1,3,no,lshift,1053,0
Ardvinx,2,red,arab,1,1,no,rshift,809,0
Ardvinx,2,blue,arab,1,6,no,lshift,981,0
Ardvinx,2,red,arab,1,6,no,rshift,402,0
Ardvinx,2,blue,arab,1,3,no,lshift,508,0
Ardvinx,2,blue,arab,1,9,no,lshift,532,0
Ardvinx,2,red,arab,1,2,no,rshift,652,0
Ardvinx,2,red,arab,1,9,no,rshift,481,0
Ardvinx,2,red,arab,1,1,no,rshift,345,0
Ardvinx,2,red,arab,1,2,no,rshift,348,0
Ardvinx,2,red,arab,1,7,no,rshift,597,0
Ardvinx,2,blue,arab,1,2,no,lshift,683,0
Ardvinx,2,blue,arab,1,2,no,lshift,328,0
Ardvinx,2,red,arab,1,9,no,rshift,349,0
Ardvinx,2,red,arab,1,3,no,rshift,408,0
Ardvinx,2,blue,arab,1,6,no,lshift,1051,0
Ardvinx,2,red,arab,1,9,no,rshift,417,0
Ardvinx,2,red,arab,1,4,no,rshift,865,0
Ardvinx,2,blue,arab,1,1,no,lshift,451,0
Ardvinx,2,blue,arab,1,9,no,lshift,1694,0
Ardvinx,2,blue,arab,1,2,no,lshift,649,0
Ardvinx,2,blue,arab,1,7,no,lshift,398,0
Ardvinx,2,red,arab,1,4,no,rshift,354,0
Ardvinx,2,blue,arab,1,6,no,lshift,557,0
Ardvinx,2,red,arab,1,9,no,rshift,379,0
Ardvinx,2,blue,arab,1,8,no,lshift,410,0
Ardvinx,2,red,arab,1,6,no,rshift,382,0
Ardvinx,2,red,arab,1,2,no,rshift,373,0
Ardvinx,2,blue,arab,1,8,no,lshift,444,0
Ardvinx,2,red,arab,1,2,no,rshift,334,0
Ardvinx,2,blue,arab,1,3,no,lshift,552,0
Ardvinx,2,red,arab,1,9,no,rshift,351,0
Ardvinx,3,red,arab,1,2,no,rshift,523,0
Ardvinx,3,red,arab,1,2,no,rshift,332,0
Ardvinx,3,red,arab,1,3,no,rshift,374,0
Ardvinx,3,blue,arab,1,8,no,lshift,409,0
Ardvinx,3,blue,arab,1,3,no,lshift,548,0
Ardvinx,3,red,arab,1,2,no,rshift,430,0
Ardvinx,3,red,arab,1,1,no,rshift,365,0
Ardvinx,3,blue,arab,1,6,no,lshift,363,0
Ardvinx,3,blue,arab,1,9,no,lshift,462,0
Ardvinx,3,red,arab,1,2,no,rshift,539,0
Ardvinx,3,blue,arab,1,3,no,lshift,647,0
Ardvinx,3,red,arab,1,9,no,rshift,649,0
Ardvinx,3,red,arab,1,3,no,rshift,436,0
Ardvinx,3,red,arab,1,1,no,rshift,442,0
Ardvinx,3,red,arab,1,4,no,rshift,351,0
Ardvinx,3,red,arab,1,2,no,rshift,403,0
Ardvinx,3,red,arab,1,6,no,rshift,537,0
Ardvinx,3,red,arab,1,9,no,rshift,424,0
Ardvinx,3,red,arab,1,6,no,rshift,448,0
Ardvinx,3,red,arab,1,3,no,rshift,334,0
Ardvinx,3,red,arab,1,4,no,rshift,328,0
Ardvinx,3,blue,arab,1,9,no,lshift,473,0
Ardvinx,3,red,arab,1,4,no,rshift,401,0
Ardvinx,3,blue,arab,1,9,no,lshift,492,0
Ardvinx,3,red,arab,1,6,no,rshift,470,0
Ardvinx,3,blue,arab,1,9,no,lshift,479,0
Ardvinx,3,blue,arab,1,7,no,lshift,453,0
Ardvinx,3,blue,arab,1,3,no,lshift,469,0
Ardvinx,3,blue,arab,1,1,no,lshift,438,0
Ardvinx,3,red,arab,1,8,no,rshift,382,0
Ardvinx,3,blue,arab,1,2,no,lshift,531,0
Ardvinx,3,blue,arab,1,6,no,lshift,417,0
Ardvinx,3,red,arab,1,1,no,rshift,410,0
Ardvinx,3,blue,arab,1,3,no,lshift,484,0
Ardvinx,3,blue,arab,1,7,no,lshift,479,0
Ardvinx,3,blue,arab,1,6,no,lshift,467,0
Ardvinx,3,blue,arab,1,8,no,lshift,527,0
Ardvinx,3,blue,arab,1,6,no,lshift,381,0
Ardvinx,3,blue,arab,1,8,no,lshift,402,0
Ardvinx,3,red,arab,1,2,no,rshift,385,0
Ardvinx,3,red,arab,1,7,no,rshift,412,0
Ardvinx,3,red,arab,1,8,no,rshift,338,0
Ardvinx,3,blue,arab,1,3,no,lshift,381,0
Ardvinx,3,red,arab,1,8,no,rshift,424,0
Ardvinx,3,blue,arab,1,2,no,lshift,512,0
Ardvinx,3,red,arab,1,6,no,rshift,456,0
Ardvinx,3,blue,arab,1,4,no,lshift,606,0
Ardvinx,3,red,arab,1,3,no,rshift,528,0
Ardvinx,3,red,arab,1,4,no,rshift,418,0
Ardvinx,3,red,arab,1,1,no,rshift,404,0
Ardvinx,3,blue,arab,1,1,no,lshift,522,0
Ardvinx,3,blue,arab,1,6,no,lshift,959,0
Ardvinx,3,blue,arab,1,8,no,lshift,611,0
Ardvinx,3,red,arab,1,3,no,rshift,545,0
Ardvinx,3,red,arab,1,7,no,rshift,757,0
Ardvinx,3,red,arab,1,9,no,rshift,346,0
Ardvinx,3,blue,arab,1,1,no,lshift,743,0
Ardvinx,3,red,arab,1,1,no,rshift,589,0
Ardvinx,3,blue,arab,1,4,no,lshift,673,0
Ardvinx,3,blue,arab,1,2,no,lshift,984,0
Ardvinx,3,blue,arab,1,7,no,lshift,412,0
Ardvinx,3,blue,arab,1,3,no,lshift,349,0
Ardvinx,3,red,arab,1,7,no,rshift,387,0
Ardvinx,3,red,arab,1,9,no,rshift,383,0
Ardvinx,3,blue,arab,1,7,no,lshift,513,0
Ardvinx,3,blue,arab,1,4,no,lshift,776,0
Ardvinx,3,blue,arab,1,1,no,lshift,365,0
Ardvinx,3,red,arab,1,4,no,rshift,473,0
Ardvinx,3,red,arab,1,2,no,rshift,316,0
Ardvinx,3,blue,arab,1,2,no,lshift,629,0
Ardvinx,3,blue,arab,1,1,no,lshift,888,0
Ardvinx,3,blue,arab,1,4,no,lshift,458,0
Ardvinx,3,red,arab,1,1,no,rshift,1010,0
Ardvinx,3,red,arab,1,2,no,rshift,314,0
Ardvinx,3,red,arab,1,8,no,rshift,389,0
Ardvinx,3,red,arab,1,7,no,rshift,388,0
Ardvinx,3,blue,arab,1,6,no,lshift,393,0
Ardvinx,3,red,arab,1,6,no,rshift,393,0
Ardvinx,3,blue,arab,1,8,no,lshift,477,0
Ardvinx,3,blue,arab,1,8,no,lshift,419,0
Ardvinx,3,red,arab,1,3,no,rshift,365,0
Ardvinx,3,red,arab,1,8,no,rshift,348,0
Ardvinx,3,blue,arab,1,3,no,lshift,440,0
Ardvinx,3,red,arab,1,8,no,rshift,692,0
Ardvinx,3,red,arab,1,3,no,rshift,335,0
Ardvinx,3,blue,arab,1,2,no,lshift,349,0
Ardvinx,3,blue,arab,1,8,no,lshift,460,0
Ardvinx,3,red,arab,1,9,no,rshift,377,0
Ardvinx,3,blue,arab,1,1,no,lshift,424,0
Ardvinx,3,red,arab,1,4,no,rshift,385,0
Ardvinx,3,red,arab,1,7,no,rshift,374,0
Ardvinx,3,blue,arab,1,6,no,lshift,555,0
Ardvinx,3,red,arab,1,7,no,rshift,368,0
Ardvinx,3,blue,arab,1,9,no,lshift,421,0
Ardvinx,3,blue,arab,1,6,no,lshift,749,0
Ardvinx,3,blue,arab,1,1,no,lshift,478,0
Ardvinx,3,blue,arab,1,3,no,lshift,376,0
Ardvinx,3,red,arab,1,4,no,rshift,367,0
Ardvinx,3,red,arab,1,9,no,rshift,331,0
Ardvinx,3,blue,arab,1,7,no,lshift,384,0
Ardvinx,3,blue,arab,1,9,no,lshift,466,0
Ardvinx,3,blue,arab,1,8,no,lshift,393,0
Ardvinx,3,red,arab,1,4,no,rshift,357,0
Ardvinx,3,blue,arab,1,6,no,lshift,890,0
Ardvinx,3,blue,arab,1,4,no,lshift,465,0
Ardvinx,3,red,arab,1,8,no,rshift,387,0
Ardvinx,3,blue,arab,1,2,no,lshift,502,0
Ardvinx,3,blue,arab,1,9,no,lshift,460,0
Ardvinx,3,blue,arab,1,2,no,lshift,431,0
Ardvinx,3,blue,arab,1,2,no,lshift,325,0
Ardvinx,3,red,arab,1,2,no,rshift,444,0
Ardvinx,3,red,arab,1,3,no,rshift,364,0
Ardvinx,3,red,arab,1,7,no,rshift,325,0
Ardvinx,3,red,arab,1,7,no,rshift,295,0
Ardvinx,3,blue,arab,1,9,no,lshift,607,0
Ardvinx,3,blue,arab,1,4,no,lshift,390,0
Ardvinx,3,blue,arab,1,8,no,lshift,630,0
Ardvinx,3,red,arab,1,8,no,rshift,709,0
Ardvinx,3,blue,arab,1,3,no,lshift,463,0
Ardvinx,3,blue,arab,1,8,no,lshift,2262,0
Ardvinx,3,red,arab,1,7,no,rshift,592,0
Ardvinx,3,red,arab,1,2,no,rshift,984,0
Ardvinx,3,blue,arab,1,9,no,lshift,1015,0
Ardvinx,3,blue,arab,1,4,no,lshift,351,0
Ardvinx,3,red,arab,1,3,no,rshift,329,0
Ardvinx,3,blue,arab,1,4,no,lshift,383,0
Ardvinx,3,blue,arab,1,3,no,lshift,362,0
Ardvinx,3,blue,arab,1,4,no,lshift,334,0
Ardvinx,3,red,arab,1,4,no,rshift,371,0
Ardvinx,3,blue,arab,1,7,no,lshift,377,0
Ardvinx,3,red,arab,1,9,no,rshift,345,0
Ardvinx,3,blue,arab,1,7,no,lshift,402,0
Ardvinx,3,blue,arab,1,1,no,lshift,452,0
Ardvinx,3,red,arab,1,7,no,rshift,387,0
Ardvinx,3,red,arab,1,1,no,rshift,457,0
Ardvinx,3,red,arab,1,6,no,rshift,406,0
Ardvinx,3,red,arab,1,8,no,rshift,299,0
Ardvinx,3,blue,arab,1,1,no,lshift,344,0
Ardvinx,3,red,arab,1,9,no,rshift,324,0
Ardvinx,3,red,arab,1,6,no,rshift,331,0
Ardvinx,3,blue,arab,1,2,no,lshift,450,0
Ardvinx,3,red,arab,1,6,no,rshift,450,0
Ardvinx,3,blue,arab,1,7,no,lshift,549,0
Ardvinx,3,red,arab,1,6,no,rshift,450,0
Ardvinx,3,red,arab,1,9,no,rshift,318,0
Ardvinx,3,blue,arab,1,7,no,lshift,392,0
Ardvinx,3,red,arab,1,3,no,rshift,355,0
Ardvinx,3,red,arab,1,1,no,rshift,442,0
Ardvinx,3,red,arab,1,4,no,rshift,356,0
Ardvinx,3,red,arab,1,9,no,rshift,295,0
Ardvinx,3,blue,arab,1,6,no,lshift,530,0
Ardvinx,3,blue,arab,1,4,no,lshift,465,0
Ardvinx,3,blue,arab,1,9,no,lshift,369,0
Ardvinx,3,red,arab,1,6,no,rshift,397,0
Ardvinx,3,blue,arab,1,1,no,lshift,512,0
Ardvinx,3,blue,arab,1,2,no,lshift,463,0
Ardvinx,3,red,arab,1,8,no,rshift,379,0
Ardvinx,3,red,arab,1,1,no,rshift,415,0
Ardvinx,3,red,arab,1,1,no,rshift,518,0
Ardvinx,3,blue,arab,1,7,no,lshift,352,0
Ardvinx,0,blue,classic,1,2,yes,rshift,2069,0
Ardvinx,0,blue,classic,1,3,yes,lshift,711,0
Ardvinx,0,blue,classic,1,9,yes,lshift,752,0
Ardvinx,0,blue,classic,1,1,yes,lshift,663,0
Ardvinx,0,blue,classic,1,4,yes,rshift,404,0
Ardvinx,0,blue,classic,1,7,yes,lshift,766,0
Ardvinx,0,blue,classic,1,8,yes,rshift,1013,0
Ardvinx,0,blue,classic,1,6,yes,rshift,2682,0
Ardvinx,1,blue,classic,1,4,yes,lshift,1821,0
Ardvinx,1,blue,classic,1,1,yes,rshift,767,0
Ardvinx,1,blue,classic,1,9,yes,rshift,1182,0
Ardvinx,1,blue,classic,1,2,yes,lshift,830,0
Ardvinx,1,blue,classic,1,6,yes,lshift,654,0
Ardvinx,1,blue,classic,1,7,yes,rshift,563,0
Ardvinx,1,blue,classic,1,8,yes,lshift,517,0
Ardvinx,1,blue,classic,1,3,yes,rshift,865,0
Ardvinx,2,blue,classic,1,1,no,lshift,1088,0
Ardvinx,2,blue,classic,1,7,no,lshift,869,0
Ardvinx,2,blue,classic,1,1,no,lshift,1174,0
Ardvinx,2,blue,classic,1,8,no,rshift,700,0
Ardvinx,2,blue,classic,1,6,no,rshift,613,0
Ardvinx,2,blue,classic,1,8,no,rshift,625,0
Ardvinx,2,blue,classic,1,4,no,rshift,551,0
Ardvinx,2,blue,classic,1,2,no,rshift,489,0
Ardvinx,2,blue,classic,1,9,no,lshift,5126,0
Ardvinx,2,blue,classic,1,2,no,rshift,726,0
Ardvinx,2,blue,classic,1,4,no,rshift,759,0
Ardvinx,2,blue,classic,1,3,no,lshift,2350,0
Ardvinx,2,blue,classic,1,6,no,rshift,607,0
Ardvinx,2,blue,classic,1,7,no,lshift,2000,0
Ardvinx,2,blue,classic,1,1,no,lshift,625,0
Ardvinx,2,blue,classic,1,3,no,lshift,589,0
Ardvinx,2,blue,classic,1,7,no,lshift,890,0
Ardvinx,2,blue,classic,1,6,no,rshift,492,0
Ardvinx,2,blue,classic,1,6,no,rshift,391,0
Ardvinx,2,blue,classic,1,4,no,rshift,552,0
Ardvinx,2,blue,classic,1,1,no,lshift,546,0
Ardvinx,2,blue,classic,1,3,no,lshift,795,0
Ardvinx,2,blue,classic,1,2,no,rshift,613,0
Ardvinx,2,blue,classic,1,1,no,lshift,965,0
Ardvinx,2,blue,classic,1,8,no,rshift,548,0
Ardvinx,2,blue,classic,1,6,no,rshift,533,0
Ardvinx,2,blue,classic,1,6,no,rshift,1047,0
Ardvinx,2,blue,classic,1,1,no,lshift,1001,0
Ardvinx,2,blue,classic,1,6,no,rshift,928,0
Ardvinx,2,blue,classic,1,2,no,rshift,871,0
Ardvinx,2,blue,classic,1,7,no,lshift,465,0
Ardvinx,2,blue,classic,1,8,no,rshift,3069,0
Ardvinx,2,blue,classic,1,9,no,lshift,1150,0
Ardvinx,2,blue,classic,1,7,no,lshift,742,0
Ardvinx,2,blue,classic,1,3,no,lshift,748,0
Ardvinx,2,blue,classic,0,2,no,lshift,757,0
Ardvinx,2,blue,classic,1,2,no,rshift,555,0
Ardvinx,2,blue,classic,1,4,no,rshift,511,0
Ardvinx,2,blue,classic,1,6,no,rshift,1037,0
Ardvinx,2,blue,classic,1,9,no,lshift,1945,0
Ardvinx,2,blue,classic,1,7,no,lshift,697,0
Ardvinx,2,blue,classic,1,9,no,lshift,645,0
Ardvinx,2,blue,classic,1,3,no,lshift,624,0
Ardvinx,2,blue,classic,1,1,no,lshift,1437,0
Ardvinx,2,blue,classic,1,9,no,lshift,776,0
Ardvinx,2,blue,classic,1,7,no,lshift,482,0
Ardvinx,2,blue,classic,1,7,no,lshift,485,0
Ardvinx,2,blue,classic,1,8,no,rshift,554,0
Ardvinx,2,blue,classic,1,1,no,lshift,651,0
Ardvinx,2,blue,classic,1,2,no,rshift,905,0
Ardvinx,2,blue,classic,1,8,no,rshift,570,0
Ardvinx,2,blue,classic,1,6,no,rshift,860,0
Ardvinx,2,blue,classic,1,3,no,lshift,728,0
Ardvinx,2,blue,classic,1,7,no,lshift,1811,0
Ardvinx,2,blue,classic,1,3,no,lshift,2780,0
Ardvinx,2,blue,classic,1,3,no,lshift,590,0
Ardvinx,2,blue,classic,1,2,no,rshift,504,0
Ardvinx,2,blue,classic,1,6,no,rshift,628,0
Ardvinx,2,blue,classic,1,1,no,lshift,630,0
Ardvinx,2,blue,classic,1,4,no,rshift,572,0
Ardvinx,2,blue,classic,1,1,no,lshift,762,0
Ardvinx,2,blue,classic,1,7,no,lshift,1093,0
Ardvinx,2,blue,classic,1,9,no,lshift,1349,0
Ardvinx,2,blue,classic,1,6,no,rshift,635,0
Ardvinx,2,blue,classic,1,8,no,rshift,585,0
Ardvinx,2,blue,classic,1,2,no,rshift,2084,0
Ardvinx,2,blue,classic,0,9,no,rshift,2532,0
Ardvinx,2,blue,classic,1,8,no,rshift,710,0
Ardvinx,2,blue,classic,1,9,no,lshift,616,0
Ardvinx,2,blue,classic,1,9,no,lshift,506,0
Ardvinx,2,blue,classic,1,8,no,rshift,1105,0
Ardvinx,2,blue,classic,1,1,no,lshift,861,0
Ardvinx,2,blue,classic,1,3,no,lshift,526,0
Ardvinx,2,blue,classic,1,1,no,lshift,645,0
Ardvinx,2,blue,classic,1,3,no,lshift,2166,0
Ardvinx,2,blue,classic,1,7,no,lshift,1710,0
Ardvinx,2,blue,classic,1,6,no,rshift,1766,0
Ardvinx,2,blue,classic,1,4,no,rshift,1549,0
Ardvinx,2,blue,classic,1,4,no,rshift,528,0
Ardvinx,2,blue,classic,1,2,no,rshift,744,0
Ardvinx,2,blue,classic,1,9,no,lshift,1843,0
Ardvinx,2,blue,classic,1,6,no,rshift,723,0
Ardvinx,2,blue,classic,1,3,no,lshift,744,0
Ardvinx,2,blue,classic,1,2,no,rshift,551,0
Ardvinx,2,blue,classic,1,3,no,lshift,688,0
Ardvinx,2,blue,classic,1,2,no,rshift,583,0
Ardvinx,2,blue,classic,1,8,no,rshift,613,0
Ardvinx,2,blue,classic,1,9,no,lshift,524,0
Ardvinx,2,blue,classic,1,2,no,rshift,583,0
Ardvinx,2,blue,classic,1,4,no,rshift,612,0
Ardvinx,2,blue,classic,1,2,no,rshift,532,0
Ardvinx,2,blue,classic,1,8,no,rshift,487,0
Ardvinx,2,blue,classic,1,3,no,lshift,501,0
Ardvinx,2,blue,classic,1,8,no,rshift,450,0
Ardvinx,2,blue,classic,1,7,no,lshift,619,0
Ardvinx,2,blue,classic,1,4,no,rshift,551,0
Ardvinx,2,blue,classic,1,1,no,lshift,626,0
Ardvinx,2,blue,classic,1,3,no,lshift,584,0
Ardvinx,2,blue,classic,1,9,no,lshift,850,0
Ardvinx,2,blue,classic,1,4,no,rshift,594,0
Ardvinx,2,blue,classic,1,4,no,rshift,477,0
Ardvinx,2,blue,classic,1,7,no,lshift,536,0
Ardvinx,2,blue,classic,1,8,no,rshift,519,0
Ardvinx,2,blue,classic,1,9,no,lshift,557,0
Ardvinx,2,blue,classic,1,1,no,lshift,947,0
Ardvinx,2,blue,classic,1,8,no,rshift,454,0
Ardvinx,2,blue,classic,1,6,no,rshift,539,0
Ardvinx,2,blue,classic,1,7,no,lshift,494,0
Ardvinx,2,blue,classic,1,4,no,rshift,634,0
Ardvinx,2,blue,classic,1,4,no,rshift,563,0
Ardvinx,2,blue,classic,1,4,no,rshift,390,0
Ardvinx,2,blue,classic,1,9,no,lshift,598,0
Ardvinx,3,blue,classic,1,4,no,lshift,1067,0
Ardvinx,3,blue,classic,1,4,no,lshift,699,0
Ardvinx,3,blue,classic,1,2,no,lshift,732,0
Ardvinx,3,blue,classic,1,9,no,rshift,597,0
Ardvinx,3,blue,classic,1,9,no,rshift,424,0
Ardvinx,3,blue,classic,1,9,no,rshift,497,0
Ardvinx,3,blue,classic,1,1,no,rshift,683,0
Ardvinx,3,blue,classic,1,7,no,rshift,565,0
Ardvinx,3,blue,classic,1,9,no,rshift,834,0
Ardvinx,3,blue,classic,1,8,no,lshift,569,0
Ardvinx,3,blue,classic,1,3,no,rshift,772,0
Ardvinx,3,blue,classic,1,7,no,rshift,818,0
Ardvinx,3,blue,classic,1,6,no,lshift,627,0
Ardvinx,3,blue,classic,1,4,no,lshift,490,0
Ardvinx,3,blue,classic,1,3,no,rshift,1121,0
Ardvinx,3,blue,classic,1,4,no,lshift,586,0
Ardvinx,3,blue,classic,1,8,no,lshift,1064,0
Ardvinx,3,blue,classic,1,6,no,lshift,629,0
Ardvinx,3,blue,classic,1,6,no,lshift,477,0
Ardvinx,3,blue,classic,1,2,no,lshift,771,0
Ardvinx,3,blue,classic,1,1,no,rshift,1508,0
Ardvinx,3,blue,classic,1,2,no,lshift,632,0
Ardvinx,3,blue,classic,1,7,no,rshift,784,0
Ardvinx,3,blue,classic,1,3,no,rshift,1122,0
Ardvinx,3,blue,classic,1,6,no,lshift,763,0
Ardvinx,3,blue,classic,1,3,no,rshift,852,0
Ardvinx,3,blue,classic,1,9,no,rshift,792,0
Ardvinx,3,blue,classic,1,1,no,rshift,761,0
Ardvinx,3,blue,classic,1,8,no,lshift,666,0
Ardvinx,3,blue,classic,1,4,no,lshift,636,0
Ardvinx,3,blue,classic,1,9,no,rshift,648,0
Ardvinx,3,blue,classic,1,4,no,lshift,867,0
Ardvinx,3,blue,classic,1,3,no,rshift,828,0
Ardvinx,3,blue,classic,1,4,no,lshift,598,0
Ardvinx,3,blue,classic,1,6,no,lshift,616,0
Ardvinx,3,blue,classic,1,2,no,lshift,565,0
Ardvinx,3,blue,classic,1,2,no,lshift,434,0
Ardvinx,3,blue,classic,1,4,no,lshift,614,0
Ardvinx,3,blue,classic,1,3,no,rshift,465,0
Ardvinx,3,blue,classic,1,4,no,lshift,612,0
Ardvinx,3,blue,classic,1,1,no,rshift,505,0
Ardvinx,3,blue,classic,1,2,no,lshift,901,0
Ardvinx,3,blue,classic,1,1,no,rshift,813,0
Ardvinx,3,blue,classic,1,8,no,lshift,1151,0
Ardvinx,3,blue,classic,1,6,no,lshift,711,0
Ardvinx,3,blue,classic,1,7,no,rshift,643,0
Ardvinx,3,blue,classic,1,7,no,rshift,2223,0
Ardvinx,3,blue,classic,1,9,no,rshift,1106,0
Ardvinx,3,blue,classic,1,9,no,rshift,790,0
Ardvinx,3,blue,classic,1,2,no,lshift,793,0
Ardvinx,3,blue,classic,1,7,no,rshift,926,0
Ardvinx,3,blue,classic,1,3,no,rshift,1607,0
Ardvinx,3,blue,classic,1,7,no,rshift,878,0
Ardvinx,3,blue,classic,1,7,no,rshift,483,0
Ardvinx,3,blue,classic,1,1,no,rshift,528,0
Ardvinx,3,blue,classic,1,9,no,rshift,650,0
Ardvinx,3,blue,classic,1,9,no,rshift,462,0
Ardvinx,3,blue,classic,1,4,no,lshift,585,0
Ardvinx,3,blue,classic,1,7,no,rshift,538,0
Ardvinx,3,blue,classic,1,9,no,rshift,626,0
Ardvinx,3,blue,classic,1,9,no,rshift,452,0
Ardvinx,3,blue,classic,1,2,no,lshift,537,0
Ardvinx,3,blue,classic,1,8,no,lshift,683,0
Ardvinx,3,blue,classic,1,3,no,rshift,792,0
Ardvinx,3,blue,classic,1,1,no,rshift,521,0
Ardvinx,3,blue,classic,1,9,no,rshift,710,0
Ardvinx,3,blue,classic,1,6,no,lshift,710,0
Ardvinx,3,blue,classic,1,6,no,lshift,522,0
Ardvinx,3,blue,classic,1,1,no,rshift,597,0
Ardvinx,3,blue,classic,1,7,no,rshift,849,0
Ardvinx,3,blue,classic,1,8,no,lshift,723,0
Ardvinx,3,blue,classic,1,4,no,lshift,468,0
Ardvinx,3,blue,classic,1,6,no,lshift,415,0
Ardvinx,3,blue,classic,1,7,no,rshift,553,0
Ardvinx,3,blue,classic,1,6,no,lshift,509,0
Ardvinx,3,blue,classic,1,4,no,lshift,1108,0
Ardvinx,3,blue,classic,1,8,no,lshift,777,0
Ardvinx,3,blue,classic,1,6,no,lshift,728,0
Ardvinx,3,blue,classic,1,4,no,lshift,608,0
Ardvinx,3,blue,classic,1,3,no,rshift,501,0
Ardvinx,3,blue,classic,1,8,no,lshift,491,0
Ardvinx,3,blue,classic,1,3,no,rshift,654,0
Ardvinx,3,blue,classic,1,9,no,rshift,955,0
Ardvinx,3,blue,classic,1,4,no,lshift,507,0
Ardvinx,3,blue,classic,1,2,no,lshift,631,0
Ardvinx,3,blue,classic,1,8,no,lshift,586,0
Ardvinx,3,blue,classic,1,3,no,rshift,509,0
Ardvinx,3,blue,classic,1,8,no,lshift,527,0
Ardvinx,3,blue,classic,1,1,no,rshift,550,0
Ardvinx,3,blue,classic,1,8,no,lshift,478,0
Ardvinx,3,blue,classic,1,2,no,lshift,588,0
Ardvinx,3,blue,classic,1,1,no,rshift,419,0
Ardvinx,3,blue,classic,1,1,no,rshift,398,0
Ardvinx,3,blue,classic,1,7,no,rshift,616,0
Ardvinx,3,blue,classic,1,6,no,lshift,513,0
Ardvinx,3,blue,classic,1,6,no,lshift,409,0
Ardvinx,3,blue,classic,1,3,no,rshift,525,0
Ardvinx,3,blue,classic,1,6,no,lshift,507,0
Ardvinx,3,blue,classic,1,2,no,lshift,592,0
Ardvinx,3,blue,classic,1,8,no,lshift,494,0
Ardvinx,3,blue,classic,1,7,no,rshift,567,0
Ardvinx,3,blue,classic,1,3,no,rshift,847,0
Ardvinx,3,blue,classic,1,3,no,rshift,1510,0
Ardvinx,3,blue,classic,1,8,no,lshift,554,0
Ardvinx,3,blue,classic,1,2,no,lshift,547,0
Ardvinx,3,blue,classic,1,2,no,lshift,399,0
Ardvinx,3,blue,classic,1,8,no,lshift,402,0
Ardvinx,3,blue,classic,1,7,no,rshift,561,0
Ardvinx,3,blue,classic,1,1,no,rshift,503,0
Ardvinx,3,blue,classic,1,2,no,lshift,964,0
Ardvinx,3,blue,classic,1,1,no,rshift,647,0
Ardvinx,3,blue,classic,1,1,no,rshift,1484,0
