ID_name,block,color,condition,correct_keyboard_response,number,practice,response_keyboard_response,response_time_keyboard_response,subject_nr
oroszlánfóka,0,red,dot,0,7,yes,lshift,1053,1
oroszlánfóka,0,blue,dot,1,1,yes,lshift,698,1
oroszlánfóka,0,red,dot,1,4,yes,rshift,622,1
oroszlánfóka,0,red,dot,1,9,yes,rshift,408,1
oroszlánfóka,0,blue,dot,1,9,yes,lshift,378,1
oroszlánfóka,0,red,dot,1,2,yes,rshift,616,1
oroszlánfóka,0,red,dot,1,3,yes,rshift,421,1
oroszlánfóka,0,red,dot,1,1,yes,rshift,370,1
oroszlánfóka,0,blue,dot,1,3,yes,lshift,308,1
oroszlánfóka,0,blue,dot,1,7,yes,lshift,344,1
oroszlánfóka,0,blue,dot,1,4,yes,lshift,407,1
oroszlánfóka,0,blue,dot,1,8,yes,lshift,349,1
oroszlánfóka,0,blue,dot,1,6,yes,lshift,362,1
oroszlánfóka,0,blue,dot,1,2,yes,lshift,331,1
oroszlánfóka,0,red,dot,1,6,yes,rshift,4422,1
oroszlánfóka,0,red,dot,1,8,yes,rshift,329,1
oroszlánfóka,1,blue,dot,1,1,no,lshift,631,1
oroszlánfóka,1,red,dot,1,1,no,rshift,341,1
oroszlánfóka,1,red,dot,1,1,no,rshift,336,1
oroszlánfóka,1,red,dot,1,2,no,rshift,355,1
oroszlánfóka,1,red,dot,1,2,no,rshift,350,1
oroszlánfóka,1,red,dot,1,1,no,rshift,341,1
oroszlánfóka,1,red,dot,1,8,no,rshift,4208,1
oroszlánfóka,1,blue,dot,1,8,no,lshift,361,1
oroszlánfóka,1,blue,dot,1,1,no,lshift,309,1
oroszlánfóka,1,blue,dot,1,8,no,lshift,350,1
oroszlánfóka,1,blue,dot,1,4,no,lshift,314,1
oroszlánfóka,1,blue,dot,1,6,no,lshift,342,1
oroszlánfóka,1,red,dot,1,2,no,rshift,1099,1
oroszlánfóka,1,blue,dot,0,1,no,rshift,363,1
oroszlánfóka,1,blue,dot,1,1,no,lshift,295,1
oroszlánfóka,1,blue,dot,1,2,no,lshift,298,1
oroszlánfóka,1,red,dot,1,4,no,rshift,357,1
oroszlánfóka,1,blue,dot,1,4,no,lshift,361,1
oroszlánfóka,1,blue,dot,1,8,no,lshift,376,1
oroszlánfóka,1,red,dot,1,9,no,rshift,345,1
oroszlánfóka,1,blue,dot,1,3,no,lshift,283,1
oroszlánfóka,1,red,dot,1,9,no,rshift,337,1
oroszlánfóka,1,blue,dot,1,8,no,lshift,352,1
oroszlánfóka,1,red,dot,1,7,no,rshift,346,1
oroszlánfóka,1,red,dot,1,2,no,rshift,358,1
oroszlánfóka,1,blue,dot,1,9,no,lshift,508,1
oroszlánfóka,1,blue,dot,1,1,no,lshift,326,1
oroszlánfóka,1,red,dot,1,9,no,rshift,371,1
oroszlánfóka,1,blue,dot,1,7,no,lshift,342,1
oroszlánfóka,1,blue,dot,1,2,no,lshift,316,1
oroszlánfóka,1,red,dot,1,4,no,rshift,412,1
oroszlánfóka,1,blue,dot,1,9,no,lshift,384,1
oroszlánfóka,1,blue,dot,1,8,no,lshift,435,1
oroszlánfóka,1,red,dot,1,6,no,rshift,335,1
oroszlánfóka,1,blue,dot,1,6,no,lshift,360,1
oroszlánfóka,1,red,dot,0,4,no,lshift,439,1
oroszlánfóka,1,red,dot,1,8,no,rshift,342,1
oroszlánfóka,1,red,dot,1,7,no,rshift,288,1
oroszlánfóka,1,blue,dot,1,9,no,lshift,346,1
oroszlánfóka,1,blue,dot,0,7,no,rshift,401,1
oroszlánfóka,1,blue,dot,1,4,no,lshift,330,1
oroszlánfóka,1,red,dot,1,3,no,rshift,329,1
oroszlánfóka,1,blue,dot,1,9,no,lshift,286,1
oroszlánfóka,1,blue,dot,1,7,no,lshift,314,1
oroszlánfóka,1,red,dot,1,9,no,rshift,345,1
oroszlánfóka,1,blue,dot,1,6,no,lshift,380,1
oroszlánfóka,1,blue,dot,1,6,no,lshift,330,1
oroszlánfóka,1,blue,dot,1,2,no,lshift,395,1
oroszlánfóka,1,blue,dot,1,7,no,lshift,365,1
oroszlánfóka,1,blue,dot,1,8,no,lshift,352,1
oroszlánfóka,1,red,dot,1,6,no,rshift,498,1
oroszlánfóka,1,blue,dot,1,2,no,lshift,324,1
oroszlánfóka,1,red,dot,1,1,no,rshift,336,1
oroszlánfóka,1,blue,dot,1,4,no,lshift,306,1
oroszlánfóka,1,red,dot,1,9,no,rshift,316,1
oroszlánfóka,1,blue,dot,1,3,no,lshift,297,1
oroszlánfóka,1,red,dot,1,9,no,rshift,349,1
oroszlánfóka,1,blue,dot,1,1,no,lshift,233,1
oroszlánfóka,1,red,dot,1,9,no,rshift,340,1
oroszlánfóka,1,red,dot,1,1,no,rshift,368,1
oroszlánfóka,1,blue,dot,1,4,no,lshift,302,1
oroszlánfóka,1,blue,dot,0,9,no,rshift,299,1
oroszlánfóka,1,red,dot,1,7,no,rshift,327,1
oroszlánfóka,1,red,dot,1,8,no,rshift,393,1
oroszlánfóka,1,blue,dot,1,8,no,lshift,307,1
oroszlánfóka,1,blue,dot,1,6,no,lshift,307,1
oroszlánfóka,1,red,dot,1,6,no,rshift,439,1
oroszlánfóka,1,red,dot,1,3,no,rshift,369,1
oroszlánfóka,1,red,dot,1,4,no,rshift,383,1
oroszlánfóka,1,red,dot,1,8,no,rshift,346,1
oroszlánfóka,1,red,dot,1,7,no,rshift,328,1
oroszlánfóka,1,red,dot,1,6,no,rshift,388,1
oroszlánfóka,1,red,dot,1,8,no,rshift,336,1
oroszlánfóka,1,red,dot,1,3,no,rshift,307,1
oroszlánfóka,1,blue,dot,1,9,no,lshift,461,1
oroszlánfóka,1,red,dot,1,4,no,rshift,341,1
oroszlánfóka,1,red,dot,1,7,no,rshift,543,1
oroszlánfóka,1,blue,dot,1,9,no,lshift,340,1
oroszlánfóka,1,blue,dot,1,2,no,lshift,444,1
oroszlánfóka,1,blue,dot,1,4,no,lshift,331,1
oroszlánfóka,1,blue,dot,1,3,no,lshift,375,1
oroszlánfóka,1,blue,dot,1,4,no,lshift,374,1
oroszlánfóka,1,blue,dot,1,4,no,lshift,1904,1
oroszlánfóka,1,red,dot,1,6,no,rshift,322,1
oroszlánfóka,1,red,dot,1,4,no,rshift,328,1
oroszlánfóka,1,blue,dot,1,1,no,lshift,424,1
oroszlánfóka,1,blue,dot,1,6,no,lshift,333,1
oroszlánfóka,1,red,dot,1,9,no,rshift,434,1
oroszlánfóka,1,blue,dot,1,3,no,lshift,308,1
oroszlánfóka,1,red,dot,1,2,no,rshift,325,1
oroszlánfóka,1,red,dot,1,3,no,rshift,381,1
oroszlánfóka,1,red,dot,1,8,no,rshift,318,1
oroszlánfóka,1,red,dot,1,7,no,rshift,294,1
oroszlánfóka,1,red,dot,1,7,no,rshift,258,1
oroszlánfóka,1,red,dot,1,2,no,rshift,2633,1
oroszlánfóka,1,red,dot,1,2,no,rshift,293,1
oroszlánfóka,1,blue,dot,1,6,no,lshift,329,1
oroszlánfóka,1,blue,dot,1,3,no,lshift,483,1
oroszlánfóka,1,red,dot,1,1,no,rshift,374,1
oroszlánfóka,1,blue,dot,1,7,no,lshift,327,1
oroszlánfóka,1,red,dot,1,8,no,rshift,250,1
oroszlánfóka,1,red,dot,1,1,no,rshift,343,1
oroszlánfóka,1,blue,dot,0,8,no,rshift,229,1
oroszlánfóka,1,blue,dot,1,7,no,lshift,316,1
oroszlánfóka,1,red,dot,1,3,no,rshift,342,1
oroszlánfóka,1,blue,dot,1,3,no,lshift,271,1
oroszlánfóka,1,red,dot,1,1,no,rshift,321,1
oroszlánfóka,1,blue,dot,1,1,no,lshift,264,1
oroszlánfóka,1,blue,dot,1,3,no,lshift,346,1
oroszlánfóka,1,blue,dot,0,4,no,rshift,277,1
oroszlánfóka,1,blue,dot,1,8,no,lshift,324,1
oroszlánfóka,1,red,dot,1,1,no,rshift,306,1
oroszlánfóka,1,blue,dot,1,4,no,lshift,321,1
oroszlánfóka,1,blue,dot,1,7,no,lshift,302,1
oroszlánfóka,1,red,dot,1,7,no,rshift,368,1
oroszlánfóka,1,red,dot,1,4,no,rshift,368,1
oroszlánfóka,1,blue,dot,1,6,no,lshift,301,1
oroszlánfóka,1,blue,dot,1,2,no,lshift,358,1
oroszlánfóka,1,red,dot,1,3,no,rshift,345,1
oroszlánfóka,1,red,dot,1,8,no,rshift,348,1
oroszlánfóka,1,red,dot,1,2,no,rshift,377,1
oroszlánfóka,1,red,dot,1,4,no,rshift,343,1
oroszlánfóka,1,red,dot,1,4,no,rshift,334,1
oroszlánfóka,1,red,dot,1,8,no,rshift,1987,1
oroszlánfóka,1,blue,dot,1,7,no,lshift,368,1
oroszlánfóka,1,blue,dot,1,6,no,lshift,276,1
oroszlánfóka,1,blue,dot,1,8,no,lshift,359,1
oroszlánfóka,1,blue,dot,1,3,no,lshift,338,1
oroszlánfóka,1,red,dot,1,9,no,rshift,329,1
oroszlánfóka,1,red,dot,1,6,no,rshift,341,1
oroszlánfóka,1,red,dot,1,3,no,rshift,344,1
oroszlánfóka,1,red,dot,1,6,no,rshift,330,1
oroszlánfóka,1,red,dot,1,3,no,rshift,766,1
oroszlánfóka,1,red,dot,1,1,no,rshift,347,1
oroszlánfóka,1,blue,dot,1,9,no,lshift,390,1
oroszlánfóka,1,blue,dot,1,2,no,lshift,324,1
oroszlánfóka,1,red,dot,1,3,no,rshift,305,1
oroszlánfóka,1,blue,dot,1,3,no,lshift,349,1
oroszlánfóka,1,red,dot,1,2,no,rshift,348,1
oroszlánfóka,1,blue,dot,1,2,no,lshift,291,1
oroszlánfóka,1,red,dot,1,6,no,rshift,336,1
oroszlánfóka,1,blue,dot,1,3,no,lshift,332,1
oroszlánfóka,1,red,dot,1,9,no,rshift,317,1
oroszlánfóka,1,red,dot,1,2,no,rshift,380,1
oroszlánfóka,1,blue,dot,1,2,no,lshift,367,1
oroszlánfóka,1,red,dot,1,6,no,rshift,333,1
oroszlánfóka,1,red,dot,1,4,no,rshift,356,1
oroszlánfóka,1,blue,dot,1,6,no,lshift,359,1
oroszlánfóka,1,blue,dot,0,2,no,rshift,266,1
oroszlánfóka,1,blue,dot,1,7,no,lshift,364,1
oroszlánfóka,1,blue,dot,1,7,no,lshift,411,1
oroszlánfóka,1,red,dot,1,6,no,rshift,321,1
oroszlánfóka,1,red,dot,1,8,no,rshift,398,1
oroszlánfóka,1,blue,dot,1,1,no,lshift,330,1
oroszlánfóka,1,blue,dot,1,9,no,lshift,374,1
oroszlánfóka,1,red,dot,1,7,no,rshift,343,1
oroszlánfóka,1,blue,dot,1,9,no,lshift,295,1
oroszlánfóka,1,red,dot,1,3,no,rshift,448,1
oroszlánfóka,1,red,dot,1,7,no,rshift,359,1
oroszlánfóka,1,blue,dot,0,1,no,rshift,331,1
oroszlánfóka,2,red,dot,1,6,no,rshift,867,1
oroszlánfóka,2,red,dot,1,4,no,rshift,361,1
oroszlánfóka,2,blue,dot,1,9,no,lshift,341,1
oroszlánfóka,2,blue,dot,1,7,no,lshift,343,1
oroszlánfóka,2,blue,dot,1,4,no,lshift,369,1
oroszlánfóka,2,blue,dot,0,4,no,rshift,463,1
oroszlánfóka,2,red,dot,1,4,no,rshift,379,1
oroszlánfóka,2,blue,dot,1,2,no,lshift,284,1
oroszlánfóka,2,red,dot,1,3,no,rshift,333,1
oroszlánfóka,2,blue,dot,1,1,no,lshift,288,1
oroszlánfóka,2,blue,dot,1,7,no,lshift,345,1
oroszlánfóka,2,blue,dot,1,6,no,lshift,395,1
oroszlánfóka,2,blue,dot,1,4,no,lshift,324,1
oroszlánfóka,2,red,dot,1,2,no,rshift,286,1
oroszlánfóka,2,blue,dot,1,9,no,lshift,356,1
oroszlánfóka,2,red,dot,1,4,no,rshift,335,1
oroszlánfóka,2,red,dot,0,2,no,lshift,266,1
oroszlánfóka,2,red,dot,1,3,no,rshift,337,1
oroszlánfóka,2,blue,dot,1,6,no,lshift,329,1
oroszlánfóka,2,red,dot,1,9,no,rshift,477,1
oroszlánfóka,2,blue,dot,1,3,no,lshift,358,1
oroszlánfóka,2,blue,dot,1,2,no,lshift,357,1
oroszlánfóka,2,red,dot,1,3,no,rshift,352,1
oroszlánfóka,2,red,dot,1,9,no,rshift,326,1
oroszlánfóka,2,red,dot,1,3,no,rshift,314,1
oroszlánfóka,2,blue,dot,1,6,no,lshift,346,1
oroszlánfóka,2,blue,dot,1,7,no,lshift,321,1
oroszlánfóka,2,blue,dot,1,7,no,lshift,378,1
oroszlánfóka,2,blue,dot,1,3,no,lshift,400,1
oroszlánfóka,2,blue,dot,1,6,no,lshift,343,1
oroszlánfóka,2,red,dot,1,4,no,rshift,8558,1
oroszlánfóka,2,blue,dot,1,4,no,lshift,359,1
oroszlánfóka,2,blue,dot,1,4,no,lshift,365,1
oroszlánfóka,2,blue,dot,1,6,no,lshift,547,1
oroszlánfóka,2,red,dot,1,3,no,rshift,247,1
oroszlánfóka,2,blue,dot,1,8,no,lshift,396,1
oroszlánfóka,2,blue,dot,0,2,no,rshift,308,1
oroszlánfóka,2,blue,dot,1,1,no,lshift,316,1
oroszlánfóka,2,blue,dot,1,3,no,lshift,410,1
oroszlánfóka,2,red,dot,1,9,no,rshift,267,1
oroszlánfóka,2,red,dot,1,7,no,rshift,391,1
oroszlánfóka,2,red,dot,1,6,no,rshift,371,1
oroszlánfóka,2,red,dot,1,6,no,rshift,349,1
oroszlánfóka,2,red,dot,1,8,no,rshift,371,1
oroszlánfóka,2,blue,dot,1,2,no,lshift,1195,1
oroszlánfóka,2,blue,dot,1,8,no,lshift,308,1
oroszlánfóka,2,red,dot,1,4,no,rshift,359,1
oroszlánfóka,2,red,dot,1,1,no,rshift,346,1
oroszlánfóka,2,red,dot,1,9,no,rshift,329,1
oroszlánfóka,2,red,dot,1,4,no,rshift,315,1
oroszlánfóka,2,blue,dot,0,8,no,rshift,282,1
oroszlánfóka,2,blue,dot,1,9,no,lshift,602,1
oroszlánfóka,2,red,dot,1,6,no,rshift,330,1
oroszlánfóka,2,red,dot,1,7,no,rshift,364,1
oroszlánfóka,2,blue,dot,1,1,no,lshift,287,1
oroszlánfóka,2,red,dot,1,2,no,rshift,345,1
oroszlánfóka,2,blue,dot,1,6,no,lshift,284,1
oroszlánfóka,2,blue,dot,1,8,no,lshift,330,1
oroszlánfóka,2,red,dot,1,6,no,rshift,362,1
oroszlánfóka,2,red,dot,1,8,no,rshift,396,1
oroszlánfóka,2,blue,dot,1,8,no,lshift,374,1
oroszlánfóka,2,blue,dot,1,9,no,lshift,349,1
oroszlánfóka,2,red,dot,1,6,no,rshift,357,1
oroszlánfóka,2,blue,dot,1,9,no,lshift,293,1
oroszlánfóka,2,blue,dot,1,2,no,lshift,579,1
oroszlánfóka,2,red,dot,1,8,no,rshift,315,1
oroszlánfóka,2,red,dot,1,4,no,rshift,401,1
oroszlánfóka,2,red,dot,1,8,no,rshift,437,1
oroszlánfóka,2,red,dot,1,7,no,rshift,433,1
oroszlánfóka,2,blue,dot,1,1,no,lshift,292,1
oroszlánfóka,2,red,dot,1,7,no,rshift,327,1
oroszlánfóka,2,blue,dot,1,2,no,lshift,386,1
oroszlánfóka,2,red,dot,1,1,no,rshift,498,1
oroszlánfóka,2,blue,dot,1,1,no,lshift,319,1
oroszlánfóka,2,red,dot,1,1,no,rshift,395,1
oroszlánfóka,2,blue,dot,1,3,no,lshift,372,1
oroszlánfóka,2,red,dot,1,2,no,rshift,363,1
oroszlánfóka,2,red,dot,1,2,no,rshift,334,1
oroszlánfóka,2,red,dot,1,6,no,rshift,359,1
oroszlánfóka,2,red,dot,1,9,no,rshift,386,1
oroszlánfóka,2,red,dot,1,2,no,rshift,340,1
oroszlánfóka,2,red,dot,1,3,no,rshift,755,1
oroszlánfóka,2,red,dot,1,8,no,rshift,343,1
oroszlánfóka,2,red,dot,1,9,no,rshift,387,1
oroszlánfóka,2,red,dot,1,1,no,rshift,359,1
oroszlánfóka,2,blue,dot,1,9,no,lshift,399,1
oroszlánfóka,2,red,dot,1,7,no,rshift,439,1
oroszlánfóka,2,blue,dot,1,1,no,lshift,371,1
oroszlánfóka,2,red,dot,1,9,no,rshift,295,1
oroszlánfóka,2,red,dot,1,1,no,rshift,325,1
oroszlánfóka,2,red,dot,0,9,no,lshift,354,1
oroszlánfóka,2,red,dot,1,6,no,rshift,338,1
oroszlánfóka,2,blue,dot,1,3,no,lshift,317,1
oroszlánfóka,2,red,dot,1,1,no,rshift,341,1
oroszlánfóka,2,red,dot,1,7,no,rshift,368,1
oroszlánfóka,2,blue,dot,0,7,no,rshift,352,1
oroszlánfóka,2,blue,dot,1,6,no,lshift,354,1
oroszlánfóka,2,blue,dot,1,1,no,lshift,335,1
oroszlánfóka,2,blue,dot,1,4,no,lshift,431,1
oroszlánfóka,2,red,dot,1,9,no,rshift,341,1
oroszlánfóka,2,red,dot,1,6,no,rshift,391,1
oroszlánfóka,2,red,dot,1,7,no,rshift,387,1
oroszlánfóka,2,blue,dot,1,3,no,lshift,353,1
oroszlánfóka,2,red,dot,1,7,no,rshift,411,1
oroszlánfóka,2,red,dot,1,1,no,rshift,373,1
oroszlánfóka,2,red,dot,1,3,no,rshift,367,1
oroszlánfóka,2,red,dot,1,8,no,rshift,638,1
oroszlánfóka,2,red,dot,1,4,no,rshift,365,1
oroszlánfóka,2,blue,dot,1,9,no,lshift,1355,1
oroszlánfóka,2,blue,dot,1,9,no,lshift,333,1
oroszlánfóka,2,blue,dot,1,9,no,lshift,314,1
oroszlánfóka,2,blue,dot,1,4,no,lshift,276,1
oroszlánfóka,2,blue,dot,1,1,no,lshift,331,1
oroszlánfóka,2,blue,dot,1,7,no,lshift,498,1
oroszlánfóka,2,red,dot,1,8,no,rshift,456,1
oroszlánfóka,2,blue,dot,1,3,no,lshift,376,1
oroszlánfóka,2,blue,dot,1,7,no,lshift,325,1
oroszlánfóka,2,red,dot,1,7,no,rshift,364,1
oroszlánfóka,2,blue,dot,1,2,no,lshift,469,1
oroszlánfóka,2,blue,dot,1,2,no,lshift,376,1
oroszlánfóka,2,red,dot,1,7,no,rshift,386,1
oroszlánfóka,2,blue,dot,1,8,no,lshift,284,1
oroszlánfóka,2,red,dot,1,4,no,rshift,358,1
oroszlánfóka,2,red,dot,1,2,no,rshift,387,1
oroszlánfóka,2,blue,dot,1,6,no,lshift,372,1
oroszlánfóka,2,blue,dot,1,7,no,lshift,359,1
oroszlánfóka,2,red,dot,1,3,no,rshift,329,1
oroszlánfóka,2,blue,dot,1,8,no,lshift,341,1
oroszlánfóka,2,blue,dot,1,7,no,lshift,325,1
oroszlánfóka,2,blue,dot,1,2,no,lshift,313,1
oroszlánfóka,2,blue,dot,1,4,no,lshift,326,1
oroszlánfóka,2,red,dot,1,8,no,rshift,357,1
oroszlánfóka,2,red,dot,1,2,no,rshift,424,1
oroszlánfóka,2,blue,dot,1,6,no,lshift,583,1
oroszlánfóka,2,red,dot,1,8,no,rshift,404,1
oroszlánfóka,2,red,dot,1,6,no,rshift,378,1
oroszlánfóka,2,red,dot,0,1,no,lshift,330,1
oroszlánfóka,2,red,dot,1,1,no,rshift,375,1
oroszlánfóka,2,blue,dot,1,9,no,lshift,305,1
oroszlánfóka,2,red,dot,1,4,no,rshift,373,1
oroszlánfóka,2,blue,dot,1,8,no,lshift,333,1
oroszlánfóka,2,blue,dot,1,1,no,lshift,356,1
oroszlánfóka,2,blue,dot,0,4,no,rshift,300,1
oroszlánfóka,2,blue,dot,1,3,no,lshift,320,1
oroszlánfóka,2,blue,dot,1,3,no,lshift,367,1
oroszlánfóka,2,blue,dot,1,6,no,lshift,268,1
oroszlánfóka,2,blue,dot,1,8,no,lshift,373,1
oroszlánfóka,2,blue,dot,1,4,no,lshift,401,1
oroszlánfóka,2,blue,dot,1,2,no,lshift,897,1
oroszlánfóka,2,blue,dot,1,7,no,lshift,378,1
oroszlánfóka,2,blue,dot,1,8,no,lshift,277,1
oroszlánfóka,2,red,dot,1,1,no,rshift,396,1
oroszlánfóka,2,blue,dot,1,1,no,lshift,334,1
oroszlánfóka,2,red,dot,1,2,no,rshift,381,1
oroszlánfóka,2,blue,dot,1,3,no,lshift,327,1
oroszlánfóka,2,red,dot,1,2,no,rshift,329,1
oroszlánfóka,2,red,dot,1,3,no,rshift,591,1
oroszlánfóka,2,red,dot,1,9,no,rshift,356,1
oroszlánfóka,2,red,dot,1,3,no,rshift,422,1
oroszlánfóka,2,red,dot,1,8,no,rshift,463,1
oroszlánfóka,3,red,dot,1,6,no,rshift,588,1
oroszlánfóka,3,blue,dot,1,2,no,lshift,657,1
oroszlánfóka,3,blue,dot,1,1,no,lshift,668,1
oroszlánfóka,3,red,dot,1,4,no,rshift,728,1
oroszlánfóka,3,red,dot,1,9,no,rshift,743,1
oroszlánfóka,3,blue,dot,1,2,no,lshift,698,1
oroszlánfóka,3,red,dot,1,7,no,rshift,358,1
oroszlánfóka,3,red,dot,1,1,no,rshift,673,1
oroszlánfóka,3,blue,dot,1,8,no,lshift,927,1
oroszlánfóka,3,blue,dot,1,7,no,lshift,839,1
oroszlánfóka,3,blue,dot,1,1,no,lshift,323,1
oroszlánfóka,3,red,dot,1,8,no,rshift,376,1
oroszlánfóka,3,blue,dot,1,2,no,lshift,870,1
oroszlánfóka,3,red,dot,1,2,no,rshift,446,1
oroszlánfóka,3,red,dot,1,1,no,rshift,340,1
oroszlánfóka,3,red,dot,1,9,no,rshift,456,1
oroszlánfóka,3,red,dot,1,2,no,rshift,390,1
oroszlánfóka,3,red,dot,1,4,no,rshift,349,1
oroszlánfóka,3,red,dot,1,4,no,rshift,2608,1
oroszlánfóka,3,blue,dot,1,7,no,lshift,675,1
oroszlánfóka,3,blue,dot,1,2,no,lshift,366,1
oroszlánfóka,3,blue,dot,1,3,no,lshift,365,1
oroszlánfóka,3,blue,dot,1,9,no,lshift,643,1
oroszlánfóka,3,red,dot,1,7,no,rshift,385,1
oroszlánfóka,3,red,dot,0,8,no,lshift,309,1
oroszlánfóka,3,blue,dot,1,9,no,lshift,758,1
oroszlánfóka,3,blue,dot,1,4,no,lshift,352,1
oroszlánfóka,3,blue,dot,1,8,no,lshift,390,1
oroszlánfóka,3,red,dot,1,6,no,rshift,325,1
oroszlánfóka,3,blue,dot,1,4,no,lshift,855,1
oroszlánfóka,3,red,dot,1,6,no,rshift,610,1
oroszlánfóka,3,blue,dot,1,8,no,lshift,322,1
oroszlánfóka,3,blue,dot,1,7,no,lshift,317,1
oroszlánfóka,3,red,dot,1,9,no,rshift,357,1
oroszlánfóka,3,blue,dot,1,4,no,lshift,385,1
oroszlánfóka,3,red,dot,1,6,no,rshift,337,1
oroszlánfóka,3,blue,dot,1,9,no,lshift,404,1
oroszlánfóka,3,blue,dot,1,7,no,lshift,338,1
oroszlánfóka,3,blue,dot,1,4,no,lshift,363,1
oroszlánfóka,3,blue,dot,1,3,no,lshift,314,1
oroszlánfóka,3,red,dot,1,1,no,rshift,399,1
oroszlánfóka,3,blue,dot,1,1,no,lshift,388,1
oroszlánfóka,3,red,dot,1,7,no,rshift,366,1
oroszlánfóka,3,red,dot,1,6,no,rshift,552,1
oroszlánfóka,3,blue,dot,1,6,no,lshift,402,1
oroszlánfóka,3,red,dot,1,3,no,rshift,555,1
oroszlánfóka,3,red,dot,1,9,no,rshift,994,1
oroszlánfóka,3,red,dot,1,7,no,rshift,374,1
oroszlánfóka,3,red,dot,1,1,no,rshift,420,1
oroszlánfóka,3,blue,dot,1,8,no,lshift,365,1
oroszlánfóka,3,red,dot,1,1,no,rshift,545,1
oroszlánfóka,3,blue,dot,1,6,no,lshift,367,1
oroszlánfóka,3,blue,dot,1,9,no,lshift,369,1
oroszlánfóka,3,red,dot,1,2,no,rshift,332,1
oroszlánfóka,3,blue,dot,1,8,no,lshift,458,1
oroszlánfóka,3,red,dot,1,2,no,rshift,394,1
oroszlánfóka,3,blue,dot,1,6,no,lshift,390,1
oroszlánfóka,3,blue,dot,1,7,no,lshift,437,1
oroszlánfóka,3,red,dot,1,9,no,rshift,389,1
oroszlánfóka,3,blue,dot,1,1,no,lshift,347,1
oroszlánfóka,3,red,dot,1,9,no,rshift,341,1
oroszlánfóka,3,blue,dot,1,8,no,lshift,360,1
oroszlánfóka,3,red,dot,1,9,no,rshift,295,1
oroszlánfóka,3,blue,dot,1,9,no,lshift,315,1
oroszlánfóka,3,red,dot,1,2,no,rshift,370,1
oroszlánfóka,3,blue,dot,1,6,no,lshift,713,1
oroszlánfóka,3,blue,dot,1,4,no,lshift,712,1
oroszlánfóka,3,red,dot,1,1,no,rshift,639,1
oroszlánfóka,3,blue,dot,1,6,no,lshift,742,1
oroszlánfóka,3,blue,dot,1,3,no,lshift,738,1
oroszlánfóka,3,blue,dot,1,3,no,lshift,707,1
oroszlánfóka,3,blue,dot,1,2,no,lshift,600,1
oroszlánfóka,3,red,dot,1,8,no,rshift,519,1
oroszlánfóka,3,blue,dot,1,1,no,lshift,829,1
oroszlánfóka,3,blue,dot,1,3,no,lshift,513,1
oroszlánfóka,3,blue,dot,1,1,no,lshift,2343,1
oroszlánfóka,3,blue,dot,1,8,no,lshift,419,1
oroszlánfóka,3,blue,dot,1,6,no,lshift,375,1
oroszlánfóka,3,blue,dot,1,3,no,lshift,1227,1
oroszlánfóka,3,red,dot,1,2,no,rshift,364,1
oroszlánfóka,3,red,dot,1,1,no,rshift,372,1
oroszlánfóka,3,blue,dot,0,7,no,rshift,438,1
oroszlánfóka,3,red,dot,1,8,no,rshift,405,1
oroszlánfóka,3,blue,dot,1,9,no,lshift,378,1
oroszlánfóka,3,blue,dot,1,8,no,lshift,660,1
oroszlánfóka,3,red,dot,1,3,no,rshift,674,1
oroszlánfóka,3,red,dot,1,2,no,rshift,654,1
oroszlánfóka,3,blue,dot,1,7,no,lshift,560,1
oroszlánfóka,3,blue,dot,1,7,no,lshift,348,1
oroszlánfóka,3,blue,dot,1,4,no,lshift,358,1
oroszlánfóka,3,blue,dot,1,6,no,lshift,511,1
oroszlánfóka,3,blue,dot,1,2,no,lshift,329,1
oroszlánfóka,3,blue,dot,1,4,no,lshift,518,1
oroszlánfóka,3,blue,dot,1,3,no,lshift,808,1
oroszlánfóka,3,red,dot,1,3,no,rshift,409,1
oroszlánfóka,3,blue,dot,1,9,no,lshift,379,1
oroszlánfóka,3,blue,dot,1,9,no,lshift,395,1
oroszlánfóka,3,red,dot,1,4,no,rshift,374,1
oroszlánfóka,3,red,dot,1,7,no,rshift,350,1
oroszlánfóka,3,red,dot,1,6,no,rshift,439,1
oroszlánfóka,3,blue,dot,1,8,no,lshift,382,1
oroszlánfóka,3,blue,dot,1,3,no,lshift,328,1
oroszlánfóka,3,blue,dot,1,4,no,lshift,349,1
oroszlánfóka,3,blue,dot,1,4,no,lshift,363,1
oroszlánfóka,3,red,dot,1,4,no,rshift,352,1
oroszlánfóka,3,red,dot,1,4,no,rshift,342,1
oroszlánfóka,3,red,dot,1,1,no,rshift,379,1
oroszlánfóka,3,red,dot,1,6,no,rshift,294,1
oroszlánfóka,3,blue,dot,1,1,no,lshift,336,1
oroszlánfóka,3,red,dot,1,3,no,rshift,406,1
oroszlánfóka,3,blue,dot,1,3,no,lshift,430,1
oroszlánfóka,3,blue,dot,1,6,no,lshift,823,1
oroszlánfóka,3,blue,dot,1,9,no,lshift,661,1
oroszlánfóka,3,red,dot,1,9,no,rshift,361,1
oroszlánfóka,3,blue,dot,1,6,no,lshift,424,1
oroszlánfóka,3,red,dot,1,3,no,rshift,370,1
oroszlánfóka,3,red,dot,1,1,no,rshift,311,1
oroszlánfóka,3,blue,dot,1,2,no,lshift,364,1
oroszlánfóka,3,red,dot,1,2,no,rshift,371,1
oroszlánfóka,3,red,dot,0,4,no,lshift,390,1
oroszlánfóka,3,red,dot,1,3,no,rshift,382,1
oroszlánfóka,3,red,dot,1,4,no,rshift,917,1
oroszlánfóka,3,red,dot,1,8,no,rshift,441,1
oroszlánfóka,3,red,dot,1,9,no,rshift,372,1
oroszlánfóka,3,red,dot,1,6,no,rshift,1774,1
oroszlánfóka,3,red,dot,1,4,no,rshift,330,1
oroszlánfóka,3,red,dot,1,3,no,rshift,356,1
oroszlánfóka,3,red,dot,1,2,no,rshift,401,1
oroszlánfóka,3,red,dot,1,2,no,rshift,960,1
oroszlánfóka,3,blue,dot,1,2,no,lshift,764,1
oroszlánfóka,3,red,dot,1,8,no,rshift,594,1
oroszlánfóka,3,blue,dot,1,6,no,lshift,774,1
oroszlánfóka,3,blue,dot,1,8,no,lshift,391,1
oroszlánfóka,3,red,dot,1,7,no,rshift,474,1
oroszlánfóka,3,blue,dot,1,2,no,lshift,396,1
oroszlánfóka,3,red,dot,0,9,no,lshift,350,1
oroszlánfóka,3,red,dot,0,7,no,lshift,356,1
oroszlánfóka,3,blue,dot,1,7,no,lshift,390,1
oroszlánfóka,3,red,dot,1,7,no,rshift,376,1
oroszlánfóka,3,blue,dot,1,1,no,lshift,381,1
oroszlánfóka,3,red,dot,1,7,no,rshift,417,1
oroszlánfóka,3,blue,dot,1,2,no,lshift,444,1
oroszlánfóka,3,red,dot,1,8,no,rshift,663,1
oroszlánfóka,3,red,dot,1,6,no,rshift,421,1
oroszlánfóka,3,red,dot,1,8,no,rshift,589,1
oroszlánfóka,3,blue,dot,1,1,no,lshift,436,1
oroszlánfóka,3,red,dot,1,6,no,rshift,378,1
oroszlánfóka,3,blue,dot,1,9,no,lshift,650,1
oroszlánfóka,3,red,dot,1,8,no,rshift,378,1
oroszlánfóka,3,red,dot,1,1,no,rshift,393,1
oroszlánfóka,3,blue,dot,1,3,no,lshift,347,1
oroszlánfóka,3,red,dot,1,3,no,rshift,388,1
oroszlánfóka,3,blue,dot,1,1,no,lshift,341,1
oroszlánfóka,3,blue,dot,1,7,no,lshift,330,1
oroszlánfóka,3,red,dot,1,3,no,rshift,340,1
oroszlánfóka,3,red,dot,1,4,no,rshift,496,1
oroszlánfóka,3,red,dot,1,3,no,rshift,367,1
oroszlánfóka,3,red,dot,1,7,no,rshift,375,1
oroszlánfóka,3,blue,dot,1,4,no,lshift,355,1
oroszlánfóka,3,red,dot,1,8,no,rshift,358,1
oroszlánfóka,0,blue,arab,1,1,yes,lshift,945,1
oroszlánfóka,0,blue,arab,1,6,yes,lshift,383,1
oroszlánfóka,0,red,arab,1,1,yes,rshift,421,1
oroszlánfóka,0,blue,arab,1,4,yes,lshift,385,1
oroszlánfóka,0,red,arab,1,9,yes,rshift,558,1
oroszlánfóka,0,red,arab,1,4,yes,rshift,368,1
oroszlánfóka,0,red,arab,1,8,yes,rshift,530,1
oroszlánfóka,0,red,arab,0,6,yes,lshift,439,1
oroszlánfóka,0,blue,arab,1,3,yes,lshift,329,1
oroszlánfóka,0,blue,arab,0,9,yes,rshift,363,1
oroszlánfóka,0,blue,arab,1,2,yes,lshift,316,1
oroszlánfóka,0,blue,arab,1,8,yes,lshift,429,1
oroszlánfóka,0,red,arab,1,3,yes,rshift,441,1
oroszlánfóka,0,red,arab,1,7,yes,rshift,373,1
oroszlánfóka,0,red,arab,1,2,yes,rshift,420,1
oroszlánfóka,0,blue,arab,1,7,yes,lshift,362,1
oroszlánfóka,1,blue,arab,1,7,no,lshift,1347,1
oroszlánfóka,1,blue,arab,1,2,no,lshift,321,1
oroszlánfóka,1,red,arab,1,6,no,rshift,312,1
oroszlánfóka,1,blue,arab,0,6,no,rshift,303,1
oroszlánfóka,1,blue,arab,1,4,no,lshift,339,1
oroszlánfóka,1,red,arab,1,8,no,rshift,522,1
oroszlánfóka,1,blue,arab,1,6,no,lshift,318,1
oroszlánfóka,1,red,arab,1,3,no,rshift,385,1
oroszlánfóka,1,blue,arab,1,8,no,lshift,367,1
oroszlánfóka,1,blue,arab,1,2,no,lshift,371,1
oroszlánfóka,1,blue,arab,1,8,no,lshift,338,1
oroszlánfóka,1,blue,arab,1,1,no,lshift,380,1
oroszlánfóka,1,red,arab,1,8,no,rshift,338,1
oroszlánfóka,1,red,arab,1,7,no,rshift,435,1
oroszlánfóka,1,red,arab,1,8,no,rshift,336,1
oroszlánfóka,1,blue,arab,1,6,no,lshift,382,1
oroszlánfóka,1,red,arab,1,9,no,rshift,375,1
oroszlánfóka,1,red,arab,1,9,no,rshift,359,1
oroszlánfóka,1,blue,arab,1,2,no,lshift,334,1
oroszlánfóka,1,red,arab,1,3,no,rshift,391,1
oroszlánfóka,1,blue,arab,1,6,no,lshift,457,1
oroszlánfóka,1,red,arab,1,6,no,rshift,378,1
oroszlánfóka,1,blue,arab,1,8,no,lshift,353,1
oroszlánfóka,1,red,arab,1,3,no,rshift,414,1
oroszlánfóka,1,blue,arab,1,8,no,lshift,510,1
oroszlánfóka,1,blue,arab,1,1,no,lshift,513,1
oroszlánfóka,1,blue,arab,1,2,no,lshift,381,1
oroszlánfóka,1,red,arab,1,3,no,rshift,444,1
oroszlánfóka,1,blue,arab,1,7,no,lshift,431,1
oroszlánfóka,1,red,arab,1,7,no,rshift,464,1
oroszlánfóka,1,blue,arab,1,3,no,lshift,519,1
oroszlánfóka,1,blue,arab,0,9,no,rshift,467,1
oroszlánfóka,1,blue,arab,1,2,no,lshift,487,1
oroszlánfóka,1,blue,arab,1,2,no,lshift,281,1
oroszlánfóka,1,red,arab,1,7,no,rshift,771,1
oroszlánfóka,1,red,arab,0,2,no,lshift,438,1
oroszlánfóka,1,blue,arab,1,6,no,lshift,371,1
oroszlánfóka,1,red,arab,1,2,no,rshift,1048,1
oroszlánfóka,1,red,arab,1,7,no,rshift,368,1
oroszlánfóka,1,red,arab,1,2,no,rshift,418,1
oroszlánfóka,1,red,arab,1,7,no,rshift,431,1
oroszlánfóka,1,blue,arab,1,3,no,lshift,536,1
oroszlánfóka,1,red,arab,1,7,no,rshift,477,1
oroszlánfóka,1,red,arab,1,3,no,rshift,363,1
oroszlánfóka,1,red,arab,1,3,no,rshift,353,1
oroszlánfóka,1,red,arab,1,4,no,rshift,446,1
oroszlánfóka,1,red,arab,1,7,no,rshift,337,1
oroszlánfóka,1,blue,arab,1,4,no,lshift,2228,1
oroszlánfóka,1,red,arab,1,1,no,rshift,425,1
oroszlánfóka,1,red,arab,1,1,no,rshift,474,1
oroszlánfóka,1,blue,arab,1,9,no,lshift,499,1
oroszlánfóka,1,blue,arab,0,3,no,rshift,354,1
oroszlánfóka,1,blue,arab,1,6,no,lshift,390,1
oroszlánfóka,1,blue,arab,1,6,no,lshift,389,1
oroszlánfóka,1,red,arab,1,2,no,rshift,359,1
oroszlánfóka,1,blue,arab,1,4,no,lshift,388,1
oroszlánfóka,1,red,arab,1,4,no,rshift,352,1
oroszlánfóka,1,blue,arab,1,9,no,lshift,393,1
oroszlánfóka,1,blue,arab,1,1,no,lshift,425,1
oroszlánfóka,1,blue,arab,1,1,no,lshift,450,1
oroszlánfóka,1,red,arab,1,9,no,rshift,500,1
oroszlánfóka,1,blue,arab,1,6,no,lshift,378,1
oroszlánfóka,1,red,arab,1,6,no,rshift,422,1
oroszlánfóka,1,blue,arab,1,4,no,lshift,492,1
oroszlánfóka,1,red,arab,0,4,no,lshift,636,1
oroszlánfóka,1,blue,arab,1,6,no,lshift,410,1
oroszlánfóka,1,blue,arab,1,3,no,lshift,390,1
oroszlánfóka,1,blue,arab,1,4,no,lshift,395,1
oroszlánfóka,1,blue,arab,1,9,no,lshift,719,1
oroszlánfóka,1,blue,arab,1,2,no,lshift,413,1
oroszlánfóka,1,red,arab,1,8,no,rshift,881,1
oroszlánfóka,1,red,arab,1,6,no,rshift,498,1
oroszlánfóka,1,blue,arab,1,9,no,lshift,391,1
oroszlánfóka,1,red,arab,1,4,no,rshift,388,1
oroszlánfóka,1,red,arab,0,2,no,lshift,345,1
oroszlánfóka,1,blue,arab,1,8,no,lshift,1221,1
oroszlánfóka,1,red,arab,1,9,no,rshift,476,1
oroszlánfóka,1,blue,arab,1,8,no,lshift,400,1
oroszlánfóka,1,blue,arab,1,1,no,lshift,317,1
oroszlánfóka,1,blue,arab,1,7,no,lshift,402,1
oroszlánfóka,1,blue,arab,1,9,no,lshift,386,1
oroszlánfóka,1,blue,arab,1,7,no,lshift,337,1
oroszlánfóka,1,red,arab,1,4,no,rshift,523,1
oroszlánfóka,1,red,arab,1,4,no,rshift,354,1
oroszlánfóka,1,red,arab,1,2,no,rshift,359,1
oroszlánfóka,1,blue,arab,1,1,no,lshift,343,1
oroszlánfóka,1,blue,arab,1,4,no,lshift,410,1
oroszlánfóka,1,red,arab,1,3,no,rshift,346,1
oroszlánfóka,1,blue,arab,1,3,no,lshift,600,1
oroszlánfóka,1,red,arab,1,9,no,rshift,382,1
oroszlánfóka,1,red,arab,1,2,no,rshift,511,1
oroszlánfóka,1,blue,arab,1,4,no,lshift,362,1
oroszlánfóka,1,red,arab,1,6,no,rshift,351,1
oroszlánfóka,1,red,arab,1,7,no,rshift,412,1
oroszlánfóka,1,blue,arab,1,4,no,lshift,423,1
oroszlánfóka,1,blue,arab,1,1,no,lshift,770,1
oroszlánfóka,1,blue,arab,1,8,no,lshift,386,1
oroszlánfóka,1,red,arab,1,8,no,rshift,352,1
oroszlánfóka,1,red,arab,1,1,no,rshift,412,1
oroszlánfóka,1,blue,arab,1,8,no,lshift,646,1
oroszlánfóka,1,blue,arab,1,7,no,lshift,343,1
oroszlánfóka,1,blue,arab,1,4,no,lshift,328,1
oroszlánfóka,1,red,arab,1,1,no,rshift,345,1
oroszlánfóka,1,blue,arab,1,6,no,lshift,317,1
oroszlánfóka,1,red,arab,1,9,no,rshift,697,1
oroszlánfóka,1,blue,arab,1,3,no,lshift,635,1
oroszlánfóka,1,blue,arab,1,3,no,lshift,423,1
oroszlánfóka,1,red,arab,1,1,no,rshift,347,1
oroszlánfóka,1,red,arab,1,8,no,rshift,389,1
oroszlánfóka,1,blue,arab,1,7,no,lshift,348,1
oroszlánfóka,1,red,arab,1,3,no,rshift,473,1
oroszlánfóka,1,red,arab,1,7,no,rshift,363,1
oroszlánfóka,1,blue,arab,1,2,no,lshift,458,1
oroszlánfóka,1,red,arab,1,8,no,rshift,329,1
oroszlánfóka,1,blue,arab,1,8,no,lshift,461,1
oroszlánfóka,1,blue,arab,1,9,no,lshift,486,1
oroszlánfóka,1,blue,arab,1,7,no,lshift,334,1
oroszlánfóka,1,blue,arab,1,7,no,lshift,356,1
oroszlánfóka,1,red,arab,1,4,no,rshift,649,1
oroszlánfóka,1,red,arab,1,4,no,rshift,354,1
oroszlánfóka,1,blue,arab,1,9,no,lshift,379,1
oroszlánfóka,1,blue,arab,1,8,no,lshift,372,1
oroszlánfóka,1,red,arab,1,2,no,rshift,376,1
oroszlánfóka,1,red,arab,1,1,no,rshift,311,1
oroszlánfóka,1,red,arab,1,8,no,rshift,325,1
oroszlánfóka,1,blue,arab,1,1,no,lshift,388,1
oroszlánfóka,1,red,arab,1,4,no,rshift,392,1
oroszlánfóka,1,blue,arab,1,9,no,lshift,361,1
oroszlánfóka,1,red,arab,1,9,no,rshift,531,1
oroszlánfóka,1,red,arab,1,9,no,rshift,388,1
oroszlánfóka,1,blue,arab,1,7,no,lshift,365,1
oroszlánfóka,1,red,arab,1,2,no,rshift,347,1
oroszlánfóka,1,red,arab,1,8,no,rshift,339,1
oroszlánfóka,1,red,arab,1,6,no,rshift,567,1
oroszlánfóka,1,red,arab,1,1,no,rshift,474,1
oroszlánfóka,1,red,arab,1,6,no,rshift,365,1
oroszlánfóka,1,red,arab,1,1,no,rshift,1421,1
oroszlánfóka,1,red,arab,1,3,no,rshift,508,1
oroszlánfóka,1,blue,arab,1,3,no,lshift,416,1
oroszlánfóka,1,blue,arab,1,1,no,lshift,290,1
oroszlánfóka,1,red,arab,1,9,no,rshift,357,1
oroszlánfóka,1,red,arab,1,3,no,rshift,336,1
oroszlánfóka,1,red,arab,1,1,no,rshift,355,1
oroszlánfóka,1,red,arab,1,4,no,rshift,381,1
oroszlánfóka,1,blue,arab,1,1,no,lshift,368,1
oroszlánfóka,1,red,arab,1,6,no,rshift,655,1
oroszlánfóka,1,red,arab,1,7,no,rshift,380,1
oroszlánfóka,1,red,arab,1,6,no,rshift,345,1
oroszlánfóka,1,blue,arab,1,9,no,lshift,496,1
oroszlánfóka,1,red,arab,1,6,no,rshift,432,1
oroszlánfóka,1,blue,arab,1,3,no,lshift,348,1
oroszlánfóka,1,red,arab,1,9,no,rshift,150,1
oroszlánfóka,1,blue,arab,1,7,no,lshift,412,1
oroszlánfóka,1,red,arab,1,2,no,rshift,402,1
oroszlánfóka,1,red,arab,1,8,no,rshift,423,1
oroszlánfóka,1,red,arab,1,1,no,rshift,374,1
oroszlánfóka,1,blue,arab,1,2,no,lshift,441,1
oroszlánfóka,1,blue,arab,1,2,no,lshift,365,1
oroszlánfóka,1,blue,arab,1,4,no,lshift,411,1
oroszlánfóka,1,blue,arab,1,3,no,lshift,561,1
oroszlánfóka,2,red,arab,1,7,no,rshift,601,1
oroszlánfóka,2,blue,arab,1,6,no,lshift,726,1
oroszlánfóka,2,blue,arab,1,9,no,lshift,680,1
oroszlánfóka,2,red,arab,1,4,no,rshift,648,1
oroszlánfóka,2,red,arab,1,9,no,rshift,855,1
oroszlánfóka,2,red,arab,1,6,no,rshift,494,1
oroszlánfóka,2,red,arab,1,7,no,rshift,443,1
oroszlánfóka,2,blue,arab,1,6,no,lshift,342,1
oroszlánfóka,2,blue,arab,0,8,no,rshift,353,1
oroszlánfóka,2,red,arab,1,6,no,rshift,424,1
oroszlánfóka,2,red,arab,1,8,no,rshift,320,1
oroszlánfóka,2,red,arab,0,1,no,lshift,327,1
oroszlánfóka,2,blue,arab,1,4,no,lshift,612,1
oroszlánfóka,2,blue,arab,1,1,no,lshift,466,1
oroszlánfóka,2,red,arab,1,4,no,rshift,551,1
oroszlánfóka,2,red,arab,1,4,no,rshift,448,1
oroszlánfóka,2,red,arab,1,9,no,rshift,442,1
oroszlánfóka,2,blue,arab,1,8,no,lshift,458,1
oroszlánfóka,2,red,arab,1,8,no,rshift,485,1
oroszlánfóka,2,red,arab,1,3,no,rshift,489,1
oroszlánfóka,2,blue,arab,1,8,no,lshift,452,1
oroszlánfóka,2,blue,arab,1,1,no,lshift,691,1
oroszlánfóka,2,blue,arab,1,2,no,lshift,373,1
oroszlánfóka,2,red,arab,1,3,no,rshift,497,1
oroszlánfóka,2,blue,arab,1,7,no,lshift,365,1
oroszlánfóka,2,red,arab,1,3,no,rshift,451,1
oroszlánfóka,2,red,arab,1,1,no,rshift,1102,1
oroszlánfóka,2,red,arab,1,9,no,rshift,448,1
oroszlánfóka,2,red,arab,1,3,no,rshift,365,1
oroszlánfóka,2,blue,arab,1,4,no,lshift,318,1
oroszlánfóka,2,blue,arab,1,2,no,lshift,367,1
oroszlánfóka,2,blue,arab,0,3,no,rshift,357,1
oroszlánfóka,2,blue,arab,1,1,no,lshift,472,1
oroszlánfóka,2,blue,arab,1,1,no,lshift,384,1
oroszlánfóka,2,red,arab,1,6,no,rshift,383,1
oroszlánfóka,2,red,arab,1,8,no,rshift,460,1
oroszlánfóka,2,red,arab,1,2,no,rshift,426,1
oroszlánfóka,2,blue,arab,1,4,no,lshift,1032,1
oroszlánfóka,2,red,arab,1,1,no,rshift,422,1
oroszlánfóka,2,blue,arab,1,4,no,lshift,628,1
oroszlánfóka,2,red,arab,1,6,no,rshift,330,1
oroszlánfóka,2,red,arab,1,2,no,rshift,351,1
oroszlánfóka,2,red,arab,1,4,no,rshift,370,1
oroszlánfóka,2,red,arab,1,4,no,rshift,440,1
oroszlánfóka,2,red,arab,1,2,no,rshift,451,1
oroszlánfóka,2,red,arab,1,6,no,rshift,4168,1
oroszlánfóka,2,blue,arab,1,1,no,lshift,646,1
oroszlánfóka,2,blue,arab,0,6,no,rshift,135,1
oroszlánfóka,2,blue,arab,1,4,no,lshift,384,1
oroszlánfóka,2,red,arab,1,4,no,rshift,362,1
oroszlánfóka,2,red,arab,0,1,no,lshift,700,1
oroszlánfóka,2,blue,arab,1,2,no,lshift,459,1
oroszlánfóka,2,red,arab,1,7,no,rshift,391,1
oroszlánfóka,2,red,arab,0,2,no,lshift,828,1
oroszlánfóka,2,red,arab,1,2,no,rshift,473,1
oroszlánfóka,2,blue,arab,1,3,no,lshift,567,1
oroszlánfóka,2,red,arab,1,1,no,rshift,460,1
oroszlánfóka,2,blue,arab,1,8,no,lshift,728,1
oroszlánfóka,2,red,arab,1,6,no,rshift,329,1
oroszlánfóka,2,blue,arab,0,6,no,rshift,425,1
oroszlánfóka,2,blue,arab,1,8,no,lshift,472,1
oroszlánfóka,2,blue,arab,1,9,no,lshift,416,1
oroszlánfóka,2,blue,arab,1,4,no,lshift,362,1
oroszlánfóka,2,blue,arab,1,2,no,lshift,404,1
oroszlánfóka,2,blue,arab,1,2,no,lshift,346,1
oroszlánfóka,2,red,arab,1,9,no,rshift,544,1
oroszlánfóka,2,blue,arab,1,9,no,lshift,548,1
oroszlánfóka,2,blue,arab,1,1,no,lshift,443,1
oroszlánfóka,2,blue,arab,1,3,no,lshift,563,1
oroszlánfóka,2,red,arab,1,7,no,rshift,413,1
oroszlánfóka,2,red,arab,1,8,no,rshift,957,1
oroszlánfóka,2,blue,arab,1,8,no,lshift,560,1
oroszlánfóka,2,red,arab,1,6,no,rshift,586,1
oroszlánfóka,2,blue,arab,1,7,no,lshift,530,1
oroszlánfóka,2,blue,arab,1,9,no,lshift,458,1
oroszlánfóka,2,blue,arab,1,3,no,lshift,501,1
oroszlánfóka,2,blue,arab,1,9,no,lshift,365,1
oroszlánfóka,2,blue,arab,1,6,no,lshift,656,1
oroszlánfóka,2,red,arab,1,7,no,rshift,494,1
oroszlánfóka,2,red,arab,1,1,no,rshift,389,1
oroszlánfóka,2,blue,arab,1,2,no,lshift,381,1
oroszlánfóka,2,blue,arab,1,7,no,lshift,463,1
oroszlánfóka,2,red,arab,1,8,no,rshift,490,1
oroszlánfóka,2,blue,arab,1,7,no,lshift,375,1
oroszlánfóka,2,blue,arab,1,7,no,lshift,404,1
oroszlánfóka,2,blue,arab,1,8,no,lshift,361,1
oroszlánfóka,2,blue,arab,1,1,no,lshift,345,1
oroszlánfóka,2,red,arab,1,8,no,rshift,725,1
oroszlánfóka,2,red,arab,1,1,no,rshift,363,1
oroszlánfóka,2,red,arab,1,7,no,rshift,386,1
oroszlánfóka,2,blue,arab,1,7,no,lshift,388,1
oroszlánfóka,2,blue,arab,1,6,no,lshift,356,1
oroszlánfóka,2,red,arab,1,4,no,rshift,397,1
oroszlánfóka,2,blue,arab,1,9,no,lshift,419,1
oroszlánfóka,2,red,arab,1,8,no,rshift,418,1
oroszlánfóka,2,red,arab,1,4,no,rshift,669,1
oroszlánfóka,2,blue,arab,1,7,no,lshift,351,1
oroszlánfóka,2,blue,arab,1,9,no,lshift,848,1
oroszlánfóka,2,blue,arab,1,3,no,lshift,1086,1
oroszlánfóka,2,blue,arab,1,8,no,lshift,871,1
oroszlánfóka,2,red,arab,1,2,no,rshift,1588,1
oroszlánfóka,2,blue,arab,1,2,no,lshift,860,1
oroszlánfóka,2,red,arab,1,7,no,rshift,382,1
oroszlánfóka,2,red,arab,1,1,no,rshift,529,1
oroszlánfóka,2,blue,arab,1,4,no,lshift,412,1
oroszlánfóka,2,blue,arab,1,1,no,lshift,795,1
oroszlánfóka,2,red,arab,1,4,no,rshift,383,1
oroszlánfóka,2,blue,arab,1,3,no,lshift,367,1
oroszlánfóka,2,blue,arab,1,4,no,lshift,360,1
oroszlánfóka,2,red,arab,1,9,no,rshift,392,1
oroszlánfóka,2,red,arab,1,7,no,rshift,505,1
oroszlánfóka,2,red,arab,1,3,no,rshift,405,1
oroszlánfóka,2,red,arab,1,2,no,rshift,500,1
oroszlánfóka,2,red,arab,1,9,no,rshift,356,1
oroszlánfóka,2,red,arab,1,3,no,rshift,847,1
oroszlánfóka,2,red,arab,1,9,no,rshift,433,1
oroszlánfóka,2,blue,arab,1,3,no,lshift,502,1
oroszlánfóka,2,blue,arab,1,9,no,lshift,290,1
oroszlánfóka,2,red,arab,1,2,no,rshift,367,1
oroszlánfóka,2,blue,arab,1,6,no,lshift,372,1
oroszlánfóka,2,blue,arab,1,9,no,lshift,409,1
oroszlánfóka,2,blue,arab,1,8,no,lshift,408,1
oroszlánfóka,2,blue,arab,1,7,no,lshift,373,1
oroszlánfóka,2,blue,arab,1,3,no,lshift,380,1
oroszlánfóka,2,red,arab,1,6,no,rshift,2207,1
oroszlánfóka,2,red,arab,0,6,no,lshift,593,1
oroszlánfóka,2,red,arab,1,3,no,rshift,406,1
oroszlánfóka,2,red,arab,1,1,no,rshift,563,1
oroszlánfóka,2,blue,arab,1,6,no,lshift,403,1
oroszlánfóka,2,blue,arab,1,7,no,lshift,355,1
oroszlánfóka,2,red,arab,1,2,no,rshift,539,1
oroszlánfóka,2,blue,arab,1,1,no,lshift,407,1
oroszlánfóka,2,red,arab,1,7,no,rshift,459,1
oroszlánfóka,2,red,arab,1,8,no,rshift,444,1
oroszlánfóka,2,red,arab,0,6,no,lshift,330,1
oroszlánfóka,2,red,arab,1,9,no,rshift,447,1
oroszlánfóka,2,blue,arab,1,6,no,lshift,408,1
oroszlánfóka,2,blue,arab,1,6,no,lshift,466,1
oroszlánfóka,2,red,arab,1,9,no,rshift,491,1
oroszlánfóka,2,blue,arab,1,1,no,lshift,444,1
oroszlánfóka,2,blue,arab,1,9,no,lshift,580,1
oroszlánfóka,2,red,arab,1,2,no,rshift,620,1
oroszlánfóka,2,blue,arab,1,8,no,lshift,390,1
oroszlánfóka,2,red,arab,1,8,no,rshift,482,1
oroszlánfóka,2,red,arab,1,3,no,rshift,530,1
oroszlánfóka,2,red,arab,1,7,no,rshift,407,1
oroszlánfóka,2,red,arab,1,8,no,rshift,387,1
oroszlánfóka,2,blue,arab,1,2,no,lshift,370,1
oroszlánfóka,2,red,arab,1,3,no,rshift,363,1
oroszlánfóka,2,blue,arab,1,3,no,lshift,406,1
oroszlánfóka,2,blue,arab,1,4,no,lshift,2111,1
oroszlánfóka,2,blue,arab,1,4,no,lshift,518,1
oroszlánfóka,2,red,arab,1,9,no,rshift,378,1
oroszlánfóka,2,red,arab,1,4,no,rshift,543,1
oroszlánfóka,2,blue,arab,1,2,no,lshift,472,1
oroszlánfóka,2,red,arab,1,1,no,rshift,348,1
oroszlánfóka,2,blue,arab,1,3,no,lshift,519,1
oroszlánfóka,2,red,arab,1,3,no,rshift,504,1
oroszlánfóka,2,blue,arab,1,7,no,lshift,542,1
oroszlánfóka,2,blue,arab,1,2,no,lshift,372,1
oroszlánfóka,3,blue,arab,1,4,no,lshift,618,1
oroszlánfóka,3,red,arab,1,3,no,rshift,517,1
oroszlánfóka,3,red,arab,1,7,no,rshift,415,1
oroszlánfóka,3,blue,arab,1,6,no,lshift,358,1
oroszlánfóka,3,blue,arab,1,7,no,lshift,454,1
oroszlánfóka,3,red,arab,1,4,no,rshift,396,1
oroszlánfóka,3,blue,arab,1,7,no,lshift,826,1
oroszlánfóka,3,blue,arab,1,9,no,lshift,1216,1
oroszlánfóka,3,blue,arab,1,4,no,lshift,1004,1
oroszlánfóka,3,red,arab,1,6,no,rshift,710,1
oroszlánfóka,3,blue,arab,1,6,no,lshift,1214,1
oroszlánfóka,3,blue,arab,1,9,no,lshift,419,1
oroszlánfóka,3,blue,arab,1,2,no,lshift,22,1
oroszlánfóka,3,blue,arab,1,3,no,lshift,467,1
oroszlánfóka,3,red,arab,1,3,no,rshift,359,1
oroszlánfóka,3,red,arab,1,3,no,rshift,332,1
oroszlánfóka,3,red,arab,1,2,no,rshift,414,1
oroszlánfóka,3,blue,arab,1,7,no,lshift,413,1
oroszlánfóka,3,red,arab,1,9,no,rshift,909,1
oroszlánfóka,3,red,arab,1,7,no,rshift,741,1
oroszlánfóka,3,blue,arab,1,7,no,lshift,683,1
oroszlánfóka,3,red,arab,1,2,no,rshift,390,1
oroszlánfóka,3,blue,arab,1,9,no,lshift,382,1
oroszlánfóka,3,red,arab,0,2,no,lshift,1111,1
oroszlánfóka,3,blue,arab,1,8,no,lshift,375,1
oroszlánfóka,3,blue,arab,1,4,no,lshift,385,1
oroszlánfóka,3,red,arab,1,9,no,rshift,375,1
oroszlánfóka,3,red,arab,1,8,no,rshift,283,1
oroszlánfóka,3,red,arab,1,1,no,rshift,374,1
oroszlánfóka,3,blue,arab,1,9,no,lshift,867,1
oroszlánfóka,3,blue,arab,1,3,no,lshift,1143,1
oroszlánfóka,3,red,arab,1,8,no,rshift,335,1
oroszlánfóka,3,red,arab,1,2,no,rshift,409,1
oroszlánfóka,3,blue,arab,1,3,no,lshift,1204,1
oroszlánfóka,3,blue,arab,1,3,no,lshift,368,1
oroszlánfóka,3,red,arab,1,1,no,rshift,338,1
oroszlánfóka,3,blue,arab,1,4,no,lshift,839,1
oroszlánfóka,3,red,arab,1,8,no,rshift,771,1
oroszlánfóka,3,blue,arab,1,4,no,lshift,362,1
oroszlánfóka,3,blue,arab,1,9,no,lshift,546,1
oroszlánfóka,3,red,arab,1,2,no,rshift,610,1
oroszlánfóka,3,blue,arab,1,4,no,lshift,409,1
oroszlánfóka,3,blue,arab,1,2,no,lshift,434,1
oroszlánfóka,3,red,arab,1,1,no,rshift,494,1
oroszlánfóka,3,red,arab,1,9,no,rshift,765,1
oroszlánfóka,3,red,arab,1,7,no,rshift,456,1
oroszlánfóka,3,red,arab,1,1,no,rshift,406,1
oroszlánfóka,3,red,arab,1,4,no,rshift,340,1
oroszlánfóka,3,red,arab,1,9,no,rshift,768,1
oroszlánfóka,3,red,arab,1,4,no,rshift,1036,1
oroszlánfóka,3,red,arab,1,8,no,rshift,347,1
oroszlánfóka,3,red,arab,1,2,no,rshift,531,1
oroszlánfóka,3,red,arab,1,9,no,rshift,360,1
oroszlánfóka,3,red,arab,1,7,no,rshift,424,1
oroszlánfóka,3,blue,arab,1,4,no,lshift,325,1
oroszlánfóka,3,red,arab,1,6,no,rshift,572,1
oroszlánfóka,3,blue,arab,0,3,no,rshift,370,1
oroszlánfóka,3,red,arab,1,7,no,rshift,382,1
oroszlánfóka,3,red,arab,1,6,no,rshift,347,1
oroszlánfóka,3,red,arab,1,8,no,rshift,424,1
oroszlánfóka,3,blue,arab,1,3,no,lshift,604,1
oroszlánfóka,3,blue,arab,1,2,no,lshift,387,1
oroszlánfóka,3,blue,arab,1,6,no,lshift,347,1
oroszlánfóka,3,red,arab,1,7,no,rshift,328,1
oroszlánfóka,3,blue,arab,1,3,no,lshift,376,1
oroszlánfóka,3,blue,arab,1,8,no,lshift,382,1
oroszlánfóka,3,red,arab,1,1,no,rshift,499,1
oroszlánfóka,3,red,arab,1,8,no,rshift,352,1
oroszlánfóka,3,blue,arab,1,4,no,lshift,340,1
oroszlánfóka,3,red,arab,1,7,no,rshift,385,1
oroszlánfóka,3,blue,arab,1,1,no,lshift,417,1
oroszlánfóka,3,red,arab,1,3,no,rshift,379,1
oroszlánfóka,3,blue,arab,1,1,no,lshift,327,1
oroszlánfóka,3,blue,arab,1,7,no,lshift,357,1
oroszlánfóka,3,red,arab,1,7,no,rshift,458,1
oroszlánfóka,3,blue,arab,1,9,no,lshift,336,1
oroszlánfóka,3,red,arab,1,7,no,rshift,564,1
oroszlánfóka,3,blue,arab,1,1,no,lshift,361,1
oroszlánfóka,3,red,arab,1,8,no,rshift,413,1
oroszlánfóka,3,red,arab,1,2,no,rshift,379,1
oroszlánfóka,3,blue,arab,1,2,no,lshift,435,1
oroszlánfóka,3,red,arab,1,3,no,rshift,352,1
oroszlánfóka,3,blue,arab,1,7,no,lshift,365,1
oroszlánfóka,3,blue,arab,1,8,no,lshift,460,1
oroszlánfóka,3,red,arab,1,3,no,rshift,416,1
oroszlánfóka,3,blue,arab,1,1,no,lshift,393,1
oroszlánfóka,3,blue,arab,1,9,no,lshift,885,1
oroszlánfóka,3,red,arab,1,6,no,rshift,1065,1
oroszlánfóka,3,red,arab,1,4,no,rshift,411,1
oroszlánfóka,3,red,arab,1,2,no,rshift,942,1
oroszlánfóka,3,red,arab,1,3,no,rshift,420,1
oroszlánfóka,3,blue,arab,1,2,no,lshift,84,1
oroszlánfóka,3,blue,arab,1,8,no,lshift,954,1
oroszlánfóka,3,red,arab,1,2,no,rshift,436,1
oroszlánfóka,3,blue,arab,1,6,no,lshift,1044,1
oroszlánfóka,3,blue,arab,1,7,no,lshift,400,1
oroszlánfóka,3,red,arab,1,4,no,rshift,533,1
oroszlánfóka,3,blue,arab,0,7,no,rshift,380,1
oroszlánfóka,3,red,arab,1,3,no,rshift,466,1
oroszlánfóka,3,blue,arab,1,1,no,lshift,390,1
oroszlánfóka,3,red,arab,1,9,no,rshift,430,1
oroszlánfóka,3,red,arab,1,4,no,rshift,413,1
oroszlánfóka,3,blue,arab,1,3,no,lshift,798,1
oroszlánfóka,3,red,arab,0,6,no,lshift,363,1
oroszlánfóka,3,blue,arab,1,6,no,lshift,456,1
oroszlánfóka,3,blue,arab,1,2,no,lshift,730,1
oroszlánfóka,3,red,arab,1,4,no,rshift,398,1
oroszlánfóka,3,red,arab,1,9,no,rshift,1078,1
oroszlánfóka,3,blue,arab,1,1,no,lshift,414,1
oroszlánfóka,3,red,arab,1,9,no,rshift,422,1
oroszlánfóka,3,blue,arab,1,8,no,lshift,624,1
oroszlánfóka,3,blue,arab,1,8,no,lshift,1574,1
oroszlánfóka,3,blue,arab,1,6,no,lshift,970,1
oroszlánfóka,3,blue,arab,1,6,no,lshift,630,1
oroszlánfóka,3,blue,arab,1,9,no,lshift,1093,1
oroszlánfóka,3,red,arab,1,2,no,rshift,540,1
oroszlánfóka,3,blue,arab,1,1,no,lshift,359,1
oroszlánfóka,3,blue,arab,1,4,no,lshift,372,1
oroszlánfóka,3,blue,arab,1,1,no,lshift,331,1
oroszlánfóka,3,red,arab,1,6,no,rshift,391,1
oroszlánfóka,3,blue,arab,1,8,no,lshift,1229,1
oroszlánfóka,3,red,arab,1,8,no,rshift,517,1
oroszlánfóka,3,blue,arab,1,8,no,lshift,379,1
oroszlánfóka,3,red,arab,1,3,no,rshift,421,1
oroszlánfóka,3,red,arab,1,1,no,rshift,377,1
oroszlánfóka,3,red,arab,1,6,no,rshift,415,1
oroszlánfóka,3,red,arab,1,4,no,rshift,478,1
oroszlánfóka,3,blue,arab,1,1,no,lshift,490,1
oroszlánfóka,3,blue,arab,1,9,no,lshift,581,1
oroszlánfóka,3,blue,arab,1,7,no,lshift,469,1
oroszlánfóka,3,red,arab,1,8,no,rshift,337,1
oroszlánfóka,3,red,arab,1,9,no,rshift,416,1
oroszlánfóka,3,blue,arab,1,3,no,lshift,431,1
oroszlánfóka,3,red,arab,1,1,no,rshift,456,1
oroszlánfóka,3,red,arab,1,7,no,rshift,503,1
oroszlánfóka,3,red,arab,1,6,no,rshift,344,1
oroszlánfóka,3,red,arab,1,1,no,rshift,404,1
oroszlánfóka,3,red,arab,1,6,no,rshift,310,1
oroszlánfóka,3,red,arab,1,9,no,rshift,416,1
oroszlánfóka,3,blue,arab,1,2,no,lshift,335,1
oroszlánfóka,3,blue,arab,1,9,no,lshift,366,1
oroszlánfóka,3,blue,arab,1,6,no,lshift,476,1
oroszlánfóka,3,blue,arab,1,6,no,lshift,310,1
oroszlánfóka,3,red,arab,1,6,no,rshift,394,1
oroszlánfóka,3,blue,arab,1,1,no,lshift,381,1
oroszlánfóka,3,blue,arab,1,3,no,lshift,400,1
oroszlánfóka,3,blue,arab,1,2,no,lshift,334,1
oroszlánfóka,3,blue,arab,1,6,no,lshift,354,1
oroszlánfóka,3,red,arab,1,1,no,rshift,370,1
oroszlánfóka,3,red,arab,1,4,no,rshift,358,1
oroszlánfóka,3,blue,arab,1,2,no,lshift,1034,1
oroszlánfóka,3,red,arab,1,4,no,rshift,356,1
oroszlánfóka,3,red,arab,1,8,no,rshift,367,1
oroszlánfóka,3,blue,arab,1,8,no,lshift,375,1
oroszlánfóka,3,blue,arab,1,2,no,lshift,442,1
oroszlánfóka,3,blue,arab,1,8,no,lshift,384,1
oroszlánfóka,3,red,arab,1,3,no,rshift,606,1
oroszlánfóka,3,blue,arab,1,7,no,lshift,465,1
oroszlánfóka,3,red,arab,1,1,no,rshift,388,1
oroszlánfóka,3,blue,arab,1,4,no,lshift,277,1
oroszlánfóka,0,blue,classic,0,4,yes,lshift,858,1
oroszlánfóka,0,blue,classic,0,1,yes,rshift,629,1
oroszlánfóka,0,blue,classic,0,8,yes,lshift,1496,1
oroszlánfóka,0,blue,classic,0,9,yes,rshift,558,1
oroszlánfóka,0,blue,classic,1,7,yes,lshift,682,1
oroszlánfóka,0,blue,classic,0,3,yes,rshift,833,1
oroszlánfóka,0,blue,classic,0,6,yes,lshift,896,1
oroszlánfóka,0,blue,classic,0,2,yes,lshift,764,1
oroszlánfóka,1,blue,classic,0,1,yes,lshift,1157,1
oroszlánfóka,1,blue,classic,1,8,yes,lshift,625,1
oroszlánfóka,1,blue,classic,1,7,yes,rshift,788,1
oroszlánfóka,1,blue,classic,1,9,yes,rshift,459,1
oroszlánfóka,1,blue,classic,1,6,yes,lshift,536,1
oroszlánfóka,1,blue,classic,1,2,yes,lshift,430,1
oroszlánfóka,1,blue,classic,1,4,yes,lshift,567,1
oroszlánfóka,1,blue,classic,1,3,yes,rshift,512,1
oroszlánfóka,2,blue,classic,1,7,no,lshift,1152,1
oroszlánfóka,2,blue,classic,1,4,no,rshift,464,1
oroszlánfóka,2,blue,classic,0,1,no,rshift,596,1
oroszlánfóka,2,blue,classic,1,9,no,lshift,547,1
oroszlánfóka,2,blue,classic,1,7,no,lshift,630,1
oroszlánfóka,2,blue,classic,1,3,no,lshift,617,1
oroszlánfóka,2,blue,classic,1,7,no,lshift,435,1
oroszlánfóka,2,blue,classic,1,6,no,rshift,546,1
oroszlánfóka,2,blue,classic,1,7,no,lshift,462,1
oroszlánfóka,2,blue,classic,1,2,no,rshift,494,1
oroszlánfóka,2,blue,classic,1,7,no,lshift,683,1
oroszlánfóka,2,blue,classic,1,6,no,rshift,539,1
oroszlánfóka,2,blue,classic,1,1,no,lshift,590,1
oroszlánfóka,2,blue,classic,1,1,no,lshift,405,1
oroszlánfóka,2,blue,classic,1,2,no,rshift,572,1
oroszlánfóka,2,blue,classic,1,9,no,lshift,481,1
oroszlánfóka,2,blue,classic,1,3,no,lshift,589,1
oroszlánfóka,2,blue,classic,1,2,no,rshift,566,1
oroszlánfóka,2,blue,classic,1,6,no,rshift,797,1
oroszlánfóka,2,blue,classic,1,1,no,lshift,617,1
oroszlánfóka,2,blue,classic,1,3,no,lshift,780,1
oroszlánfóka,2,blue,classic,1,4,no,rshift,890,1
oroszlánfóka,2,blue,classic,1,6,no,rshift,764,1
oroszlánfóka,2,blue,classic,1,9,no,lshift,865,1
oroszlánfóka,2,blue,classic,1,9,no,lshift,696,1
oroszlánfóka,2,blue,classic,0,4,no,lshift,502,1
oroszlánfóka,2,blue,classic,1,4,no,rshift,551,1
oroszlánfóka,2,blue,classic,1,4,no,rshift,426,1
oroszlánfóka,2,blue,classic,1,9,no,lshift,543,1
oroszlánfóka,2,blue,classic,1,6,no,rshift,768,1
oroszlánfóka,2,blue,classic,1,9,no,lshift,788,1
oroszlánfóka,2,blue,classic,1,8,no,rshift,549,1
oroszlánfóka,2,blue,classic,1,2,no,rshift,460,1
oroszlánfóka,2,blue,classic,1,1,no,lshift,556,1
oroszlánfóka,2,blue,classic,1,1,no,lshift,555,1
oroszlánfóka,2,blue,classic,1,8,no,rshift,1294,1
oroszlánfóka,2,blue,classic,1,7,no,lshift,452,1
oroszlánfóka,2,blue,classic,1,7,no,lshift,462,1
oroszlánfóka,2,blue,classic,1,4,no,rshift,478,1
oroszlánfóka,2,blue,classic,1,4,no,rshift,410,1
oroszlánfóka,2,blue,classic,1,9,no,lshift,441,1
oroszlánfóka,2,blue,classic,0,3,no,rshift,534,1
oroszlánfóka,2,blue,classic,0,8,no,lshift,469,1
oroszlánfóka,2,blue,classic,1,9,no,lshift,502,1
oroszlánfóka,2,blue,classic,1,2,no,rshift,734,1
oroszlánfóka,2,blue,classic,1,8,no,rshift,589,1
oroszlánfóka,2,blue,classic,1,6,no,rshift,527,1
oroszlánfóka,2,blue,classic,1,9,no,lshift,477,1
oroszlánfóka,2,blue,classic,1,7,no,lshift,622,1
oroszlánfóka,2,blue,classic,1,7,no,lshift,463,1
oroszlánfóka,2,blue,classic,1,2,no,rshift,423,1
oroszlánfóka,2,blue,classic,1,7,no,lshift,669,1
oroszlánfóka,2,blue,classic,1,3,no,lshift,547,1
oroszlánfóka,2,blue,classic,1,4,no,rshift,957,1
oroszlánfóka,2,blue,classic,1,7,no,lshift,934,1
oroszlánfóka,2,blue,classic,1,1,no,lshift,564,1
oroszlánfóka,2,blue,classic,1,4,no,rshift,905,1
oroszlánfóka,2,blue,classic,1,4,no,rshift,449,1
oroszlánfóka,2,blue,classic,1,7,no,lshift,422,1
oroszlánfóka,2,blue,classic,1,6,no,rshift,555,1
oroszlánfóka,2,blue,classic,1,6,no,rshift,509,1
oroszlánfóka,2,blue,classic,1,6,no,rshift,435,1
oroszlánfóka,2,blue,classic,1,2,no,rshift,454,1
oroszlánfóka,2,blue,classic,1,1,no,lshift,628,1
oroszlánfóka,2,blue,classic,1,8,no,rshift,529,1
oroszlánfóka,2,blue,classic,1,3,no,lshift,572,1
oroszlánfóka,2,blue,classic,1,2,no,rshift,442,1
oroszlánfóka,2,blue,classic,1,4,no,rshift,441,1
oroszlánfóka,2,blue,classic,1,3,no,lshift,841,1
oroszlánfóka,2,blue,classic,1,8,no,rshift,589,1
oroszlánfóka,2,blue,classic,1,2,no,rshift,416,1
oroszlánfóka,2,blue,classic,1,2,no,rshift,344,1
oroszlánfóka,2,blue,classic,1,6,no,rshift,429,1
oroszlánfóka,2,blue,classic,1,8,no,rshift,669,1
oroszlánfóka,2,blue,classic,1,8,no,rshift,5844,1
oroszlánfóka,2,blue,classic,1,2,no,rshift,434,1
oroszlánfóka,2,blue,classic,1,3,no,lshift,580,1
oroszlánfóka,2,blue,classic,1,8,no,rshift,459,1
oroszlánfóka,2,blue,classic,1,8,no,rshift,497,1
oroszlánfóka,2,blue,classic,1,9,no,lshift,641,1
oroszlánfóka,2,blue,classic,1,3,no,lshift,575,1
oroszlánfóka,2,blue,classic,1,1,no,lshift,477,1
oroszlánfóka,2,blue,classic,1,8,no,rshift,533,1
oroszlánfóka,2,blue,classic,1,7,no,lshift,636,1
oroszlánfóka,2,blue,classic,1,8,no,rshift,496,1
oroszlánfóka,2,blue,classic,1,8,no,rshift,512,1
oroszlánfóka,2,blue,classic,1,6,no,rshift,757,1
oroszlánfóka,2,blue,classic,1,4,no,rshift,460,1
oroszlánfóka,2,blue,classic,1,3,no,lshift,537,1
oroszlánfóka,2,blue,classic,1,6,no,rshift,476,1
oroszlánfóka,2,blue,classic,1,4,no,rshift,613,1
oroszlánfóka,2,blue,classic,1,9,no,lshift,436,1
oroszlánfóka,2,blue,classic,1,9,no,lshift,1056,1
oroszlánfóka,2,blue,classic,1,8,no,rshift,427,1
oroszlánfóka,2,blue,classic,1,1,no,lshift,809,1
oroszlánfóka,2,blue,classic,1,1,no,lshift,568,1
oroszlánfóka,2,blue,classic,1,7,no,lshift,543,1
oroszlánfóka,2,blue,classic,0,3,no,rshift,744,1
oroszlánfóka,2,blue,classic,1,1,no,lshift,717,1
oroszlánfóka,2,blue,classic,1,2,no,rshift,395,1
oroszlánfóka,2,blue,classic,1,4,no,rshift,411,1
oroszlánfóka,2,blue,classic,1,6,no,rshift,582,1
oroszlánfóka,2,blue,classic,1,9,no,lshift,465,1
oroszlánfóka,2,blue,classic,1,9,no,lshift,519,1
oroszlánfóka,2,blue,classic,1,1,no,lshift,618,1
oroszlánfóka,2,blue,classic,0,6,no,lshift,834,1
oroszlánfóka,2,blue,classic,1,3,no,lshift,708,1
oroszlánfóka,2,blue,classic,1,2,no,rshift,378,1
oroszlánfóka,2,blue,classic,1,3,no,lshift,779,1
oroszlánfóka,2,blue,classic,1,3,no,lshift,632,1
oroszlánfóka,2,blue,classic,1,1,no,lshift,911,1
oroszlánfóka,2,blue,classic,1,2,no,rshift,521,1
oroszlánfóka,3,blue,classic,1,1,no,rshift,996,1
oroszlánfóka,3,blue,classic,1,2,no,lshift,439,1
oroszlánfóka,3,blue,classic,1,8,no,lshift,427,1
oroszlánfóka,3,blue,classic,1,2,no,lshift,384,1
oroszlánfóka,3,blue,classic,1,3,no,rshift,400,1
oroszlánfóka,3,blue,classic,1,7,no,rshift,448,1
oroszlánfóka,3,blue,classic,1,8,no,lshift,459,1
oroszlánfóka,3,blue,classic,1,2,no,lshift,550,1
oroszlánfóka,3,blue,classic,1,8,no,lshift,2353,1
oroszlánfóka,3,blue,classic,1,6,no,lshift,555,1
oroszlánfóka,3,blue,classic,1,3,no,rshift,619,1
oroszlánfóka,3,blue,classic,1,7,no,rshift,524,1
oroszlánfóka,3,blue,classic,1,6,no,lshift,714,1
oroszlánfóka,3,blue,classic,1,2,no,lshift,584,1
oroszlánfóka,3,blue,classic,1,8,no,lshift,476,1
oroszlánfóka,3,blue,classic,1,8,no,lshift,438,1
oroszlánfóka,3,blue,classic,1,1,no,rshift,488,1
oroszlánfóka,3,blue,classic,1,6,no,lshift,395,1
oroszlánfóka,3,blue,classic,1,9,no,rshift,517,1
oroszlánfóka,3,blue,classic,1,8,no,lshift,384,1
oroszlánfóka,3,blue,classic,1,3,no,rshift,533,1
oroszlánfóka,3,blue,classic,1,4,no,lshift,409,1
oroszlánfóka,3,blue,classic,1,4,no,lshift,417,1
oroszlánfóka,3,blue,classic,1,3,no,rshift,546,1
oroszlánfóka,3,blue,classic,1,9,no,rshift,942,1
oroszlánfóka,3,blue,classic,1,8,no,lshift,388,1
oroszlánfóka,3,blue,classic,0,2,no,rshift,478,1
oroszlánfóka,3,blue,classic,1,2,no,lshift,374,1
oroszlánfóka,3,blue,classic,1,7,no,rshift,709,1
oroszlánfóka,3,blue,classic,1,3,no,rshift,952,1
oroszlánfóka,3,blue,classic,1,9,no,rshift,1337,1
oroszlánfóka,3,blue,classic,1,3,no,rshift,759,1
oroszlánfóka,3,blue,classic,1,6,no,lshift,340,1
oroszlánfóka,3,blue,classic,1,3,no,rshift,877,1
oroszlánfóka,3,blue,classic,1,2,no,lshift,725,1
oroszlánfóka,3,blue,classic,1,8,no,lshift,793,1
oroszlánfóka,3,blue,classic,1,4,no,lshift,393,1
oroszlánfóka,3,blue,classic,1,6,no,lshift,493,1
oroszlánfóka,3,blue,classic,1,4,no,lshift,344,1
oroszlánfóka,3,blue,classic,1,6,no,lshift,2610,1
oroszlánfóka,3,blue,classic,1,2,no,lshift,445,1
oroszlánfóka,3,blue,classic,1,7,no,rshift,718,1
oroszlánfóka,3,blue,classic,1,1,no,rshift,667,1
oroszlánfóka,3,blue,classic,1,7,no,rshift,477,1
oroszlánfóka,3,blue,classic,1,7,no,rshift,433,1
oroszlánfóka,3,blue,classic,1,6,no,lshift,419,1
oroszlánfóka,3,blue,classic,1,9,no,rshift,635,1
oroszlánfóka,3,blue,classic,1,6,no,lshift,541,1
oroszlánfóka,3,blue,classic,1,9,no,rshift,586,1
oroszlánfóka,3,blue,classic,1,6,no,lshift,533,1
oroszlánfóka,3,blue,classic,1,2,no,lshift,1006,1
oroszlánfóka,3,blue,classic,0,9,no,lshift,1282,1
oroszlánfóka,3,blue,classic,0,9,no,lshift,1814,1
oroszlánfóka,3,blue,classic,1,7,no,rshift,1035,1
oroszlánfóka,3,blue,classic,1,4,no,lshift,733,1
oroszlánfóka,3,blue,classic,1,4,no,lshift,404,1
oroszlánfóka,3,blue,classic,1,1,no,rshift,468,1
oroszlánfóka,3,blue,classic,1,3,no,rshift,784,1
oroszlánfóka,3,blue,classic,1,6,no,lshift,553,1
oroszlánfóka,3,blue,classic,0,3,no,lshift,796,1
oroszlánfóka,3,blue,classic,1,4,no,lshift,582,1
oroszlánfóka,3,blue,classic,0,3,no,lshift,610,1
oroszlánfóka,3,blue,classic,0,9,no,lshift,481,1
oroszlánfóka,3,blue,classic,1,8,no,lshift,1762,1
oroszlánfóka,3,blue,classic,1,7,no,rshift,1079,1
oroszlánfóka,3,blue,classic,1,9,no,rshift,797,1
oroszlánfóka,3,blue,classic,1,2,no,lshift,1265,1
oroszlánfóka,3,blue,classic,1,2,no,lshift,2037,1
oroszlánfóka,3,blue,classic,1,9,no,rshift,830,1
oroszlánfóka,3,blue,classic,1,1,no,rshift,565,1
oroszlánfóka,3,blue,classic,0,9,no,lshift,602,1
oroszlánfóka,3,blue,classic,1,1,no,rshift,1444,1
oroszlánfóka,3,blue,classic,1,6,no,lshift,584,1
oroszlánfóka,3,blue,classic,1,8,no,lshift,651,1
oroszlánfóka,3,blue,classic,1,1,no,rshift,610,1
oroszlánfóka,3,blue,classic,1,3,no,rshift,583,1
oroszlánfóka,3,blue,classic,1,1,no,rshift,2841,1
oroszlánfóka,3,blue,classic,1,4,no,lshift,449,1
oroszlánfóka,3,blue,classic,1,4,no,lshift,1054,1
oroszlánfóka,3,blue,classic,0,7,no,lshift,603,1
oroszlánfóka,3,blue,classic,1,6,no,lshift,671,1
oroszlánfóka,3,blue,classic,1,2,no,lshift,607,1
oroszlánfóka,3,blue,classic,1,1,no,rshift,932,1
oroszlánfóka,3,blue,classic,1,7,no,rshift,635,1
oroszlánfóka,3,blue,classic,1,7,no,rshift,724,1
oroszlánfóka,3,blue,classic,1,3,no,rshift,575,1
oroszlánfóka,3,blue,classic,1,1,no,rshift,1022,1
oroszlánfóka,3,blue,classic,1,6,no,lshift,1189,1
oroszlánfóka,3,blue,classic,1,7,no,rshift,901,1
oroszlánfóka,3,blue,classic,1,9,no,rshift,728,1
oroszlánfóka,3,blue,classic,1,4,no,lshift,1019,1
oroszlánfóka,3,blue,classic,1,9,no,rshift,1023,1
oroszlánfóka,3,blue,classic,1,8,no,lshift,834,1
oroszlánfóka,3,blue,classic,1,4,no,lshift,1161,1
oroszlánfóka,3,blue,classic,1,9,no,rshift,1591,1
oroszlánfóka,3,blue,classic,1,3,no,rshift,477,1
oroszlánfóka,3,blue,classic,1,1,no,rshift,574,1
oroszlánfóka,3,blue,classic,1,2,no,lshift,700,1
oroszlánfóka,3,blue,classic,1,1,no,rshift,625,1
oroszlánfóka,3,blue,classic,1,8,no,lshift,584,1
oroszlánfóka,3,blue,classic,1,4,no,lshift,736,1
oroszlánfóka,3,blue,classic,1,6,no,lshift,483,1
oroszlánfóka,3,blue,classic,1,8,no,lshift,446,1
oroszlánfóka,3,blue,classic,1,4,no,lshift,450,1
oroszlánfóka,3,blue,classic,1,3,no,rshift,914,1
oroszlánfóka,3,blue,classic,1,2,no,lshift,809,1
oroszlánfóka,3,blue,classic,1,1,no,rshift,368,1
oroszlánfóka,3,blue,classic,1,7,no,rshift,567,1
oroszlánfóka,3,blue,classic,1,4,no,lshift,720,1
oroszlánfóka,3,blue,classic,1,1,no,rshift,512,1
oroszlánfóka,3,blue,classic,0,7,no,lshift,582,1
oroszlánfóka,3,blue,classic,1,8,no,lshift,415,1
