ID_name,block,color,condition,correct_keyboard_response,number,practice,response_keyboard_response,response_time_keyboard_response,subject_nr
Brooklyn27,0,blue,arab,1,2,yes,rshift,2445,0
Brooklyn27,0,blue,arab,1,4,yes,rshift,491,0
Brooklyn27,0,blue,arab,1,7,yes,rshift,401,0
Brooklyn27,0,red,arab,1,8,yes,lshift,316,0
Brooklyn27,0,red,arab,1,4,yes,lshift,412,0
Brooklyn27,0,red,arab,1,6,yes,lshift,442,0
Brooklyn27,0,blue,arab,1,8,yes,rshift,396,0
Brooklyn27,0,red,arab,1,7,yes,lshift,394,0
Brooklyn27,0,blue,arab,1,9,yes,rshift,427,0
Brooklyn27,0,red,arab,1,3,yes,lshift,399,0
Brooklyn27,0,red,arab,1,9,yes,lshift,495,0
Brooklyn27,0,red,arab,1,1,yes,lshift,495,0
Brooklyn27,0,red,arab,1,2,yes,lshift,454,0
Brooklyn27,0,blue,arab,1,6,yes,rshift,383,0
Brooklyn27,0,blue,arab,1,1,yes,rshift,425,0
Brooklyn27,0,blue,arab,1,3,yes,rshift,358,0
Brooklyn27,1,red,arab,1,3,no,lshift,1128,0
Brooklyn27,1,blue,arab,1,1,no,rshift,446,0
Brooklyn27,1,red,arab,1,3,no,lshift,996,0
Brooklyn27,1,red,arab,1,7,no,lshift,404,0
Brooklyn27,1,blue,arab,1,9,no,rshift,427,0
Brooklyn27,1,blue,arab,1,9,no,rshift,504,0
Brooklyn27,1,red,arab,1,6,no,lshift,436,0
Brooklyn27,1,blue,arab,1,9,no,rshift,501,0
Brooklyn27,1,blue,arab,1,2,no,rshift,1081,0
Brooklyn27,1,red,arab,1,4,no,lshift,402,0
Brooklyn27,1,blue,arab,1,1,no,rshift,635,0
Brooklyn27,1,red,arab,1,8,no,lshift,771,0
Brooklyn27,1,red,arab,1,9,no,lshift,400,0
Brooklyn27,1,blue,arab,1,1,no,rshift,541,0
Brooklyn27,1,blue,arab,1,2,no,rshift,517,0
Brooklyn27,1,blue,arab,1,8,no,rshift,463,0
Brooklyn27,1,blue,arab,1,7,no,rshift,404,0
Brooklyn27,1,red,arab,1,6,no,lshift,397,0
Brooklyn27,1,red,arab,1,8,no,lshift,437,0
Brooklyn27,1,blue,arab,1,3,no,rshift,1120,0
Brooklyn27,1,blue,arab,1,7,no,rshift,402,0
Brooklyn27,1,blue,arab,1,6,no,rshift,420,0
Brooklyn27,1,blue,arab,1,4,no,rshift,417,0
Brooklyn27,1,red,arab,1,9,no,lshift,485,0
Brooklyn27,1,blue,arab,1,8,no,rshift,415,0
Brooklyn27,1,red,arab,1,8,no,lshift,389,0
Brooklyn27,1,blue,arab,1,1,no,rshift,363,0
Brooklyn27,1,red,arab,1,6,no,lshift,566,0
Brooklyn27,1,red,arab,1,3,no,lshift,413,0
Brooklyn27,1,blue,arab,1,6,no,rshift,327,0
Brooklyn27,1,blue,arab,1,4,no,rshift,361,0
Brooklyn27,1,red,arab,1,6,no,lshift,418,0
Brooklyn27,1,red,arab,1,1,no,lshift,623,0
Brooklyn27,1,blue,arab,1,1,no,rshift,383,0
Brooklyn27,1,blue,arab,1,1,no,rshift,450,0
Brooklyn27,1,red,arab,1,3,no,lshift,527,0
Brooklyn27,1,blue,arab,1,4,no,rshift,380,0
Brooklyn27,1,blue,arab,1,2,no,rshift,390,0
Brooklyn27,1,blue,arab,1,6,no,rshift,377,0
Brooklyn27,1,red,arab,1,3,no,lshift,310,0
Brooklyn27,1,red,arab,1,6,no,lshift,440,0
Brooklyn27,1,blue,arab,1,2,no,rshift,521,0
Brooklyn27,1,blue,arab,1,7,no,rshift,389,0
Brooklyn27,1,blue,arab,1,9,no,rshift,430,0
Brooklyn27,1,blue,arab,1,8,no,rshift,470,0
Brooklyn27,1,blue,arab,1,4,no,rshift,423,0
Brooklyn27,1,blue,arab,1,4,no,rshift,2346,0
Brooklyn27,1,blue,arab,1,1,no,rshift,756,0
Brooklyn27,1,red,arab,1,7,no,lshift,387,0
Brooklyn27,1,red,arab,1,9,no,lshift,427,0
Brooklyn27,1,red,arab,1,9,no,lshift,353,0
Brooklyn27,1,red,arab,1,2,no,lshift,318,0
Brooklyn27,1,blue,arab,1,8,no,rshift,391,0
Brooklyn27,1,red,arab,1,4,no,lshift,400,0
Brooklyn27,1,red,arab,1,3,no,lshift,438,0
Brooklyn27,1,red,arab,1,4,no,lshift,397,0
Brooklyn27,1,red,arab,1,8,no,lshift,383,0
Brooklyn27,1,red,arab,1,1,no,lshift,369,0
Brooklyn27,1,blue,arab,1,1,no,rshift,3414,0
Brooklyn27,1,red,arab,1,9,no,lshift,690,0
Brooklyn27,1,blue,arab,1,6,no,rshift,422,0
Brooklyn27,1,blue,arab,1,6,no,rshift,338,0
Brooklyn27,1,red,arab,1,2,no,lshift,397,0
Brooklyn27,1,red,arab,1,8,no,lshift,311,0
Brooklyn27,1,red,arab,1,8,no,lshift,454,0
Brooklyn27,1,blue,arab,1,3,no,rshift,621,0
Brooklyn27,1,red,arab,1,1,no,lshift,458,0
Brooklyn27,1,blue,arab,1,3,no,rshift,380,0
Brooklyn27,1,blue,arab,1,7,no,rshift,452,0
Brooklyn27,1,blue,arab,1,6,no,rshift,400,0
Brooklyn27,1,red,arab,1,1,no,lshift,423,0
Brooklyn27,1,blue,arab,1,2,no,rshift,348,0
Brooklyn27,1,blue,arab,1,9,no,rshift,423,0
Brooklyn27,1,red,arab,1,6,no,lshift,412,0
Brooklyn27,1,red,arab,1,3,no,lshift,576,0
Brooklyn27,1,blue,arab,1,7,no,rshift,372,0
Brooklyn27,1,blue,arab,0,4,no,lshift,529,0
Brooklyn27,1,red,arab,1,7,no,lshift,349,0
Brooklyn27,1,red,arab,1,8,no,lshift,401,0
Brooklyn27,1,red,arab,1,2,no,lshift,365,0
Brooklyn27,1,blue,arab,1,8,no,rshift,562,0
Brooklyn27,1,red,arab,1,8,no,lshift,468,0
Brooklyn27,1,blue,arab,1,3,no,rshift,655,0
Brooklyn27,1,red,arab,1,6,no,lshift,493,0
Brooklyn27,1,red,arab,1,2,no,lshift,762,0
Brooklyn27,1,blue,arab,1,9,no,rshift,390,0
Brooklyn27,1,red,arab,1,7,no,lshift,465,0
Brooklyn27,1,blue,arab,1,1,no,rshift,410,0
Brooklyn27,1,blue,arab,1,9,no,rshift,416,0
Brooklyn27,1,blue,arab,1,7,no,rshift,455,0
Brooklyn27,1,blue,arab,1,9,no,rshift,497,0
Brooklyn27,1,blue,arab,1,4,no,rshift,380,0
Brooklyn27,1,red,arab,1,3,no,lshift,2530,0
Brooklyn27,1,blue,arab,1,7,no,rshift,433,0
Brooklyn27,1,red,arab,1,9,no,lshift,417,0
Brooklyn27,1,red,arab,1,6,no,lshift,472,0
Brooklyn27,1,blue,arab,1,7,no,rshift,427,0
Brooklyn27,1,blue,arab,1,9,no,rshift,482,0
Brooklyn27,1,red,arab,1,3,no,lshift,459,0
Brooklyn27,1,red,arab,1,6,no,lshift,744,0
Brooklyn27,1,red,arab,1,8,no,lshift,465,0
Brooklyn27,1,blue,arab,1,2,no,rshift,422,0
Brooklyn27,1,red,arab,1,2,no,lshift,426,0
Brooklyn27,1,blue,arab,1,3,no,rshift,442,0
Brooklyn27,1,red,arab,1,8,no,lshift,413,0
Brooklyn27,1,red,arab,1,1,no,lshift,509,0
Brooklyn27,1,red,arab,1,4,no,lshift,386,0
Brooklyn27,1,red,arab,1,4,no,lshift,383,0
Brooklyn27,1,blue,arab,1,2,no,rshift,350,0
Brooklyn27,1,red,arab,1,7,no,lshift,382,0
Brooklyn27,1,blue,arab,1,8,no,rshift,626,0
Brooklyn27,1,blue,arab,1,6,no,rshift,453,0
Brooklyn27,1,red,arab,1,2,no,lshift,332,0
Brooklyn27,1,blue,arab,1,3,no,rshift,312,0
Brooklyn27,1,blue,arab,1,6,no,rshift,551,0
Brooklyn27,1,red,arab,1,2,no,lshift,419,0
Brooklyn27,1,blue,arab,0,8,no,lshift,368,0
Brooklyn27,1,blue,arab,1,7,no,rshift,381,0
Brooklyn27,1,red,arab,1,9,no,lshift,436,0
Brooklyn27,1,red,arab,1,9,no,lshift,363,0
Brooklyn27,1,blue,arab,1,8,no,rshift,389,0
Brooklyn27,1,blue,arab,1,3,no,rshift,420,0
Brooklyn27,1,red,arab,1,2,no,lshift,365,0
Brooklyn27,1,red,arab,1,1,no,lshift,403,0
Brooklyn27,1,blue,arab,1,9,no,rshift,266,0
Brooklyn27,1,red,arab,1,7,no,lshift,516,0
Brooklyn27,1,red,arab,1,4,no,lshift,373,0
Brooklyn27,1,red,arab,1,1,no,lshift,1024,0
Brooklyn27,1,red,arab,1,1,no,lshift,434,0
Brooklyn27,1,red,arab,1,7,no,lshift,619,0
Brooklyn27,1,red,arab,1,2,no,lshift,486,0
Brooklyn27,1,blue,arab,0,2,no,lshift,6198,0
Brooklyn27,1,red,arab,1,7,no,lshift,577,0
Brooklyn27,1,blue,arab,1,7,no,rshift,576,0
Brooklyn27,1,red,arab,1,1,no,lshift,420,0
Brooklyn27,1,blue,arab,0,4,no,lshift,413,0
Brooklyn27,1,blue,arab,0,2,no,lshift,403,0
Brooklyn27,1,red,arab,1,4,no,lshift,339,0
Brooklyn27,1,red,arab,1,7,no,lshift,435,0
Brooklyn27,1,blue,arab,1,2,no,rshift,2758,0
Brooklyn27,1,red,arab,1,1,no,lshift,399,0
Brooklyn27,1,blue,arab,1,8,no,rshift,626,0
Brooklyn27,1,blue,arab,1,6,no,rshift,383,0
Brooklyn27,1,blue,arab,1,1,no,rshift,443,0
Brooklyn27,1,blue,arab,1,3,no,rshift,497,0
Brooklyn27,1,red,arab,1,7,no,lshift,416,0
Brooklyn27,1,blue,arab,1,3,no,rshift,420,0
Brooklyn27,1,red,arab,1,4,no,lshift,469,0
Brooklyn27,1,blue,arab,1,3,no,rshift,358,0
Brooklyn27,1,red,arab,1,9,no,lshift,452,0
Brooklyn27,1,red,arab,1,3,no,lshift,578,0
Brooklyn27,1,blue,arab,1,6,no,rshift,625,0
Brooklyn27,1,red,arab,1,4,no,lshift,608,0
Brooklyn27,1,red,arab,1,6,no,lshift,734,0
Brooklyn27,1,red,arab,1,9,no,lshift,454,0
Brooklyn27,1,blue,arab,1,8,no,rshift,523,0
Brooklyn27,1,blue,arab,1,4,no,rshift,451,0
Brooklyn27,1,red,arab,1,2,no,lshift,416,0
Brooklyn27,1,blue,arab,1,4,no,rshift,502,0
Brooklyn27,1,red,arab,1,4,no,lshift,449,0
Brooklyn27,2,blue,arab,1,3,no,rshift,1044,0
Brooklyn27,2,blue,arab,1,6,no,rshift,358,0
Brooklyn27,2,blue,arab,1,4,no,rshift,390,0
Brooklyn27,2,red,arab,1,9,no,lshift,1384,0
Brooklyn27,2,red,arab,1,3,no,lshift,540,0
Brooklyn27,2,blue,arab,1,9,no,rshift,651,0
Brooklyn27,2,blue,arab,1,6,no,rshift,483,0
Brooklyn27,2,red,arab,1,3,no,lshift,440,0
Brooklyn27,2,blue,arab,1,7,no,rshift,399,0
Brooklyn27,2,blue,arab,1,2,no,rshift,516,0
Brooklyn27,2,red,arab,1,8,no,lshift,317,0
Brooklyn27,2,blue,arab,1,2,no,rshift,391,0
Brooklyn27,2,red,arab,1,4,no,lshift,453,0
Brooklyn27,2,red,arab,1,4,no,lshift,365,0
Brooklyn27,2,blue,arab,1,9,no,rshift,296,0
Brooklyn27,2,red,arab,1,1,no,lshift,515,0
Brooklyn27,2,red,arab,1,8,no,lshift,448,0
Brooklyn27,2,red,arab,1,8,no,lshift,458,0
Brooklyn27,2,red,arab,1,1,no,lshift,400,0
Brooklyn27,2,blue,arab,1,9,no,rshift,297,0
Brooklyn27,2,blue,arab,1,3,no,rshift,359,0
Brooklyn27,2,blue,arab,1,1,no,rshift,390,0
Brooklyn27,2,red,arab,1,4,no,lshift,468,0
Brooklyn27,2,blue,arab,1,7,no,rshift,389,0
Brooklyn27,2,blue,arab,1,2,no,rshift,389,0
Brooklyn27,2,red,arab,0,3,no,rshift,371,0
Brooklyn27,2,red,arab,1,1,no,lshift,447,0
Brooklyn27,2,blue,arab,1,3,no,rshift,381,0
Brooklyn27,2,blue,arab,1,6,no,rshift,423,0
Brooklyn27,2,red,arab,1,1,no,lshift,477,0
Brooklyn27,2,blue,arab,1,6,no,rshift,690,0
Brooklyn27,2,red,arab,1,7,no,lshift,423,0
Brooklyn27,2,blue,arab,1,7,no,rshift,399,0
Brooklyn27,2,blue,arab,1,3,no,rshift,369,0
Brooklyn27,2,blue,arab,1,7,no,rshift,614,0
Brooklyn27,2,red,arab,1,8,no,lshift,485,0
Brooklyn27,2,red,arab,1,7,no,lshift,624,0
Brooklyn27,2,blue,arab,1,4,no,rshift,611,0
Brooklyn27,2,red,arab,1,8,no,lshift,438,0
Brooklyn27,2,blue,arab,1,9,no,rshift,723,0
Brooklyn27,2,red,arab,1,9,no,lshift,450,0
Brooklyn27,2,blue,arab,1,8,no,rshift,571,0
Brooklyn27,2,red,arab,1,1,no,lshift,728,0
Brooklyn27,2,blue,arab,1,1,no,rshift,956,0
Brooklyn27,2,red,arab,1,9,no,lshift,825,0
Brooklyn27,2,red,arab,1,6,no,lshift,592,0
Brooklyn27,2,red,arab,1,1,no,lshift,351,0
Brooklyn27,2,red,arab,1,1,no,lshift,469,0
Brooklyn27,2,red,arab,1,7,no,lshift,484,0
Brooklyn27,2,red,arab,1,2,no,lshift,521,0
Brooklyn27,2,red,arab,1,4,no,lshift,597,0
Brooklyn27,2,red,arab,1,2,no,lshift,467,0
Brooklyn27,2,blue,arab,1,8,no,rshift,430,0
Brooklyn27,2,red,arab,1,4,no,lshift,437,0
Brooklyn27,2,blue,arab,1,6,no,rshift,914,0
Brooklyn27,2,blue,arab,1,4,no,rshift,558,0
Brooklyn27,2,red,arab,1,6,no,lshift,450,0
Brooklyn27,2,blue,arab,1,8,no,rshift,468,0
Brooklyn27,2,blue,arab,1,2,no,rshift,456,0
Brooklyn27,2,blue,arab,1,6,no,rshift,589,0
Brooklyn27,2,blue,arab,1,4,no,rshift,727,0
Brooklyn27,2,blue,arab,1,2,no,rshift,565,0
Brooklyn27,2,blue,arab,1,8,no,rshift,749,0
Brooklyn27,2,blue,arab,1,3,no,rshift,420,0
Brooklyn27,2,red,arab,1,3,no,lshift,440,0
Brooklyn27,2,blue,arab,1,3,no,rshift,554,0
Brooklyn27,2,blue,arab,1,8,no,rshift,486,0
Brooklyn27,2,red,arab,1,8,no,lshift,625,0
Brooklyn27,2,red,arab,1,7,no,lshift,465,0
Brooklyn27,2,red,arab,1,9,no,lshift,604,0
Brooklyn27,2,blue,arab,1,9,no,rshift,537,0
Brooklyn27,2,red,arab,1,3,no,lshift,610,0
Brooklyn27,2,red,arab,1,4,no,lshift,585,0
Brooklyn27,2,blue,arab,1,7,no,rshift,506,0
Brooklyn27,2,red,arab,1,4,no,lshift,400,0
Brooklyn27,2,red,arab,1,1,no,lshift,719,0
Brooklyn27,2,red,arab,1,4,no,lshift,676,0
Brooklyn27,2,blue,arab,1,8,no,rshift,357,0
Brooklyn27,2,blue,arab,1,6,no,rshift,496,0
Brooklyn27,2,red,arab,1,7,no,lshift,643,0
Brooklyn27,2,red,arab,1,7,no,lshift,1545,0
Brooklyn27,2,blue,arab,1,6,no,rshift,539,0
Brooklyn27,2,blue,arab,1,1,no,rshift,394,0
Brooklyn27,2,red,arab,1,2,no,lshift,633,0
Brooklyn27,2,blue,arab,1,9,no,rshift,364,0
Brooklyn27,2,red,arab,1,8,no,lshift,396,0
Brooklyn27,2,red,arab,1,6,no,lshift,818,0
Brooklyn27,2,blue,arab,1,4,no,rshift,564,0
Brooklyn27,2,blue,arab,1,7,no,rshift,415,0
Brooklyn27,2,blue,arab,1,7,no,rshift,284,0
Brooklyn27,2,blue,arab,1,1,no,rshift,343,0
Brooklyn27,2,red,arab,1,2,no,lshift,417,0
Brooklyn27,2,red,arab,1,6,no,lshift,362,0
Brooklyn27,2,red,arab,1,7,no,lshift,422,0
Brooklyn27,2,red,arab,1,6,no,lshift,360,0
Brooklyn27,2,red,arab,1,3,no,lshift,319,0
Brooklyn27,2,blue,arab,1,1,no,rshift,540,0
Brooklyn27,2,blue,arab,1,1,no,rshift,305,0
Brooklyn27,2,blue,arab,1,9,no,rshift,354,0
Brooklyn27,2,blue,arab,1,1,no,rshift,341,0
Brooklyn27,2,red,arab,1,1,no,lshift,413,0
Brooklyn27,2,red,arab,0,9,no,rshift,252,0
Brooklyn27,2,red,arab,1,6,no,lshift,416,0
Brooklyn27,2,blue,arab,1,8,no,rshift,450,0
Brooklyn27,2,blue,arab,1,4,no,rshift,348,0
Brooklyn27,2,blue,arab,1,4,no,rshift,346,0
Brooklyn27,2,blue,arab,1,2,no,rshift,300,0
Brooklyn27,2,red,arab,1,9,no,lshift,409,0
Brooklyn27,2,red,arab,1,4,no,lshift,451,0
Brooklyn27,2,blue,arab,1,4,no,rshift,409,0
Brooklyn27,2,blue,arab,1,3,no,rshift,529,0
Brooklyn27,2,blue,arab,1,1,no,rshift,351,0
Brooklyn27,2,red,arab,1,3,no,lshift,398,0
Brooklyn27,2,red,arab,1,1,no,lshift,756,0
Brooklyn27,2,red,arab,1,3,no,lshift,421,0
Brooklyn27,2,red,arab,1,7,no,lshift,448,0
Brooklyn27,2,blue,arab,1,9,no,rshift,542,0
Brooklyn27,2,blue,arab,1,2,no,rshift,431,0
Brooklyn27,2,blue,arab,1,3,no,rshift,419,0
Brooklyn27,2,blue,arab,1,1,no,rshift,392,0
Brooklyn27,2,red,arab,1,6,no,lshift,606,0
Brooklyn27,2,red,arab,1,3,no,lshift,323,0
Brooklyn27,2,red,arab,1,8,no,lshift,503,0
Brooklyn27,2,red,arab,1,7,no,lshift,461,0
Brooklyn27,2,blue,arab,1,8,no,rshift,379,0
Brooklyn27,2,red,arab,1,9,no,lshift,444,0
Brooklyn27,2,red,arab,1,3,no,lshift,425,0
Brooklyn27,2,blue,arab,1,4,no,rshift,519,0
Brooklyn27,2,red,arab,1,2,no,lshift,516,0
Brooklyn27,2,blue,arab,1,6,no,rshift,723,0
Brooklyn27,2,red,arab,1,6,no,lshift,411,0
Brooklyn27,2,red,arab,1,9,no,lshift,545,0
Brooklyn27,2,blue,arab,1,3,no,rshift,587,0
Brooklyn27,2,red,arab,1,2,no,lshift,1372,0
Brooklyn27,2,red,arab,1,9,no,lshift,436,0
Brooklyn27,2,blue,arab,1,2,no,rshift,404,0
Brooklyn27,2,blue,arab,1,7,no,rshift,366,0
Brooklyn27,2,red,arab,1,2,no,lshift,552,0
Brooklyn27,2,blue,arab,1,3,no,rshift,405,0
Brooklyn27,2,blue,arab,1,8,no,rshift,337,0
Brooklyn27,2,blue,arab,1,9,no,rshift,269,0
Brooklyn27,2,blue,arab,1,6,no,rshift,290,0
Brooklyn27,2,red,arab,1,2,no,lshift,426,0
Brooklyn27,2,red,arab,1,6,no,lshift,362,0
Brooklyn27,2,red,arab,1,6,no,lshift,394,0
Brooklyn27,2,blue,arab,0,1,no,lshift,416,0
Brooklyn27,2,red,arab,1,4,no,lshift,336,0
Brooklyn27,2,blue,arab,1,8,no,rshift,2617,0
Brooklyn27,2,red,arab,1,8,no,lshift,1469,0
Brooklyn27,2,red,arab,1,7,no,lshift,397,0
Brooklyn27,2,red,arab,1,9,no,lshift,444,0
Brooklyn27,2,blue,arab,1,7,no,rshift,5338,0
Brooklyn27,2,red,arab,1,2,no,lshift,751,0
Brooklyn27,2,red,arab,1,8,no,lshift,1041,0
Brooklyn27,2,blue,arab,1,4,no,rshift,549,0
Brooklyn27,2,blue,arab,1,2,no,rshift,371,0
Brooklyn27,2,blue,arab,1,2,no,rshift,508,0
Brooklyn27,2,red,arab,1,2,no,lshift,408,0
Brooklyn27,2,blue,arab,1,9,no,rshift,542,0
Brooklyn27,2,blue,arab,1,7,no,rshift,429,0
Brooklyn27,3,red,arab,1,3,no,lshift,1034,0
Brooklyn27,3,blue,arab,1,9,no,rshift,356,0
Brooklyn27,3,red,arab,1,8,no,lshift,469,0
Brooklyn27,3,blue,arab,1,8,no,rshift,335,0
Brooklyn27,3,blue,arab,1,4,no,rshift,475,0
Brooklyn27,3,blue,arab,1,2,no,rshift,357,0
Brooklyn27,3,blue,arab,1,7,no,rshift,350,0
Brooklyn27,3,blue,arab,1,2,no,rshift,375,0
Brooklyn27,3,red,arab,1,2,no,lshift,324,0
Brooklyn27,3,blue,arab,1,9,no,rshift,1004,0
Brooklyn27,3,blue,arab,1,9,no,rshift,411,0
Brooklyn27,3,blue,arab,1,9,no,rshift,895,0
Brooklyn27,3,red,arab,1,9,no,lshift,875,0
Brooklyn27,3,blue,arab,1,4,no,rshift,1870,0
Brooklyn27,3,blue,arab,1,2,no,rshift,1023,0
Brooklyn27,3,blue,arab,1,6,no,rshift,492,0
Brooklyn27,3,blue,arab,1,8,no,rshift,1243,0
Brooklyn27,3,blue,arab,1,1,no,rshift,1937,0
Brooklyn27,3,red,arab,1,7,no,lshift,1823,0
Brooklyn27,3,blue,arab,1,4,no,rshift,1065,0
Brooklyn27,3,red,arab,1,2,no,lshift,521,0
Brooklyn27,3,red,arab,1,8,no,lshift,454,0
Brooklyn27,3,blue,arab,1,7,no,rshift,839,0
Brooklyn27,3,blue,arab,1,6,no,rshift,368,0
Brooklyn27,3,red,arab,1,1,no,lshift,426,0
Brooklyn27,3,blue,arab,1,7,no,rshift,630,0
Brooklyn27,3,blue,arab,1,2,no,rshift,408,0
Brooklyn27,3,red,arab,1,8,no,lshift,481,0
Brooklyn27,3,blue,arab,1,4,no,rshift,366,0
Brooklyn27,3,red,arab,1,2,no,lshift,505,0
Brooklyn27,3,red,arab,1,4,no,lshift,607,0
Brooklyn27,3,blue,arab,1,7,no,rshift,368,0
Brooklyn27,3,red,arab,1,8,no,lshift,383,0
Brooklyn27,3,red,arab,1,8,no,lshift,463,0
Brooklyn27,3,blue,arab,1,2,no,rshift,489,0
Brooklyn27,3,red,arab,1,2,no,lshift,596,0
Brooklyn27,3,red,arab,1,7,no,lshift,689,0
Brooklyn27,3,red,arab,1,2,no,lshift,434,0
Brooklyn27,3,blue,arab,1,8,no,rshift,535,0
Brooklyn27,3,red,arab,1,9,no,lshift,452,0
Brooklyn27,3,red,arab,1,6,no,lshift,582,0
Brooklyn27,3,blue,arab,1,6,no,rshift,412,0
Brooklyn27,3,red,arab,1,6,no,lshift,636,0
Brooklyn27,3,red,arab,1,4,no,lshift,470,0
Brooklyn27,3,red,arab,1,6,no,lshift,758,0
Brooklyn27,3,blue,arab,1,2,no,rshift,427,0
Brooklyn27,3,blue,arab,1,6,no,rshift,434,0
Brooklyn27,3,blue,arab,1,7,no,rshift,439,0
Brooklyn27,3,blue,arab,1,3,no,rshift,453,0
Brooklyn27,3,red,arab,1,3,no,lshift,562,0
Brooklyn27,3,red,arab,1,3,no,lshift,374,0
Brooklyn27,3,blue,arab,1,1,no,rshift,381,0
Brooklyn27,3,red,arab,1,6,no,lshift,582,0
Brooklyn27,3,red,arab,1,6,no,lshift,514,0
Brooklyn27,3,blue,arab,1,6,no,rshift,515,0
Brooklyn27,3,red,arab,1,3,no,lshift,486,0
Brooklyn27,3,blue,arab,1,9,no,rshift,554,0
Brooklyn27,3,blue,arab,1,1,no,rshift,941,0
Brooklyn27,3,red,arab,1,4,no,lshift,535,0
Brooklyn27,3,blue,arab,1,3,no,rshift,494,0
Brooklyn27,3,red,arab,1,4,no,lshift,431,0
Brooklyn27,3,blue,arab,1,2,no,rshift,413,0
Brooklyn27,3,blue,arab,1,8,no,rshift,477,0
Brooklyn27,3,blue,arab,1,6,no,rshift,420,0
Brooklyn27,3,red,arab,1,9,no,lshift,625,0
Brooklyn27,3,blue,arab,1,9,no,rshift,423,0
Brooklyn27,3,red,arab,1,6,no,lshift,1378,0
Brooklyn27,3,red,arab,1,6,no,lshift,443,0
Brooklyn27,3,blue,arab,1,6,no,rshift,508,0
Brooklyn27,3,red,arab,1,3,no,lshift,550,0
Brooklyn27,3,red,arab,1,3,no,lshift,570,0
Brooklyn27,3,blue,arab,1,8,no,rshift,501,0
Brooklyn27,3,blue,arab,1,1,no,rshift,420,0
Brooklyn27,3,blue,arab,1,9,no,rshift,430,0
Brooklyn27,3,red,arab,1,1,no,lshift,438,0
Brooklyn27,3,red,arab,1,4,no,lshift,515,0
Brooklyn27,3,red,arab,1,2,no,lshift,1398,0
Brooklyn27,3,blue,arab,1,3,no,rshift,547,0
Brooklyn27,3,blue,arab,1,7,no,rshift,745,0
Brooklyn27,3,blue,arab,1,8,no,rshift,470,0
Brooklyn27,3,red,arab,1,3,no,lshift,543,0
Brooklyn27,3,red,arab,1,2,no,lshift,405,0
Brooklyn27,3,red,arab,1,8,no,lshift,469,0
Brooklyn27,3,red,arab,1,7,no,lshift,388,0
Brooklyn27,3,blue,arab,1,7,no,rshift,903,0
Brooklyn27,3,red,arab,1,8,no,lshift,428,0
Brooklyn27,3,red,arab,1,7,no,lshift,520,0
Brooklyn27,3,red,arab,1,3,no,lshift,403,0
Brooklyn27,3,blue,arab,1,4,no,rshift,569,0
Brooklyn27,3,blue,arab,1,4,no,rshift,522,0
Brooklyn27,3,red,arab,1,4,no,lshift,468,0
Brooklyn27,3,blue,arab,1,8,no,rshift,443,0
Brooklyn27,3,red,arab,1,4,no,lshift,450,0
Brooklyn27,3,blue,arab,1,7,no,rshift,786,0
Brooklyn27,3,blue,arab,0,1,no,lshift,806,0
Brooklyn27,3,red,arab,1,1,no,lshift,1261,0
Brooklyn27,3,blue,arab,1,4,no,rshift,363,0
Brooklyn27,3,red,arab,1,7,no,lshift,631,0
Brooklyn27,3,red,arab,1,9,no,lshift,508,0
Brooklyn27,3,red,arab,1,3,no,lshift,429,0
Brooklyn27,3,red,arab,1,7,no,lshift,400,0
Brooklyn27,3,red,arab,1,1,no,lshift,395,0
Brooklyn27,3,blue,arab,1,6,no,rshift,606,0
Brooklyn27,3,blue,arab,1,9,no,rshift,400,0
Brooklyn27,3,blue,arab,1,1,no,rshift,335,0
Brooklyn27,3,red,arab,1,1,no,lshift,511,0
Brooklyn27,3,red,arab,1,1,no,lshift,418,0
Brooklyn27,3,red,arab,1,8,no,lshift,697,0
Brooklyn27,3,red,arab,1,9,no,lshift,1192,0
Brooklyn27,3,blue,arab,1,1,no,rshift,604,0
Brooklyn27,3,red,arab,1,3,no,lshift,1515,0
Brooklyn27,3,blue,arab,1,3,no,rshift,938,0
Brooklyn27,3,blue,arab,1,9,no,rshift,1086,0
Brooklyn27,3,red,arab,1,4,no,lshift,488,0
Brooklyn27,3,red,arab,1,7,no,lshift,439,0
Brooklyn27,3,blue,arab,1,3,no,rshift,722,0
Brooklyn27,3,blue,arab,1,3,no,rshift,818,0
Brooklyn27,3,red,arab,1,6,no,lshift,435,0
Brooklyn27,3,blue,arab,1,9,no,rshift,605,0
Brooklyn27,3,blue,arab,1,6,no,rshift,506,0
Brooklyn27,3,blue,arab,1,1,no,rshift,496,0
Brooklyn27,3,blue,arab,1,7,no,rshift,414,0
Brooklyn27,3,red,arab,1,7,no,lshift,460,0
Brooklyn27,3,red,arab,1,6,no,lshift,400,0
Brooklyn27,3,red,arab,1,4,no,lshift,477,0
Brooklyn27,3,red,arab,1,1,no,lshift,642,0
Brooklyn27,3,red,arab,1,1,no,lshift,342,0
Brooklyn27,3,red,arab,1,2,no,lshift,1203,0
Brooklyn27,3,red,arab,1,9,no,lshift,390,0
Brooklyn27,3,blue,arab,0,8,no,lshift,422,0
Brooklyn27,3,red,arab,1,9,no,lshift,478,0
Brooklyn27,3,blue,arab,1,8,no,rshift,610,0
Brooklyn27,3,red,arab,1,6,no,lshift,678,0
Brooklyn27,3,blue,arab,1,3,no,rshift,632,0
Brooklyn27,3,red,arab,1,2,no,lshift,488,0
Brooklyn27,3,blue,arab,1,6,no,rshift,680,0
Brooklyn27,3,red,arab,1,9,no,lshift,395,0
Brooklyn27,3,blue,arab,1,8,no,rshift,446,0
Brooklyn27,3,blue,arab,1,4,no,rshift,438,0
Brooklyn27,3,blue,arab,1,3,no,rshift,401,0
Brooklyn27,3,red,arab,1,1,no,lshift,540,0
Brooklyn27,3,blue,arab,1,2,no,rshift,662,0
Brooklyn27,3,blue,arab,1,7,no,rshift,373,0
Brooklyn27,3,blue,arab,1,2,no,rshift,412,0
Brooklyn27,3,red,arab,1,8,no,lshift,625,0
Brooklyn27,3,red,arab,1,8,no,lshift,558,0
Brooklyn27,3,red,arab,1,2,no,lshift,719,0
Brooklyn27,3,blue,arab,1,2,no,rshift,459,0
Brooklyn27,3,red,arab,1,7,no,lshift,464,0
Brooklyn27,3,blue,arab,1,4,no,rshift,470,0
Brooklyn27,3,red,arab,1,4,no,lshift,897,0
Brooklyn27,3,blue,arab,1,3,no,rshift,933,0
Brooklyn27,3,red,arab,1,9,no,lshift,505,0
Brooklyn27,3,blue,arab,1,3,no,rshift,518,0
Brooklyn27,3,red,arab,1,1,no,lshift,638,0
Brooklyn27,3,blue,arab,1,1,no,rshift,452,0
Brooklyn27,3,red,arab,1,9,no,lshift,591,0
Brooklyn27,3,blue,arab,1,1,no,rshift,493,0
Brooklyn27,3,red,arab,1,7,no,lshift,455,0
Brooklyn27,3,blue,arab,1,4,no,rshift,428,0
Brooklyn27,0,blue,dot,1,7,yes,rshift,533,0
Brooklyn27,0,red,dot,1,1,yes,lshift,509,0
Brooklyn27,0,blue,dot,1,2,yes,rshift,439,0
Brooklyn27,0,blue,dot,1,1,yes,rshift,404,0
Brooklyn27,0,red,dot,1,4,yes,lshift,477,0
Brooklyn27,0,red,dot,1,3,yes,lshift,426,0
Brooklyn27,0,blue,dot,1,6,yes,rshift,437,0
Brooklyn27,0,blue,dot,1,3,yes,rshift,401,0
Brooklyn27,0,red,dot,1,9,yes,lshift,373,0
Brooklyn27,0,red,dot,1,7,yes,lshift,499,0
Brooklyn27,0,red,dot,1,8,yes,lshift,440,0
Brooklyn27,0,blue,dot,1,9,yes,rshift,569,0
Brooklyn27,0,blue,dot,1,8,yes,rshift,607,0
Brooklyn27,0,red,dot,1,2,yes,lshift,374,0
Brooklyn27,0,red,dot,1,6,yes,lshift,718,0
Brooklyn27,0,blue,dot,1,4,yes,rshift,693,0
Brooklyn27,1,blue,dot,1,8,no,rshift,991,0
Brooklyn27,1,red,dot,1,9,no,lshift,554,0
Brooklyn27,1,red,dot,1,7,no,lshift,345,0
Brooklyn27,1,red,dot,1,4,no,lshift,451,0
Brooklyn27,1,blue,dot,1,3,no,rshift,393,0
Brooklyn27,1,red,dot,1,9,no,lshift,488,0
Brooklyn27,1,red,dot,1,4,no,lshift,405,0
Brooklyn27,1,red,dot,1,6,no,lshift,460,0
Brooklyn27,1,blue,dot,1,3,no,rshift,940,0
Brooklyn27,1,blue,dot,1,6,no,rshift,492,0
Brooklyn27,1,red,dot,1,3,no,lshift,632,0
Brooklyn27,1,red,dot,1,3,no,lshift,458,0
Brooklyn27,1,blue,dot,1,2,no,rshift,1929,0
Brooklyn27,1,red,dot,1,6,no,lshift,409,0
Brooklyn27,1,red,dot,1,4,no,lshift,693,0
Brooklyn27,1,red,dot,1,1,no,lshift,478,0
Brooklyn27,1,blue,dot,1,2,no,rshift,427,0
Brooklyn27,1,blue,dot,1,1,no,rshift,786,0
Brooklyn27,1,blue,dot,1,1,no,rshift,446,0
Brooklyn27,1,red,dot,1,6,no,lshift,777,0
Brooklyn27,1,red,dot,1,6,no,lshift,1138,0
Brooklyn27,1,red,dot,1,3,no,lshift,592,0
Brooklyn27,1,blue,dot,1,7,no,rshift,520,0
Brooklyn27,1,red,dot,1,7,no,lshift,653,0
Brooklyn27,1,blue,dot,1,6,no,rshift,554,0
Brooklyn27,1,blue,dot,1,4,no,rshift,530,0
Brooklyn27,1,red,dot,1,2,no,lshift,491,0
Brooklyn27,1,red,dot,1,9,no,lshift,1369,0
Brooklyn27,1,red,dot,1,6,no,lshift,589,0
Brooklyn27,1,blue,dot,1,4,no,rshift,550,0
Brooklyn27,1,red,dot,1,2,no,lshift,414,0
Brooklyn27,1,red,dot,1,1,no,lshift,1270,0
Brooklyn27,1,red,dot,1,7,no,lshift,467,0
Brooklyn27,1,blue,dot,1,4,no,rshift,880,0
Brooklyn27,1,blue,dot,1,2,no,rshift,687,0
Brooklyn27,1,blue,dot,0,3,no,lshift,489,0
Brooklyn27,1,blue,dot,1,7,no,rshift,598,0
Brooklyn27,1,red,dot,1,9,no,lshift,414,0
Brooklyn27,1,red,dot,1,7,no,lshift,1184,0
Brooklyn27,1,blue,dot,1,6,no,rshift,577,0
Brooklyn27,1,red,dot,1,4,no,lshift,640,0
Brooklyn27,1,blue,dot,1,1,no,rshift,903,0
Brooklyn27,1,red,dot,1,8,no,lshift,1022,0
Brooklyn27,1,blue,dot,1,6,no,rshift,1060,0
Brooklyn27,1,blue,dot,1,2,no,rshift,743,0
Brooklyn27,1,red,dot,1,2,no,lshift,517,0
Brooklyn27,1,red,dot,1,8,no,lshift,472,0
Brooklyn27,1,red,dot,1,6,no,lshift,1092,0
Brooklyn27,1,red,dot,1,2,no,lshift,542,0
Brooklyn27,1,blue,dot,1,1,no,rshift,620,0
Brooklyn27,1,blue,dot,1,4,no,rshift,484,0
Brooklyn27,1,red,dot,1,3,no,lshift,1105,0
Brooklyn27,1,blue,dot,1,9,no,rshift,389,0
Brooklyn27,1,blue,dot,1,6,no,rshift,592,0
Brooklyn27,1,red,dot,1,9,no,lshift,1093,0
Brooklyn27,1,red,dot,1,8,no,lshift,1707,0
Brooklyn27,1,red,dot,1,7,no,lshift,482,0
Brooklyn27,1,blue,dot,1,3,no,rshift,1436,0
Brooklyn27,1,blue,dot,1,2,no,rshift,392,0
Brooklyn27,1,blue,dot,1,6,no,rshift,428,0
Brooklyn27,1,red,dot,1,1,no,lshift,541,0
Brooklyn27,1,red,dot,1,2,no,lshift,534,0
Brooklyn27,1,red,dot,1,4,no,lshift,1021,0
Brooklyn27,1,blue,dot,1,6,no,rshift,497,0
Brooklyn27,1,red,dot,1,7,no,lshift,1198,0
Brooklyn27,1,red,dot,1,4,no,lshift,443,0
Brooklyn27,1,blue,dot,1,9,no,rshift,498,0
Brooklyn27,1,blue,dot,1,1,no,rshift,473,0
Brooklyn27,1,red,dot,1,1,no,lshift,448,0
Brooklyn27,1,blue,dot,1,1,no,rshift,473,0
Brooklyn27,1,red,dot,1,4,no,lshift,462,0
Brooklyn27,1,blue,dot,1,7,no,rshift,479,0
Brooklyn27,1,blue,dot,1,1,no,rshift,546,0
Brooklyn27,1,red,dot,1,8,no,lshift,444,0
Brooklyn27,1,blue,dot,1,8,no,rshift,1146,0
Brooklyn27,1,blue,dot,1,4,no,rshift,397,0
Brooklyn27,1,red,dot,1,9,no,lshift,366,0
Brooklyn27,1,red,dot,1,9,no,lshift,419,0
Brooklyn27,1,red,dot,1,3,no,lshift,454,0
Brooklyn27,1,blue,dot,1,2,no,rshift,410,0
Brooklyn27,1,red,dot,1,1,no,lshift,995,0
Brooklyn27,1,red,dot,1,9,no,lshift,818,0
Brooklyn27,1,blue,dot,1,8,no,rshift,400,0
Brooklyn27,1,blue,dot,1,7,no,rshift,360,0
Brooklyn27,1,blue,dot,1,4,no,rshift,594,0
Brooklyn27,1,blue,dot,1,9,no,rshift,480,0
Brooklyn27,1,red,dot,1,8,no,lshift,678,0
Brooklyn27,1,red,dot,1,8,no,lshift,601,0
Brooklyn27,1,red,dot,1,2,no,lshift,547,0
Brooklyn27,1,red,dot,1,1,no,lshift,439,0
Brooklyn27,1,blue,dot,1,7,no,rshift,455,0
Brooklyn27,1,red,dot,1,6,no,lshift,456,0
Brooklyn27,1,blue,dot,1,8,no,rshift,441,0
Brooklyn27,1,red,dot,1,2,no,lshift,465,0
Brooklyn27,1,red,dot,0,9,no,rshift,439,0
Brooklyn27,1,red,dot,1,8,no,lshift,530,0
Brooklyn27,1,blue,dot,1,8,no,rshift,445,0
Brooklyn27,1,red,dot,1,6,no,lshift,403,0
Brooklyn27,1,blue,dot,1,3,no,rshift,1004,0
Brooklyn27,1,blue,dot,1,7,no,rshift,416,0
Brooklyn27,1,red,dot,1,3,no,lshift,374,0
Brooklyn27,1,red,dot,1,8,no,lshift,649,0
Brooklyn27,1,blue,dot,1,6,no,rshift,587,0
Brooklyn27,1,red,dot,1,2,no,lshift,631,0
Brooklyn27,1,red,dot,1,9,no,lshift,905,0
Brooklyn27,1,blue,dot,1,9,no,rshift,708,0
Brooklyn27,1,red,dot,1,1,no,lshift,523,0
Brooklyn27,1,blue,dot,1,7,no,rshift,909,0
Brooklyn27,1,red,dot,1,7,no,lshift,927,0
Brooklyn27,1,red,dot,1,4,no,lshift,517,0
Brooklyn27,1,red,dot,1,7,no,lshift,844,0
Brooklyn27,1,blue,dot,1,3,no,rshift,453,0
Brooklyn27,1,red,dot,1,2,no,lshift,535,0
Brooklyn27,1,blue,dot,0,2,no,lshift,506,0
Brooklyn27,1,blue,dot,1,9,no,rshift,589,0
Brooklyn27,1,blue,dot,1,1,no,rshift,453,0
Brooklyn27,1,blue,dot,1,9,no,rshift,418,0
Brooklyn27,1,blue,dot,1,7,no,rshift,683,0
Brooklyn27,1,red,dot,1,8,no,lshift,432,0
Brooklyn27,1,blue,dot,1,8,no,rshift,403,0
Brooklyn27,1,red,dot,1,3,no,lshift,460,0
Brooklyn27,1,blue,dot,1,3,no,rshift,465,0
Brooklyn27,1,red,dot,1,3,no,lshift,871,0
Brooklyn27,1,blue,dot,1,9,no,rshift,409,0
Brooklyn27,1,blue,dot,1,4,no,rshift,578,0
Brooklyn27,1,blue,dot,1,8,no,rshift,371,0
Brooklyn27,1,red,dot,1,3,no,lshift,421,0
Brooklyn27,1,blue,dot,1,8,no,rshift,495,0
Brooklyn27,1,red,dot,1,6,no,lshift,905,0
Brooklyn27,1,blue,dot,1,9,no,rshift,474,0
Brooklyn27,1,blue,dot,1,4,no,rshift,640,0
Brooklyn27,1,red,dot,1,8,no,lshift,603,0
Brooklyn27,1,red,dot,1,1,no,lshift,593,0
Brooklyn27,1,blue,dot,1,6,no,rshift,487,0
Brooklyn27,1,blue,dot,1,4,no,rshift,460,0
Brooklyn27,1,blue,dot,1,7,no,rshift,392,0
Brooklyn27,1,red,dot,1,7,no,lshift,449,0
Brooklyn27,1,red,dot,1,7,no,lshift,517,0
Brooklyn27,1,blue,dot,1,7,no,rshift,577,0
Brooklyn27,1,blue,dot,1,3,no,rshift,389,0
Brooklyn27,1,blue,dot,1,4,no,rshift,509,0
Brooklyn27,1,red,dot,1,1,no,lshift,547,0
Brooklyn27,1,blue,dot,1,8,no,rshift,443,0
Brooklyn27,1,red,dot,1,2,no,lshift,590,0
Brooklyn27,1,blue,dot,1,2,no,rshift,432,0
Brooklyn27,1,red,dot,1,4,no,lshift,1143,0
Brooklyn27,1,blue,dot,1,9,no,rshift,412,0
Brooklyn27,1,blue,dot,0,1,no,lshift,1948,0
Brooklyn27,1,blue,dot,1,1,no,rshift,405,0
Brooklyn27,1,red,dot,1,3,no,lshift,727,0
Brooklyn27,1,blue,dot,1,2,no,rshift,744,0
Brooklyn27,1,red,dot,1,4,no,lshift,909,0
Brooklyn27,1,red,dot,1,6,no,lshift,569,0
Brooklyn27,1,blue,dot,1,6,no,rshift,319,0
Brooklyn27,1,blue,dot,1,8,no,rshift,433,0
Brooklyn27,1,blue,dot,1,9,no,rshift,497,0
Brooklyn27,1,blue,dot,1,2,no,rshift,467,0
Brooklyn27,1,red,dot,1,1,no,lshift,435,0
Brooklyn27,1,blue,dot,1,3,no,rshift,486,0
Brooklyn27,1,blue,dot,1,3,no,rshift,420,0
Brooklyn27,2,red,dot,1,7,no,lshift,871,0
Brooklyn27,2,red,dot,1,4,no,lshift,462,0
Brooklyn27,2,red,dot,1,2,no,lshift,1025,0
Brooklyn27,2,red,dot,1,4,no,lshift,449,0
Brooklyn27,2,blue,dot,1,8,no,rshift,507,0
Brooklyn27,2,blue,dot,1,4,no,rshift,449,0
Brooklyn27,2,blue,dot,1,6,no,rshift,504,0
Brooklyn27,2,red,dot,1,1,no,lshift,626,0
Brooklyn27,2,blue,dot,1,1,no,rshift,487,0
Brooklyn27,2,red,dot,1,2,no,lshift,706,0
Brooklyn27,2,blue,dot,1,4,no,rshift,409,0
Brooklyn27,2,red,dot,1,8,no,lshift,840,0
Brooklyn27,2,blue,dot,1,4,no,rshift,366,0
Brooklyn27,2,blue,dot,1,7,no,rshift,474,0
Brooklyn27,2,blue,dot,1,9,no,rshift,426,0
Brooklyn27,2,red,dot,1,1,no,lshift,398,0
Brooklyn27,2,blue,dot,1,2,no,rshift,530,0
Brooklyn27,2,blue,dot,1,8,no,rshift,662,0
Brooklyn27,2,red,dot,1,9,no,lshift,579,0
Brooklyn27,2,red,dot,0,6,no,rshift,671,0
Brooklyn27,2,red,dot,1,4,no,lshift,602,0
Brooklyn27,2,red,dot,1,1,no,lshift,409,0
Brooklyn27,2,red,dot,1,3,no,lshift,393,0
Brooklyn27,2,blue,dot,1,9,no,rshift,421,0
Brooklyn27,2,red,dot,1,9,no,lshift,447,0
Brooklyn27,2,blue,dot,1,7,no,rshift,428,0
Brooklyn27,2,blue,dot,1,1,no,rshift,385,0
Brooklyn27,2,red,dot,1,3,no,lshift,397,0
Brooklyn27,2,blue,dot,1,9,no,rshift,766,0
Brooklyn27,2,red,dot,1,6,no,lshift,373,0
Brooklyn27,2,blue,dot,1,1,no,rshift,910,0
Brooklyn27,2,blue,dot,1,9,no,rshift,454,0
Brooklyn27,2,blue,dot,1,3,no,rshift,428,0
Brooklyn27,2,blue,dot,1,4,no,rshift,446,0
Brooklyn27,2,red,dot,1,1,no,lshift,571,0
Brooklyn27,2,red,dot,1,6,no,lshift,578,0
Brooklyn27,2,red,dot,1,7,no,lshift,724,0
Brooklyn27,2,blue,dot,1,3,no,rshift,478,0
Brooklyn27,2,red,dot,1,2,no,lshift,558,0
Brooklyn27,2,red,dot,1,1,no,lshift,413,0
Brooklyn27,2,red,dot,1,9,no,lshift,522,0
Brooklyn27,2,blue,dot,1,9,no,rshift,555,0
Brooklyn27,2,red,dot,1,7,no,lshift,418,0
Brooklyn27,2,red,dot,1,6,no,lshift,695,0
Brooklyn27,2,blue,dot,1,3,no,rshift,386,0
Brooklyn27,2,red,dot,1,3,no,lshift,649,0
Brooklyn27,2,red,dot,1,9,no,lshift,506,0
Brooklyn27,2,red,dot,1,3,no,lshift,344,0
Brooklyn27,2,red,dot,1,9,no,lshift,531,0
Brooklyn27,2,red,dot,1,6,no,lshift,2106,0
Brooklyn27,2,blue,dot,1,2,no,rshift,1486,0
Brooklyn27,2,blue,dot,1,1,no,rshift,401,0
Brooklyn27,2,blue,dot,1,4,no,rshift,392,0
Brooklyn27,2,red,dot,1,3,no,lshift,1455,0
Brooklyn27,2,blue,dot,1,8,no,rshift,429,0
Brooklyn27,2,red,dot,1,6,no,lshift,398,0
Brooklyn27,2,red,dot,1,3,no,lshift,500,0
Brooklyn27,2,blue,dot,1,7,no,rshift,494,0
Brooklyn27,2,blue,dot,1,8,no,rshift,335,0
Brooklyn27,2,red,dot,1,1,no,lshift,480,0
Brooklyn27,2,red,dot,1,8,no,lshift,1378,0
Brooklyn27,2,red,dot,1,7,no,lshift,389,0
Brooklyn27,2,red,dot,1,4,no,lshift,636,0
Brooklyn27,2,red,dot,1,4,no,lshift,426,0
Brooklyn27,2,red,dot,1,3,no,lshift,1426,0
Brooklyn27,2,red,dot,1,6,no,lshift,470,0
Brooklyn27,2,blue,dot,1,6,no,rshift,467,0
Brooklyn27,2,red,dot,1,2,no,lshift,399,0
Brooklyn27,2,blue,dot,1,8,no,rshift,348,0
Brooklyn27,2,red,dot,1,9,no,lshift,437,0
Brooklyn27,2,red,dot,1,3,no,lshift,408,0
Brooklyn27,2,red,dot,1,4,no,lshift,701,0
Brooklyn27,2,blue,dot,1,3,no,rshift,1195,0
Brooklyn27,2,blue,dot,1,6,no,rshift,367,0
Brooklyn27,2,blue,dot,1,3,no,rshift,375,0
Brooklyn27,2,red,dot,1,1,no,lshift,406,0
Brooklyn27,2,red,dot,0,2,no,rshift,429,0
Brooklyn27,2,blue,dot,1,3,no,rshift,420,0
Brooklyn27,2,blue,dot,1,8,no,rshift,404,0
Brooklyn27,2,red,dot,1,8,no,lshift,806,0
Brooklyn27,2,red,dot,1,4,no,lshift,447,0
Brooklyn27,2,red,dot,1,7,no,lshift,1070,0
Brooklyn27,2,blue,dot,1,8,no,rshift,413,0
Brooklyn27,2,blue,dot,1,4,no,rshift,421,0
Brooklyn27,2,blue,dot,1,8,no,rshift,381,0
Brooklyn27,2,red,dot,1,3,no,lshift,407,0
Brooklyn27,2,blue,dot,1,4,no,rshift,470,0
Brooklyn27,2,red,dot,1,2,no,lshift,495,0
Brooklyn27,2,red,dot,1,8,no,lshift,1206,0
Brooklyn27,2,blue,dot,1,8,no,rshift,362,0
Brooklyn27,2,blue,dot,1,7,no,rshift,412,0
Brooklyn27,2,blue,dot,1,6,no,rshift,298,0
Brooklyn27,2,blue,dot,1,7,no,rshift,433,0
Brooklyn27,2,red,dot,1,8,no,lshift,404,0
Brooklyn27,2,blue,dot,1,9,no,rshift,316,0
Brooklyn27,2,red,dot,1,6,no,lshift,520,0
Brooklyn27,2,red,dot,1,9,no,lshift,499,0
Brooklyn27,2,blue,dot,1,2,no,rshift,456,0
Brooklyn27,2,red,dot,1,9,no,lshift,443,0
Brooklyn27,2,red,dot,1,8,no,lshift,621,0
Brooklyn27,2,red,dot,1,8,no,lshift,351,0
Brooklyn27,2,blue,dot,1,2,no,rshift,387,0
Brooklyn27,2,blue,dot,1,2,no,rshift,395,0
Brooklyn27,2,blue,dot,1,7,no,rshift,363,0
Brooklyn27,2,blue,dot,1,3,no,rshift,354,0
Brooklyn27,2,blue,dot,1,3,no,rshift,537,0
Brooklyn27,2,red,dot,1,1,no,lshift,448,0
Brooklyn27,2,red,dot,1,7,no,lshift,576,0
Brooklyn27,2,red,dot,1,9,no,lshift,1106,0
Brooklyn27,2,red,dot,1,4,no,lshift,439,0
Brooklyn27,2,red,dot,1,2,no,lshift,1341,0
Brooklyn27,2,blue,dot,1,8,no,rshift,841,0
Brooklyn27,2,blue,dot,1,7,no,rshift,433,0
Brooklyn27,2,red,dot,1,9,no,lshift,457,0
Brooklyn27,2,blue,dot,1,3,no,rshift,362,0
Brooklyn27,2,blue,dot,1,3,no,rshift,390,0
Brooklyn27,2,blue,dot,1,4,no,rshift,382,0
Brooklyn27,2,blue,dot,1,6,no,rshift,532,0
Brooklyn27,2,red,dot,1,7,no,lshift,1027,0
Brooklyn27,2,blue,dot,1,6,no,rshift,675,0
Brooklyn27,2,blue,dot,0,6,no,lshift,396,0
Brooklyn27,2,red,dot,1,8,no,lshift,352,0
Brooklyn27,2,blue,dot,1,9,no,rshift,363,0
Brooklyn27,2,red,dot,1,8,no,lshift,456,0
Brooklyn27,2,blue,dot,0,6,no,lshift,534,0
Brooklyn27,2,blue,dot,1,7,no,rshift,385,0
Brooklyn27,2,blue,dot,1,1,no,rshift,491,0
Brooklyn27,2,blue,dot,1,1,no,rshift,392,0
Brooklyn27,2,blue,dot,1,6,no,rshift,537,0
Brooklyn27,2,red,dot,1,7,no,lshift,529,0
Brooklyn27,2,red,dot,1,3,no,lshift,500,0
Brooklyn27,2,blue,dot,1,2,no,rshift,1502,0
Brooklyn27,2,red,dot,1,1,no,lshift,616,0
Brooklyn27,2,blue,dot,1,2,no,rshift,603,0
Brooklyn27,2,red,dot,1,8,no,lshift,442,0
Brooklyn27,2,red,dot,1,4,no,lshift,606,0
Brooklyn27,2,red,dot,1,6,no,lshift,383,0
Brooklyn27,2,blue,dot,1,1,no,rshift,329,0
Brooklyn27,2,blue,dot,1,1,no,rshift,446,0
Brooklyn27,2,red,dot,1,2,no,lshift,862,0
Brooklyn27,2,blue,dot,1,4,no,rshift,874,0
Brooklyn27,2,blue,dot,1,9,no,rshift,1149,0
Brooklyn27,2,blue,dot,1,9,no,rshift,580,0
Brooklyn27,2,red,dot,1,2,no,lshift,661,0
Brooklyn27,2,blue,dot,1,1,no,rshift,618,0
Brooklyn27,2,red,dot,1,6,no,lshift,707,0
Brooklyn27,2,blue,dot,1,2,no,rshift,542,0
Brooklyn27,2,blue,dot,1,7,no,rshift,497,0
Brooklyn27,2,red,dot,1,1,no,lshift,743,0
Brooklyn27,2,blue,dot,1,9,no,rshift,414,0
Brooklyn27,2,red,dot,1,7,no,lshift,423,0
Brooklyn27,2,blue,dot,1,6,no,rshift,374,0
Brooklyn27,2,blue,dot,1,4,no,rshift,761,0
Brooklyn27,2,red,dot,1,7,no,lshift,433,0
Brooklyn27,2,blue,dot,1,2,no,rshift,466,0
Brooklyn27,2,blue,dot,1,1,no,rshift,448,0
Brooklyn27,2,blue,dot,1,7,no,rshift,454,0
Brooklyn27,2,red,dot,1,4,no,lshift,649,0
Brooklyn27,2,red,dot,1,2,no,lshift,552,0
Brooklyn27,2,blue,dot,1,2,no,rshift,1105,0
Brooklyn27,3,blue,dot,1,6,no,rshift,1149,0
Brooklyn27,3,blue,dot,1,6,no,rshift,416,0
Brooklyn27,3,red,dot,1,2,no,lshift,380,0
Brooklyn27,3,blue,dot,1,8,no,rshift,434,0
Brooklyn27,3,blue,dot,1,4,no,rshift,482,0
Brooklyn27,3,red,dot,1,9,no,lshift,470,0
Brooklyn27,3,red,dot,1,1,no,lshift,395,0
Brooklyn27,3,blue,dot,1,2,no,rshift,456,0
Brooklyn27,3,red,dot,1,8,no,lshift,470,0
Brooklyn27,3,red,dot,1,8,no,lshift,420,0
Brooklyn27,3,blue,dot,1,9,no,rshift,650,0
Brooklyn27,3,blue,dot,1,7,no,rshift,412,0
Brooklyn27,3,blue,dot,1,7,no,rshift,503,0
Brooklyn27,3,red,dot,0,9,no,rshift,293,0
Brooklyn27,3,red,dot,1,4,no,lshift,428,0
Brooklyn27,3,blue,dot,1,6,no,rshift,348,0
Brooklyn27,3,red,dot,1,7,no,lshift,511,0
Brooklyn27,3,red,dot,1,8,no,lshift,474,0
Brooklyn27,3,red,dot,1,3,no,lshift,393,0
Brooklyn27,3,red,dot,1,9,no,lshift,504,0
Brooklyn27,3,blue,dot,1,1,no,rshift,514,0
Brooklyn27,3,red,dot,1,3,no,lshift,581,0
Brooklyn27,3,red,dot,1,4,no,lshift,376,0
Brooklyn27,3,blue,dot,1,7,no,rshift,544,0
Brooklyn27,3,red,dot,1,2,no,lshift,429,0
Brooklyn27,3,red,dot,1,4,no,lshift,364,0
Brooklyn27,3,blue,dot,1,4,no,rshift,627,0
Brooklyn27,3,red,dot,1,2,no,lshift,764,0
Brooklyn27,3,blue,dot,1,4,no,rshift,1081,0
Brooklyn27,3,blue,dot,0,2,no,lshift,561,0
Brooklyn27,3,blue,dot,1,1,no,rshift,630,0
Brooklyn27,3,blue,dot,1,9,no,rshift,406,0
Brooklyn27,3,red,dot,0,6,no,rshift,439,0
Brooklyn27,3,blue,dot,1,9,no,rshift,763,0
Brooklyn27,3,blue,dot,0,3,no,lshift,446,0
Brooklyn27,3,red,dot,1,2,no,lshift,662,0
Brooklyn27,3,blue,dot,1,7,no,rshift,431,0
Brooklyn27,3,blue,dot,1,8,no,rshift,724,0
Brooklyn27,3,blue,dot,1,2,no,rshift,455,0
Brooklyn27,3,red,dot,1,8,no,lshift,430,0
Brooklyn27,3,red,dot,0,2,no,rshift,943,0
Brooklyn27,3,blue,dot,1,2,no,rshift,10004,0
Brooklyn27,3,blue,dot,1,7,no,rshift,1288,0
Brooklyn27,3,blue,dot,1,4,no,rshift,958,0
Brooklyn27,3,red,dot,1,3,no,lshift,1252,0
Brooklyn27,3,red,dot,1,7,no,lshift,1140,0
Brooklyn27,3,red,dot,1,9,no,lshift,1007,0
Brooklyn27,3,red,dot,1,8,no,lshift,560,0
Brooklyn27,3,red,dot,1,3,no,lshift,529,0
Brooklyn27,3,red,dot,1,2,no,lshift,636,0
Brooklyn27,3,red,dot,1,1,no,lshift,1092,0
Brooklyn27,3,red,dot,1,7,no,lshift,1319,0
Brooklyn27,3,blue,dot,1,3,no,rshift,1416,0
Brooklyn27,3,blue,dot,1,6,no,rshift,438,0
Brooklyn27,3,red,dot,1,3,no,lshift,527,0
Brooklyn27,3,red,dot,1,6,no,lshift,1172,0
Brooklyn27,3,blue,dot,1,9,no,rshift,984,0
Brooklyn27,3,blue,dot,1,1,no,rshift,944,0
Brooklyn27,3,red,dot,1,6,no,lshift,1468,0
Brooklyn27,3,red,dot,1,3,no,lshift,689,0
Brooklyn27,3,blue,dot,1,7,no,rshift,1070,0
Brooklyn27,3,blue,dot,1,8,no,rshift,956,0
Brooklyn27,3,blue,dot,1,3,no,rshift,790,0
Brooklyn27,3,blue,dot,1,4,no,rshift,409,0
Brooklyn27,3,red,dot,1,1,no,lshift,1335,0
Brooklyn27,3,red,dot,1,4,no,lshift,2475,0
Brooklyn27,3,red,dot,1,9,no,lshift,998,0
Brooklyn27,3,red,dot,1,8,no,lshift,1580,0
Brooklyn27,3,blue,dot,1,6,no,rshift,2468,0
Brooklyn27,3,blue,dot,1,3,no,rshift,1196,0
Brooklyn27,3,blue,dot,1,8,no,rshift,1998,0
Brooklyn27,3,blue,dot,1,6,no,rshift,1592,0
Brooklyn27,3,blue,dot,1,2,no,rshift,993,0
Brooklyn27,3,red,dot,1,2,no,lshift,1537,0
Brooklyn27,3,red,dot,1,1,no,lshift,1314,0
Brooklyn27,3,blue,dot,1,1,no,rshift,1022,0
Brooklyn27,3,red,dot,1,1,no,lshift,1396,0
Brooklyn27,3,blue,dot,1,3,no,rshift,1526,0
Brooklyn27,3,blue,dot,1,6,no,rshift,1532,0
Brooklyn27,3,blue,dot,1,2,no,rshift,643,0
Brooklyn27,3,blue,dot,1,8,no,rshift,483,0
Brooklyn27,3,blue,dot,1,9,no,rshift,427,0
Brooklyn27,3,red,dot,1,9,no,lshift,1320,0
Brooklyn27,3,red,dot,1,1,no,lshift,890,0
Brooklyn27,3,red,dot,1,1,no,lshift,580,0
Brooklyn27,3,red,dot,1,7,no,lshift,470,0
Brooklyn27,3,blue,dot,1,3,no,rshift,1264,0
Brooklyn27,3,blue,dot,1,8,no,rshift,623,0
Brooklyn27,3,blue,dot,1,9,no,rshift,514,0
Brooklyn27,3,blue,dot,1,7,no,rshift,774,0
Brooklyn27,3,red,dot,1,4,no,lshift,1054,0
Brooklyn27,3,blue,dot,1,4,no,rshift,988,0
Brooklyn27,3,red,dot,1,6,no,lshift,1002,0
Brooklyn27,3,red,dot,1,7,no,lshift,983,0
Brooklyn27,3,blue,dot,1,2,no,rshift,1066,0
Brooklyn27,3,red,dot,1,7,no,lshift,1012,0
Brooklyn27,3,red,dot,1,6,no,lshift,507,0
Brooklyn27,3,blue,dot,1,6,no,rshift,923,0
Brooklyn27,3,red,dot,1,4,no,lshift,1061,0
Brooklyn27,3,red,dot,1,2,no,lshift,1634,0
Brooklyn27,3,red,dot,1,3,no,lshift,687,0
Brooklyn27,3,red,dot,1,7,no,lshift,630,0
Brooklyn27,3,blue,dot,1,1,no,rshift,1632,0
Brooklyn27,3,red,dot,0,8,no,rshift,981,0
Brooklyn27,3,blue,dot,1,7,no,rshift,2228,0
Brooklyn27,3,blue,dot,1,2,no,rshift,644,0
Brooklyn27,3,red,dot,1,1,no,lshift,1017,0
Brooklyn27,3,blue,dot,1,8,no,rshift,793,0
Brooklyn27,3,blue,dot,1,4,no,rshift,421,0
Brooklyn27,3,blue,dot,1,1,no,rshift,437,0
Brooklyn27,3,red,dot,1,9,no,lshift,1360,0
Brooklyn27,3,blue,dot,1,6,no,rshift,1053,0
Brooklyn27,3,red,dot,1,9,no,lshift,1274,0
Brooklyn27,3,red,dot,1,6,no,lshift,1367,0
Brooklyn27,3,blue,dot,1,1,no,rshift,1345,0
Brooklyn27,3,red,dot,1,4,no,lshift,931,0
Brooklyn27,3,red,dot,1,7,no,lshift,2068,0
Brooklyn27,3,blue,dot,1,2,no,rshift,2247,0
Brooklyn27,3,red,dot,1,8,no,lshift,2053,0
Brooklyn27,3,blue,dot,1,9,no,rshift,696,0
Brooklyn27,3,red,dot,1,1,no,lshift,1003,0
Brooklyn27,3,blue,dot,1,4,no,rshift,811,0
Brooklyn27,3,red,dot,1,3,no,lshift,919,0
Brooklyn27,3,blue,dot,1,4,no,rshift,1308,0
Brooklyn27,3,blue,dot,1,3,no,rshift,490,0
Brooklyn27,3,blue,dot,1,8,no,rshift,1373,0
Brooklyn27,3,red,dot,1,3,no,lshift,1579,0
Brooklyn27,3,blue,dot,1,8,no,rshift,1067,0
Brooklyn27,3,red,dot,1,1,no,lshift,952,0
Brooklyn27,3,red,dot,1,8,no,lshift,1085,0
Brooklyn27,3,blue,dot,1,7,no,rshift,1059,0
Brooklyn27,3,blue,dot,1,9,no,rshift,467,0
Brooklyn27,3,red,dot,1,8,no,lshift,1410,0
Brooklyn27,3,blue,dot,1,9,no,rshift,852,0
Brooklyn27,3,red,dot,1,3,no,lshift,981,0
Brooklyn27,3,blue,dot,1,1,no,rshift,1397,0
Brooklyn27,3,blue,dot,1,3,no,rshift,724,0
Brooklyn27,3,blue,dot,1,4,no,rshift,1584,0
Brooklyn27,3,red,dot,1,4,no,lshift,1106,0
Brooklyn27,3,blue,dot,1,2,no,rshift,748,0
Brooklyn27,3,red,dot,1,6,no,lshift,1421,0
Brooklyn27,3,red,dot,1,4,no,lshift,1113,0
Brooklyn27,3,red,dot,1,6,no,lshift,911,0
Brooklyn27,3,blue,dot,1,1,no,rshift,1001,0
Brooklyn27,3,red,dot,1,2,no,lshift,1206,0
Brooklyn27,3,blue,dot,1,1,no,rshift,847,0
Brooklyn27,3,blue,dot,1,3,no,rshift,946,0
Brooklyn27,3,blue,dot,1,9,no,rshift,569,0
Brooklyn27,3,red,dot,1,9,no,lshift,1461,0
Brooklyn27,3,red,dot,1,6,no,lshift,1069,0
Brooklyn27,3,red,dot,1,7,no,lshift,980,0
Brooklyn27,3,blue,dot,1,3,no,rshift,1070,0
Brooklyn27,3,red,dot,1,9,no,lshift,815,0
Brooklyn27,3,blue,dot,1,6,no,rshift,1212,0
Brooklyn27,3,blue,dot,1,8,no,rshift,681,0
Brooklyn27,3,red,dot,1,7,no,lshift,1163,0
Brooklyn27,3,red,dot,1,6,no,lshift,1556,0
Brooklyn27,3,red,dot,1,2,no,lshift,1053,0
Brooklyn27,3,red,dot,1,4,no,lshift,1002,0
Brooklyn27,3,blue,dot,1,7,no,rshift,1644,0
Brooklyn27,0,blue,classic,1,3,yes,rshift,1342,0
Brooklyn27,0,blue,classic,1,2,yes,lshift,479,0
Brooklyn27,0,blue,classic,0,6,yes,rshift,618,0
Brooklyn27,0,blue,classic,1,1,yes,rshift,1258,0
Brooklyn27,0,blue,classic,1,8,yes,lshift,876,0
Brooklyn27,0,blue,classic,1,4,yes,lshift,969,0
Brooklyn27,0,blue,classic,1,7,yes,rshift,1128,0
Brooklyn27,0,blue,classic,1,9,yes,rshift,1473,0
Brooklyn27,1,blue,classic,0,7,yes,rshift,3612,0
Brooklyn27,1,blue,classic,1,6,yes,rshift,1562,0
Brooklyn27,1,blue,classic,1,3,yes,lshift,600,0
Brooklyn27,1,blue,classic,1,1,yes,lshift,1851,0
Brooklyn27,1,blue,classic,1,4,yes,rshift,840,0
Brooklyn27,1,blue,classic,1,9,yes,lshift,776,0
Brooklyn27,1,blue,classic,1,8,yes,rshift,2601,0
Brooklyn27,1,blue,classic,1,2,yes,rshift,2107,0
Brooklyn27,2,blue,classic,1,1,no,rshift,858,0
Brooklyn27,2,blue,classic,1,2,no,lshift,714,0
Brooklyn27,2,blue,classic,1,4,no,lshift,837,0
Brooklyn27,2,blue,classic,1,6,no,lshift,770,0
Brooklyn27,2,blue,classic,0,4,no,rshift,689,0
Brooklyn27,2,blue,classic,1,2,no,lshift,559,0
Brooklyn27,2,blue,classic,1,6,no,lshift,473,0
Brooklyn27,2,blue,classic,1,8,no,lshift,584,0
Brooklyn27,2,blue,classic,1,7,no,rshift,875,0
Brooklyn27,2,blue,classic,1,8,no,lshift,796,0
Brooklyn27,2,blue,classic,1,6,no,lshift,1154,0
Brooklyn27,2,blue,classic,1,8,no,lshift,738,0
Brooklyn27,2,blue,classic,1,8,no,lshift,495,0
Brooklyn27,2,blue,classic,1,1,no,rshift,859,0
Brooklyn27,2,blue,classic,1,9,no,rshift,906,0
Brooklyn27,2,blue,classic,1,4,no,lshift,511,0
Brooklyn27,2,blue,classic,1,3,no,rshift,957,0
Brooklyn27,2,blue,classic,1,7,no,rshift,607,0
Brooklyn27,2,blue,classic,1,9,no,rshift,621,0
Brooklyn27,2,blue,classic,1,7,no,rshift,618,0
Brooklyn27,2,blue,classic,1,1,no,rshift,580,0
Brooklyn27,2,blue,classic,1,6,no,lshift,1819,0
Brooklyn27,2,blue,classic,1,3,no,rshift,436,0
Brooklyn27,2,blue,classic,1,8,no,lshift,662,0
Brooklyn27,2,blue,classic,1,9,no,rshift,552,0
Brooklyn27,2,blue,classic,1,8,no,lshift,862,0
Brooklyn27,2,blue,classic,1,9,no,rshift,894,0
Brooklyn27,2,blue,classic,1,9,no,rshift,528,0
Brooklyn27,2,blue,classic,1,9,no,rshift,471,0
Brooklyn27,2,blue,classic,1,7,no,rshift,476,0
Brooklyn27,2,blue,classic,1,6,no,lshift,983,0
Brooklyn27,2,blue,classic,1,7,no,rshift,466,0
Brooklyn27,2,blue,classic,1,2,no,lshift,573,0
Brooklyn27,2,blue,classic,1,1,no,rshift,792,0
Brooklyn27,2,blue,classic,1,6,no,lshift,1035,0
Brooklyn27,2,blue,classic,1,3,no,rshift,1779,0
Brooklyn27,2,blue,classic,1,6,no,lshift,2354,0
Brooklyn27,2,blue,classic,1,3,no,rshift,585,0
Brooklyn27,2,blue,classic,1,4,no,lshift,578,0
Brooklyn27,2,blue,classic,1,4,no,lshift,461,0
Brooklyn27,2,blue,classic,1,3,no,rshift,378,0
Brooklyn27,2,blue,classic,1,1,no,rshift,398,0
Brooklyn27,2,blue,classic,0,2,no,rshift,493,0
Brooklyn27,2,blue,classic,1,2,no,lshift,533,0
Brooklyn27,2,blue,classic,1,9,no,rshift,648,0
Brooklyn27,2,blue,classic,1,4,no,lshift,711,0
Brooklyn27,2,blue,classic,1,7,no,rshift,629,0
Brooklyn27,2,blue,classic,1,1,no,rshift,837,0
Brooklyn27,2,blue,classic,1,6,no,lshift,703,0
Brooklyn27,2,blue,classic,1,6,no,lshift,674,0
Brooklyn27,2,blue,classic,1,4,no,lshift,1023,0
Brooklyn27,2,blue,classic,1,9,no,rshift,485,0
Brooklyn27,2,blue,classic,1,7,no,rshift,462,0
Brooklyn27,2,blue,classic,1,6,no,lshift,508,0
Brooklyn27,2,blue,classic,1,4,no,lshift,649,0
Brooklyn27,2,blue,classic,1,2,no,lshift,600,0
Brooklyn27,2,blue,classic,1,2,no,lshift,453,0
Brooklyn27,2,blue,classic,1,9,no,rshift,482,0
Brooklyn27,2,blue,classic,0,3,no,lshift,832,0
Brooklyn27,2,blue,classic,1,2,no,lshift,603,0
Brooklyn27,2,blue,classic,1,4,no,lshift,721,0
Brooklyn27,2,blue,classic,1,9,no,rshift,559,0
Brooklyn27,2,blue,classic,0,1,no,lshift,457,0
Brooklyn27,2,blue,classic,1,2,no,lshift,1176,0
Brooklyn27,2,blue,classic,1,1,no,rshift,1141,0
Brooklyn27,2,blue,classic,1,6,no,lshift,943,0
Brooklyn27,2,blue,classic,1,8,no,lshift,846,0
Brooklyn27,2,blue,classic,1,4,no,lshift,1160,0
Brooklyn27,2,blue,classic,1,6,no,lshift,1010,0
Brooklyn27,2,blue,classic,1,4,no,lshift,843,0
Brooklyn27,2,blue,classic,1,2,no,lshift,1107,0
Brooklyn27,2,blue,classic,1,3,no,rshift,1209,0
Brooklyn27,2,blue,classic,1,9,no,rshift,491,0
Brooklyn27,2,blue,classic,1,7,no,rshift,569,0
Brooklyn27,2,blue,classic,1,4,no,lshift,1076,0
Brooklyn27,2,blue,classic,1,8,no,lshift,459,0
Brooklyn27,2,blue,classic,1,7,no,rshift,1019,0
Brooklyn27,2,blue,classic,1,8,no,lshift,1029,0
Brooklyn27,2,blue,classic,0,3,no,lshift,950,0
Brooklyn27,2,blue,classic,0,3,no,lshift,426,0
Brooklyn27,2,blue,classic,1,4,no,lshift,478,0
Brooklyn27,2,blue,classic,1,3,no,rshift,1322,0
Brooklyn27,2,blue,classic,1,9,no,rshift,544,0
Brooklyn27,2,blue,classic,1,3,no,rshift,471,0
Brooklyn27,2,blue,classic,1,2,no,lshift,1389,0
Brooklyn27,2,blue,classic,1,7,no,rshift,1143,0
Brooklyn27,2,blue,classic,1,2,no,lshift,1541,0
Brooklyn27,2,blue,classic,1,8,no,lshift,2317,0
Brooklyn27,2,blue,classic,1,1,no,rshift,729,0
Brooklyn27,2,blue,classic,1,9,no,rshift,652,0
Brooklyn27,2,blue,classic,1,1,no,rshift,834,0
Brooklyn27,2,blue,classic,1,9,no,rshift,747,0
Brooklyn27,2,blue,classic,1,1,no,rshift,622,0
Brooklyn27,2,blue,classic,1,1,no,rshift,2516,0
Brooklyn27,2,blue,classic,1,8,no,lshift,3006,0
Brooklyn27,2,blue,classic,1,2,no,lshift,2615,0
Brooklyn27,2,blue,classic,1,4,no,lshift,607,0
Brooklyn27,2,blue,classic,1,3,no,rshift,1081,0
Brooklyn27,2,blue,classic,1,6,no,lshift,524,0
Brooklyn27,2,blue,classic,1,7,no,rshift,522,0
Brooklyn27,2,blue,classic,1,8,no,lshift,449,0
Brooklyn27,2,blue,classic,1,8,no,lshift,425,0
Brooklyn27,2,blue,classic,1,7,no,rshift,588,0
Brooklyn27,2,blue,classic,1,7,no,rshift,444,0
Brooklyn27,2,blue,classic,1,6,no,lshift,532,0
Brooklyn27,2,blue,classic,1,1,no,rshift,787,0
Brooklyn27,2,blue,classic,1,3,no,rshift,544,0
Brooklyn27,2,blue,classic,1,8,no,lshift,681,0
Brooklyn27,2,blue,classic,1,7,no,rshift,1729,0
Brooklyn27,2,blue,classic,1,3,no,rshift,581,0
Brooklyn27,2,blue,classic,1,2,no,lshift,678,0
Brooklyn27,2,blue,classic,1,1,no,rshift,4021,0
Brooklyn27,3,blue,classic,1,4,no,rshift,508,0
Brooklyn27,3,blue,classic,1,6,no,rshift,577,0
Brooklyn27,3,blue,classic,1,2,no,rshift,589,0
Brooklyn27,3,blue,classic,1,2,no,rshift,442,0
Brooklyn27,3,blue,classic,1,4,no,rshift,685,0
Brooklyn27,3,blue,classic,1,7,no,lshift,519,0
Brooklyn27,3,blue,classic,1,2,no,rshift,983,0
Brooklyn27,3,blue,classic,1,9,no,lshift,576,0
Brooklyn27,3,blue,classic,1,3,no,lshift,666,0
Brooklyn27,3,blue,classic,1,1,no,lshift,1103,0
Brooklyn27,3,blue,classic,1,1,no,lshift,494,0
Brooklyn27,3,blue,classic,1,2,no,rshift,554,0
Brooklyn27,3,blue,classic,1,2,no,rshift,636,0
Brooklyn27,3,blue,classic,1,4,no,rshift,1113,0
Brooklyn27,3,blue,classic,1,8,no,rshift,642,0
Brooklyn27,3,blue,classic,1,7,no,lshift,840,0
Brooklyn27,3,blue,classic,1,8,no,rshift,1439,0
Brooklyn27,3,blue,classic,1,3,no,lshift,765,0
Brooklyn27,3,blue,classic,1,6,no,rshift,730,0
Brooklyn27,3,blue,classic,1,6,no,rshift,502,0
Brooklyn27,3,blue,classic,1,3,no,lshift,1060,0
Brooklyn27,3,blue,classic,1,6,no,rshift,804,0
Brooklyn27,3,blue,classic,0,4,no,lshift,716,0
Brooklyn27,3,blue,classic,1,8,no,rshift,933,0
Brooklyn27,3,blue,classic,1,3,no,lshift,541,0
Brooklyn27,3,blue,classic,1,4,no,rshift,766,0
Brooklyn27,3,blue,classic,1,3,no,lshift,841,0
Brooklyn27,3,blue,classic,1,8,no,rshift,529,0
Brooklyn27,3,blue,classic,1,4,no,rshift,603,0
Brooklyn27,3,blue,classic,0,9,no,rshift,548,0
Brooklyn27,3,blue,classic,1,9,no,lshift,608,0
Brooklyn27,3,blue,classic,1,7,no,lshift,1010,0
Brooklyn27,3,blue,classic,1,1,no,lshift,559,0
Brooklyn27,3,blue,classic,1,1,no,lshift,488,0
Brooklyn27,3,blue,classic,1,7,no,lshift,566,0
Brooklyn27,3,blue,classic,1,1,no,lshift,466,0
Brooklyn27,3,blue,classic,1,2,no,rshift,759,0
Brooklyn27,3,blue,classic,1,6,no,rshift,571,0
Brooklyn27,3,blue,classic,1,4,no,rshift,930,0
Brooklyn27,3,blue,classic,1,7,no,lshift,659,0
Brooklyn27,3,blue,classic,1,6,no,rshift,940,0
Brooklyn27,3,blue,classic,0,2,no,lshift,585,0
Brooklyn27,3,blue,classic,1,6,no,rshift,426,0
Brooklyn27,3,blue,classic,1,7,no,lshift,1510,0
Brooklyn27,3,blue,classic,1,1,no,lshift,651,0
Brooklyn27,3,blue,classic,1,7,no,lshift,2837,0
Brooklyn27,3,blue,classic,0,9,no,rshift,547,0
Brooklyn27,3,blue,classic,1,6,no,rshift,1129,0
Brooklyn27,3,blue,classic,1,6,no,rshift,488,0
Brooklyn27,3,blue,classic,1,8,no,rshift,659,0
Brooklyn27,3,blue,classic,1,2,no,rshift,659,0
Brooklyn27,3,blue,classic,1,6,no,rshift,1212,0
Brooklyn27,3,blue,classic,1,3,no,lshift,535,0
Brooklyn27,3,blue,classic,1,1,no,lshift,535,0
Brooklyn27,3,blue,classic,0,9,no,rshift,626,0
Brooklyn27,3,blue,classic,1,2,no,rshift,4573,0
Brooklyn27,3,blue,classic,1,3,no,lshift,616,0
Brooklyn27,3,blue,classic,1,9,no,lshift,1743,0
Brooklyn27,3,blue,classic,1,3,no,lshift,1471,0
Brooklyn27,3,blue,classic,0,9,no,rshift,1103,0
Brooklyn27,3,blue,classic,1,9,no,lshift,816,0
Brooklyn27,3,blue,classic,1,4,no,rshift,752,0
Brooklyn27,3,blue,classic,1,3,no,lshift,717,0
Brooklyn27,3,blue,classic,1,8,no,rshift,824,0
Brooklyn27,3,blue,classic,1,8,no,rshift,509,0
Brooklyn27,3,blue,classic,1,6,no,rshift,619,0
Brooklyn27,3,blue,classic,1,7,no,lshift,520,0
Brooklyn27,3,blue,classic,1,3,no,lshift,585,0
Brooklyn27,3,blue,classic,1,8,no,rshift,529,0
Brooklyn27,3,blue,classic,1,3,no,lshift,421,0
Brooklyn27,3,blue,classic,1,4,no,rshift,1044,0
Brooklyn27,3,blue,classic,1,8,no,rshift,561,0
Brooklyn27,3,blue,classic,1,1,no,lshift,473,0
Brooklyn27,3,blue,classic,1,2,no,rshift,319,0
Brooklyn27,3,blue,classic,1,8,no,rshift,566,0
Brooklyn27,3,blue,classic,1,9,no,lshift,608,0
Brooklyn27,3,blue,classic,1,1,no,lshift,506,0
Brooklyn27,3,blue,classic,0,2,no,lshift,417,0
Brooklyn27,3,blue,classic,1,3,no,lshift,413,0
Brooklyn27,3,blue,classic,1,7,no,lshift,1054,0
Brooklyn27,3,blue,classic,1,7,no,lshift,554,0
Brooklyn27,3,blue,classic,1,6,no,rshift,568,0
Brooklyn27,3,blue,classic,0,9,no,rshift,727,0
Brooklyn27,3,blue,classic,1,7,no,lshift,705,0
Brooklyn27,3,blue,classic,1,8,no,rshift,618,0
Brooklyn27,3,blue,classic,1,1,no,lshift,842,0
Brooklyn27,3,blue,classic,1,7,no,lshift,1012,0
Brooklyn27,3,blue,classic,1,4,no,rshift,1235,0
Brooklyn27,3,blue,classic,1,2,no,rshift,504,0
Brooklyn27,3,blue,classic,0,9,no,rshift,558,0
Brooklyn27,3,blue,classic,1,9,no,lshift,1131,0
Brooklyn27,3,blue,classic,1,2,no,rshift,1322,0
Brooklyn27,3,blue,classic,1,9,no,lshift,1054,0
Brooklyn27,3,blue,classic,1,6,no,rshift,1020,0
Brooklyn27,3,blue,classic,1,3,no,lshift,999,0
Brooklyn27,3,blue,classic,1,1,no,lshift,946,0
Brooklyn27,3,blue,classic,1,6,no,rshift,1025,0
Brooklyn27,3,blue,classic,1,8,no,rshift,3798,0
Brooklyn27,3,blue,classic,1,2,no,rshift,2762,0
Brooklyn27,3,blue,classic,1,3,no,lshift,1747,0
Brooklyn27,3,blue,classic,1,4,no,rshift,2397,0
Brooklyn27,3,blue,classic,1,4,no,rshift,1259,0
Brooklyn27,3,blue,classic,1,1,no,lshift,1285,0
Brooklyn27,3,blue,classic,1,8,no,rshift,978,0
Brooklyn27,3,blue,classic,1,4,no,rshift,1333,0
Brooklyn27,3,blue,classic,1,1,no,lshift,1587,0
Brooklyn27,3,blue,classic,0,9,no,rshift,999,0
Brooklyn27,3,blue,classic,1,8,no,rshift,1130,0
Brooklyn27,3,blue,classic,1,1,no,lshift,966,0
Brooklyn27,3,blue,classic,0,7,no,rshift,1061,0
Brooklyn27,3,blue,classic,0,7,no,rshift,988,0
Brooklyn27,3,blue,classic,1,4,no,rshift,1940,0
