ID_name,block,color,condition,correct_keyboard_response,number,practice,response_keyboard_response,response_time_keyboard_response,subject_nr
chiesa07,0,red,dot,1,8,yes,rshift,1147,0
chiesa07,0,blue,dot,1,1,yes,lshift,670,0
chiesa07,0,blue,dot,1,3,yes,lshift,412,0
chiesa07,0,red,dot,1,1,yes,rshift,434,0
chiesa07,0,red,dot,1,4,yes,rshift,575,0
chiesa07,0,red,dot,1,9,yes,rshift,442,0
chiesa07,0,red,dot,1,6,yes,rshift,375,0
chiesa07,0,blue,dot,1,8,yes,lshift,446,0
chiesa07,0,blue,dot,1,9,yes,lshift,397,0
chiesa07,0,blue,dot,1,2,yes,lshift,374,0
chiesa07,0,blue,dot,1,4,yes,lshift,359,0
chiesa07,0,blue,dot,1,7,yes,lshift,341,0
chiesa07,0,red,dot,1,2,yes,rshift,7048,0
chiesa07,0,red,dot,1,7,yes,rshift,442,0
chiesa07,0,red,dot,1,3,yes,rshift,349,0
chiesa07,0,blue,dot,1,6,yes,lshift,404,0
chiesa07,1,red,dot,1,9,no,rshift,573,0
chiesa07,1,red,dot,1,2,no,rshift,338,0
chiesa07,1,red,dot,1,1,no,rshift,308,0
chiesa07,1,red,dot,1,3,no,rshift,312,0
chiesa07,1,blue,dot,1,9,no,lshift,3302,0
chiesa07,1,red,dot,1,6,no,rshift,378,0
chiesa07,1,blue,dot,1,6,no,lshift,378,0
chiesa07,1,blue,dot,1,7,no,lshift,306,0
chiesa07,1,red,dot,1,2,no,rshift,329,0
chiesa07,1,red,dot,1,6,no,rshift,307,0
chiesa07,1,red,dot,1,6,no,rshift,341,0
chiesa07,1,blue,dot,1,6,no,lshift,325,0
chiesa07,1,red,dot,1,6,no,rshift,399,0
chiesa07,1,red,dot,1,3,no,rshift,831,0
chiesa07,1,blue,dot,1,7,no,lshift,333,0
chiesa07,1,blue,dot,1,7,no,lshift,402,0
chiesa07,1,red,dot,1,2,no,rshift,407,0
chiesa07,1,red,dot,1,8,no,rshift,413,0
chiesa07,1,blue,dot,1,6,no,lshift,336,0
chiesa07,1,blue,dot,1,9,no,lshift,343,0
chiesa07,1,blue,dot,1,2,no,lshift,436,0
chiesa07,1,blue,dot,1,4,no,lshift,349,0
chiesa07,1,red,dot,1,9,no,rshift,426,0
chiesa07,1,red,dot,1,6,no,rshift,374,0
chiesa07,1,red,dot,1,9,no,rshift,461,0
chiesa07,1,red,dot,1,4,no,rshift,386,0
chiesa07,1,blue,dot,1,1,no,lshift,570,0
chiesa07,1,red,dot,1,1,no,rshift,533,0
chiesa07,1,red,dot,1,8,no,rshift,343,0
chiesa07,1,blue,dot,1,3,no,lshift,356,0
chiesa07,1,blue,dot,1,9,no,lshift,314,0
chiesa07,1,blue,dot,1,4,no,lshift,285,0
chiesa07,1,red,dot,1,7,no,rshift,323,0
chiesa07,1,red,dot,1,7,no,rshift,547,0
chiesa07,1,red,dot,1,1,no,rshift,339,0
chiesa07,1,blue,dot,1,8,no,lshift,351,0
chiesa07,1,blue,dot,1,7,no,lshift,343,0
chiesa07,1,blue,dot,1,3,no,lshift,433,0
chiesa07,1,blue,dot,1,2,no,lshift,320,0
chiesa07,1,red,dot,1,1,no,rshift,343,0
chiesa07,1,red,dot,1,2,no,rshift,425,0
chiesa07,1,blue,dot,1,4,no,lshift,408,0
chiesa07,1,red,dot,1,8,no,rshift,343,0
chiesa07,1,blue,dot,1,4,no,lshift,308,0
chiesa07,1,red,dot,1,2,no,rshift,326,0
chiesa07,1,red,dot,1,7,no,rshift,351,0
chiesa07,1,blue,dot,1,3,no,lshift,353,0
chiesa07,1,blue,dot,0,7,no,rshift,363,0
chiesa07,1,red,dot,1,4,no,rshift,450,0
chiesa07,1,blue,dot,1,4,no,lshift,407,0
chiesa07,1,blue,dot,1,2,no,lshift,292,0
chiesa07,1,red,dot,1,2,no,rshift,388,0
chiesa07,1,red,dot,1,7,no,rshift,390,0
chiesa07,1,red,dot,1,2,no,rshift,451,0
chiesa07,1,blue,dot,1,4,no,lshift,421,0
chiesa07,1,blue,dot,1,2,no,lshift,413,0
chiesa07,1,blue,dot,1,9,no,lshift,414,0
chiesa07,1,blue,dot,1,3,no,lshift,405,0
chiesa07,1,blue,dot,1,6,no,lshift,356,0
chiesa07,1,red,dot,1,8,no,rshift,11192,0
chiesa07,1,blue,dot,1,2,no,lshift,385,0
chiesa07,1,blue,dot,1,8,no,lshift,328,0
chiesa07,1,blue,dot,1,6,no,lshift,540,0
chiesa07,1,blue,dot,1,4,no,lshift,351,0
chiesa07,1,blue,dot,1,3,no,lshift,434,0
chiesa07,1,red,dot,1,4,no,rshift,10728,0
chiesa07,1,red,dot,1,9,no,rshift,3781,0
chiesa07,1,red,dot,1,3,no,rshift,67349,0
chiesa07,1,red,dot,1,4,no,rshift,569,0
chiesa07,1,red,dot,1,3,no,rshift,554,0
chiesa07,1,red,dot,1,8,no,rshift,484,0
chiesa07,1,red,dot,1,7,no,rshift,549,0
chiesa07,1,red,dot,1,8,no,rshift,3921,0
chiesa07,1,red,dot,1,3,no,rshift,864,0
chiesa07,1,red,dot,1,4,no,rshift,551,0
chiesa07,1,blue,dot,1,7,no,lshift,459,0
chiesa07,1,red,dot,1,6,no,rshift,505,0
chiesa07,1,red,dot,1,1,no,rshift,705,0
chiesa07,1,red,dot,1,9,no,rshift,548,0
chiesa07,1,red,dot,1,6,no,rshift,611,0
chiesa07,1,blue,dot,1,9,no,lshift,609,0
chiesa07,1,blue,dot,1,6,no,lshift,478,0
chiesa07,1,blue,dot,1,8,no,lshift,355,0
chiesa07,1,red,dot,1,3,no,rshift,568,0
chiesa07,1,red,dot,1,1,no,rshift,312,0
chiesa07,1,blue,dot,1,4,no,lshift,343,0
chiesa07,1,blue,dot,1,8,no,lshift,339,0
chiesa07,1,blue,dot,1,9,no,lshift,344,0
chiesa07,1,blue,dot,1,1,no,lshift,454,0
chiesa07,1,red,dot,1,9,no,rshift,359,0
chiesa07,1,blue,dot,1,3,no,lshift,396,0
chiesa07,1,blue,dot,1,1,no,lshift,501,0
chiesa07,1,blue,dot,1,1,no,lshift,441,0
chiesa07,1,blue,dot,1,3,no,lshift,359,0
chiesa07,1,red,dot,1,7,no,rshift,381,0
chiesa07,1,red,dot,1,3,no,rshift,316,0
chiesa07,1,blue,dot,1,1,no,lshift,330,0
chiesa07,1,red,dot,1,4,no,rshift,369,0
chiesa07,1,blue,dot,1,2,no,lshift,348,0
chiesa07,1,red,dot,1,6,no,rshift,322,0
chiesa07,1,red,dot,0,9,no,lshift,256,0
chiesa07,1,red,dot,1,2,no,rshift,342,0
chiesa07,1,blue,dot,1,8,no,lshift,555,0
chiesa07,1,red,dot,1,2,no,rshift,340,0
chiesa07,1,blue,dot,1,3,no,lshift,348,0
chiesa07,1,red,dot,1,3,no,rshift,374,0
chiesa07,1,blue,dot,1,4,no,lshift,341,0
chiesa07,1,blue,dot,1,7,no,lshift,390,0
chiesa07,1,red,dot,1,1,no,rshift,350,0
chiesa07,1,red,dot,1,7,no,rshift,340,0
chiesa07,1,red,dot,1,2,no,rshift,296,0
chiesa07,1,red,dot,1,8,no,rshift,333,0
chiesa07,1,blue,dot,1,9,no,lshift,394,0
chiesa07,1,blue,dot,1,6,no,lshift,326,0
chiesa07,1,blue,dot,1,1,no,lshift,316,0
chiesa07,1,red,dot,1,1,no,rshift,370,0
chiesa07,1,red,dot,1,3,no,rshift,420,0
chiesa07,1,blue,dot,1,1,no,lshift,430,0
chiesa07,1,red,dot,1,4,no,rshift,341,0
chiesa07,1,blue,dot,1,4,no,lshift,400,0
chiesa07,1,blue,dot,1,9,no,lshift,446,0
chiesa07,1,red,dot,1,4,no,rshift,399,0
chiesa07,1,blue,dot,1,6,no,lshift,390,0
chiesa07,1,blue,dot,1,2,no,lshift,300,0
chiesa07,1,blue,dot,1,7,no,lshift,306,0
chiesa07,1,blue,dot,1,2,no,lshift,345,0
chiesa07,1,red,dot,1,4,no,rshift,503,0
chiesa07,1,blue,dot,1,9,no,lshift,331,0
chiesa07,1,red,dot,1,9,no,rshift,422,0
chiesa07,1,red,dot,1,7,no,rshift,392,0
chiesa07,1,blue,dot,1,1,no,lshift,333,0
chiesa07,1,red,dot,1,8,no,rshift,392,0
chiesa07,1,red,dot,0,1,no,lshift,250,0
chiesa07,1,red,dot,1,4,no,rshift,328,0
chiesa07,1,red,dot,1,6,no,rshift,343,0
chiesa07,1,blue,dot,1,8,no,lshift,398,0
chiesa07,1,blue,dot,1,6,no,lshift,337,0
chiesa07,1,blue,dot,1,2,no,lshift,348,0
chiesa07,1,red,dot,1,3,no,rshift,328,0
chiesa07,1,red,dot,1,6,no,rshift,424,0
chiesa07,1,red,dot,1,7,no,rshift,309,0
chiesa07,1,red,dot,1,7,no,rshift,304,0
chiesa07,1,blue,dot,1,3,no,lshift,376,0
chiesa07,1,blue,dot,1,9,no,lshift,368,0
chiesa07,1,blue,dot,1,7,no,lshift,369,0
chiesa07,1,blue,dot,1,6,no,lshift,282,0
chiesa07,1,red,dot,1,8,no,rshift,349,0
chiesa07,1,blue,dot,1,8,no,lshift,379,0
chiesa07,1,red,dot,1,9,no,rshift,389,0
chiesa07,1,blue,dot,1,7,no,lshift,335,0
chiesa07,1,red,dot,1,1,no,rshift,349,0
chiesa07,1,red,dot,1,8,no,rshift,363,0
chiesa07,1,blue,dot,1,2,no,lshift,373,0
chiesa07,1,blue,dot,1,1,no,lshift,350,0
chiesa07,1,blue,dot,1,1,no,lshift,537,0
chiesa07,1,blue,dot,1,8,no,lshift,458,0
chiesa07,1,blue,dot,1,3,no,lshift,414,0
chiesa07,1,red,dot,1,9,no,rshift,3174,0
chiesa07,1,blue,dot,1,8,no,lshift,301,0
chiesa07,1,blue,dot,1,8,no,lshift,377,0
chiesa07,2,red,dot,1,7,no,rshift,625,0
chiesa07,2,blue,dot,1,2,no,lshift,381,0
chiesa07,2,red,dot,1,7,no,rshift,389,0
chiesa07,2,red,dot,1,2,no,rshift,404,0
chiesa07,2,blue,dot,1,4,no,lshift,378,0
chiesa07,2,blue,dot,1,7,no,lshift,367,0
chiesa07,2,blue,dot,1,6,no,lshift,351,0
chiesa07,2,red,dot,1,4,no,rshift,386,0
chiesa07,2,blue,dot,1,8,no,lshift,343,0
chiesa07,2,red,dot,1,7,no,rshift,429,0
chiesa07,2,blue,dot,1,7,no,lshift,341,0
chiesa07,2,red,dot,1,2,no,rshift,366,0
chiesa07,2,blue,dot,1,8,no,lshift,315,0
chiesa07,2,red,dot,1,8,no,rshift,339,0
chiesa07,2,red,dot,1,1,no,rshift,402,0
chiesa07,2,red,dot,1,4,no,rshift,405,0
chiesa07,2,red,dot,1,4,no,rshift,319,0
chiesa07,2,red,dot,1,6,no,rshift,349,0
chiesa07,2,blue,dot,1,1,no,lshift,1575,0
chiesa07,2,red,dot,1,8,no,rshift,381,0
chiesa07,2,blue,dot,1,6,no,lshift,369,0
chiesa07,2,red,dot,1,3,no,rshift,352,0
chiesa07,2,blue,dot,1,2,no,lshift,342,0
chiesa07,2,red,dot,1,9,no,rshift,315,0
chiesa07,2,red,dot,1,6,no,rshift,310,0
chiesa07,2,red,dot,1,3,no,rshift,349,0
chiesa07,2,blue,dot,1,2,no,lshift,351,0
chiesa07,2,blue,dot,1,1,no,lshift,362,0
chiesa07,2,blue,dot,1,4,no,lshift,308,0
chiesa07,2,red,dot,1,9,no,rshift,305,0
chiesa07,2,red,dot,1,3,no,rshift,349,0
chiesa07,2,blue,dot,1,7,no,lshift,336,0
chiesa07,2,red,dot,1,4,no,rshift,318,0
chiesa07,2,red,dot,1,4,no,rshift,333,0
chiesa07,2,blue,dot,1,3,no,lshift,360,0
chiesa07,2,red,dot,1,8,no,rshift,350,0
chiesa07,2,blue,dot,1,1,no,lshift,354,0
chiesa07,2,blue,dot,1,9,no,lshift,431,0
chiesa07,2,blue,dot,1,2,no,lshift,350,0
chiesa07,2,blue,dot,1,9,no,lshift,374,0
chiesa07,2,blue,dot,1,8,no,lshift,383,0
chiesa07,2,red,dot,1,4,no,rshift,1507,0
chiesa07,2,blue,dot,1,6,no,lshift,283,0
chiesa07,2,red,dot,0,9,no,lshift,265,0
chiesa07,2,red,dot,1,9,no,rshift,323,0
chiesa07,2,blue,dot,1,8,no,lshift,363,0
chiesa07,2,red,dot,1,1,no,rshift,339,0
chiesa07,2,blue,dot,1,3,no,lshift,567,0
chiesa07,2,blue,dot,1,2,no,lshift,363,0
chiesa07,2,blue,dot,1,3,no,lshift,444,0
chiesa07,2,red,dot,1,6,no,rshift,421,0
chiesa07,2,red,dot,1,9,no,rshift,530,0
chiesa07,2,blue,dot,1,9,no,lshift,352,0
chiesa07,2,red,dot,1,1,no,rshift,418,0
chiesa07,2,blue,dot,1,4,no,lshift,580,0
chiesa07,2,red,dot,1,6,no,rshift,407,0
chiesa07,2,blue,dot,1,3,no,lshift,380,0
chiesa07,2,red,dot,1,6,no,rshift,401,0
chiesa07,2,blue,dot,1,2,no,lshift,422,0
chiesa07,2,blue,dot,1,2,no,lshift,395,0
chiesa07,2,blue,dot,1,7,no,lshift,398,0
chiesa07,2,blue,dot,1,8,no,lshift,377,0
chiesa07,2,red,dot,1,2,no,rshift,363,0
chiesa07,2,blue,dot,1,9,no,lshift,332,0
chiesa07,2,blue,dot,1,7,no,lshift,352,0
chiesa07,2,blue,dot,1,7,no,lshift,334,0
chiesa07,2,blue,dot,1,7,no,lshift,446,0
chiesa07,2,red,dot,1,1,no,rshift,469,0
chiesa07,2,red,dot,1,6,no,rshift,440,0
chiesa07,2,blue,dot,1,9,no,lshift,396,0
chiesa07,2,blue,dot,1,4,no,lshift,353,0
chiesa07,2,blue,dot,1,8,no,lshift,339,0
chiesa07,2,red,dot,1,2,no,rshift,447,0
chiesa07,2,blue,dot,1,8,no,lshift,403,0
chiesa07,2,blue,dot,1,6,no,lshift,313,0
chiesa07,2,blue,dot,1,6,no,lshift,307,0
chiesa07,2,red,dot,1,9,no,rshift,376,0
chiesa07,2,red,dot,1,2,no,rshift,368,0
chiesa07,2,blue,dot,1,4,no,lshift,333,0
chiesa07,2,red,dot,1,8,no,rshift,358,0
chiesa07,2,red,dot,1,2,no,rshift,471,0
chiesa07,2,blue,dot,1,1,no,lshift,374,0
chiesa07,2,blue,dot,1,4,no,lshift,360,0
chiesa07,2,blue,dot,1,1,no,lshift,344,0
chiesa07,2,blue,dot,1,6,no,lshift,347,0
chiesa07,2,red,dot,1,8,no,rshift,513,0
chiesa07,2,blue,dot,1,7,no,lshift,332,0
chiesa07,2,red,dot,1,7,no,rshift,499,0
chiesa07,2,red,dot,1,8,no,rshift,386,0
chiesa07,2,blue,dot,1,4,no,lshift,389,0
chiesa07,2,blue,dot,1,2,no,lshift,590,0
chiesa07,2,blue,dot,1,8,no,lshift,357,0
chiesa07,2,red,dot,1,4,no,rshift,358,0
chiesa07,2,red,dot,1,2,no,rshift,370,0
chiesa07,2,blue,dot,1,2,no,lshift,344,0
chiesa07,2,blue,dot,1,6,no,lshift,373,0
chiesa07,2,red,dot,1,3,no,rshift,489,0
chiesa07,2,red,dot,1,8,no,rshift,451,0
chiesa07,2,red,dot,1,1,no,rshift,407,0
chiesa07,2,red,dot,1,9,no,rshift,449,0
chiesa07,2,red,dot,1,6,no,rshift,354,0
chiesa07,2,red,dot,1,3,no,rshift,2995,0
chiesa07,2,blue,dot,1,8,no,lshift,438,0
chiesa07,2,red,dot,1,7,no,rshift,360,0
chiesa07,2,red,dot,1,6,no,rshift,382,0
chiesa07,2,blue,dot,1,3,no,lshift,364,0
chiesa07,2,blue,dot,1,4,no,lshift,357,0
chiesa07,2,red,dot,1,3,no,rshift,380,0
chiesa07,2,blue,dot,1,9,no,lshift,387,0
chiesa07,2,red,dot,1,4,no,rshift,357,0
chiesa07,2,blue,dot,1,4,no,lshift,484,0
chiesa07,2,red,dot,1,6,no,rshift,383,0
chiesa07,2,red,dot,1,1,no,rshift,425,0
chiesa07,2,red,dot,1,7,no,rshift,388,0
chiesa07,2,red,dot,1,8,no,rshift,404,0
chiesa07,2,red,dot,1,7,no,rshift,376,0
chiesa07,2,blue,dot,1,1,no,lshift,1408,0
chiesa07,2,blue,dot,1,9,no,lshift,426,0
chiesa07,2,blue,dot,1,7,no,lshift,378,0
chiesa07,2,red,dot,1,3,no,rshift,448,0
chiesa07,2,red,dot,1,4,no,rshift,648,0
chiesa07,2,blue,dot,1,6,no,lshift,578,0
chiesa07,2,red,dot,1,1,no,rshift,500,0
chiesa07,2,blue,dot,1,6,no,lshift,581,0
chiesa07,2,blue,dot,1,3,no,lshift,501,0
chiesa07,2,red,dot,1,1,no,rshift,413,0
chiesa07,2,red,dot,1,9,no,rshift,395,0
chiesa07,2,red,dot,1,7,no,rshift,391,0
chiesa07,2,red,dot,1,2,no,rshift,414,0
chiesa07,2,blue,dot,1,2,no,lshift,1068,0
chiesa07,2,blue,dot,1,7,no,lshift,463,0
chiesa07,2,red,dot,1,4,no,rshift,447,0
chiesa07,2,blue,dot,1,3,no,lshift,388,0
chiesa07,2,blue,dot,1,1,no,lshift,396,0
chiesa07,2,red,dot,1,1,no,rshift,384,0
chiesa07,2,red,dot,1,1,no,rshift,410,0
chiesa07,2,blue,dot,1,1,no,lshift,433,0
chiesa07,2,red,dot,1,8,no,rshift,420,0
chiesa07,2,red,dot,1,6,no,rshift,406,0
chiesa07,2,red,dot,1,7,no,rshift,369,0
chiesa07,2,blue,dot,0,8,no,rshift,346,0
chiesa07,2,blue,dot,1,3,no,lshift,300,0
chiesa07,2,blue,dot,1,9,no,lshift,345,0
chiesa07,2,red,dot,1,2,no,rshift,348,0
chiesa07,2,blue,dot,1,1,no,lshift,441,0
chiesa07,2,red,dot,1,3,no,rshift,361,0
chiesa07,2,blue,dot,1,9,no,lshift,368,0
chiesa07,2,blue,dot,1,3,no,lshift,332,0
chiesa07,2,red,dot,1,2,no,rshift,345,0
chiesa07,2,red,dot,1,8,no,rshift,435,0
chiesa07,2,blue,dot,1,4,no,lshift,502,0
chiesa07,2,red,dot,1,9,no,rshift,375,0
chiesa07,2,red,dot,1,9,no,rshift,542,0
chiesa07,2,red,dot,1,3,no,rshift,447,0
chiesa07,2,blue,dot,1,6,no,lshift,385,0
chiesa07,2,red,dot,1,3,no,rshift,549,0
chiesa07,2,blue,dot,1,1,no,lshift,413,0
chiesa07,2,blue,dot,1,3,no,lshift,400,0
chiesa07,2,blue,dot,1,9,no,lshift,379,0
chiesa07,2,red,dot,1,7,no,rshift,418,0
chiesa07,3,red,dot,1,9,no,rshift,1168,0
chiesa07,3,blue,dot,1,9,no,lshift,365,0
chiesa07,3,blue,dot,1,3,no,lshift,309,0
chiesa07,3,blue,dot,1,2,no,lshift,351,0
chiesa07,3,blue,dot,1,7,no,lshift,340,0
chiesa07,3,red,dot,1,7,no,rshift,438,0
chiesa07,3,blue,dot,1,9,no,lshift,422,0
chiesa07,3,red,dot,1,2,no,rshift,431,0
chiesa07,3,red,dot,1,2,no,rshift,495,0
chiesa07,3,blue,dot,1,6,no,lshift,303,0
chiesa07,3,red,dot,1,7,no,rshift,753,0
chiesa07,3,red,dot,1,9,no,rshift,697,0
chiesa07,3,blue,dot,1,9,no,lshift,394,0
chiesa07,3,red,dot,1,6,no,rshift,394,0
chiesa07,3,red,dot,1,8,no,rshift,447,0
chiesa07,3,blue,dot,1,1,no,lshift,373,0
chiesa07,3,red,dot,1,9,no,rshift,613,0
chiesa07,3,blue,dot,1,7,no,lshift,374,0
chiesa07,3,red,dot,1,1,no,rshift,398,0
chiesa07,3,blue,dot,1,3,no,lshift,390,0
chiesa07,3,red,dot,1,4,no,rshift,295,0
chiesa07,3,red,dot,1,8,no,rshift,373,0
chiesa07,3,red,dot,1,2,no,rshift,341,0
chiesa07,3,blue,dot,1,9,no,lshift,361,0
chiesa07,3,blue,dot,1,2,no,lshift,354,0
chiesa07,3,blue,dot,1,3,no,lshift,293,0
chiesa07,3,blue,dot,1,8,no,lshift,1066,0
chiesa07,3,red,dot,1,4,no,rshift,379,0
chiesa07,3,red,dot,1,3,no,rshift,412,0
chiesa07,3,red,dot,1,3,no,rshift,411,0
chiesa07,3,blue,dot,1,1,no,lshift,444,0
chiesa07,3,blue,dot,1,6,no,lshift,369,0
chiesa07,3,red,dot,1,9,no,rshift,525,0
chiesa07,3,red,dot,1,3,no,rshift,560,0
chiesa07,3,red,dot,1,1,no,rshift,527,0
chiesa07,3,blue,dot,1,9,no,lshift,405,0
chiesa07,3,red,dot,1,9,no,rshift,547,0
chiesa07,3,red,dot,1,2,no,rshift,397,0
chiesa07,3,red,dot,1,4,no,rshift,399,0
chiesa07,3,blue,dot,1,9,no,lshift,363,0
chiesa07,3,blue,dot,1,3,no,lshift,601,0
chiesa07,3,red,dot,1,3,no,rshift,603,0
chiesa07,3,red,dot,1,8,no,rshift,356,0
chiesa07,3,blue,dot,1,1,no,lshift,410,0
chiesa07,3,red,dot,1,6,no,rshift,515,0
chiesa07,3,blue,dot,1,3,no,lshift,468,0
chiesa07,3,red,dot,1,6,no,rshift,401,0
chiesa07,3,red,dot,1,1,no,rshift,405,0
chiesa07,3,blue,dot,1,3,no,lshift,484,0
chiesa07,3,blue,dot,1,8,no,lshift,328,0
chiesa07,3,red,dot,1,9,no,rshift,373,0
chiesa07,3,red,dot,1,8,no,rshift,373,0
chiesa07,3,blue,dot,1,7,no,lshift,352,0
chiesa07,3,blue,dot,1,2,no,lshift,373,0
chiesa07,3,blue,dot,1,4,no,lshift,374,0
chiesa07,3,blue,dot,1,1,no,lshift,364,0
chiesa07,3,blue,dot,1,8,no,lshift,533,0
chiesa07,3,red,dot,1,3,no,rshift,739,0
chiesa07,3,blue,dot,1,9,no,lshift,383,0
chiesa07,3,blue,dot,1,6,no,lshift,1093,0
chiesa07,3,red,dot,1,1,no,rshift,434,0
chiesa07,3,red,dot,1,7,no,rshift,324,0
chiesa07,3,blue,dot,1,6,no,lshift,324,0
chiesa07,3,red,dot,1,2,no,rshift,328,0
chiesa07,3,red,dot,1,9,no,rshift,567,0
chiesa07,3,red,dot,1,4,no,rshift,325,0
chiesa07,3,blue,dot,1,3,no,lshift,343,0
chiesa07,3,red,dot,1,1,no,rshift,333,0
chiesa07,3,red,dot,1,2,no,rshift,341,0
chiesa07,3,blue,dot,1,1,no,lshift,308,0
chiesa07,3,blue,dot,1,2,no,lshift,305,0
chiesa07,3,blue,dot,1,9,no,lshift,397,0
chiesa07,3,red,dot,1,1,no,rshift,584,0
chiesa07,3,blue,dot,1,4,no,lshift,357,0
chiesa07,3,red,dot,1,4,no,rshift,394,0
chiesa07,3,blue,dot,1,1,no,lshift,365,0
chiesa07,3,red,dot,1,3,no,rshift,403,0
chiesa07,3,red,dot,1,1,no,rshift,385,0
chiesa07,3,blue,dot,1,3,no,lshift,445,0
chiesa07,3,blue,dot,1,7,no,lshift,448,0
chiesa07,3,blue,dot,1,1,no,lshift,366,0
chiesa07,3,red,dot,1,6,no,rshift,548,0
chiesa07,3,red,dot,1,8,no,rshift,679,0
chiesa07,3,blue,dot,1,4,no,lshift,509,0
chiesa07,3,blue,dot,1,6,no,lshift,349,0
chiesa07,3,red,dot,1,4,no,rshift,518,0
chiesa07,3,red,dot,1,2,no,rshift,599,0
chiesa07,3,red,dot,1,1,no,rshift,441,0
chiesa07,3,red,dot,1,7,no,rshift,424,0
chiesa07,3,red,dot,1,7,no,rshift,429,0
chiesa07,3,red,dot,1,3,no,rshift,774,0
chiesa07,3,blue,dot,1,3,no,lshift,356,0
chiesa07,3,blue,dot,1,3,no,lshift,389,0
chiesa07,3,blue,dot,1,8,no,lshift,370,0
chiesa07,3,blue,dot,1,2,no,lshift,392,0
chiesa07,3,red,dot,1,3,no,rshift,1017,0
chiesa07,3,blue,dot,1,8,no,lshift,670,0
chiesa07,3,blue,dot,1,2,no,lshift,349,0
chiesa07,3,blue,dot,1,8,no,lshift,318,0
chiesa07,3,red,dot,1,1,no,rshift,538,0
chiesa07,3,red,dot,1,7,no,rshift,376,0
chiesa07,3,blue,dot,1,4,no,lshift,618,0
chiesa07,3,red,dot,1,7,no,rshift,892,0
chiesa07,3,blue,dot,1,9,no,lshift,423,0
chiesa07,3,red,dot,1,1,no,rshift,405,0
chiesa07,3,red,dot,1,8,no,rshift,380,0
chiesa07,3,red,dot,1,6,no,rshift,365,0
chiesa07,3,red,dot,0,6,no,lshift,440,0
chiesa07,3,red,dot,1,6,no,rshift,451,0
chiesa07,3,red,dot,1,4,no,rshift,380,0
chiesa07,3,red,dot,1,8,no,rshift,382,0
chiesa07,3,red,dot,1,6,no,rshift,439,0
chiesa07,3,blue,dot,1,8,no,lshift,619,0
chiesa07,3,red,dot,1,2,no,rshift,376,0
chiesa07,3,red,dot,1,7,no,rshift,378,0
chiesa07,3,blue,dot,1,6,no,lshift,434,0
chiesa07,3,red,dot,1,3,no,rshift,525,0
chiesa07,3,blue,dot,1,6,no,lshift,427,0
chiesa07,3,blue,dot,1,7,no,lshift,539,0
chiesa07,3,blue,dot,1,8,no,lshift,436,0
chiesa07,3,blue,dot,1,6,no,lshift,384,0
chiesa07,3,red,dot,1,6,no,rshift,385,0
chiesa07,3,blue,dot,1,8,no,lshift,412,0
chiesa07,3,red,dot,1,8,no,rshift,476,0
chiesa07,3,blue,dot,1,1,no,lshift,405,0
chiesa07,3,blue,dot,1,4,no,lshift,476,0
chiesa07,3,blue,dot,1,7,no,lshift,430,0
chiesa07,3,red,dot,1,9,no,rshift,385,0
chiesa07,3,red,dot,1,4,no,rshift,357,0
chiesa07,3,blue,dot,1,1,no,lshift,325,0
chiesa07,3,red,dot,1,4,no,rshift,360,0
chiesa07,3,blue,dot,1,7,no,lshift,282,0
chiesa07,3,blue,dot,1,6,no,lshift,297,0
chiesa07,3,blue,dot,1,4,no,lshift,348,0
chiesa07,3,red,dot,1,2,no,rshift,441,0
chiesa07,3,red,dot,1,8,no,rshift,488,0
chiesa07,3,blue,dot,1,8,no,lshift,407,0
chiesa07,3,blue,dot,1,4,no,lshift,359,0
chiesa07,3,red,dot,1,6,no,rshift,394,0
chiesa07,3,red,dot,1,7,no,rshift,429,0
chiesa07,3,blue,dot,1,1,no,lshift,387,0
chiesa07,3,blue,dot,1,2,no,lshift,364,0
chiesa07,3,red,dot,1,2,no,rshift,311,0
chiesa07,3,red,dot,1,9,no,rshift,387,0
chiesa07,3,blue,dot,1,2,no,lshift,424,0
chiesa07,3,red,dot,1,4,no,rshift,397,0
chiesa07,3,red,dot,1,3,no,rshift,396,0
chiesa07,3,blue,dot,1,7,no,lshift,350,0
chiesa07,3,blue,dot,1,2,no,lshift,387,0
chiesa07,3,red,dot,1,7,no,rshift,434,0
chiesa07,3,blue,dot,1,7,no,lshift,458,0
chiesa07,3,blue,dot,1,9,no,lshift,384,0
chiesa07,3,blue,dot,1,4,no,lshift,402,0
chiesa07,3,blue,dot,1,4,no,lshift,322,0
chiesa07,3,blue,dot,1,7,no,lshift,377,0
chiesa07,3,blue,dot,1,6,no,lshift,518,0
chiesa07,3,blue,dot,1,4,no,lshift,375,0
chiesa07,3,blue,dot,1,2,no,lshift,575,0
chiesa07,3,red,dot,1,9,no,rshift,318,0
chiesa07,3,red,dot,1,8,no,rshift,405,0
chiesa07,0,red,arab,1,4,yes,rshift,2133,0
chiesa07,0,blue,arab,1,4,yes,lshift,361,0
chiesa07,0,blue,arab,1,9,yes,lshift,350,0
chiesa07,0,red,arab,1,7,yes,rshift,378,0
chiesa07,0,red,arab,1,6,yes,rshift,351,0
chiesa07,0,blue,arab,1,3,yes,lshift,370,0
chiesa07,0,blue,arab,1,7,yes,lshift,349,0
chiesa07,0,red,arab,1,9,yes,rshift,340,0
chiesa07,0,red,arab,1,3,yes,rshift,385,0
chiesa07,0,red,arab,1,1,yes,rshift,389,0
chiesa07,0,blue,arab,1,2,yes,lshift,426,0
chiesa07,0,blue,arab,1,8,yes,lshift,359,0
chiesa07,0,red,arab,1,8,yes,rshift,394,0
chiesa07,0,red,arab,1,2,yes,rshift,332,0
chiesa07,0,blue,arab,1,6,yes,lshift,327,0
chiesa07,0,blue,arab,1,1,yes,lshift,412,0
chiesa07,1,blue,arab,1,4,no,lshift,1098,0
chiesa07,1,blue,arab,1,2,no,lshift,472,0
chiesa07,1,red,arab,1,4,no,rshift,620,0
chiesa07,1,red,arab,1,2,no,rshift,341,0
chiesa07,1,blue,arab,1,2,no,lshift,357,0
chiesa07,1,red,arab,1,7,no,rshift,363,0
chiesa07,1,blue,arab,1,9,no,lshift,336,0
chiesa07,1,blue,arab,1,2,no,lshift,373,0
chiesa07,1,red,arab,0,9,no,lshift,311,0
chiesa07,1,blue,arab,1,2,no,lshift,414,0
chiesa07,1,red,arab,1,9,no,rshift,382,0
chiesa07,1,blue,arab,1,2,no,lshift,315,0
chiesa07,1,red,arab,0,9,no,lshift,292,0
chiesa07,1,blue,arab,1,3,no,lshift,403,0
chiesa07,1,red,arab,1,3,no,rshift,314,0
chiesa07,1,blue,arab,1,3,no,lshift,366,0
chiesa07,1,blue,arab,1,2,no,lshift,332,0
chiesa07,1,blue,arab,1,9,no,lshift,406,0
chiesa07,1,blue,arab,1,7,no,lshift,428,0
chiesa07,1,blue,arab,1,4,no,lshift,845,0
chiesa07,1,red,arab,1,4,no,rshift,363,0
chiesa07,1,red,arab,1,2,no,rshift,465,0
chiesa07,1,red,arab,1,3,no,rshift,411,0
chiesa07,1,red,arab,1,4,no,rshift,472,0
chiesa07,1,blue,arab,1,6,no,lshift,400,0
chiesa07,1,red,arab,1,3,no,rshift,386,0
chiesa07,1,blue,arab,1,3,no,lshift,539,0
chiesa07,1,blue,arab,1,3,no,lshift,461,0
chiesa07,1,red,arab,1,1,no,rshift,593,0
chiesa07,1,blue,arab,1,1,no,lshift,392,0
chiesa07,1,red,arab,1,2,no,rshift,430,0
chiesa07,1,red,arab,1,8,no,rshift,406,0
chiesa07,1,blue,arab,1,4,no,lshift,419,0
chiesa07,1,blue,arab,1,6,no,lshift,389,0
chiesa07,1,blue,arab,1,2,no,lshift,374,0
chiesa07,1,red,arab,1,9,no,rshift,401,0
chiesa07,1,blue,arab,1,9,no,lshift,408,0
chiesa07,1,red,arab,1,7,no,rshift,449,0
chiesa07,1,red,arab,1,2,no,rshift,410,0
chiesa07,1,blue,arab,1,4,no,lshift,372,0
chiesa07,1,blue,arab,1,6,no,lshift,363,0
chiesa07,1,blue,arab,1,1,no,lshift,330,0
chiesa07,1,red,arab,1,6,no,rshift,446,0
chiesa07,1,blue,arab,1,4,no,lshift,640,0
chiesa07,1,red,arab,1,8,no,rshift,433,0
chiesa07,1,red,arab,1,6,no,rshift,432,0
chiesa07,1,red,arab,1,6,no,rshift,401,0
chiesa07,1,blue,arab,1,3,no,lshift,376,0
chiesa07,1,red,arab,1,7,no,rshift,397,0
chiesa07,1,blue,arab,1,8,no,lshift,362,0
chiesa07,1,blue,arab,1,8,no,lshift,347,0
chiesa07,1,blue,arab,1,6,no,lshift,351,0
chiesa07,1,red,arab,1,3,no,rshift,351,0
chiesa07,1,red,arab,1,7,no,rshift,418,0
chiesa07,1,red,arab,1,7,no,rshift,340,0
chiesa07,1,red,arab,0,8,no,lshift,314,0
chiesa07,1,blue,arab,1,3,no,lshift,396,0
chiesa07,1,red,arab,1,7,no,rshift,345,0
chiesa07,1,red,arab,1,8,no,rshift,303,0
chiesa07,1,red,arab,1,9,no,rshift,300,0
chiesa07,1,red,arab,1,1,no,rshift,299,0
chiesa07,1,red,arab,1,2,no,rshift,398,0
chiesa07,1,blue,arab,1,9,no,lshift,969,0
chiesa07,1,blue,arab,1,8,no,lshift,509,0
chiesa07,1,blue,arab,1,8,no,lshift,357,0
chiesa07,1,blue,arab,1,4,no,lshift,378,0
chiesa07,1,red,arab,1,1,no,rshift,371,0
chiesa07,1,red,arab,1,1,no,rshift,354,0
chiesa07,1,red,arab,1,3,no,rshift,380,0
chiesa07,1,blue,arab,1,9,no,lshift,501,0
chiesa07,1,blue,arab,1,2,no,lshift,385,0
chiesa07,1,blue,arab,1,1,no,lshift,428,0
chiesa07,1,blue,arab,1,1,no,lshift,359,0
chiesa07,1,red,arab,1,9,no,rshift,389,0
chiesa07,1,blue,arab,1,3,no,lshift,402,0
chiesa07,1,blue,arab,1,8,no,lshift,358,0
chiesa07,1,red,arab,1,4,no,rshift,337,0
chiesa07,1,red,arab,1,7,no,rshift,368,0
chiesa07,1,red,arab,1,3,no,rshift,334,0
chiesa07,1,red,arab,1,1,no,rshift,428,0
chiesa07,1,red,arab,1,6,no,rshift,430,0
chiesa07,1,red,arab,1,4,no,rshift,408,0
chiesa07,1,blue,arab,1,7,no,lshift,636,0
chiesa07,1,blue,arab,1,8,no,lshift,384,0
chiesa07,1,blue,arab,1,8,no,lshift,371,0
chiesa07,1,red,arab,1,6,no,rshift,331,0
chiesa07,1,blue,arab,1,6,no,lshift,393,0
chiesa07,1,blue,arab,1,3,no,lshift,65,0
chiesa07,1,blue,arab,1,9,no,lshift,403,0
chiesa07,1,blue,arab,1,8,no,lshift,394,0
chiesa07,1,red,arab,1,1,no,rshift,332,0
chiesa07,1,red,arab,1,1,no,rshift,366,0
chiesa07,1,blue,arab,1,3,no,lshift,359,0
chiesa07,1,red,arab,1,9,no,rshift,447,0
chiesa07,1,blue,arab,1,4,no,lshift,401,0
chiesa07,1,red,arab,1,8,no,rshift,360,0
chiesa07,1,blue,arab,1,2,no,lshift,458,0
chiesa07,1,red,arab,1,4,no,rshift,478,0
chiesa07,1,red,arab,1,9,no,rshift,578,0
chiesa07,1,red,arab,1,3,no,rshift,378,0
chiesa07,1,red,arab,1,1,no,rshift,445,0
chiesa07,1,red,arab,1,2,no,rshift,530,0
chiesa07,1,red,arab,1,7,no,rshift,930,0
chiesa07,1,blue,arab,1,4,no,lshift,677,0
chiesa07,1,blue,arab,1,1,no,lshift,483,0
chiesa07,1,red,arab,1,8,no,rshift,312,0
chiesa07,1,red,arab,1,4,no,rshift,399,0
chiesa07,1,red,arab,1,6,no,rshift,1098,0
chiesa07,1,red,arab,1,1,no,rshift,360,0
chiesa07,1,blue,arab,1,8,no,lshift,414,0
chiesa07,1,red,arab,1,7,no,rshift,368,0
chiesa07,1,red,arab,1,4,no,rshift,385,0
chiesa07,1,blue,arab,1,6,no,lshift,418,0
chiesa07,1,red,arab,1,8,no,rshift,439,0
chiesa07,1,red,arab,1,2,no,rshift,405,0
chiesa07,1,blue,arab,0,6,no,rshift,391,0
chiesa07,1,blue,arab,1,3,no,lshift,363,0
chiesa07,1,red,arab,0,3,no,lshift,368,0
chiesa07,1,blue,arab,1,1,no,lshift,355,0
chiesa07,1,blue,arab,1,1,no,lshift,359,0
chiesa07,1,blue,arab,1,7,no,lshift,389,0
chiesa07,1,red,arab,1,9,no,rshift,584,0
chiesa07,1,blue,arab,1,1,no,lshift,362,0
chiesa07,1,blue,arab,0,7,no,rshift,450,0
chiesa07,1,red,arab,1,8,no,rshift,433,0
chiesa07,1,red,arab,1,4,no,rshift,384,0
chiesa07,1,blue,arab,1,1,no,lshift,425,0
chiesa07,1,blue,arab,1,7,no,lshift,295,0
chiesa07,1,red,arab,1,7,no,rshift,390,0
chiesa07,1,red,arab,1,2,no,rshift,441,0
chiesa07,1,blue,arab,1,9,no,lshift,438,0
chiesa07,1,blue,arab,1,9,no,lshift,384,0
chiesa07,1,blue,arab,1,7,no,lshift,394,0
chiesa07,1,red,arab,1,3,no,rshift,382,0
chiesa07,1,red,arab,1,6,no,rshift,396,0
chiesa07,1,blue,arab,1,7,no,lshift,407,0
chiesa07,1,blue,arab,1,9,no,lshift,404,0
chiesa07,1,blue,arab,1,6,no,lshift,374,0
chiesa07,1,blue,arab,1,6,no,lshift,356,0
chiesa07,1,blue,arab,1,8,no,lshift,294,0
chiesa07,1,red,arab,1,3,no,rshift,857,0
chiesa07,1,red,arab,1,8,no,rshift,368,0
chiesa07,1,red,arab,1,2,no,rshift,493,0
chiesa07,1,blue,arab,1,9,no,lshift,383,0
chiesa07,1,blue,arab,1,7,no,lshift,344,0
chiesa07,1,red,arab,1,6,no,rshift,455,0
chiesa07,1,red,arab,1,8,no,rshift,357,0
chiesa07,1,blue,arab,1,7,no,lshift,450,0
chiesa07,1,blue,arab,1,7,no,lshift,343,0
chiesa07,1,blue,arab,1,4,no,lshift,395,0
chiesa07,1,blue,arab,1,1,no,lshift,611,0
chiesa07,1,red,arab,1,2,no,rshift,472,0
chiesa07,1,blue,arab,1,4,no,lshift,558,0
chiesa07,1,blue,arab,1,6,no,lshift,378,0
chiesa07,1,red,arab,1,6,no,rshift,454,0
chiesa07,1,blue,arab,1,2,no,lshift,426,0
chiesa07,1,red,arab,1,6,no,rshift,440,0
chiesa07,1,red,arab,1,1,no,rshift,411,0
chiesa07,1,red,arab,1,9,no,rshift,649,0
chiesa07,1,red,arab,1,4,no,rshift,465,0
chiesa07,2,red,arab,1,8,no,rshift,1549,0
chiesa07,2,blue,arab,1,8,no,lshift,350,0
chiesa07,2,red,arab,1,1,no,rshift,395,0
chiesa07,2,red,arab,1,6,no,rshift,381,0
chiesa07,2,blue,arab,1,6,no,lshift,380,0
chiesa07,2,red,arab,1,1,no,rshift,397,0
chiesa07,2,red,arab,1,6,no,rshift,379,0
chiesa07,2,red,arab,1,4,no,rshift,397,0
chiesa07,2,blue,arab,1,1,no,lshift,616,0
chiesa07,2,blue,arab,1,9,no,lshift,525,0
chiesa07,2,blue,arab,1,4,no,lshift,485,0
chiesa07,2,blue,arab,1,6,no,lshift,447,0
chiesa07,2,red,arab,1,7,no,rshift,630,0
chiesa07,2,red,arab,1,9,no,rshift,357,0
chiesa07,2,blue,arab,1,1,no,lshift,409,0
chiesa07,2,red,arab,1,2,no,rshift,1631,0
chiesa07,2,blue,arab,1,7,no,lshift,5684,0
chiesa07,2,red,arab,1,9,no,rshift,413,0
chiesa07,2,red,arab,1,2,no,rshift,455,0
chiesa07,2,red,arab,1,8,no,rshift,397,0
chiesa07,2,red,arab,1,6,no,rshift,391,0
chiesa07,2,blue,arab,1,3,no,lshift,387,0
chiesa07,2,blue,arab,1,8,no,lshift,378,0
chiesa07,2,red,arab,1,3,no,rshift,400,0
chiesa07,2,red,arab,1,2,no,rshift,538,0
chiesa07,2,red,arab,1,9,no,rshift,394,0
chiesa07,2,red,arab,1,7,no,rshift,401,0
chiesa07,2,blue,arab,1,3,no,lshift,403,0
chiesa07,2,blue,arab,1,6,no,lshift,364,0
chiesa07,2,blue,arab,1,1,no,lshift,417,0
chiesa07,2,red,arab,1,4,no,rshift,426,0
chiesa07,2,red,arab,1,6,no,rshift,393,0
chiesa07,2,blue,arab,1,6,no,lshift,404,0
chiesa07,2,blue,arab,1,2,no,lshift,396,0
chiesa07,2,red,arab,1,8,no,rshift,460,0
chiesa07,2,red,arab,1,8,no,rshift,402,0
chiesa07,2,red,arab,1,4,no,rshift,364,0
chiesa07,2,red,arab,1,6,no,rshift,387,0
chiesa07,2,red,arab,1,2,no,rshift,368,0
chiesa07,2,blue,arab,1,4,no,lshift,442,0
chiesa07,2,blue,arab,1,1,no,lshift,356,0
chiesa07,2,blue,arab,1,9,no,lshift,366,0
chiesa07,2,blue,arab,1,2,no,lshift,334,0
chiesa07,2,blue,arab,1,6,no,lshift,362,0
chiesa07,2,blue,arab,1,1,no,lshift,417,0
chiesa07,2,red,arab,1,4,no,rshift,439,0
chiesa07,2,red,arab,1,2,no,rshift,385,0
chiesa07,2,red,arab,1,8,no,rshift,414,0
chiesa07,2,red,arab,1,3,no,rshift,650,0
chiesa07,2,blue,arab,1,3,no,lshift,402,0
chiesa07,2,blue,arab,1,2,no,lshift,542,0
chiesa07,2,red,arab,1,1,no,rshift,401,0
chiesa07,2,red,arab,1,1,no,rshift,479,0
chiesa07,2,blue,arab,1,7,no,lshift,391,0
chiesa07,2,blue,arab,1,8,no,lshift,387,0
chiesa07,2,blue,arab,1,4,no,lshift,632,0
chiesa07,2,red,arab,1,9,no,rshift,366,0
chiesa07,2,blue,arab,1,4,no,lshift,390,0
chiesa07,2,blue,arab,1,7,no,lshift,1053,0
chiesa07,2,red,arab,1,1,no,rshift,538,0
chiesa07,2,blue,arab,1,1,no,lshift,1439,0
chiesa07,2,blue,arab,1,3,no,lshift,704,0
chiesa07,2,red,arab,1,3,no,rshift,464,0
chiesa07,2,red,arab,1,8,no,rshift,334,0
chiesa07,2,red,arab,1,8,no,rshift,403,0
chiesa07,2,red,arab,1,9,no,rshift,308,0
chiesa07,2,blue,arab,1,7,no,lshift,461,0
chiesa07,2,blue,arab,1,2,no,lshift,336,0
chiesa07,2,red,arab,1,3,no,rshift,406,0
chiesa07,2,blue,arab,1,9,no,lshift,463,0
chiesa07,2,blue,arab,1,9,no,lshift,507,0
chiesa07,2,blue,arab,1,7,no,lshift,2225,0
chiesa07,2,red,arab,1,3,no,rshift,364,0
chiesa07,2,blue,arab,1,8,no,lshift,401,0
chiesa07,2,red,arab,1,6,no,rshift,417,0
chiesa07,2,red,arab,1,8,no,rshift,392,0
chiesa07,2,blue,arab,1,8,no,lshift,457,0
chiesa07,2,blue,arab,1,2,no,lshift,381,0
chiesa07,2,blue,arab,1,2,no,lshift,408,0
chiesa07,2,blue,arab,1,1,no,lshift,395,0
chiesa07,2,blue,arab,1,2,no,lshift,311,0
chiesa07,2,red,arab,1,3,no,rshift,750,0
chiesa07,2,red,arab,1,9,no,rshift,421,0
chiesa07,2,red,arab,1,8,no,rshift,361,0
chiesa07,2,red,arab,1,2,no,rshift,395,0
chiesa07,2,blue,arab,1,9,no,lshift,419,0
chiesa07,2,red,arab,1,1,no,rshift,496,0
chiesa07,2,red,arab,1,2,no,rshift,489,0
chiesa07,2,blue,arab,1,3,no,lshift,420,0
chiesa07,2,red,arab,1,2,no,rshift,461,0
chiesa07,2,blue,arab,1,7,no,lshift,645,0
chiesa07,2,red,arab,1,4,no,rshift,430,0
chiesa07,2,blue,arab,1,4,no,lshift,449,0
chiesa07,2,blue,arab,1,3,no,lshift,410,0
chiesa07,2,red,arab,1,3,no,rshift,534,0
chiesa07,2,blue,arab,1,7,no,lshift,365,0
chiesa07,2,blue,arab,1,3,no,lshift,311,0
chiesa07,2,blue,arab,1,9,no,lshift,336,0
chiesa07,2,red,arab,1,6,no,rshift,445,0
chiesa07,2,blue,arab,1,3,no,lshift,357,0
chiesa07,2,blue,arab,1,2,no,lshift,375,0
chiesa07,2,red,arab,1,7,no,rshift,454,0
chiesa07,2,red,arab,1,7,no,rshift,439,0
chiesa07,2,blue,arab,1,6,no,lshift,335,0
chiesa07,2,red,arab,0,3,no,lshift,301,0
chiesa07,2,red,arab,1,4,no,rshift,415,0
chiesa07,2,red,arab,1,1,no,rshift,564,0
chiesa07,2,red,arab,1,4,no,rshift,408,0
chiesa07,2,blue,arab,1,8,no,lshift,402,0
chiesa07,2,red,arab,1,7,no,rshift,634,0
chiesa07,2,red,arab,1,2,no,rshift,521,0
chiesa07,2,blue,arab,1,2,no,lshift,398,0
chiesa07,2,blue,arab,1,8,no,lshift,445,0
chiesa07,2,blue,arab,1,4,no,lshift,360,0
chiesa07,2,blue,arab,1,8,no,lshift,385,0
chiesa07,2,blue,arab,1,6,no,lshift,435,0
chiesa07,2,red,arab,1,7,no,rshift,3268,0
chiesa07,2,red,arab,1,9,no,rshift,410,0
chiesa07,2,red,arab,1,1,no,rshift,470,0
chiesa07,2,red,arab,1,4,no,rshift,547,0
chiesa07,2,blue,arab,1,8,no,lshift,704,0
chiesa07,2,red,arab,1,7,no,rshift,624,0
chiesa07,2,blue,arab,1,7,no,lshift,392,0
chiesa07,2,red,arab,1,6,no,rshift,368,0
chiesa07,2,red,arab,1,7,no,rshift,461,0
chiesa07,2,blue,arab,1,8,no,lshift,398,0
chiesa07,2,blue,arab,1,9,no,lshift,466,0
chiesa07,2,red,arab,1,7,no,rshift,453,0
chiesa07,2,blue,arab,1,4,no,lshift,390,0
chiesa07,2,red,arab,1,7,no,rshift,404,0
chiesa07,2,blue,arab,1,7,no,lshift,494,0
chiesa07,2,blue,arab,1,6,no,lshift,347,0
chiesa07,2,blue,arab,1,4,no,lshift,401,0
chiesa07,2,blue,arab,1,9,no,lshift,418,0
chiesa07,2,blue,arab,1,9,no,lshift,308,0
chiesa07,2,blue,arab,1,2,no,lshift,1659,0
chiesa07,2,red,arab,1,9,no,rshift,421,0
chiesa07,2,blue,arab,0,6,no,rshift,366,0
chiesa07,2,blue,arab,1,3,no,lshift,428,0
chiesa07,2,red,arab,1,9,no,rshift,396,0
chiesa07,2,red,arab,1,9,no,rshift,416,0
chiesa07,2,blue,arab,1,7,no,lshift,385,0
chiesa07,2,red,arab,1,2,no,rshift,466,0
chiesa07,2,red,arab,1,6,no,rshift,382,0
chiesa07,2,red,arab,1,1,no,rshift,419,0
chiesa07,2,blue,arab,1,1,no,lshift,436,0
chiesa07,2,red,arab,1,3,no,rshift,432,0
chiesa07,2,red,arab,1,1,no,rshift,469,0
chiesa07,2,red,arab,0,8,no,lshift,355,0
chiesa07,2,red,arab,1,3,no,rshift,380,0
chiesa07,2,blue,arab,1,9,no,lshift,754,0
chiesa07,2,blue,arab,1,3,no,lshift,393,0
chiesa07,2,red,arab,1,4,no,rshift,417,0
chiesa07,2,blue,arab,1,1,no,lshift,382,0
chiesa07,2,red,arab,1,6,no,rshift,358,0
chiesa07,2,blue,arab,1,4,no,lshift,470,0
chiesa07,2,blue,arab,1,6,no,lshift,366,0
chiesa07,2,blue,arab,1,1,no,lshift,367,0
chiesa07,2,red,arab,1,4,no,rshift,379,0
chiesa07,2,blue,arab,1,4,no,lshift,394,0
chiesa07,3,blue,arab,1,6,no,lshift,1068,0
chiesa07,3,blue,arab,1,1,no,lshift,371,0
chiesa07,3,blue,arab,1,2,no,lshift,324,0
chiesa07,3,red,arab,1,6,no,rshift,369,0
chiesa07,3,blue,arab,1,1,no,lshift,321,0
chiesa07,3,red,arab,1,9,no,rshift,424,0
chiesa07,3,blue,arab,1,4,no,lshift,407,0
chiesa07,3,red,arab,1,4,no,rshift,335,0
chiesa07,3,blue,arab,1,2,no,lshift,313,0
chiesa07,3,red,arab,1,2,no,rshift,362,0
chiesa07,3,red,arab,1,3,no,rshift,338,0
chiesa07,3,blue,arab,1,7,no,lshift,466,0
chiesa07,3,blue,arab,1,6,no,lshift,467,0
chiesa07,3,blue,arab,1,2,no,lshift,1877,0
chiesa07,3,blue,arab,1,1,no,lshift,373,0
chiesa07,3,red,arab,1,6,no,rshift,334,0
chiesa07,3,red,arab,1,7,no,rshift,354,0
chiesa07,3,red,arab,1,4,no,rshift,395,0
chiesa07,3,blue,arab,1,6,no,lshift,388,0
chiesa07,3,red,arab,0,2,no,lshift,269,0
chiesa07,3,blue,arab,1,8,no,lshift,543,0
chiesa07,3,red,arab,1,1,no,rshift,546,0
chiesa07,3,red,arab,1,4,no,rshift,662,0
chiesa07,3,red,arab,1,4,no,rshift,405,0
chiesa07,3,red,arab,1,1,no,rshift,346,0
chiesa07,3,red,arab,1,8,no,rshift,996,0
chiesa07,3,red,arab,1,9,no,rshift,339,0
chiesa07,3,red,arab,1,6,no,rshift,456,0
chiesa07,3,red,arab,1,8,no,rshift,618,0
chiesa07,3,red,arab,1,1,no,rshift,484,0
chiesa07,3,red,arab,1,7,no,rshift,390,0
chiesa07,3,red,arab,1,2,no,rshift,407,0
chiesa07,3,blue,arab,1,6,no,lshift,548,0
chiesa07,3,red,arab,1,7,no,rshift,537,0
chiesa07,3,red,arab,1,4,no,rshift,366,0
chiesa07,3,red,arab,1,8,no,rshift,359,0
chiesa07,3,red,arab,1,4,no,rshift,376,0
chiesa07,3,blue,arab,1,6,no,lshift,401,0
chiesa07,3,red,arab,1,4,no,rshift,441,0
chiesa07,3,red,arab,1,6,no,rshift,516,0
chiesa07,3,red,arab,1,9,no,rshift,462,0
chiesa07,3,blue,arab,1,9,no,lshift,381,0
chiesa07,3,red,arab,1,3,no,rshift,403,0
chiesa07,3,blue,arab,1,4,no,lshift,461,0
chiesa07,3,red,arab,1,3,no,rshift,390,0
chiesa07,3,red,arab,1,1,no,rshift,425,0
chiesa07,3,red,arab,1,6,no,rshift,393,0
chiesa07,3,blue,arab,1,7,no,lshift,418,0
chiesa07,3,blue,arab,1,2,no,lshift,462,0
chiesa07,3,blue,arab,1,2,no,lshift,440,0
chiesa07,3,blue,arab,1,9,no,lshift,391,0
chiesa07,3,red,arab,1,6,no,rshift,433,0
chiesa07,3,red,arab,1,9,no,rshift,450,0
chiesa07,3,blue,arab,1,9,no,lshift,467,0
chiesa07,3,blue,arab,1,6,no,lshift,1026,0
chiesa07,3,blue,arab,0,8,no,rshift,901,0
chiesa07,3,blue,arab,1,8,no,lshift,465,0
chiesa07,3,blue,arab,1,9,no,lshift,409,0
chiesa07,3,blue,arab,1,7,no,lshift,460,0
chiesa07,3,red,arab,1,9,no,rshift,442,0
chiesa07,3,blue,arab,1,4,no,lshift,472,0
chiesa07,3,red,arab,1,2,no,rshift,423,0
chiesa07,3,blue,arab,1,1,no,lshift,403,0
chiesa07,3,red,arab,1,3,no,rshift,368,0
chiesa07,3,blue,arab,1,6,no,lshift,534,0
chiesa07,3,blue,arab,1,4,no,lshift,439,0
chiesa07,3,blue,arab,1,6,no,lshift,418,0
chiesa07,3,blue,arab,1,2,no,lshift,414,0
chiesa07,3,blue,arab,1,7,no,lshift,395,0
chiesa07,3,red,arab,1,1,no,rshift,516,0
chiesa07,3,red,arab,1,9,no,rshift,452,0
chiesa07,3,blue,arab,1,4,no,lshift,325,0
chiesa07,3,blue,arab,1,8,no,lshift,477,0
chiesa07,3,blue,arab,1,8,no,lshift,397,0
chiesa07,3,red,arab,1,8,no,rshift,427,0
chiesa07,3,blue,arab,1,1,no,lshift,411,0
chiesa07,3,blue,arab,1,2,no,lshift,412,0
chiesa07,3,blue,arab,1,7,no,lshift,573,0
chiesa07,3,red,arab,1,2,no,rshift,575,0
chiesa07,3,red,arab,1,6,no,rshift,406,0
chiesa07,3,red,arab,1,3,no,rshift,353,0
chiesa07,3,blue,arab,1,3,no,lshift,583,0
chiesa07,3,red,arab,1,8,no,rshift,654,0
chiesa07,3,red,arab,1,8,no,rshift,466,0
chiesa07,3,blue,arab,1,1,no,lshift,633,0
chiesa07,3,blue,arab,1,6,no,lshift,421,0
chiesa07,3,blue,arab,1,8,no,lshift,410,0
chiesa07,3,blue,arab,1,3,no,lshift,677,0
chiesa07,3,red,arab,1,3,no,rshift,409,0
chiesa07,3,blue,arab,1,9,no,lshift,531,0
chiesa07,3,blue,arab,1,1,no,lshift,328,0
chiesa07,3,blue,arab,1,3,no,lshift,1479,0
chiesa07,3,blue,arab,1,4,no,lshift,1541,0
chiesa07,3,blue,arab,1,1,no,lshift,1169,0
chiesa07,3,red,arab,1,9,no,rshift,857,0
chiesa07,3,red,arab,1,7,no,rshift,365,0
chiesa07,3,red,arab,1,8,no,rshift,661,0
chiesa07,3,red,arab,1,3,no,rshift,564,0
chiesa07,3,red,arab,1,7,no,rshift,479,0
chiesa07,3,blue,arab,1,8,no,lshift,508,0
chiesa07,3,blue,arab,1,9,no,lshift,513,0
chiesa07,3,blue,arab,1,3,no,lshift,535,0
chiesa07,3,blue,arab,1,9,no,lshift,553,0
chiesa07,3,blue,arab,1,1,no,lshift,485,0
chiesa07,3,red,arab,1,3,no,rshift,506,0
chiesa07,3,blue,arab,1,4,no,lshift,385,0
chiesa07,3,red,arab,1,6,no,rshift,412,0
chiesa07,3,blue,arab,1,4,no,lshift,435,0
chiesa07,3,blue,arab,1,3,no,lshift,456,0
chiesa07,3,red,arab,1,3,no,rshift,418,0
chiesa07,3,red,arab,1,7,no,rshift,428,0
chiesa07,3,red,arab,1,2,no,rshift,401,0
chiesa07,3,red,arab,1,2,no,rshift,1154,0
chiesa07,3,red,arab,1,4,no,rshift,539,0
chiesa07,3,blue,arab,1,2,no,lshift,378,0
chiesa07,3,blue,arab,1,7,no,lshift,393,0
chiesa07,3,red,arab,1,1,no,rshift,385,0
chiesa07,3,blue,arab,1,3,no,lshift,421,0
chiesa07,3,blue,arab,1,3,no,lshift,417,0
chiesa07,3,red,arab,1,9,no,rshift,423,0
chiesa07,3,red,arab,0,7,no,lshift,415,0
chiesa07,3,blue,arab,1,8,no,lshift,415,0
chiesa07,3,red,arab,1,2,no,rshift,1131,0
chiesa07,3,red,arab,1,2,no,rshift,484,0
chiesa07,3,red,arab,1,1,no,rshift,402,0
chiesa07,3,blue,arab,1,4,no,lshift,458,0
chiesa07,3,red,arab,1,7,no,rshift,450,0
chiesa07,3,red,arab,1,9,no,rshift,657,0
chiesa07,3,blue,arab,1,8,no,lshift,440,0
chiesa07,3,red,arab,1,8,no,rshift,410,0
chiesa07,3,blue,arab,1,3,no,lshift,400,0
chiesa07,3,red,arab,1,8,no,rshift,444,0
chiesa07,3,red,arab,1,2,no,rshift,432,0
chiesa07,3,blue,arab,1,7,no,lshift,518,0
chiesa07,3,red,arab,1,8,no,rshift,541,0
chiesa07,3,blue,arab,1,7,no,lshift,477,0
chiesa07,3,blue,arab,1,9,no,lshift,447,0
chiesa07,3,blue,arab,1,7,no,lshift,430,0
chiesa07,3,blue,arab,1,3,no,lshift,600,0
chiesa07,3,blue,arab,1,2,no,lshift,416,0
chiesa07,3,red,arab,1,7,no,rshift,669,0
chiesa07,3,blue,arab,1,6,no,lshift,397,0
chiesa07,3,blue,arab,1,2,no,lshift,320,0
chiesa07,3,red,arab,1,7,no,rshift,418,0
chiesa07,3,blue,arab,1,7,no,lshift,292,0
chiesa07,3,blue,arab,1,9,no,lshift,364,0
chiesa07,3,red,arab,1,6,no,rshift,376,0
chiesa07,3,red,arab,1,1,no,rshift,386,0
chiesa07,3,red,arab,1,3,no,rshift,314,0
chiesa07,3,blue,arab,1,4,no,lshift,401,0
chiesa07,3,red,arab,1,1,no,rshift,317,0
chiesa07,3,red,arab,1,4,no,rshift,1144,0
chiesa07,3,red,arab,1,9,no,rshift,371,0
chiesa07,3,blue,arab,1,3,no,lshift,396,0
chiesa07,3,blue,arab,1,8,no,lshift,315,0
chiesa07,3,blue,arab,1,9,no,lshift,311,0
chiesa07,3,red,arab,1,4,no,rshift,383,0
chiesa07,3,red,arab,1,6,no,rshift,347,0
chiesa07,3,red,arab,1,1,no,rshift,441,0
chiesa07,3,blue,arab,1,1,no,lshift,397,0
chiesa07,0,blue,classic,1,4,yes,rshift,4105,0
chiesa07,0,blue,classic,1,7,yes,lshift,570,0
chiesa07,0,blue,classic,1,8,yes,rshift,563,0
chiesa07,0,blue,classic,1,1,yes,lshift,479,0
chiesa07,0,blue,classic,1,2,yes,rshift,587,0
chiesa07,0,blue,classic,0,9,yes,rshift,784,0
chiesa07,0,blue,classic,1,3,yes,lshift,1125,0
chiesa07,0,blue,classic,1,6,yes,rshift,2020,0
chiesa07,1,blue,classic,1,4,yes,lshift,905,0
chiesa07,1,blue,classic,1,2,yes,lshift,512,0
chiesa07,1,blue,classic,1,9,yes,rshift,628,0
chiesa07,1,blue,classic,1,3,yes,rshift,660,0
chiesa07,1,blue,classic,1,6,yes,lshift,656,0
chiesa07,1,blue,classic,1,7,yes,rshift,541,0
chiesa07,1,blue,classic,1,8,yes,lshift,709,0
chiesa07,1,blue,classic,1,1,yes,rshift,709,0
chiesa07,2,blue,classic,1,2,no,rshift,2004,0
chiesa07,2,blue,classic,1,1,no,lshift,698,0
chiesa07,2,blue,classic,1,4,no,rshift,530,0
chiesa07,2,blue,classic,1,3,no,lshift,451,0
chiesa07,2,blue,classic,1,7,no,lshift,649,0
chiesa07,2,blue,classic,1,2,no,rshift,464,0
chiesa07,2,blue,classic,1,8,no,rshift,437,0
chiesa07,2,blue,classic,1,2,no,rshift,535,0
chiesa07,2,blue,classic,1,7,no,lshift,448,0
chiesa07,2,blue,classic,1,9,no,lshift,702,0
chiesa07,2,blue,classic,1,4,no,rshift,545,0
chiesa07,2,blue,classic,1,1,no,lshift,824,0
chiesa07,2,blue,classic,1,3,no,lshift,538,0
chiesa07,2,blue,classic,1,9,no,lshift,661,0
chiesa07,2,blue,classic,1,2,no,rshift,606,0
chiesa07,2,blue,classic,1,3,no,lshift,883,0
chiesa07,2,blue,classic,1,2,no,rshift,959,0
chiesa07,2,blue,classic,1,2,no,rshift,521,0
chiesa07,2,blue,classic,1,1,no,lshift,523,0
chiesa07,2,blue,classic,1,4,no,rshift,546,0
chiesa07,2,blue,classic,1,6,no,rshift,647,0
chiesa07,2,blue,classic,1,7,no,lshift,1049,0
chiesa07,2,blue,classic,1,8,no,rshift,679,0
chiesa07,2,blue,classic,1,2,no,rshift,947,0
chiesa07,2,blue,classic,1,4,no,rshift,669,0
chiesa07,2,blue,classic,1,7,no,lshift,791,0
chiesa07,2,blue,classic,1,7,no,lshift,759,0
chiesa07,2,blue,classic,1,7,no,lshift,390,0
chiesa07,2,blue,classic,1,3,no,lshift,472,0
chiesa07,2,blue,classic,1,6,no,rshift,754,0
chiesa07,2,blue,classic,1,1,no,lshift,1034,0
chiesa07,2,blue,classic,1,6,no,rshift,648,0
chiesa07,2,blue,classic,1,9,no,lshift,1088,0
chiesa07,2,blue,classic,1,6,no,rshift,558,0
chiesa07,2,blue,classic,1,9,no,lshift,860,0
chiesa07,2,blue,classic,1,8,no,rshift,670,0
chiesa07,2,blue,classic,1,3,no,lshift,582,0
chiesa07,2,blue,classic,1,7,no,lshift,1302,0
chiesa07,2,blue,classic,1,8,no,rshift,642,0
chiesa07,2,blue,classic,1,3,no,lshift,590,0
chiesa07,2,blue,classic,1,8,no,rshift,535,0
chiesa07,2,blue,classic,1,1,no,lshift,430,0
chiesa07,2,blue,classic,1,1,no,lshift,472,0
chiesa07,2,blue,classic,1,4,no,rshift,576,0
chiesa07,2,blue,classic,1,6,no,rshift,605,0
chiesa07,2,blue,classic,1,2,no,rshift,599,0
chiesa07,2,blue,classic,1,4,no,rshift,471,0
chiesa07,2,blue,classic,1,9,no,lshift,554,0
chiesa07,2,blue,classic,1,9,no,lshift,530,0
chiesa07,2,blue,classic,1,4,no,rshift,529,0
chiesa07,2,blue,classic,1,1,no,lshift,625,0
chiesa07,2,blue,classic,1,9,no,lshift,518,0
chiesa07,2,blue,classic,1,8,no,rshift,628,0
chiesa07,2,blue,classic,1,1,no,lshift,588,0
chiesa07,2,blue,classic,1,4,no,rshift,817,0
chiesa07,2,blue,classic,1,3,no,lshift,556,0
chiesa07,2,blue,classic,1,7,no,lshift,817,0
chiesa07,2,blue,classic,1,6,no,rshift,504,0
chiesa07,2,blue,classic,1,6,no,rshift,571,0
chiesa07,2,blue,classic,1,9,no,lshift,764,0
chiesa07,2,blue,classic,1,7,no,lshift,515,0
chiesa07,2,blue,classic,1,1,no,lshift,497,0
chiesa07,2,blue,classic,1,2,no,rshift,559,0
chiesa07,2,blue,classic,1,3,no,lshift,568,0
chiesa07,2,blue,classic,1,8,no,rshift,741,0
chiesa07,2,blue,classic,1,9,no,lshift,487,0
chiesa07,2,blue,classic,1,7,no,lshift,779,0
chiesa07,2,blue,classic,1,8,no,rshift,694,0
chiesa07,2,blue,classic,1,4,no,rshift,492,0
chiesa07,2,blue,classic,1,1,no,lshift,501,0
chiesa07,2,blue,classic,1,2,no,rshift,484,0
chiesa07,2,blue,classic,1,3,no,lshift,470,0
chiesa07,2,blue,classic,1,4,no,rshift,419,0
chiesa07,2,blue,classic,1,7,no,lshift,290,0
chiesa07,2,blue,classic,1,6,no,rshift,375,0
chiesa07,2,blue,classic,1,3,no,lshift,387,0
chiesa07,2,blue,classic,1,7,no,lshift,597,0
chiesa07,2,blue,classic,1,6,no,rshift,434,0
chiesa07,2,blue,classic,0,8,no,lshift,425,0
chiesa07,2,blue,classic,1,7,no,lshift,672,0
chiesa07,2,blue,classic,1,4,no,rshift,507,0
chiesa07,2,blue,classic,1,4,no,rshift,444,0
chiesa07,2,blue,classic,1,4,no,rshift,576,0
chiesa07,2,blue,classic,1,8,no,rshift,702,0
chiesa07,2,blue,classic,1,9,no,lshift,745,0
chiesa07,2,blue,classic,1,8,no,rshift,625,0
chiesa07,2,blue,classic,1,8,no,rshift,411,0
chiesa07,2,blue,classic,1,8,no,rshift,450,0
chiesa07,2,blue,classic,0,6,no,lshift,521,0
chiesa07,2,blue,classic,1,6,no,rshift,684,0
chiesa07,2,blue,classic,1,7,no,lshift,433,0
chiesa07,2,blue,classic,1,9,no,lshift,721,0
chiesa07,2,blue,classic,1,2,no,rshift,540,0
chiesa07,2,blue,classic,1,2,no,rshift,418,0
chiesa07,2,blue,classic,1,8,no,rshift,438,0
chiesa07,2,blue,classic,1,1,no,lshift,717,0
chiesa07,2,blue,classic,1,3,no,lshift,574,0
chiesa07,2,blue,classic,1,3,no,lshift,467,0
chiesa07,2,blue,classic,1,1,no,lshift,441,0
chiesa07,2,blue,classic,1,6,no,rshift,456,0
chiesa07,2,blue,classic,1,9,no,lshift,584,0
chiesa07,2,blue,classic,1,1,no,lshift,447,0
chiesa07,2,blue,classic,0,3,no,rshift,601,0
chiesa07,2,blue,classic,1,6,no,rshift,624,0
chiesa07,2,blue,classic,1,9,no,lshift,722,0
chiesa07,2,blue,classic,1,4,no,rshift,480,0
chiesa07,2,blue,classic,1,2,no,rshift,487,0
chiesa07,2,blue,classic,1,6,no,rshift,482,0
chiesa07,2,blue,classic,1,1,no,lshift,476,0
chiesa07,2,blue,classic,1,2,no,rshift,611,0
chiesa07,2,blue,classic,1,9,no,lshift,545,0
chiesa07,2,blue,classic,1,3,no,lshift,683,0
chiesa07,3,blue,classic,1,2,no,lshift,655,0
chiesa07,3,blue,classic,1,2,no,lshift,386,0
chiesa07,3,blue,classic,1,1,no,rshift,558,0
chiesa07,3,blue,classic,1,8,no,lshift,409,0
chiesa07,3,blue,classic,1,9,no,rshift,509,0
chiesa07,3,blue,classic,1,9,no,rshift,472,0
chiesa07,3,blue,classic,1,6,no,lshift,567,0
chiesa07,3,blue,classic,0,3,no,lshift,523,0
chiesa07,3,blue,classic,1,8,no,lshift,658,0
chiesa07,3,blue,classic,1,3,no,rshift,460,0
chiesa07,3,blue,classic,1,8,no,lshift,830,0
chiesa07,3,blue,classic,1,4,no,lshift,544,0
chiesa07,3,blue,classic,1,7,no,rshift,546,0
chiesa07,3,blue,classic,1,6,no,lshift,675,0
chiesa07,3,blue,classic,1,1,no,rshift,732,0
chiesa07,3,blue,classic,1,7,no,rshift,734,0
chiesa07,3,blue,classic,1,9,no,rshift,802,0
chiesa07,3,blue,classic,1,8,no,lshift,762,0
chiesa07,3,blue,classic,1,9,no,rshift,561,0
chiesa07,3,blue,classic,1,8,no,lshift,738,0
chiesa07,3,blue,classic,1,4,no,lshift,572,0
chiesa07,3,blue,classic,1,1,no,rshift,611,0
chiesa07,3,blue,classic,1,1,no,rshift,535,0
chiesa07,3,blue,classic,1,9,no,rshift,591,0
chiesa07,3,blue,classic,1,7,no,rshift,569,0
chiesa07,3,blue,classic,1,3,no,rshift,532,0
chiesa07,3,blue,classic,1,2,no,lshift,4591,0
chiesa07,3,blue,classic,1,6,no,lshift,525,0
chiesa07,3,blue,classic,1,8,no,lshift,472,0
chiesa07,3,blue,classic,1,2,no,lshift,442,0
chiesa07,3,blue,classic,1,1,no,rshift,581,0
chiesa07,3,blue,classic,1,9,no,rshift,583,0
chiesa07,3,blue,classic,1,4,no,lshift,583,0
chiesa07,3,blue,classic,1,9,no,rshift,1214,0
chiesa07,3,blue,classic,1,2,no,lshift,586,0
chiesa07,3,blue,classic,1,6,no,lshift,431,0
chiesa07,3,blue,classic,1,1,no,rshift,533,0
chiesa07,3,blue,classic,1,2,no,lshift,812,0
chiesa07,3,blue,classic,1,9,no,rshift,434,0
chiesa07,3,blue,classic,1,3,no,rshift,515,0
chiesa07,3,blue,classic,1,6,no,lshift,646,0
chiesa07,3,blue,classic,1,1,no,rshift,529,0
chiesa07,3,blue,classic,1,1,no,rshift,561,0
chiesa07,3,blue,classic,1,9,no,rshift,855,0
chiesa07,3,blue,classic,1,9,no,rshift,587,0
chiesa07,3,blue,classic,1,9,no,rshift,542,0
chiesa07,3,blue,classic,1,8,no,lshift,1437,0
chiesa07,3,blue,classic,1,6,no,lshift,675,0
chiesa07,3,blue,classic,1,6,no,lshift,385,0
chiesa07,3,blue,classic,1,2,no,lshift,482,0
chiesa07,3,blue,classic,0,1,no,lshift,460,0
chiesa07,3,blue,classic,1,7,no,rshift,3239,0
chiesa07,3,blue,classic,1,6,no,lshift,531,0
chiesa07,3,blue,classic,1,9,no,rshift,574,0
chiesa07,3,blue,classic,1,6,no,lshift,412,0
chiesa07,3,blue,classic,1,7,no,rshift,442,0
chiesa07,3,blue,classic,1,2,no,lshift,472,0
chiesa07,3,blue,classic,1,8,no,lshift,604,0
chiesa07,3,blue,classic,1,6,no,lshift,438,0
chiesa07,3,blue,classic,1,2,no,lshift,423,0
chiesa07,3,blue,classic,1,6,no,lshift,431,0
chiesa07,3,blue,classic,1,2,no,lshift,654,0
chiesa07,3,blue,classic,1,7,no,rshift,513,0
chiesa07,3,blue,classic,1,7,no,rshift,493,0
chiesa07,3,blue,classic,1,7,no,rshift,413,0
chiesa07,3,blue,classic,1,3,no,rshift,569,0
chiesa07,3,blue,classic,0,3,no,lshift,666,0
chiesa07,3,blue,classic,1,6,no,lshift,608,0
chiesa07,3,blue,classic,1,8,no,lshift,478,0
chiesa07,3,blue,classic,1,3,no,rshift,467,0
chiesa07,3,blue,classic,1,8,no,lshift,517,0
chiesa07,3,blue,classic,1,4,no,lshift,463,0
chiesa07,3,blue,classic,1,4,no,lshift,452,0
chiesa07,3,blue,classic,0,3,no,lshift,402,0
chiesa07,3,blue,classic,1,1,no,rshift,489,0
chiesa07,3,blue,classic,1,3,no,rshift,439,0
chiesa07,3,blue,classic,1,3,no,rshift,374,0
chiesa07,3,blue,classic,1,7,no,rshift,424,0
chiesa07,3,blue,classic,1,8,no,lshift,481,0
chiesa07,3,blue,classic,1,4,no,lshift,532,0
chiesa07,3,blue,classic,1,4,no,lshift,526,0
chiesa07,3,blue,classic,1,2,no,lshift,533,0
chiesa07,3,blue,classic,1,4,no,lshift,458,0
chiesa07,3,blue,classic,1,7,no,rshift,744,0
chiesa07,3,blue,classic,1,1,no,rshift,675,0
chiesa07,3,blue,classic,1,8,no,lshift,595,0
chiesa07,3,blue,classic,1,2,no,lshift,613,0
chiesa07,3,blue,classic,1,4,no,lshift,472,0
chiesa07,3,blue,classic,1,4,no,lshift,570,0
chiesa07,3,blue,classic,1,2,no,lshift,577,0
chiesa07,3,blue,classic,1,1,no,rshift,703,0
chiesa07,3,blue,classic,1,7,no,rshift,511,0
chiesa07,3,blue,classic,1,8,no,lshift,434,0
chiesa07,3,blue,classic,1,2,no,lshift,441,0
chiesa07,3,blue,classic,0,9,no,lshift,493,0
chiesa07,3,blue,classic,1,3,no,rshift,491,0
chiesa07,3,blue,classic,1,4,no,lshift,600,0
chiesa07,3,blue,classic,1,3,no,rshift,581,0
chiesa07,3,blue,classic,1,3,no,rshift,465,0
chiesa07,3,blue,classic,1,4,no,lshift,582,0
chiesa07,3,blue,classic,1,1,no,rshift,857,0
chiesa07,3,blue,classic,1,6,no,lshift,612,0
chiesa07,3,blue,classic,1,1,no,rshift,710,0
chiesa07,3,blue,classic,1,4,no,lshift,693,0
chiesa07,3,blue,classic,1,4,no,lshift,588,0
chiesa07,3,blue,classic,1,7,no,rshift,623,0
chiesa07,3,blue,classic,1,7,no,rshift,493,0
chiesa07,3,blue,classic,1,8,no,lshift,454,0
chiesa07,3,blue,classic,1,7,no,rshift,627,0
chiesa07,3,blue,classic,1,9,no,rshift,668,0
chiesa07,3,blue,classic,1,6,no,lshift,580,0
chiesa07,3,blue,classic,0,3,no,lshift,459,0
