ID_name,block,color,condition,correct_keyboard_response,number,practice,response_keyboard_response,response_time_keyboard_response,subject_nr
Kaktusz,0,blue,arab,1,9,yes,rshift,1573,0
Kaktusz,0,red,arab,1,2,yes,lshift,452,0
Kaktusz,0,blue,arab,1,8,yes,rshift,67,0
Kaktusz,0,blue,arab,0,3,yes,lshift,302,0
Kaktusz,0,red,arab,1,1,yes,lshift,433,0
Kaktusz,0,red,arab,1,9,yes,lshift,428,0
Kaktusz,0,blue,arab,1,1,yes,rshift,436,0
Kaktusz,0,blue,arab,1,6,yes,rshift,423,0
Kaktusz,0,red,arab,1,8,yes,lshift,420,0
Kaktusz,0,red,arab,1,6,yes,lshift,402,0
Kaktusz,0,blue,arab,1,2,yes,rshift,424,0
Kaktusz,0,red,arab,1,7,yes,lshift,381,0
Kaktusz,0,blue,arab,1,4,yes,rshift,374,0
Kaktusz,0,blue,arab,0,7,yes,lshift,302,0
Kaktusz,0,red,arab,1,4,yes,lshift,469,0
Kaktusz,0,red,arab,1,3,yes,lshift,503,0
Kaktusz,1,blue,arab,1,3,no,rshift,746,0
Kaktusz,1,blue,arab,1,8,no,rshift,498,0
Kaktusz,1,blue,arab,1,3,no,rshift,381,0
Kaktusz,1,red,arab,1,3,no,lshift,365,0
Kaktusz,1,red,arab,1,9,no,lshift,382,0
Kaktusz,1,blue,arab,1,7,no,rshift,350,0
Kaktusz,1,blue,arab,1,2,no,rshift,413,0
Kaktusz,1,red,arab,1,9,no,lshift,419,0
Kaktusz,1,red,arab,1,2,no,lshift,369,0
Kaktusz,1,red,arab,1,6,no,lshift,448,0
Kaktusz,1,red,arab,1,7,no,lshift,325,0
Kaktusz,1,red,arab,1,3,no,lshift,391,0
Kaktusz,1,red,arab,1,2,no,lshift,8094,0
Kaktusz,1,blue,arab,1,6,no,rshift,442,0
Kaktusz,1,blue,arab,1,8,no,rshift,414,0
Kaktusz,1,blue,arab,1,1,no,rshift,413,0
Kaktusz,1,blue,arab,1,1,no,rshift,522,0
Kaktusz,1,red,arab,1,7,no,lshift,411,0
Kaktusz,1,red,arab,1,4,no,lshift,362,0
Kaktusz,1,blue,arab,1,7,no,rshift,434,0
Kaktusz,1,blue,arab,1,6,no,rshift,430,0
Kaktusz,1,blue,arab,1,2,no,rshift,380,0
Kaktusz,1,blue,arab,1,1,no,rshift,427,0
Kaktusz,1,blue,arab,1,6,no,rshift,393,0
Kaktusz,1,blue,arab,1,7,no,rshift,1237,0
Kaktusz,1,red,arab,1,1,no,lshift,409,0
Kaktusz,1,blue,arab,1,7,no,rshift,432,0
Kaktusz,1,blue,arab,1,4,no,rshift,430,0
Kaktusz,1,blue,arab,1,4,no,rshift,411,0
Kaktusz,1,red,arab,1,7,no,lshift,370,0
Kaktusz,1,blue,arab,1,2,no,rshift,345,0
Kaktusz,1,red,arab,1,6,no,lshift,427,0
Kaktusz,1,red,arab,0,8,no,rshift,471,0
Kaktusz,1,blue,arab,1,1,no,rshift,452,0
Kaktusz,1,red,arab,1,3,no,lshift,454,0
Kaktusz,1,blue,arab,1,4,no,rshift,459,0
Kaktusz,1,blue,arab,1,9,no,rshift,432,0
Kaktusz,1,red,arab,1,1,no,lshift,461,0
Kaktusz,1,blue,arab,1,9,no,rshift,425,0
Kaktusz,1,red,arab,1,2,no,lshift,333,0
Kaktusz,1,blue,arab,1,3,no,rshift,327,0
Kaktusz,1,red,arab,1,6,no,lshift,345,0
Kaktusz,1,red,arab,1,4,no,lshift,426,0
Kaktusz,1,blue,arab,1,3,no,rshift,440,0
Kaktusz,1,red,arab,1,4,no,lshift,389,0
Kaktusz,1,blue,arab,1,9,no,rshift,611,0
Kaktusz,1,blue,arab,1,3,no,rshift,466,0
Kaktusz,1,blue,arab,1,7,no,rshift,437,0
Kaktusz,1,blue,arab,1,3,no,rshift,489,0
Kaktusz,1,red,arab,1,4,no,lshift,428,0
Kaktusz,1,blue,arab,1,6,no,rshift,561,0
Kaktusz,1,blue,arab,1,8,no,rshift,466,0
Kaktusz,1,blue,arab,1,6,no,rshift,460,0
Kaktusz,1,blue,arab,1,4,no,rshift,599,0
Kaktusz,1,blue,arab,1,9,no,rshift,414,0
Kaktusz,1,red,arab,1,8,no,lshift,427,0
Kaktusz,1,red,arab,1,3,no,lshift,1028,0
Kaktusz,1,red,arab,1,8,no,lshift,498,0
Kaktusz,1,blue,arab,1,7,no,rshift,477,0
Kaktusz,1,red,arab,1,8,no,lshift,408,0
Kaktusz,1,blue,arab,1,2,no,rshift,550,0
Kaktusz,1,red,arab,1,1,no,lshift,405,0
Kaktusz,1,blue,arab,1,8,no,rshift,443,0
Kaktusz,1,blue,arab,1,3,no,rshift,448,0
Kaktusz,1,red,arab,1,3,no,lshift,484,0
Kaktusz,1,blue,arab,1,2,no,rshift,463,0
Kaktusz,1,blue,arab,1,8,no,rshift,578,0
Kaktusz,1,blue,arab,1,1,no,rshift,545,0
Kaktusz,1,blue,arab,1,2,no,rshift,506,0
Kaktusz,1,red,arab,1,9,no,lshift,445,0
Kaktusz,1,blue,arab,1,6,no,rshift,463,0
Kaktusz,1,red,arab,1,2,no,lshift,475,0
Kaktusz,1,red,arab,1,3,no,lshift,495,0
Kaktusz,1,blue,arab,1,9,no,rshift,438,0
Kaktusz,1,red,arab,1,7,no,lshift,358,0
Kaktusz,1,red,arab,1,4,no,lshift,430,0
Kaktusz,1,blue,arab,1,4,no,rshift,403,0
Kaktusz,1,red,arab,1,1,no,lshift,584,0
Kaktusz,1,red,arab,1,1,no,lshift,423,0
Kaktusz,1,blue,arab,1,9,no,rshift,436,0
Kaktusz,1,red,arab,1,3,no,lshift,567,0
Kaktusz,1,red,arab,1,9,no,lshift,368,0
Kaktusz,1,blue,arab,1,6,no,rshift,383,0
Kaktusz,1,blue,arab,1,3,no,rshift,455,0
Kaktusz,1,red,arab,1,7,no,lshift,363,0
Kaktusz,1,blue,arab,1,2,no,rshift,515,0
Kaktusz,1,red,arab,1,3,no,lshift,477,0
Kaktusz,1,red,arab,1,8,no,lshift,385,0
Kaktusz,1,blue,arab,1,8,no,rshift,311,0
Kaktusz,1,blue,arab,0,6,no,lshift,433,0
Kaktusz,1,red,arab,1,2,no,lshift,612,0
Kaktusz,1,red,arab,1,6,no,lshift,491,0
Kaktusz,1,red,arab,1,1,no,lshift,389,0
Kaktusz,1,blue,arab,1,7,no,rshift,476,0
Kaktusz,1,red,arab,1,2,no,lshift,392,0
Kaktusz,1,red,arab,1,4,no,lshift,413,0
Kaktusz,1,red,arab,1,6,no,lshift,428,0
Kaktusz,1,blue,arab,1,4,no,rshift,458,0
Kaktusz,1,red,arab,1,9,no,lshift,446,0
Kaktusz,1,blue,arab,1,7,no,rshift,506,0
Kaktusz,1,red,arab,1,6,no,lshift,334,0
Kaktusz,1,red,arab,1,6,no,lshift,423,0
Kaktusz,1,blue,arab,1,1,no,rshift,459,0
Kaktusz,1,blue,arab,0,2,no,lshift,385,0
Kaktusz,1,red,arab,1,7,no,lshift,550,0
Kaktusz,1,blue,arab,1,1,no,rshift,574,0
Kaktusz,1,red,arab,1,9,no,lshift,541,0
Kaktusz,1,blue,arab,1,8,no,rshift,613,0
Kaktusz,1,red,arab,1,7,no,lshift,531,0
Kaktusz,1,red,arab,1,9,no,lshift,605,0
Kaktusz,1,red,arab,1,2,no,lshift,489,0
Kaktusz,1,red,arab,1,2,no,lshift,372,0
Kaktusz,1,red,arab,1,3,no,lshift,402,0
Kaktusz,1,red,arab,1,2,no,lshift,1325,0
Kaktusz,1,red,arab,1,8,no,lshift,678,0
Kaktusz,1,blue,arab,1,7,no,rshift,450,0
Kaktusz,1,blue,arab,1,9,no,rshift,555,0
Kaktusz,1,blue,arab,1,6,no,rshift,612,0
Kaktusz,1,blue,arab,1,4,no,rshift,560,0
Kaktusz,1,red,arab,1,9,no,lshift,433,0
Kaktusz,1,blue,arab,1,8,no,rshift,755,0
Kaktusz,1,blue,arab,1,8,no,rshift,538,0
Kaktusz,1,blue,arab,1,9,no,rshift,451,0
Kaktusz,1,red,arab,1,6,no,lshift,424,0
Kaktusz,1,red,arab,1,3,no,lshift,452,0
Kaktusz,1,blue,arab,1,4,no,rshift,472,0
Kaktusz,1,red,arab,1,4,no,lshift,459,0
Kaktusz,1,blue,arab,1,9,no,rshift,511,0
Kaktusz,1,blue,arab,1,3,no,rshift,537,0
Kaktusz,1,red,arab,1,2,no,lshift,424,0
Kaktusz,1,red,arab,1,6,no,lshift,399,0
Kaktusz,1,red,arab,1,9,no,lshift,310,0
Kaktusz,1,blue,arab,1,4,no,rshift,512,0
Kaktusz,1,red,arab,0,1,no,rshift,442,0
Kaktusz,1,blue,arab,1,1,no,rshift,525,0
Kaktusz,1,blue,arab,1,6,no,rshift,600,0
Kaktusz,1,red,arab,1,8,no,lshift,420,0
Kaktusz,1,red,arab,1,9,no,lshift,498,0
Kaktusz,1,blue,arab,1,2,no,rshift,493,0
Kaktusz,1,red,arab,1,1,no,lshift,518,0
Kaktusz,1,red,arab,1,4,no,lshift,592,0
Kaktusz,1,blue,arab,1,1,no,rshift,463,0
Kaktusz,1,blue,arab,1,2,no,rshift,497,0
Kaktusz,1,red,arab,1,8,no,lshift,421,0
Kaktusz,1,red,arab,1,8,no,lshift,505,0
Kaktusz,1,red,arab,1,6,no,lshift,516,0
Kaktusz,1,red,arab,1,7,no,lshift,367,0
Kaktusz,1,red,arab,1,1,no,lshift,374,0
Kaktusz,1,blue,arab,1,3,no,rshift,903,0
Kaktusz,1,blue,arab,0,7,no,lshift,1976,0
Kaktusz,1,red,arab,1,1,no,lshift,582,0
Kaktusz,1,red,arab,1,7,no,lshift,749,0
Kaktusz,1,red,arab,1,7,no,lshift,684,0
Kaktusz,1,blue,arab,1,9,no,rshift,517,0
Kaktusz,1,red,arab,1,4,no,lshift,487,0
Kaktusz,1,blue,arab,1,1,no,rshift,681,0
Kaktusz,1,red,arab,1,8,no,lshift,659,0
Kaktusz,1,blue,arab,1,8,no,rshift,567,0
Kaktusz,1,red,arab,1,4,no,lshift,566,0
Kaktusz,1,blue,arab,1,4,no,rshift,733,0
Kaktusz,2,blue,arab,1,6,no,rshift,1426,0
Kaktusz,2,red,arab,1,9,no,lshift,670,0
Kaktusz,2,blue,arab,1,1,no,rshift,721,0
Kaktusz,2,blue,arab,1,4,no,rshift,554,0
Kaktusz,2,blue,arab,1,4,no,rshift,417,0
Kaktusz,2,blue,arab,1,3,no,rshift,430,0
Kaktusz,2,red,arab,1,9,no,lshift,396,0
Kaktusz,2,red,arab,1,7,no,lshift,396,0
Kaktusz,2,blue,arab,1,9,no,rshift,402,0
Kaktusz,2,blue,arab,1,1,no,rshift,456,0
Kaktusz,2,blue,arab,1,3,no,rshift,507,0
Kaktusz,2,blue,arab,1,1,no,rshift,372,0
Kaktusz,2,red,arab,1,1,no,lshift,412,0
Kaktusz,2,blue,arab,1,1,no,rshift,549,0
Kaktusz,2,red,arab,1,8,no,lshift,490,0
Kaktusz,2,red,arab,1,4,no,lshift,413,0
Kaktusz,2,blue,arab,1,6,no,rshift,562,0
Kaktusz,2,red,arab,1,7,no,lshift,545,0
Kaktusz,2,blue,arab,1,4,no,rshift,411,0
Kaktusz,2,blue,arab,1,2,no,rshift,488,0
Kaktusz,2,red,arab,1,6,no,lshift,353,0
Kaktusz,2,red,arab,1,6,no,lshift,473,0
Kaktusz,2,blue,arab,1,1,no,rshift,716,0
Kaktusz,2,blue,arab,1,3,no,rshift,405,0
Kaktusz,2,red,arab,1,1,no,lshift,483,0
Kaktusz,2,red,arab,1,4,no,lshift,414,0
Kaktusz,2,red,arab,1,7,no,lshift,372,0
Kaktusz,2,blue,arab,1,6,no,rshift,435,0
Kaktusz,2,red,arab,1,7,no,lshift,430,0
Kaktusz,2,red,arab,1,2,no,lshift,422,0
Kaktusz,2,red,arab,1,8,no,lshift,393,0
Kaktusz,2,blue,arab,1,9,no,rshift,424,0
Kaktusz,2,red,arab,1,1,no,lshift,381,0
Kaktusz,2,blue,arab,1,1,no,rshift,485,0
Kaktusz,2,blue,arab,1,7,no,rshift,502,0
Kaktusz,2,red,arab,1,9,no,lshift,393,0
Kaktusz,2,blue,arab,1,8,no,rshift,543,0
Kaktusz,2,blue,arab,1,8,no,rshift,488,0
Kaktusz,2,blue,arab,1,1,no,rshift,562,0
Kaktusz,2,red,arab,1,9,no,lshift,473,0
Kaktusz,2,blue,arab,1,3,no,rshift,445,0
Kaktusz,2,blue,arab,1,6,no,rshift,266,0
Kaktusz,2,red,arab,1,9,no,lshift,357,0
Kaktusz,2,blue,arab,0,4,no,lshift,438,0
Kaktusz,2,blue,arab,1,3,no,rshift,544,0
Kaktusz,2,red,arab,1,8,no,lshift,394,0
Kaktusz,2,blue,arab,1,6,no,rshift,783,0
Kaktusz,2,blue,arab,0,9,no,lshift,517,0
Kaktusz,2,blue,arab,1,3,no,rshift,456,0
Kaktusz,2,red,arab,1,4,no,lshift,449,0
Kaktusz,2,blue,arab,1,6,no,rshift,414,0
Kaktusz,2,blue,arab,1,3,no,rshift,427,0
Kaktusz,2,blue,arab,1,7,no,rshift,386,0
Kaktusz,2,red,arab,1,8,no,lshift,415,0
Kaktusz,2,red,arab,1,3,no,lshift,501,0
Kaktusz,2,blue,arab,1,7,no,rshift,406,0
Kaktusz,2,blue,arab,1,7,no,rshift,723,0
Kaktusz,2,blue,arab,1,4,no,rshift,437,0
Kaktusz,2,red,arab,1,3,no,lshift,377,0
Kaktusz,2,red,arab,0,8,no,rshift,542,0
Kaktusz,2,red,arab,1,8,no,lshift,886,0
Kaktusz,2,red,arab,1,9,no,lshift,481,0
Kaktusz,2,red,arab,1,4,no,lshift,548,0
Kaktusz,2,red,arab,1,3,no,lshift,475,0
Kaktusz,2,blue,arab,1,7,no,rshift,597,0
Kaktusz,2,blue,arab,1,7,no,rshift,436,0
Kaktusz,2,blue,arab,1,9,no,rshift,457,0
Kaktusz,2,blue,arab,1,4,no,rshift,543,0
Kaktusz,2,red,arab,1,1,no,lshift,509,0
Kaktusz,2,blue,arab,1,8,no,rshift,495,0
Kaktusz,2,blue,arab,1,1,no,rshift,472,0
Kaktusz,2,red,arab,1,4,no,lshift,428,0
Kaktusz,2,red,arab,1,1,no,lshift,457,0
Kaktusz,2,blue,arab,1,4,no,rshift,437,0
Kaktusz,2,blue,arab,1,7,no,rshift,488,0
Kaktusz,2,blue,arab,1,8,no,rshift,443,0
Kaktusz,2,red,arab,1,6,no,lshift,479,0
Kaktusz,2,red,arab,1,8,no,lshift,489,0
Kaktusz,2,blue,arab,1,9,no,rshift,380,0
Kaktusz,2,blue,arab,1,8,no,rshift,490,0
Kaktusz,2,red,arab,1,3,no,lshift,445,0
Kaktusz,2,red,arab,1,1,no,lshift,545,0
Kaktusz,2,red,arab,1,6,no,lshift,521,0
Kaktusz,2,red,arab,1,6,no,lshift,457,0
Kaktusz,2,red,arab,1,4,no,lshift,396,0
Kaktusz,2,red,arab,1,2,no,lshift,491,0
Kaktusz,2,blue,arab,1,8,no,rshift,944,0
Kaktusz,2,red,arab,1,3,no,lshift,425,0
Kaktusz,2,red,arab,1,3,no,lshift,495,0
Kaktusz,2,blue,arab,1,4,no,rshift,552,0
Kaktusz,2,red,arab,1,7,no,lshift,375,0
Kaktusz,2,blue,arab,1,4,no,rshift,374,0
Kaktusz,2,blue,arab,1,2,no,rshift,469,0
Kaktusz,2,red,arab,0,7,no,rshift,423,0
Kaktusz,2,blue,arab,1,8,no,rshift,645,0
Kaktusz,2,blue,arab,1,7,no,rshift,416,0
Kaktusz,2,blue,arab,1,9,no,rshift,1266,0
Kaktusz,2,red,arab,1,6,no,lshift,6606,0
Kaktusz,2,red,arab,1,3,no,lshift,3174,0
Kaktusz,2,blue,arab,1,1,no,rshift,8152,0
Kaktusz,2,red,arab,1,6,no,lshift,519,0
Kaktusz,2,red,arab,1,1,no,lshift,608,0
Kaktusz,2,red,arab,1,4,no,lshift,421,0
Kaktusz,2,red,arab,1,4,no,lshift,442,0
Kaktusz,2,red,arab,1,8,no,lshift,550,0
Kaktusz,2,blue,arab,1,8,no,rshift,2076,0
Kaktusz,2,red,arab,1,4,no,lshift,506,0
Kaktusz,2,red,arab,1,9,no,lshift,674,0
Kaktusz,2,red,arab,1,2,no,lshift,731,0
Kaktusz,2,red,arab,1,6,no,lshift,492,0
Kaktusz,2,red,arab,1,2,no,lshift,588,0
Kaktusz,2,blue,arab,1,2,no,rshift,897,0
Kaktusz,2,red,arab,1,3,no,lshift,483,0
Kaktusz,2,blue,arab,1,2,no,rshift,740,0
Kaktusz,2,blue,arab,1,8,no,rshift,412,0
Kaktusz,2,red,arab,1,9,no,lshift,417,0
Kaktusz,2,blue,arab,1,2,no,rshift,423,0
Kaktusz,2,red,arab,1,1,no,lshift,491,0
Kaktusz,2,red,arab,1,4,no,lshift,492,0
Kaktusz,2,red,arab,1,2,no,lshift,430,0
Kaktusz,2,red,arab,1,2,no,lshift,562,0
Kaktusz,2,red,arab,1,7,no,lshift,492,0
Kaktusz,2,blue,arab,1,3,no,rshift,531,0
Kaktusz,2,red,arab,1,7,no,lshift,547,0
Kaktusz,2,blue,arab,1,9,no,rshift,531,0
Kaktusz,2,blue,arab,1,1,no,rshift,596,0
Kaktusz,2,blue,arab,0,7,no,lshift,400,0
Kaktusz,2,red,arab,1,3,no,lshift,478,0
Kaktusz,2,blue,arab,1,9,no,rshift,505,0
Kaktusz,2,red,arab,1,2,no,lshift,586,0
Kaktusz,2,red,arab,0,7,no,rshift,615,0
Kaktusz,2,red,arab,0,1,no,rshift,557,0
Kaktusz,2,blue,arab,1,2,no,rshift,666,0
Kaktusz,2,blue,arab,1,2,no,rshift,501,0
Kaktusz,2,red,arab,1,8,no,lshift,575,0
Kaktusz,2,red,arab,1,8,no,lshift,708,0
Kaktusz,2,blue,arab,1,7,no,rshift,437,0
Kaktusz,2,blue,arab,1,3,no,rshift,482,0
Kaktusz,2,red,arab,1,1,no,lshift,492,0
Kaktusz,2,blue,arab,1,4,no,rshift,478,0
Kaktusz,2,red,arab,1,3,no,lshift,520,0
Kaktusz,2,red,arab,1,6,no,lshift,745,0
Kaktusz,2,blue,arab,1,2,no,rshift,456,0
Kaktusz,2,red,arab,1,7,no,lshift,785,0
Kaktusz,2,blue,arab,1,2,no,rshift,487,0
Kaktusz,2,blue,arab,1,6,no,rshift,784,0
Kaktusz,2,blue,arab,1,6,no,rshift,463,0
Kaktusz,2,red,arab,1,9,no,lshift,441,0
Kaktusz,2,blue,arab,1,3,no,rshift,492,0
Kaktusz,2,red,arab,1,2,no,lshift,453,0
Kaktusz,2,red,arab,1,9,no,lshift,480,0
Kaktusz,2,red,arab,1,2,no,lshift,578,0
Kaktusz,2,red,arab,1,6,no,lshift,584,0
Kaktusz,2,blue,arab,1,6,no,rshift,468,0
Kaktusz,2,red,arab,1,2,no,lshift,344,0
Kaktusz,2,blue,arab,1,9,no,rshift,463,0
Kaktusz,2,blue,arab,0,9,no,lshift,649,0
Kaktusz,2,blue,arab,1,8,no,rshift,604,0
Kaktusz,2,blue,arab,1,6,no,rshift,425,0
Kaktusz,2,blue,arab,1,2,no,rshift,580,0
Kaktusz,3,blue,arab,1,1,no,rshift,1208,0
Kaktusz,3,blue,arab,1,2,no,rshift,420,0
Kaktusz,3,red,arab,1,2,no,lshift,378,0
Kaktusz,3,red,arab,1,4,no,lshift,503,0
Kaktusz,3,red,arab,1,6,no,lshift,425,0
Kaktusz,3,blue,arab,1,7,no,rshift,270,0
Kaktusz,3,red,arab,1,2,no,lshift,385,0
Kaktusz,3,blue,arab,1,1,no,rshift,383,0
Kaktusz,3,red,arab,1,9,no,lshift,350,0
Kaktusz,3,blue,arab,1,9,no,rshift,549,0
Kaktusz,3,red,arab,1,6,no,lshift,379,0
Kaktusz,3,blue,arab,1,4,no,rshift,284,0
Kaktusz,3,blue,arab,0,4,no,lshift,469,0
Kaktusz,3,blue,arab,1,2,no,rshift,432,0
Kaktusz,3,blue,arab,1,8,no,rshift,372,0
Kaktusz,3,blue,arab,1,4,no,rshift,506,0
Kaktusz,3,red,arab,1,9,no,lshift,380,0
Kaktusz,3,blue,arab,1,2,no,rshift,474,0
Kaktusz,3,red,arab,1,1,no,lshift,404,0
Kaktusz,3,red,arab,1,6,no,lshift,481,0
Kaktusz,3,red,arab,1,7,no,lshift,499,0
Kaktusz,3,red,arab,1,7,no,lshift,458,0
Kaktusz,3,blue,arab,1,9,no,rshift,317,0
Kaktusz,3,blue,arab,1,3,no,rshift,463,0
Kaktusz,3,red,arab,1,3,no,lshift,387,0
Kaktusz,3,blue,arab,1,1,no,rshift,416,0
Kaktusz,3,blue,arab,1,6,no,rshift,436,0
Kaktusz,3,blue,arab,1,1,no,rshift,337,0
Kaktusz,3,red,arab,1,2,no,lshift,351,0
Kaktusz,3,blue,arab,1,8,no,rshift,456,0
Kaktusz,3,blue,arab,1,7,no,rshift,395,0
Kaktusz,3,red,arab,1,3,no,lshift,400,0
Kaktusz,3,blue,arab,1,2,no,rshift,524,0
Kaktusz,3,red,arab,1,8,no,lshift,461,0
Kaktusz,3,blue,arab,1,6,no,rshift,464,0
Kaktusz,3,blue,arab,1,9,no,rshift,419,0
Kaktusz,3,blue,arab,1,9,no,rshift,295,0
Kaktusz,3,red,arab,1,1,no,lshift,368,0
Kaktusz,3,red,arab,1,7,no,lshift,518,0
Kaktusz,3,blue,arab,1,1,no,rshift,542,0
Kaktusz,3,blue,arab,1,6,no,rshift,1266,0
Kaktusz,3,blue,arab,1,4,no,rshift,452,0
Kaktusz,3,red,arab,1,2,no,lshift,861,0
Kaktusz,3,red,arab,1,6,no,lshift,966,0
Kaktusz,3,red,arab,1,9,no,lshift,476,0
Kaktusz,3,red,arab,1,1,no,lshift,487,0
Kaktusz,3,red,arab,1,3,no,lshift,392,0
Kaktusz,3,blue,arab,1,4,no,rshift,4220,0
Kaktusz,3,red,arab,1,9,no,lshift,456,0
Kaktusz,3,red,arab,1,3,no,lshift,523,0
Kaktusz,3,red,arab,1,6,no,lshift,386,0
Kaktusz,3,red,arab,1,8,no,lshift,966,0
Kaktusz,3,blue,arab,1,9,no,rshift,405,0
Kaktusz,3,blue,arab,1,7,no,rshift,481,0
Kaktusz,3,red,arab,1,2,no,lshift,474,0
Kaktusz,3,red,arab,1,7,no,lshift,363,0
Kaktusz,3,blue,arab,1,9,no,rshift,381,0
Kaktusz,3,blue,arab,1,7,no,rshift,483,0
Kaktusz,3,red,arab,1,4,no,lshift,403,0
Kaktusz,3,red,arab,1,2,no,lshift,392,0
Kaktusz,3,red,arab,1,8,no,lshift,366,0
Kaktusz,3,blue,arab,1,4,no,rshift,477,0
Kaktusz,3,blue,arab,1,3,no,rshift,470,0
Kaktusz,3,red,arab,1,2,no,lshift,425,0
Kaktusz,3,red,arab,1,1,no,lshift,444,0
Kaktusz,3,blue,arab,1,3,no,rshift,416,0
Kaktusz,3,red,arab,1,2,no,lshift,477,0
Kaktusz,3,red,arab,1,6,no,lshift,390,0
Kaktusz,3,blue,arab,1,3,no,rshift,450,0
Kaktusz,3,blue,arab,1,6,no,rshift,421,0
Kaktusz,3,red,arab,1,8,no,lshift,370,0
Kaktusz,3,red,arab,1,3,no,lshift,511,0
Kaktusz,3,blue,arab,1,4,no,rshift,534,0
Kaktusz,3,blue,arab,1,9,no,rshift,382,0
Kaktusz,3,red,arab,1,4,no,lshift,398,0
Kaktusz,3,red,arab,1,6,no,lshift,412,0
Kaktusz,3,red,arab,1,6,no,lshift,369,0
Kaktusz,3,blue,arab,1,1,no,rshift,502,0
Kaktusz,3,blue,arab,1,4,no,rshift,551,0
Kaktusz,3,blue,arab,1,7,no,rshift,499,0
Kaktusz,3,blue,arab,1,6,no,rshift,483,0
Kaktusz,3,blue,arab,1,1,no,rshift,484,0
Kaktusz,3,blue,arab,1,1,no,rshift,811,0
Kaktusz,3,red,arab,1,3,no,lshift,551,0
Kaktusz,3,blue,arab,1,8,no,rshift,461,0
Kaktusz,3,blue,arab,1,7,no,rshift,519,0
Kaktusz,3,red,arab,0,4,no,rshift,352,0
Kaktusz,3,red,arab,1,1,no,lshift,787,0
Kaktusz,3,red,arab,1,1,no,lshift,471,0
Kaktusz,3,red,arab,1,7,no,lshift,497,0
Kaktusz,3,red,arab,1,2,no,lshift,458,0
Kaktusz,3,blue,arab,1,3,no,rshift,507,0
Kaktusz,3,blue,arab,1,1,no,rshift,1032,0
Kaktusz,3,blue,arab,1,4,no,rshift,603,0
Kaktusz,3,blue,arab,1,8,no,rshift,360,0
Kaktusz,3,red,arab,1,6,no,lshift,327,0
Kaktusz,3,red,arab,1,7,no,lshift,421,0
Kaktusz,3,red,arab,1,4,no,lshift,394,0
Kaktusz,3,blue,arab,1,8,no,rshift,497,0
Kaktusz,3,red,arab,1,1,no,lshift,448,0
Kaktusz,3,blue,arab,1,8,no,rshift,530,0
Kaktusz,3,red,arab,1,1,no,lshift,561,0
Kaktusz,3,red,arab,1,3,no,lshift,534,0
Kaktusz,3,blue,arab,1,1,no,rshift,660,0
Kaktusz,3,red,arab,1,8,no,lshift,518,0
Kaktusz,3,red,arab,1,9,no,lshift,438,0
Kaktusz,3,blue,arab,1,6,no,rshift,679,0
Kaktusz,3,blue,arab,1,2,no,rshift,457,0
Kaktusz,3,blue,arab,1,6,no,rshift,387,0
Kaktusz,3,blue,arab,1,3,no,rshift,377,0
Kaktusz,3,red,arab,0,4,no,rshift,271,0
Kaktusz,3,red,arab,1,7,no,lshift,1292,0
Kaktusz,3,blue,arab,1,8,no,rshift,852,0
Kaktusz,3,red,arab,1,4,no,lshift,631,0
Kaktusz,3,blue,arab,1,9,no,rshift,624,0
Kaktusz,3,red,arab,1,2,no,lshift,452,0
Kaktusz,3,red,arab,1,4,no,lshift,470,0
Kaktusz,3,blue,arab,1,9,no,rshift,383,0
Kaktusz,3,blue,arab,1,4,no,rshift,469,0
Kaktusz,3,blue,arab,1,3,no,rshift,430,0
Kaktusz,3,blue,arab,1,9,no,rshift,394,0
Kaktusz,3,blue,arab,1,8,no,rshift,440,0
Kaktusz,3,blue,arab,1,8,no,rshift,2316,0
Kaktusz,3,blue,arab,1,7,no,rshift,470,0
Kaktusz,3,red,arab,1,4,no,lshift,550,0
Kaktusz,3,red,arab,1,9,no,lshift,605,0
Kaktusz,3,red,arab,1,8,no,lshift,521,0
Kaktusz,3,blue,arab,1,2,no,rshift,600,0
Kaktusz,3,blue,arab,1,3,no,rshift,596,0
Kaktusz,3,blue,arab,1,2,no,rshift,472,0
Kaktusz,3,blue,arab,1,2,no,rshift,514,0
Kaktusz,3,red,arab,1,7,no,lshift,649,0
Kaktusz,3,red,arab,1,3,no,lshift,452,0
Kaktusz,3,blue,arab,1,7,no,rshift,478,0
Kaktusz,3,blue,arab,1,6,no,rshift,655,0
Kaktusz,3,red,arab,1,1,no,lshift,386,0
Kaktusz,3,red,arab,1,7,no,lshift,430,0
Kaktusz,3,red,arab,1,9,no,lshift,331,0
Kaktusz,3,blue,arab,1,8,no,rshift,467,0
Kaktusz,3,red,arab,1,4,no,lshift,380,0
Kaktusz,3,red,arab,1,6,no,lshift,522,0
Kaktusz,3,blue,arab,1,2,no,rshift,544,0
Kaktusz,3,blue,arab,1,6,no,rshift,456,0
Kaktusz,3,red,arab,1,9,no,lshift,458,0
Kaktusz,3,red,arab,0,1,no,rshift,556,0
Kaktusz,3,red,arab,1,9,no,lshift,968,0
Kaktusz,3,red,arab,1,8,no,lshift,501,0
Kaktusz,3,blue,arab,1,3,no,rshift,542,0
Kaktusz,3,red,arab,1,9,no,lshift,358,0
Kaktusz,3,red,arab,1,3,no,lshift,412,0
Kaktusz,3,red,arab,1,8,no,lshift,338,0
Kaktusz,3,blue,arab,1,3,no,rshift,489,0
Kaktusz,3,red,arab,1,3,no,lshift,466,0
Kaktusz,3,blue,arab,1,7,no,rshift,540,0
Kaktusz,3,red,arab,1,7,no,lshift,339,0
Kaktusz,3,blue,arab,1,7,no,rshift,459,0
Kaktusz,3,blue,arab,1,2,no,rshift,461,0
Kaktusz,3,blue,arab,1,6,no,rshift,408,0
Kaktusz,3,red,arab,1,8,no,lshift,429,0
Kaktusz,3,red,arab,1,8,no,lshift,696,0
Kaktusz,0,blue,dot,1,7,yes,rshift,854,0
Kaktusz,0,blue,dot,1,6,yes,rshift,416,0
Kaktusz,0,blue,dot,1,9,yes,rshift,318,0
Kaktusz,0,blue,dot,1,2,yes,rshift,404,0
Kaktusz,0,red,dot,1,8,yes,lshift,343,0
Kaktusz,0,red,dot,1,1,yes,lshift,389,0
Kaktusz,0,red,dot,1,3,yes,lshift,352,0
Kaktusz,0,red,dot,1,6,yes,lshift,338,0
Kaktusz,0,red,dot,1,7,yes,lshift,433,0
Kaktusz,0,blue,dot,1,3,yes,rshift,372,0
Kaktusz,0,blue,dot,1,1,yes,rshift,403,0
Kaktusz,0,blue,dot,1,4,yes,rshift,450,0
Kaktusz,0,red,dot,1,2,yes,lshift,403,0
Kaktusz,0,red,dot,1,9,yes,lshift,357,0
Kaktusz,0,red,dot,1,4,yes,lshift,337,0
Kaktusz,0,blue,dot,1,8,yes,rshift,404,0
Kaktusz,1,blue,dot,1,1,no,rshift,461,0
Kaktusz,1,red,dot,1,7,no,lshift,315,0
Kaktusz,1,red,dot,0,3,no,rshift,287,0
Kaktusz,1,red,dot,0,2,no,rshift,390,0
Kaktusz,1,blue,dot,1,3,no,rshift,449,0
Kaktusz,1,red,dot,1,3,no,lshift,345,0
Kaktusz,1,red,dot,1,8,no,lshift,355,0
Kaktusz,1,blue,dot,1,2,no,rshift,385,0
Kaktusz,1,blue,dot,1,6,no,rshift,452,0
Kaktusz,1,red,dot,1,6,no,lshift,376,0
Kaktusz,1,red,dot,1,4,no,lshift,330,0
Kaktusz,1,red,dot,1,7,no,lshift,331,0
Kaktusz,1,red,dot,1,4,no,lshift,413,0
Kaktusz,1,blue,dot,1,8,no,rshift,350,0
Kaktusz,1,blue,dot,1,3,no,rshift,505,0
Kaktusz,1,blue,dot,1,3,no,rshift,444,0
Kaktusz,1,blue,dot,1,2,no,rshift,417,0
Kaktusz,1,blue,dot,1,4,no,rshift,485,0
Kaktusz,1,red,dot,1,8,no,lshift,431,0
Kaktusz,1,blue,dot,1,9,no,rshift,419,0
Kaktusz,1,blue,dot,1,6,no,rshift,469,0
Kaktusz,1,blue,dot,1,6,no,rshift,587,0
Kaktusz,1,blue,dot,1,2,no,rshift,437,0
Kaktusz,1,blue,dot,1,9,no,rshift,425,0
Kaktusz,1,blue,dot,1,9,no,rshift,405,0
Kaktusz,1,blue,dot,1,4,no,rshift,410,0
Kaktusz,1,blue,dot,1,3,no,rshift,358,0
Kaktusz,1,blue,dot,1,7,no,rshift,366,0
Kaktusz,1,red,dot,1,9,no,lshift,404,0
Kaktusz,1,red,dot,1,8,no,lshift,371,0
Kaktusz,1,blue,dot,1,4,no,rshift,393,0
Kaktusz,1,red,dot,1,8,no,lshift,379,0
Kaktusz,1,red,dot,1,9,no,lshift,362,0
Kaktusz,1,red,dot,1,9,no,lshift,416,0
Kaktusz,1,blue,dot,1,8,no,rshift,411,0
Kaktusz,1,blue,dot,1,1,no,rshift,403,0
Kaktusz,1,blue,dot,1,9,no,rshift,440,0
Kaktusz,1,red,dot,1,8,no,lshift,638,0
Kaktusz,1,blue,dot,1,3,no,rshift,347,0
Kaktusz,1,blue,dot,1,4,no,rshift,428,0
Kaktusz,1,blue,dot,1,2,no,rshift,526,0
Kaktusz,1,blue,dot,1,3,no,rshift,552,0
Kaktusz,1,red,dot,1,3,no,lshift,439,0
Kaktusz,1,red,dot,1,2,no,lshift,377,0
Kaktusz,1,red,dot,1,2,no,lshift,378,0
Kaktusz,1,red,dot,1,7,no,lshift,353,0
Kaktusz,1,red,dot,1,4,no,lshift,384,0
Kaktusz,1,red,dot,1,1,no,lshift,375,0
Kaktusz,1,blue,dot,1,7,no,rshift,404,0
Kaktusz,1,red,dot,1,2,no,lshift,471,0
Kaktusz,1,blue,dot,1,2,no,rshift,490,0
Kaktusz,1,red,dot,1,1,no,lshift,533,0
Kaktusz,1,red,dot,1,9,no,lshift,519,0
Kaktusz,1,red,dot,1,3,no,lshift,544,0
Kaktusz,1,blue,dot,1,7,no,rshift,460,0
Kaktusz,1,blue,dot,1,1,no,rshift,534,0
Kaktusz,1,blue,dot,1,8,no,rshift,445,0
Kaktusz,1,blue,dot,1,8,no,rshift,398,0
Kaktusz,1,red,dot,1,7,no,lshift,412,0
Kaktusz,1,blue,dot,1,9,no,rshift,338,0
Kaktusz,1,blue,dot,1,9,no,rshift,409,0
Kaktusz,1,red,dot,1,8,no,lshift,404,0
Kaktusz,1,red,dot,1,2,no,lshift,428,0
Kaktusz,1,red,dot,1,4,no,lshift,473,0
Kaktusz,1,blue,dot,1,8,no,rshift,512,0
Kaktusz,1,red,dot,1,4,no,lshift,459,0
Kaktusz,1,blue,dot,1,7,no,rshift,485,0
Kaktusz,1,blue,dot,1,1,no,rshift,575,0
Kaktusz,1,blue,dot,1,4,no,rshift,421,0
Kaktusz,1,red,dot,1,4,no,lshift,426,0
Kaktusz,1,blue,dot,1,1,no,rshift,550,0
Kaktusz,1,red,dot,1,1,no,lshift,388,0
Kaktusz,1,blue,dot,1,2,no,rshift,490,0
Kaktusz,1,blue,dot,1,7,no,rshift,441,0
Kaktusz,1,red,dot,1,8,no,lshift,398,0
Kaktusz,1,blue,dot,1,7,no,rshift,302,0
Kaktusz,1,blue,dot,1,6,no,rshift,475,0
Kaktusz,1,blue,dot,1,7,no,rshift,363,0
Kaktusz,1,red,dot,1,9,no,lshift,404,0
Kaktusz,1,red,dot,1,4,no,lshift,489,0
Kaktusz,1,blue,dot,1,1,no,rshift,410,0
Kaktusz,1,red,dot,1,8,no,lshift,420,0
Kaktusz,1,blue,dot,1,2,no,rshift,515,0
Kaktusz,1,red,dot,1,1,no,lshift,427,0
Kaktusz,1,blue,dot,1,9,no,rshift,559,0
Kaktusz,1,blue,dot,1,9,no,rshift,457,0
Kaktusz,1,red,dot,1,9,no,lshift,448,0
Kaktusz,1,blue,dot,1,7,no,rshift,509,0
Kaktusz,1,blue,dot,1,7,no,rshift,513,0
Kaktusz,1,red,dot,1,6,no,lshift,514,0
Kaktusz,1,red,dot,1,7,no,lshift,448,0
Kaktusz,1,blue,dot,1,4,no,rshift,462,0
Kaktusz,1,blue,dot,1,3,no,rshift,748,0
Kaktusz,1,red,dot,1,2,no,lshift,420,0
Kaktusz,1,red,dot,1,2,no,lshift,464,0
Kaktusz,1,red,dot,0,7,no,rshift,242,0
Kaktusz,1,red,dot,1,9,no,lshift,374,0
Kaktusz,1,red,dot,1,3,no,lshift,333,0
Kaktusz,1,red,dot,1,8,no,lshift,358,0
Kaktusz,1,red,dot,1,2,no,lshift,263,0
Kaktusz,1,red,dot,1,6,no,lshift,362,0
Kaktusz,1,red,dot,1,6,no,lshift,358,0
Kaktusz,1,red,dot,1,9,no,lshift,365,0
Kaktusz,1,red,dot,1,3,no,lshift,381,0
Kaktusz,1,red,dot,1,4,no,lshift,340,0
Kaktusz,1,red,dot,1,6,no,lshift,349,0
Kaktusz,1,red,dot,1,3,no,lshift,337,0
Kaktusz,1,red,dot,1,2,no,lshift,344,0
Kaktusz,1,red,dot,1,3,no,lshift,360,0
Kaktusz,1,red,dot,1,6,no,lshift,363,0
Kaktusz,1,red,dot,1,6,no,lshift,385,0
Kaktusz,1,red,dot,1,6,no,lshift,367,0
Kaktusz,1,red,dot,1,3,no,lshift,352,0
Kaktusz,1,red,dot,1,9,no,lshift,364,0
Kaktusz,1,blue,dot,1,8,no,rshift,433,0
Kaktusz,1,blue,dot,1,6,no,rshift,453,0
Kaktusz,1,blue,dot,1,8,no,rshift,357,0
Kaktusz,1,red,dot,1,2,no,lshift,398,0
Kaktusz,1,red,dot,1,8,no,lshift,691,0
Kaktusz,1,blue,dot,1,6,no,rshift,374,0
Kaktusz,1,blue,dot,0,4,no,lshift,393,0
Kaktusz,1,red,dot,1,1,no,lshift,466,0
Kaktusz,1,blue,dot,1,9,no,rshift,393,0
Kaktusz,1,blue,dot,1,3,no,rshift,358,0
Kaktusz,1,red,dot,1,1,no,lshift,336,0
Kaktusz,1,red,dot,1,6,no,lshift,525,0
Kaktusz,1,blue,dot,1,3,no,rshift,488,0
Kaktusz,1,blue,dot,1,6,no,rshift,812,0
Kaktusz,1,blue,dot,1,1,no,rshift,412,0
Kaktusz,1,red,dot,1,7,no,lshift,488,0
Kaktusz,1,blue,dot,1,8,no,rshift,1195,0
Kaktusz,1,red,dot,1,7,no,lshift,545,0
Kaktusz,1,blue,dot,1,4,no,rshift,363,0
Kaktusz,1,blue,dot,0,2,no,lshift,386,0
Kaktusz,1,blue,dot,1,6,no,rshift,383,0
Kaktusz,1,red,dot,1,7,no,lshift,405,0
Kaktusz,1,blue,dot,1,9,no,rshift,446,0
Kaktusz,1,blue,dot,1,3,no,rshift,346,0
Kaktusz,1,blue,dot,1,4,no,rshift,452,0
Kaktusz,1,red,dot,1,1,no,lshift,352,0
Kaktusz,1,red,dot,1,6,no,lshift,477,0
Kaktusz,1,red,dot,1,9,no,lshift,287,0
Kaktusz,1,blue,dot,1,6,no,rshift,488,0
Kaktusz,1,blue,dot,1,8,no,rshift,544,0
Kaktusz,1,blue,dot,1,1,no,rshift,418,0
Kaktusz,1,blue,dot,1,6,no,rshift,402,0
Kaktusz,1,red,dot,1,7,no,lshift,420,0
Kaktusz,1,blue,dot,1,7,no,rshift,472,0
Kaktusz,1,blue,dot,1,8,no,rshift,473,0
Kaktusz,1,red,dot,1,1,no,lshift,436,0
Kaktusz,1,blue,dot,1,1,no,rshift,677,0
Kaktusz,1,blue,dot,1,1,no,rshift,502,0
Kaktusz,1,red,dot,1,4,no,lshift,510,0
Kaktusz,1,blue,dot,0,4,no,lshift,344,0
Kaktusz,1,red,dot,1,1,no,lshift,774,0
Kaktusz,1,red,dot,1,1,no,lshift,683,0
Kaktusz,1,blue,dot,1,2,no,rshift,402,0
Kaktusz,1,red,dot,1,4,no,lshift,439,0
Kaktusz,1,red,dot,1,3,no,lshift,390,0
Kaktusz,1,blue,dot,1,2,no,rshift,455,0
Kaktusz,2,red,dot,1,8,no,lshift,696,0
Kaktusz,2,red,dot,1,2,no,lshift,266,0
Kaktusz,2,blue,dot,1,3,no,rshift,409,0
Kaktusz,2,blue,dot,1,7,no,rshift,334,0
Kaktusz,2,red,dot,1,1,no,lshift,344,0
Kaktusz,2,blue,dot,0,1,no,lshift,399,0
Kaktusz,2,red,dot,1,7,no,lshift,466,0
Kaktusz,2,red,dot,1,6,no,lshift,524,0
Kaktusz,2,red,dot,1,3,no,lshift,450,0
Kaktusz,2,blue,dot,1,8,no,rshift,427,0
Kaktusz,2,blue,dot,1,3,no,rshift,429,0
Kaktusz,2,blue,dot,1,2,no,rshift,379,0
Kaktusz,2,red,dot,1,4,no,lshift,432,0
Kaktusz,2,blue,dot,1,3,no,rshift,386,0
Kaktusz,2,blue,dot,1,9,no,rshift,380,0
Kaktusz,2,blue,dot,1,8,no,rshift,479,0
Kaktusz,2,blue,dot,1,6,no,rshift,574,0
Kaktusz,2,blue,dot,1,2,no,rshift,400,0
Kaktusz,2,red,dot,1,1,no,lshift,414,0
Kaktusz,2,red,dot,1,9,no,lshift,385,0
Kaktusz,2,blue,dot,1,2,no,rshift,379,0
Kaktusz,2,red,dot,1,4,no,lshift,422,0
Kaktusz,2,red,dot,1,3,no,lshift,449,0
Kaktusz,2,blue,dot,1,6,no,rshift,395,0
Kaktusz,2,blue,dot,1,1,no,rshift,609,0
Kaktusz,2,blue,dot,0,6,no,lshift,428,0
Kaktusz,2,red,dot,1,6,no,lshift,565,0
Kaktusz,2,blue,dot,1,8,no,rshift,427,0
Kaktusz,2,red,dot,1,6,no,lshift,408,0
Kaktusz,2,blue,dot,1,6,no,rshift,500,0
Kaktusz,2,blue,dot,1,7,no,rshift,412,0
Kaktusz,2,red,dot,1,1,no,lshift,459,0
Kaktusz,2,blue,dot,1,6,no,rshift,426,0
Kaktusz,2,red,dot,1,1,no,lshift,537,0
Kaktusz,2,blue,dot,1,1,no,rshift,449,0
Kaktusz,2,red,dot,1,3,no,lshift,417,0
Kaktusz,2,blue,dot,1,2,no,rshift,570,0
Kaktusz,2,red,dot,0,8,no,rshift,430,0
Kaktusz,2,red,dot,1,3,no,lshift,463,0
Kaktusz,2,red,dot,1,4,no,lshift,444,0
Kaktusz,2,red,dot,1,3,no,lshift,401,0
Kaktusz,2,red,dot,1,4,no,lshift,393,0
Kaktusz,2,red,dot,1,1,no,lshift,375,0
Kaktusz,2,blue,dot,1,2,no,rshift,508,0
Kaktusz,2,red,dot,1,1,no,lshift,493,0
Kaktusz,2,blue,dot,1,9,no,rshift,509,0
Kaktusz,2,red,dot,1,8,no,lshift,689,0
Kaktusz,2,blue,dot,1,4,no,rshift,460,0
Kaktusz,2,red,dot,1,8,no,lshift,501,0
Kaktusz,2,blue,dot,1,7,no,rshift,566,0
Kaktusz,2,blue,dot,0,1,no,lshift,523,0
Kaktusz,2,red,dot,0,3,no,rshift,1023,0
Kaktusz,2,red,dot,1,7,no,lshift,433,0
Kaktusz,2,blue,dot,1,6,no,rshift,508,0
Kaktusz,2,red,dot,1,4,no,lshift,644,0
Kaktusz,2,red,dot,1,9,no,lshift,386,0
Kaktusz,2,red,dot,1,2,no,lshift,584,0
Kaktusz,2,blue,dot,1,2,no,rshift,516,0
Kaktusz,2,blue,dot,1,9,no,rshift,533,0
Kaktusz,2,blue,dot,1,4,no,rshift,428,0
Kaktusz,2,blue,dot,1,8,no,rshift,376,0
Kaktusz,2,blue,dot,1,4,no,rshift,469,0
Kaktusz,2,blue,dot,1,3,no,rshift,410,0
Kaktusz,2,red,dot,1,6,no,lshift,453,0
Kaktusz,2,blue,dot,1,8,no,rshift,380,0
Kaktusz,2,blue,dot,1,9,no,rshift,623,0
Kaktusz,2,blue,dot,1,4,no,rshift,446,0
Kaktusz,2,red,dot,1,8,no,lshift,407,0
Kaktusz,2,blue,dot,1,6,no,rshift,508,0
Kaktusz,2,blue,dot,1,1,no,rshift,391,0
Kaktusz,2,red,dot,1,6,no,lshift,336,0
Kaktusz,2,blue,dot,1,1,no,rshift,569,0
Kaktusz,2,blue,dot,1,9,no,rshift,488,0
Kaktusz,2,red,dot,1,3,no,lshift,374,0
Kaktusz,2,blue,dot,1,8,no,rshift,517,0
Kaktusz,2,blue,dot,1,6,no,rshift,397,0
Kaktusz,2,blue,dot,1,7,no,rshift,418,0
Kaktusz,2,blue,dot,1,8,no,rshift,373,0
Kaktusz,2,red,dot,1,4,no,lshift,429,0
Kaktusz,2,blue,dot,1,7,no,rshift,432,0
Kaktusz,2,blue,dot,1,4,no,rshift,544,0
Kaktusz,2,red,dot,1,9,no,lshift,463,0
Kaktusz,2,red,dot,1,9,no,lshift,405,0
Kaktusz,2,blue,dot,1,4,no,rshift,410,0
Kaktusz,2,blue,dot,1,9,no,rshift,496,0
Kaktusz,2,blue,dot,1,1,no,rshift,420,0
Kaktusz,2,red,dot,1,1,no,lshift,424,0
Kaktusz,2,blue,dot,1,2,no,rshift,441,0
Kaktusz,2,red,dot,1,9,no,lshift,457,0
Kaktusz,2,red,dot,1,8,no,lshift,486,0
Kaktusz,2,red,dot,1,9,no,lshift,426,0
Kaktusz,2,blue,dot,1,3,no,rshift,498,0
Kaktusz,2,red,dot,1,6,no,lshift,443,0
Kaktusz,2,blue,dot,1,6,no,rshift,326,0
Kaktusz,2,blue,dot,1,8,no,rshift,643,0
Kaktusz,2,blue,dot,1,1,no,rshift,488,0
Kaktusz,2,red,dot,1,3,no,lshift,318,0
Kaktusz,2,red,dot,1,2,no,lshift,415,0
Kaktusz,2,red,dot,1,3,no,lshift,586,0
Kaktusz,2,blue,dot,1,2,no,rshift,584,0
Kaktusz,2,red,dot,1,3,no,lshift,360,0
Kaktusz,2,blue,dot,1,6,no,rshift,462,0
Kaktusz,2,red,dot,1,6,no,lshift,338,0
Kaktusz,2,blue,dot,1,3,no,rshift,491,0
Kaktusz,2,red,dot,1,1,no,lshift,294,0
Kaktusz,2,blue,dot,1,9,no,rshift,476,0
Kaktusz,2,blue,dot,1,3,no,rshift,396,0
Kaktusz,2,red,dot,1,2,no,lshift,403,0
Kaktusz,2,blue,dot,1,1,no,rshift,409,0
Kaktusz,2,red,dot,1,2,no,lshift,411,0
Kaktusz,2,blue,dot,1,4,no,rshift,466,0
Kaktusz,2,red,dot,1,7,no,lshift,342,0
Kaktusz,2,red,dot,1,7,no,lshift,647,0
Kaktusz,2,red,dot,1,9,no,lshift,542,0
Kaktusz,2,red,dot,1,2,no,lshift,433,0
Kaktusz,2,red,dot,1,9,no,lshift,577,0
Kaktusz,2,red,dot,1,4,no,lshift,387,0
Kaktusz,2,blue,dot,1,1,no,rshift,430,0
Kaktusz,2,blue,dot,1,4,no,rshift,529,0
Kaktusz,2,blue,dot,1,3,no,rshift,508,0
Kaktusz,2,blue,dot,1,9,no,rshift,428,0
Kaktusz,2,red,dot,1,7,no,lshift,459,0
Kaktusz,2,red,dot,1,8,no,lshift,1449,0
Kaktusz,2,red,dot,1,2,no,lshift,633,0
Kaktusz,2,red,dot,1,8,no,lshift,1835,0
Kaktusz,2,red,dot,1,8,no,lshift,517,0
Kaktusz,2,red,dot,1,4,no,lshift,508,0
Kaktusz,2,red,dot,1,7,no,lshift,568,0
Kaktusz,2,blue,dot,1,7,no,rshift,407,0
Kaktusz,2,red,dot,1,9,no,lshift,439,0
Kaktusz,2,blue,dot,1,4,no,rshift,445,0
Kaktusz,2,red,dot,1,8,no,lshift,449,0
Kaktusz,2,red,dot,1,6,no,lshift,491,0
Kaktusz,2,blue,dot,1,7,no,rshift,532,0
Kaktusz,2,red,dot,1,9,no,lshift,423,0
Kaktusz,2,red,dot,1,1,no,lshift,535,0
Kaktusz,2,blue,dot,1,4,no,rshift,390,0
Kaktusz,2,blue,dot,1,7,no,rshift,488,0
Kaktusz,2,blue,dot,1,8,no,rshift,343,0
Kaktusz,2,red,dot,1,4,no,lshift,346,0
Kaktusz,2,red,dot,1,6,no,lshift,409,0
Kaktusz,2,red,dot,1,2,no,lshift,415,0
Kaktusz,2,blue,dot,1,2,no,rshift,471,0
Kaktusz,2,blue,dot,1,3,no,rshift,698,0
Kaktusz,2,red,dot,1,7,no,lshift,474,0
Kaktusz,2,blue,dot,1,3,no,rshift,516,0
Kaktusz,2,red,dot,1,7,no,lshift,512,0
Kaktusz,2,blue,dot,1,7,no,rshift,476,0
Kaktusz,2,red,dot,1,7,no,lshift,471,0
Kaktusz,2,blue,dot,1,2,no,rshift,536,0
Kaktusz,2,red,dot,1,2,no,lshift,353,0
Kaktusz,2,blue,dot,1,8,no,rshift,419,0
Kaktusz,2,red,dot,1,7,no,lshift,558,0
Kaktusz,2,blue,dot,1,9,no,rshift,742,0
Kaktusz,2,red,dot,1,2,no,lshift,339,0
Kaktusz,2,red,dot,1,1,no,lshift,447,0
Kaktusz,2,red,dot,1,6,no,lshift,480,0
Kaktusz,2,blue,dot,1,7,no,rshift,450,0
Kaktusz,2,blue,dot,1,9,no,rshift,410,0
Kaktusz,2,red,dot,1,4,no,lshift,402,0
Kaktusz,3,red,dot,1,3,no,lshift,397,0
Kaktusz,3,blue,dot,1,8,no,rshift,384,0
Kaktusz,3,red,dot,0,6,no,rshift,382,0
Kaktusz,3,blue,dot,1,6,no,rshift,424,0
Kaktusz,3,red,dot,1,2,no,lshift,417,0
Kaktusz,3,blue,dot,1,6,no,rshift,416,0
Kaktusz,3,blue,dot,1,8,no,rshift,420,0
Kaktusz,3,red,dot,1,3,no,lshift,553,0
Kaktusz,3,blue,dot,1,8,no,rshift,570,0
Kaktusz,3,red,dot,1,9,no,lshift,445,0
Kaktusz,3,red,dot,1,4,no,lshift,531,0
Kaktusz,3,red,dot,1,7,no,lshift,407,0
Kaktusz,3,red,dot,1,8,no,lshift,384,0
Kaktusz,3,red,dot,1,8,no,lshift,443,0
Kaktusz,3,blue,dot,1,1,no,rshift,450,0
Kaktusz,3,blue,dot,1,4,no,rshift,396,0
Kaktusz,3,blue,dot,1,8,no,rshift,481,0
Kaktusz,3,blue,dot,1,6,no,rshift,384,0
Kaktusz,3,red,dot,1,7,no,lshift,495,0
Kaktusz,3,red,dot,1,1,no,lshift,624,0
Kaktusz,3,blue,dot,1,3,no,rshift,404,0
Kaktusz,3,red,dot,1,9,no,lshift,572,0
Kaktusz,3,red,dot,1,1,no,lshift,335,0
Kaktusz,3,red,dot,1,3,no,lshift,423,0
Kaktusz,3,blue,dot,1,8,no,rshift,346,0
Kaktusz,3,blue,dot,1,1,no,rshift,439,0
Kaktusz,3,blue,dot,1,6,no,rshift,409,0
Kaktusz,3,red,dot,1,4,no,lshift,345,0
Kaktusz,3,red,dot,1,4,no,lshift,329,0
Kaktusz,3,blue,dot,1,6,no,rshift,405,0
Kaktusz,3,blue,dot,1,2,no,rshift,418,0
Kaktusz,3,red,dot,1,8,no,lshift,456,0
Kaktusz,3,red,dot,1,3,no,lshift,380,0
Kaktusz,3,blue,dot,1,2,no,rshift,336,0
Kaktusz,3,blue,dot,0,9,no,lshift,331,0
Kaktusz,3,blue,dot,1,2,no,rshift,441,0
Kaktusz,3,red,dot,1,6,no,lshift,309,0
Kaktusz,3,red,dot,1,1,no,lshift,347,0
Kaktusz,3,red,dot,1,6,no,lshift,473,0
Kaktusz,3,blue,dot,1,4,no,rshift,435,0
Kaktusz,3,red,dot,1,9,no,lshift,430,0
Kaktusz,3,blue,dot,1,6,no,rshift,379,0
Kaktusz,3,red,dot,1,2,no,lshift,478,0
Kaktusz,3,red,dot,1,6,no,lshift,324,0
Kaktusz,3,blue,dot,1,7,no,rshift,516,0
Kaktusz,3,blue,dot,1,4,no,rshift,516,0
Kaktusz,3,red,dot,1,9,no,lshift,474,0
Kaktusz,3,blue,dot,1,2,no,rshift,510,0
Kaktusz,3,blue,dot,1,3,no,rshift,335,0
Kaktusz,3,red,dot,1,8,no,lshift,361,0
Kaktusz,3,blue,dot,0,9,no,lshift,444,0
Kaktusz,3,blue,dot,1,8,no,rshift,399,0
Kaktusz,3,red,dot,1,1,no,lshift,536,0
Kaktusz,3,blue,dot,1,3,no,rshift,1201,0
Kaktusz,3,red,dot,1,4,no,lshift,504,0
Kaktusz,3,red,dot,0,7,no,rshift,766,0
Kaktusz,3,blue,dot,1,4,no,rshift,454,0
Kaktusz,3,red,dot,1,8,no,lshift,560,0
Kaktusz,3,red,dot,1,3,no,lshift,371,0
Kaktusz,3,blue,dot,1,4,no,rshift,406,0
Kaktusz,3,red,dot,1,6,no,lshift,602,0
Kaktusz,3,red,dot,1,2,no,lshift,369,0
Kaktusz,3,red,dot,1,2,no,lshift,494,0
Kaktusz,3,blue,dot,1,9,no,rshift,424,0
Kaktusz,3,red,dot,1,7,no,lshift,332,0
Kaktusz,3,blue,dot,1,2,no,rshift,473,0
Kaktusz,3,red,dot,1,8,no,lshift,403,0
Kaktusz,3,red,dot,1,1,no,lshift,628,0
Kaktusz,3,blue,dot,1,8,no,rshift,659,0
Kaktusz,3,blue,dot,1,9,no,rshift,401,0
Kaktusz,3,blue,dot,1,9,no,rshift,530,0
Kaktusz,3,blue,dot,1,4,no,rshift,515,0
Kaktusz,3,blue,dot,1,1,no,rshift,400,0
Kaktusz,3,blue,dot,1,7,no,rshift,542,0
Kaktusz,3,red,dot,1,2,no,lshift,439,0
Kaktusz,3,red,dot,1,4,no,lshift,656,0
Kaktusz,3,blue,dot,1,3,no,rshift,380,0
Kaktusz,3,red,dot,1,1,no,lshift,453,0
Kaktusz,3,blue,dot,1,2,no,rshift,527,0
Kaktusz,3,red,dot,1,3,no,lshift,609,0
Kaktusz,3,red,dot,1,9,no,lshift,410,0
Kaktusz,3,blue,dot,1,7,no,rshift,662,0
Kaktusz,3,red,dot,1,2,no,lshift,576,0
Kaktusz,3,blue,dot,1,3,no,rshift,525,0
Kaktusz,3,red,dot,1,6,no,lshift,365,0
Kaktusz,3,red,dot,1,1,no,lshift,453,0
Kaktusz,3,blue,dot,1,9,no,rshift,727,0
Kaktusz,3,blue,dot,0,2,no,lshift,795,0
Kaktusz,3,red,dot,1,4,no,lshift,499,0
Kaktusz,3,blue,dot,1,6,no,rshift,539,0
Kaktusz,3,red,dot,1,4,no,lshift,332,0
Kaktusz,3,red,dot,1,1,no,lshift,563,0
Kaktusz,3,red,dot,1,6,no,lshift,357,0
Kaktusz,3,blue,dot,1,8,no,rshift,428,0
Kaktusz,3,blue,dot,1,7,no,rshift,540,0
Kaktusz,3,red,dot,1,4,no,lshift,474,0
Kaktusz,3,blue,dot,1,1,no,rshift,574,0
Kaktusz,3,red,dot,1,3,no,lshift,541,0
Kaktusz,3,red,dot,1,6,no,lshift,593,0
Kaktusz,3,blue,dot,1,7,no,rshift,511,0
Kaktusz,3,red,dot,1,1,no,lshift,569,0
Kaktusz,3,red,dot,1,7,no,lshift,478,0
Kaktusz,3,red,dot,1,9,no,lshift,389,0
Kaktusz,3,blue,dot,1,3,no,rshift,534,0
Kaktusz,3,blue,dot,1,2,no,rshift,439,0
Kaktusz,3,blue,dot,1,1,no,rshift,594,0
Kaktusz,3,blue,dot,1,4,no,rshift,431,0
Kaktusz,3,red,dot,1,8,no,lshift,458,0
Kaktusz,3,blue,dot,1,7,no,rshift,597,0
Kaktusz,3,blue,dot,1,3,no,rshift,571,0
Kaktusz,3,blue,dot,1,2,no,rshift,796,0
Kaktusz,3,blue,dot,1,8,no,rshift,489,0
Kaktusz,3,blue,dot,1,4,no,rshift,487,0
Kaktusz,3,red,dot,1,6,no,lshift,410,0
Kaktusz,3,red,dot,1,2,no,lshift,394,0
Kaktusz,3,blue,dot,1,1,no,rshift,432,0
Kaktusz,3,red,dot,1,7,no,lshift,449,0
Kaktusz,3,blue,dot,1,7,no,rshift,702,0
Kaktusz,3,red,dot,1,2,no,lshift,965,0
Kaktusz,3,blue,dot,1,9,no,rshift,415,0
Kaktusz,3,blue,dot,1,7,no,rshift,671,0
Kaktusz,3,blue,dot,1,3,no,rshift,537,0
Kaktusz,3,blue,dot,1,1,no,rshift,459,0
Kaktusz,3,red,dot,1,9,no,lshift,441,0
Kaktusz,3,blue,dot,1,3,no,rshift,567,0
Kaktusz,3,red,dot,1,9,no,lshift,453,0
Kaktusz,3,red,dot,1,8,no,lshift,430,0
Kaktusz,3,red,dot,1,7,no,lshift,378,0
Kaktusz,3,blue,dot,1,6,no,rshift,545,0
Kaktusz,3,blue,dot,1,1,no,rshift,619,0
Kaktusz,3,red,dot,1,9,no,lshift,598,0
Kaktusz,3,blue,dot,1,3,no,rshift,559,0
Kaktusz,3,blue,dot,1,7,no,rshift,439,0
Kaktusz,3,red,dot,1,1,no,lshift,422,0
Kaktusz,3,blue,dot,1,9,no,rshift,460,0
Kaktusz,3,red,dot,1,6,no,lshift,469,0
Kaktusz,3,red,dot,1,3,no,lshift,478,0
Kaktusz,3,red,dot,1,7,no,lshift,418,0
Kaktusz,3,red,dot,1,7,no,lshift,486,0
Kaktusz,3,blue,dot,1,7,no,rshift,537,0
Kaktusz,3,blue,dot,1,4,no,rshift,468,0
Kaktusz,3,blue,dot,1,9,no,rshift,408,0
Kaktusz,3,blue,dot,1,6,no,rshift,369,0
Kaktusz,3,red,dot,1,8,no,lshift,437,0
Kaktusz,3,red,dot,1,2,no,lshift,536,0
Kaktusz,3,blue,dot,1,6,no,rshift,537,0
Kaktusz,3,red,dot,1,8,no,lshift,405,0
Kaktusz,3,red,dot,1,4,no,lshift,596,0
Kaktusz,3,blue,dot,1,9,no,rshift,466,0
Kaktusz,3,red,dot,1,3,no,lshift,475,0
Kaktusz,3,red,dot,1,9,no,lshift,366,0
Kaktusz,3,red,dot,1,3,no,lshift,326,0
Kaktusz,3,red,dot,1,2,no,lshift,315,0
Kaktusz,3,red,dot,1,4,no,lshift,352,0
Kaktusz,3,blue,dot,1,1,no,rshift,297,0
Kaktusz,3,blue,dot,1,8,no,rshift,314,0
Kaktusz,3,blue,dot,1,2,no,rshift,403,0
Kaktusz,3,blue,dot,1,1,no,rshift,418,0
Kaktusz,3,blue,dot,1,4,no,rshift,355,0
Kaktusz,3,red,dot,1,7,no,lshift,378,0
Kaktusz,0,red,classic,1,6,yes,lshift,1456,0
Kaktusz,0,red,classic,1,3,yes,rshift,598,0
Kaktusz,0,red,classic,1,2,yes,lshift,601,0
Kaktusz,0,red,classic,1,8,yes,lshift,705,0
Kaktusz,0,red,classic,1,1,yes,rshift,562,0
Kaktusz,0,red,classic,1,7,yes,rshift,801,0
Kaktusz,0,red,classic,1,4,yes,lshift,967,0
Kaktusz,0,red,classic,1,9,yes,rshift,702,0
Kaktusz,1,red,classic,1,7,yes,lshift,853,0
Kaktusz,1,red,classic,1,1,yes,lshift,1422,0
Kaktusz,1,red,classic,1,4,yes,rshift,772,0
Kaktusz,1,red,classic,1,3,yes,lshift,620,0
Kaktusz,1,red,classic,1,2,yes,rshift,833,0
Kaktusz,1,red,classic,1,9,yes,lshift,638,0
Kaktusz,1,red,classic,1,8,yes,rshift,921,0
Kaktusz,1,red,classic,0,6,yes,lshift,509,0
Kaktusz,2,red,classic,1,6,no,lshift,1255,0
Kaktusz,2,red,classic,1,9,no,rshift,642,0
Kaktusz,2,red,classic,1,3,no,rshift,759,0
Kaktusz,2,red,classic,1,8,no,lshift,527,0
Kaktusz,2,red,classic,1,2,no,lshift,673,0
Kaktusz,2,red,classic,1,1,no,rshift,548,0
Kaktusz,2,red,classic,1,3,no,rshift,540,0
Kaktusz,2,red,classic,0,9,no,lshift,533,0
Kaktusz,2,red,classic,1,4,no,lshift,982,0
Kaktusz,2,red,classic,1,7,no,rshift,692,0
Kaktusz,2,red,classic,1,3,no,rshift,503,0
Kaktusz,2,red,classic,0,6,no,rshift,618,0
Kaktusz,2,red,classic,1,2,no,lshift,735,0
Kaktusz,2,red,classic,1,9,no,rshift,758,0
Kaktusz,2,red,classic,1,6,no,lshift,655,0
Kaktusz,2,red,classic,1,1,no,rshift,713,0
Kaktusz,2,red,classic,1,6,no,lshift,747,0
Kaktusz,2,red,classic,1,1,no,rshift,564,0
Kaktusz,2,red,classic,1,3,no,rshift,597,0
Kaktusz,2,red,classic,1,9,no,rshift,628,0
Kaktusz,2,red,classic,1,7,no,rshift,688,0
Kaktusz,2,red,classic,1,3,no,rshift,548,0
Kaktusz,2,red,classic,1,1,no,rshift,492,0
Kaktusz,2,red,classic,1,2,no,lshift,496,0
Kaktusz,2,red,classic,1,4,no,lshift,610,0
Kaktusz,2,red,classic,1,1,no,rshift,624,0
Kaktusz,2,red,classic,1,6,no,lshift,686,0
Kaktusz,2,red,classic,1,4,no,lshift,680,0
Kaktusz,2,red,classic,1,3,no,rshift,548,0
Kaktusz,2,red,classic,1,8,no,lshift,1465,0
Kaktusz,2,red,classic,1,1,no,rshift,604,0
Kaktusz,2,red,classic,1,3,no,rshift,952,0
Kaktusz,2,red,classic,1,4,no,lshift,521,0
Kaktusz,2,red,classic,1,2,no,lshift,683,0
Kaktusz,2,red,classic,1,3,no,rshift,614,0
Kaktusz,2,red,classic,1,6,no,lshift,565,0
Kaktusz,2,red,classic,1,6,no,lshift,533,0
Kaktusz,2,red,classic,1,9,no,rshift,812,0
Kaktusz,2,red,classic,1,4,no,lshift,483,0
Kaktusz,2,red,classic,1,9,no,rshift,917,0
Kaktusz,2,red,classic,1,7,no,rshift,581,0
Kaktusz,2,red,classic,1,9,no,rshift,859,0
Kaktusz,2,red,classic,1,3,no,rshift,663,0
Kaktusz,2,red,classic,0,2,no,rshift,547,0
Kaktusz,2,red,classic,1,8,no,lshift,1073,0
Kaktusz,2,red,classic,1,7,no,rshift,573,0
Kaktusz,2,red,classic,1,8,no,lshift,970,0
Kaktusz,2,red,classic,1,1,no,rshift,570,0
Kaktusz,2,red,classic,1,9,no,rshift,831,0
Kaktusz,2,red,classic,1,8,no,lshift,422,0
Kaktusz,2,red,classic,1,3,no,rshift,515,0
Kaktusz,2,red,classic,1,1,no,rshift,573,0
Kaktusz,2,red,classic,1,8,no,lshift,463,0
Kaktusz,2,red,classic,1,9,no,rshift,839,0
Kaktusz,2,red,classic,1,8,no,lshift,827,0
Kaktusz,2,red,classic,1,6,no,lshift,735,0
Kaktusz,2,red,classic,1,2,no,lshift,1285,0
Kaktusz,2,red,classic,1,7,no,rshift,1189,0
Kaktusz,2,red,classic,1,8,no,lshift,572,0
Kaktusz,2,red,classic,1,8,no,lshift,547,0
Kaktusz,2,red,classic,0,2,no,rshift,589,0
Kaktusz,2,red,classic,1,9,no,rshift,1479,0
Kaktusz,2,red,classic,1,2,no,lshift,1087,0
Kaktusz,2,red,classic,1,1,no,rshift,595,0
Kaktusz,2,red,classic,1,7,no,rshift,769,0
Kaktusz,2,red,classic,1,3,no,rshift,759,0
Kaktusz,2,red,classic,1,8,no,lshift,552,0
Kaktusz,2,red,classic,1,7,no,rshift,583,0
Kaktusz,2,red,classic,1,6,no,lshift,613,0
Kaktusz,2,red,classic,1,4,no,lshift,898,0
Kaktusz,2,red,classic,1,2,no,lshift,643,0
Kaktusz,2,red,classic,1,7,no,rshift,610,0
Kaktusz,2,red,classic,1,6,no,lshift,433,0
Kaktusz,2,red,classic,1,1,no,rshift,534,0
Kaktusz,2,red,classic,1,6,no,lshift,480,0
Kaktusz,2,red,classic,1,6,no,lshift,452,0
Kaktusz,2,red,classic,1,7,no,rshift,424,0
Kaktusz,2,red,classic,1,3,no,rshift,828,0
Kaktusz,2,red,classic,1,2,no,lshift,1366,0
Kaktusz,2,red,classic,1,7,no,rshift,670,0
Kaktusz,2,red,classic,1,8,no,lshift,1047,0
Kaktusz,2,red,classic,0,6,no,rshift,611,0
Kaktusz,2,red,classic,1,8,no,lshift,705,0
Kaktusz,2,red,classic,1,9,no,rshift,643,0
Kaktusz,2,red,classic,1,8,no,lshift,927,0
Kaktusz,2,red,classic,1,1,no,rshift,592,0
Kaktusz,2,red,classic,1,9,no,rshift,742,0
Kaktusz,2,red,classic,1,9,no,rshift,782,0
Kaktusz,2,red,classic,1,7,no,rshift,637,0
Kaktusz,2,red,classic,1,4,no,lshift,690,0
Kaktusz,2,red,classic,1,7,no,rshift,626,0
Kaktusz,2,red,classic,1,1,no,rshift,721,0
Kaktusz,2,red,classic,1,7,no,rshift,658,0
Kaktusz,2,red,classic,1,4,no,lshift,542,0
Kaktusz,2,red,classic,1,4,no,lshift,585,0
Kaktusz,2,red,classic,1,4,no,lshift,527,0
Kaktusz,2,red,classic,0,6,no,rshift,497,0
Kaktusz,2,red,classic,1,2,no,lshift,827,0
Kaktusz,2,red,classic,1,1,no,rshift,759,0
Kaktusz,2,red,classic,1,3,no,rshift,672,0
Kaktusz,2,red,classic,1,4,no,lshift,618,0
Kaktusz,2,red,classic,1,7,no,rshift,1318,0
Kaktusz,2,red,classic,1,9,no,rshift,599,0
Kaktusz,2,red,classic,1,2,no,lshift,486,0
Kaktusz,2,red,classic,1,3,no,rshift,578,0
Kaktusz,2,red,classic,1,4,no,lshift,546,0
Kaktusz,2,red,classic,1,2,no,lshift,1079,0
Kaktusz,2,red,classic,0,8,no,rshift,484,0
Kaktusz,2,red,classic,1,4,no,lshift,693,0
Kaktusz,2,red,classic,1,4,no,lshift,433,0
Kaktusz,2,red,classic,1,2,no,lshift,534,0
Kaktusz,2,red,classic,1,1,no,rshift,479,0
Kaktusz,3,red,classic,1,1,no,lshift,3254,0
Kaktusz,3,red,classic,1,4,no,rshift,3360,0
Kaktusz,3,red,classic,1,3,no,lshift,571,0
Kaktusz,3,red,classic,0,7,no,rshift,1144,0
Kaktusz,3,red,classic,1,8,no,rshift,1571,0
Kaktusz,3,red,classic,1,7,no,lshift,1527,0
Kaktusz,3,red,classic,1,6,no,rshift,634,0
Kaktusz,3,red,classic,1,7,no,lshift,613,0
Kaktusz,3,red,classic,0,7,no,rshift,412,0
Kaktusz,3,red,classic,1,6,no,rshift,731,0
Kaktusz,3,red,classic,1,4,no,rshift,635,0
Kaktusz,3,red,classic,1,3,no,lshift,506,0
Kaktusz,3,red,classic,1,7,no,lshift,1630,0
Kaktusz,3,red,classic,1,8,no,rshift,667,0
Kaktusz,3,red,classic,1,3,no,lshift,543,0
Kaktusz,3,red,classic,1,3,no,lshift,647,0
Kaktusz,3,red,classic,1,8,no,rshift,748,0
Kaktusz,3,red,classic,1,2,no,rshift,510,0
Kaktusz,3,red,classic,1,6,no,rshift,448,0
Kaktusz,3,red,classic,1,1,no,lshift,461,0
Kaktusz,3,red,classic,1,7,no,lshift,529,0
Kaktusz,3,red,classic,1,3,no,lshift,523,0
Kaktusz,3,red,classic,0,2,no,lshift,954,0
Kaktusz,3,red,classic,1,9,no,lshift,587,0
Kaktusz,3,red,classic,1,9,no,lshift,530,0
Kaktusz,3,red,classic,1,6,no,rshift,730,0
Kaktusz,3,red,classic,1,9,no,lshift,636,0
Kaktusz,3,red,classic,1,6,no,rshift,879,0
Kaktusz,3,red,classic,1,9,no,lshift,627,0
Kaktusz,3,red,classic,1,6,no,rshift,981,0
Kaktusz,3,red,classic,1,9,no,lshift,874,0
Kaktusz,3,red,classic,1,1,no,lshift,542,0
Kaktusz,3,red,classic,1,2,no,rshift,624,0
Kaktusz,3,red,classic,1,3,no,lshift,693,0
Kaktusz,3,red,classic,1,1,no,lshift,648,0
Kaktusz,3,red,classic,1,9,no,lshift,707,0
Kaktusz,3,red,classic,1,6,no,rshift,1147,0
Kaktusz,3,red,classic,1,4,no,rshift,1153,0
Kaktusz,3,red,classic,1,8,no,rshift,760,0
Kaktusz,3,red,classic,1,4,no,rshift,1022,0
Kaktusz,3,red,classic,0,7,no,rshift,810,0
Kaktusz,3,red,classic,1,9,no,lshift,1037,0
Kaktusz,3,red,classic,1,3,no,lshift,643,0
Kaktusz,3,red,classic,1,3,no,lshift,798,0
Kaktusz,3,red,classic,1,2,no,rshift,978,0
Kaktusz,3,red,classic,1,2,no,rshift,499,0
Kaktusz,3,red,classic,1,9,no,lshift,742,0
Kaktusz,3,red,classic,1,8,no,rshift,589,0
Kaktusz,3,red,classic,1,7,no,lshift,923,0
Kaktusz,3,red,classic,1,4,no,rshift,1177,0
Kaktusz,3,red,classic,1,6,no,rshift,1086,0
Kaktusz,3,red,classic,1,1,no,lshift,610,0
Kaktusz,3,red,classic,1,9,no,lshift,791,0
Kaktusz,3,red,classic,1,4,no,rshift,747,0
Kaktusz,3,red,classic,1,4,no,rshift,621,0
Kaktusz,3,red,classic,1,6,no,rshift,515,0
Kaktusz,3,red,classic,1,4,no,rshift,620,0
Kaktusz,3,red,classic,1,1,no,lshift,499,0
Kaktusz,3,red,classic,1,4,no,rshift,463,0
Kaktusz,3,red,classic,1,1,no,lshift,474,0
Kaktusz,3,red,classic,1,2,no,rshift,501,0
Kaktusz,3,red,classic,1,2,no,rshift,768,0
Kaktusz,3,red,classic,1,9,no,lshift,726,0
Kaktusz,3,red,classic,1,4,no,rshift,792,0
Kaktusz,3,red,classic,1,1,no,lshift,400,0
Kaktusz,3,red,classic,1,1,no,lshift,351,0
Kaktusz,3,red,classic,0,7,no,rshift,513,0
Kaktusz,3,red,classic,1,8,no,rshift,745,0
Kaktusz,3,red,classic,1,6,no,rshift,667,0
Kaktusz,3,red,classic,1,3,no,lshift,686,0
Kaktusz,3,red,classic,1,6,no,rshift,625,0
Kaktusz,3,red,classic,1,9,no,lshift,701,0
Kaktusz,3,red,classic,1,8,no,rshift,536,0
Kaktusz,3,red,classic,1,6,no,rshift,640,0
Kaktusz,3,red,classic,1,9,no,lshift,717,0
Kaktusz,3,red,classic,1,4,no,rshift,806,0
Kaktusz,3,red,classic,1,4,no,rshift,603,0
Kaktusz,3,red,classic,1,2,no,rshift,1620,0
Kaktusz,3,red,classic,1,8,no,rshift,530,0
Kaktusz,3,red,classic,1,2,no,rshift,516,0
Kaktusz,3,red,classic,1,7,no,lshift,614,0
Kaktusz,3,red,classic,1,8,no,rshift,731,0
Kaktusz,3,red,classic,1,3,no,lshift,572,0
Kaktusz,3,red,classic,0,2,no,lshift,445,0
Kaktusz,3,red,classic,1,2,no,rshift,633,0
Kaktusz,3,red,classic,1,7,no,lshift,757,0
Kaktusz,3,red,classic,1,3,no,lshift,987,0
Kaktusz,3,red,classic,1,7,no,lshift,1087,0
Kaktusz,3,red,classic,1,9,no,lshift,539,0
Kaktusz,3,red,classic,1,3,no,lshift,428,0
Kaktusz,3,red,classic,1,1,no,lshift,490,0
Kaktusz,3,red,classic,0,2,no,lshift,477,0
Kaktusz,3,red,classic,1,8,no,rshift,672,0
Kaktusz,3,red,classic,1,8,no,rshift,540,0
Kaktusz,3,red,classic,1,4,no,rshift,922,0
Kaktusz,3,red,classic,1,7,no,lshift,748,0
Kaktusz,3,red,classic,1,1,no,lshift,565,0
Kaktusz,3,red,classic,1,8,no,rshift,1179,0
Kaktusz,3,red,classic,1,3,no,lshift,602,0
Kaktusz,3,red,classic,1,3,no,lshift,839,0
Kaktusz,3,red,classic,1,4,no,rshift,683,0
Kaktusz,3,red,classic,1,8,no,rshift,893,0
Kaktusz,3,red,classic,1,1,no,lshift,592,0
Kaktusz,3,red,classic,1,1,no,lshift,519,0
Kaktusz,3,red,classic,1,6,no,rshift,552,0
Kaktusz,3,red,classic,1,1,no,lshift,435,0
Kaktusz,3,red,classic,1,2,no,rshift,630,0
Kaktusz,3,red,classic,1,2,no,rshift,486,0
Kaktusz,3,red,classic,1,7,no,lshift,655,0
Kaktusz,3,red,classic,1,6,no,rshift,556,0
Kaktusz,3,red,classic,1,9,no,lshift,588,0
Kaktusz,3,red,classic,1,8,no,rshift,580,0
