ID_name,block,color,condition,correct_keyboard_response,number,practice,response_keyboard_response,response_time_keyboard_response,subject_nr
cskvr,0,blue,arab,1,1,yes,rshift,1313,1
cskvr,0,red,arab,1,6,yes,lshift,699,1
cskvr,0,red,arab,1,8,yes,lshift,499,1
cskvr,0,red,arab,1,7,yes,lshift,558,1
cskvr,0,blue,arab,1,4,yes,rshift,500,1
cskvr,0,red,arab,1,9,yes,lshift,589,1
cskvr,0,blue,arab,1,9,yes,rshift,1016,1
cskvr,0,red,arab,1,4,yes,lshift,530,1
cskvr,0,red,arab,1,2,yes,lshift,750,1
cskvr,0,blue,arab,1,8,yes,rshift,562,1
cskvr,0,red,arab,1,1,yes,lshift,375,1
cskvr,0,blue,arab,1,3,yes,rshift,491,1
cskvr,0,blue,arab,1,7,yes,rshift,621,1
cskvr,0,blue,arab,1,2,yes,rshift,560,1
cskvr,0,blue,arab,1,6,yes,rshift,462,1
cskvr,0,red,arab,1,3,yes,lshift,798,1
cskvr,1,blue,arab,1,4,no,rshift,702,1
cskvr,1,red,arab,1,2,no,lshift,399,1
cskvr,1,blue,arab,1,6,no,rshift,917,1
cskvr,1,blue,arab,1,3,no,rshift,404,1
cskvr,1,red,arab,1,4,no,lshift,590,1
cskvr,1,red,arab,1,8,no,lshift,609,1
cskvr,1,blue,arab,1,8,no,rshift,537,1
cskvr,1,red,arab,1,9,no,lshift,857,1
cskvr,1,red,arab,1,2,no,lshift,526,1
cskvr,1,blue,arab,1,9,no,rshift,477,1
cskvr,1,blue,arab,1,2,no,rshift,438,1
cskvr,1,red,arab,1,6,no,lshift,417,1
cskvr,1,blue,arab,1,7,no,rshift,548,1
cskvr,1,red,arab,1,3,no,lshift,437,1
cskvr,1,blue,arab,1,3,no,rshift,1059,1
cskvr,1,blue,arab,1,1,no,rshift,392,1
cskvr,1,blue,arab,1,2,no,rshift,367,1
cskvr,1,red,arab,1,3,no,lshift,467,1
cskvr,1,blue,arab,1,7,no,rshift,685,1
cskvr,1,red,arab,1,8,no,lshift,686,1
cskvr,1,red,arab,1,8,no,lshift,351,1
cskvr,1,red,arab,1,8,no,lshift,362,1
cskvr,1,red,arab,1,7,no,lshift,476,1
cskvr,1,red,arab,1,6,no,lshift,366,1
cskvr,1,blue,arab,1,3,no,rshift,434,1
cskvr,1,blue,arab,1,9,no,rshift,997,1
cskvr,1,red,arab,1,9,no,lshift,375,1
cskvr,1,red,arab,1,2,no,lshift,496,1
cskvr,1,blue,arab,1,4,no,rshift,446,1
cskvr,1,red,arab,1,3,no,lshift,414,1
cskvr,1,red,arab,1,1,no,lshift,414,1
cskvr,1,red,arab,1,1,no,lshift,359,1
cskvr,1,blue,arab,1,7,no,rshift,442,1
cskvr,1,red,arab,1,2,no,lshift,497,1
cskvr,1,red,arab,1,9,no,lshift,794,1
cskvr,1,red,arab,1,1,no,lshift,659,1
cskvr,1,red,arab,1,6,no,lshift,350,1
cskvr,1,red,arab,1,4,no,lshift,448,1
cskvr,1,blue,arab,1,7,no,rshift,567,1
cskvr,1,blue,arab,1,6,no,rshift,808,1
cskvr,1,red,arab,1,2,no,lshift,569,1
cskvr,1,red,arab,1,1,no,lshift,399,1
cskvr,1,blue,arab,1,2,no,rshift,823,1
cskvr,1,blue,arab,1,1,no,rshift,495,1
cskvr,1,red,arab,1,8,no,lshift,519,1
cskvr,1,red,arab,1,1,no,lshift,403,1
cskvr,1,red,arab,1,4,no,lshift,415,1
cskvr,1,red,arab,1,9,no,lshift,373,1
cskvr,1,red,arab,1,4,no,lshift,535,1
cskvr,1,blue,arab,1,2,no,rshift,573,1
cskvr,1,red,arab,0,7,no,rshift,1097,1
cskvr,1,blue,arab,1,7,no,rshift,776,1
cskvr,1,red,arab,1,9,no,lshift,368,1
cskvr,1,blue,arab,1,1,no,rshift,422,1
cskvr,1,red,arab,1,2,no,lshift,433,1
cskvr,1,red,arab,1,1,no,lshift,389,1
cskvr,1,blue,arab,1,2,no,rshift,422,1
cskvr,1,blue,arab,1,4,no,rshift,464,1
cskvr,1,blue,arab,1,9,no,rshift,487,1
cskvr,1,red,arab,1,7,no,lshift,450,1
cskvr,1,blue,arab,1,9,no,rshift,553,1
cskvr,1,blue,arab,1,9,no,rshift,435,1
cskvr,1,red,arab,1,4,no,lshift,529,1
cskvr,1,red,arab,1,1,no,lshift,369,1
cskvr,1,blue,arab,1,6,no,rshift,540,1
cskvr,1,blue,arab,1,6,no,rshift,359,1
cskvr,1,red,arab,1,2,no,lshift,411,1
cskvr,1,blue,arab,1,3,no,rshift,510,1
cskvr,1,blue,arab,1,7,no,rshift,447,1
cskvr,1,red,arab,1,2,no,lshift,371,1
cskvr,1,red,arab,1,1,no,lshift,352,1
cskvr,1,blue,arab,1,8,no,rshift,425,1
cskvr,1,red,arab,1,6,no,lshift,821,1
cskvr,1,blue,arab,1,8,no,rshift,525,1
cskvr,1,blue,arab,1,7,no,rshift,385,1
cskvr,1,blue,arab,1,7,no,rshift,339,1
cskvr,1,blue,arab,1,4,no,rshift,359,1
cskvr,1,blue,arab,1,7,no,rshift,343,1
cskvr,1,red,arab,1,6,no,lshift,391,1
cskvr,1,red,arab,1,4,no,lshift,435,1
cskvr,1,blue,arab,1,6,no,rshift,385,1
cskvr,1,red,arab,1,4,no,lshift,404,1
cskvr,1,blue,arab,1,4,no,rshift,407,1
cskvr,1,blue,arab,1,3,no,rshift,384,1
cskvr,1,red,arab,1,2,no,lshift,608,1
cskvr,1,red,arab,1,9,no,lshift,1233,1
cskvr,1,blue,arab,1,2,no,rshift,340,1
cskvr,1,blue,arab,1,1,no,rshift,847,1
cskvr,1,red,arab,1,8,no,lshift,1074,1
cskvr,1,red,arab,1,7,no,lshift,356,1
cskvr,1,red,arab,1,6,no,lshift,328,1
cskvr,1,blue,arab,1,1,no,rshift,429,1
cskvr,1,blue,arab,1,8,no,rshift,390,1
cskvr,1,blue,arab,1,9,no,rshift,414,1
cskvr,1,red,arab,1,6,no,lshift,461,1
cskvr,1,blue,arab,1,4,no,rshift,425,1
cskvr,1,blue,arab,1,9,no,rshift,760,1
cskvr,1,red,arab,1,9,no,lshift,831,1
cskvr,1,red,arab,1,7,no,lshift,522,1
cskvr,1,blue,arab,1,9,no,rshift,384,1
cskvr,1,red,arab,1,3,no,lshift,520,1
cskvr,1,red,arab,1,9,no,lshift,322,1
cskvr,1,blue,arab,1,6,no,rshift,463,1
cskvr,1,blue,arab,1,6,no,rshift,366,1
cskvr,1,red,arab,1,3,no,lshift,429,1
cskvr,1,blue,arab,1,3,no,rshift,813,1
cskvr,1,blue,arab,1,1,no,rshift,486,1
cskvr,1,red,arab,1,3,no,lshift,434,1
cskvr,1,red,arab,1,7,no,lshift,1004,1
cskvr,1,blue,arab,1,2,no,rshift,425,1
cskvr,1,red,arab,1,3,no,lshift,630,1
cskvr,1,red,arab,1,3,no,lshift,386,1
cskvr,1,red,arab,1,1,no,lshift,451,1
cskvr,1,red,arab,1,6,no,lshift,384,1
cskvr,1,blue,arab,1,6,no,rshift,397,1
cskvr,1,red,arab,0,7,no,rshift,438,1
cskvr,1,blue,arab,1,8,no,rshift,416,1
cskvr,1,red,arab,1,9,no,lshift,334,1
cskvr,1,blue,arab,1,7,no,rshift,489,1
cskvr,1,blue,arab,1,1,no,rshift,381,1
cskvr,1,red,arab,1,3,no,lshift,382,1
cskvr,1,blue,arab,1,6,no,rshift,378,1
cskvr,1,blue,arab,1,6,no,rshift,370,1
cskvr,1,red,arab,1,8,no,lshift,358,1
cskvr,1,red,arab,1,8,no,lshift,401,1
cskvr,1,blue,arab,1,3,no,rshift,464,1
cskvr,1,red,arab,1,8,no,lshift,412,1
cskvr,1,red,arab,1,2,no,lshift,543,1
cskvr,1,red,arab,1,6,no,lshift,384,1
cskvr,1,blue,arab,1,8,no,rshift,448,1
cskvr,1,blue,arab,1,1,no,rshift,476,1
cskvr,1,blue,arab,1,3,no,rshift,491,1
cskvr,1,blue,arab,1,2,no,rshift,401,1
cskvr,1,red,arab,1,3,no,lshift,429,1
cskvr,1,blue,arab,1,4,no,rshift,404,1
cskvr,1,red,arab,1,9,no,lshift,421,1
cskvr,1,blue,arab,1,3,no,rshift,402,1
cskvr,1,blue,arab,1,8,no,rshift,451,1
cskvr,1,blue,arab,1,8,no,rshift,404,1
cskvr,1,blue,arab,1,4,no,rshift,371,1
cskvr,1,blue,arab,1,8,no,rshift,391,1
cskvr,1,red,arab,1,4,no,lshift,634,1
cskvr,1,blue,arab,1,2,no,rshift,399,1
cskvr,1,blue,arab,1,3,no,rshift,404,1
cskvr,1,red,arab,1,7,no,lshift,330,1
cskvr,1,blue,arab,1,2,no,rshift,407,1
cskvr,1,red,arab,1,4,no,lshift,354,1
cskvr,1,red,arab,1,7,no,lshift,332,1
cskvr,1,blue,arab,1,1,no,rshift,698,1
cskvr,1,blue,arab,0,9,no,lshift,352,1
cskvr,1,red,arab,1,4,no,lshift,360,1
cskvr,1,blue,arab,1,1,no,rshift,512,1
cskvr,1,red,arab,1,7,no,lshift,635,1
cskvr,1,red,arab,1,8,no,lshift,370,1
cskvr,1,red,arab,1,6,no,lshift,379,1
cskvr,1,blue,arab,1,9,no,rshift,395,1
cskvr,1,red,arab,1,1,no,lshift,454,1
cskvr,1,blue,arab,1,4,no,rshift,517,1
cskvr,1,blue,arab,1,4,no,rshift,605,1
cskvr,1,blue,arab,1,8,no,rshift,436,1
cskvr,2,blue,arab,1,9,no,rshift,510,1
cskvr,2,red,arab,1,7,no,lshift,402,1
cskvr,2,blue,arab,1,6,no,rshift,647,1
cskvr,2,red,arab,1,3,no,lshift,342,1
cskvr,2,red,arab,1,8,no,lshift,947,1
cskvr,2,red,arab,1,7,no,lshift,474,1
cskvr,2,blue,arab,1,8,no,rshift,350,1
cskvr,2,red,arab,1,9,no,lshift,507,1
cskvr,2,red,arab,1,3,no,lshift,551,1
cskvr,2,blue,arab,1,8,no,rshift,575,1
cskvr,2,blue,arab,1,3,no,rshift,524,1
cskvr,2,red,arab,1,4,no,lshift,401,1
cskvr,2,blue,arab,1,6,no,rshift,427,1
cskvr,2,blue,arab,1,2,no,rshift,513,1
cskvr,2,blue,arab,1,8,no,rshift,347,1
cskvr,2,red,arab,1,2,no,lshift,619,1
cskvr,2,red,arab,1,6,no,lshift,354,1
cskvr,2,blue,arab,1,4,no,rshift,378,1
cskvr,2,blue,arab,1,9,no,rshift,403,1
cskvr,2,blue,arab,1,4,no,rshift,348,1
cskvr,2,red,arab,1,6,no,lshift,420,1
cskvr,2,red,arab,1,9,no,lshift,371,1
cskvr,2,red,arab,1,8,no,lshift,656,1
cskvr,2,red,arab,1,9,no,lshift,433,1
cskvr,2,blue,arab,1,3,no,rshift,315,1
cskvr,2,red,arab,1,1,no,lshift,485,1
cskvr,2,red,arab,1,2,no,lshift,414,1
cskvr,2,blue,arab,1,4,no,rshift,417,1
cskvr,2,blue,arab,1,7,no,rshift,581,1
cskvr,2,red,arab,1,3,no,lshift,379,1
cskvr,2,blue,arab,1,4,no,rshift,488,1
cskvr,2,blue,arab,1,2,no,rshift,433,1
cskvr,2,red,arab,1,2,no,lshift,438,1
cskvr,2,blue,arab,1,8,no,rshift,397,1
cskvr,2,blue,arab,1,3,no,rshift,469,1
cskvr,2,red,arab,1,6,no,lshift,467,1
cskvr,2,blue,arab,1,3,no,rshift,413,1
cskvr,2,red,arab,1,7,no,lshift,640,1
cskvr,2,red,arab,1,8,no,lshift,584,1
cskvr,2,red,arab,1,3,no,lshift,369,1
cskvr,2,blue,arab,1,1,no,rshift,404,1
cskvr,2,red,arab,1,8,no,lshift,726,1
cskvr,2,red,arab,1,8,no,lshift,412,1
cskvr,2,red,arab,1,8,no,lshift,384,1
cskvr,2,red,arab,0,4,no,rshift,469,1
cskvr,2,blue,arab,1,4,no,rshift,319,1
cskvr,2,red,arab,1,1,no,lshift,519,1
cskvr,2,red,arab,1,2,no,lshift,571,1
cskvr,2,blue,arab,1,8,no,rshift,437,1
cskvr,2,red,arab,1,3,no,lshift,576,1
cskvr,2,blue,arab,1,7,no,rshift,536,1
cskvr,2,blue,arab,1,2,no,rshift,505,1
cskvr,2,blue,arab,1,3,no,rshift,686,1
cskvr,2,blue,arab,1,1,no,rshift,800,1
cskvr,2,red,arab,1,6,no,lshift,417,1
cskvr,2,blue,arab,1,2,no,rshift,487,1
cskvr,2,blue,arab,1,7,no,rshift,486,1
cskvr,2,red,arab,1,2,no,lshift,490,1
cskvr,2,red,arab,1,1,no,lshift,510,1
cskvr,2,blue,arab,1,6,no,rshift,681,1
cskvr,2,red,arab,1,4,no,lshift,547,1
cskvr,2,red,arab,1,4,no,lshift,500,1
cskvr,2,blue,arab,1,8,no,rshift,378,1
cskvr,2,red,arab,1,7,no,lshift,909,1
cskvr,2,blue,arab,1,3,no,rshift,670,1
cskvr,2,red,arab,1,7,no,lshift,704,1
cskvr,2,red,arab,1,6,no,lshift,1085,1
cskvr,2,red,arab,1,9,no,lshift,436,1
cskvr,2,red,arab,1,1,no,lshift,403,1
cskvr,2,red,arab,1,1,no,lshift,392,1
cskvr,2,blue,arab,1,4,no,rshift,440,1
cskvr,2,blue,arab,1,8,no,rshift,669,1
cskvr,2,red,arab,1,8,no,lshift,620,1
cskvr,2,blue,arab,1,3,no,rshift,429,1
cskvr,2,red,arab,1,2,no,lshift,694,1
cskvr,2,blue,arab,1,1,no,rshift,558,1
cskvr,2,blue,arab,1,3,no,rshift,496,1
cskvr,2,red,arab,1,2,no,lshift,537,1
cskvr,2,red,arab,1,4,no,lshift,713,1
cskvr,2,red,arab,1,6,no,lshift,610,1
cskvr,2,blue,arab,1,8,no,rshift,442,1
cskvr,2,red,arab,1,3,no,lshift,577,1
cskvr,2,blue,arab,1,9,no,rshift,432,1
cskvr,2,red,arab,1,1,no,lshift,937,1
cskvr,2,blue,arab,1,2,no,rshift,461,1
cskvr,2,blue,arab,1,9,no,rshift,445,1
cskvr,2,blue,arab,1,2,no,rshift,1056,1
cskvr,2,blue,arab,1,1,no,rshift,490,1
cskvr,2,blue,arab,1,2,no,rshift,452,1
cskvr,2,red,arab,1,7,no,lshift,446,1
cskvr,2,red,arab,1,6,no,lshift,434,1
cskvr,2,blue,arab,1,9,no,rshift,512,1
cskvr,2,blue,arab,1,7,no,rshift,750,1
cskvr,2,red,arab,1,9,no,lshift,458,1
cskvr,2,blue,arab,1,3,no,rshift,1010,1
cskvr,2,red,arab,1,2,no,lshift,766,1
cskvr,2,blue,arab,1,6,no,rshift,992,1
cskvr,2,red,arab,1,1,no,lshift,636,1
cskvr,2,blue,arab,1,1,no,rshift,841,1
cskvr,2,red,arab,1,4,no,lshift,617,1
cskvr,2,blue,arab,1,1,no,rshift,718,1
cskvr,2,blue,arab,1,1,no,rshift,493,1
cskvr,2,blue,arab,1,9,no,rshift,430,1
cskvr,2,red,arab,1,8,no,lshift,379,1
cskvr,2,blue,arab,1,6,no,rshift,748,1
cskvr,2,blue,arab,1,2,no,rshift,581,1
cskvr,2,red,arab,1,3,no,lshift,413,1
cskvr,2,blue,arab,1,7,no,rshift,641,1
cskvr,2,red,arab,1,2,no,lshift,808,1
cskvr,2,blue,arab,1,9,no,rshift,536,1
cskvr,2,blue,arab,1,6,no,rshift,519,1
cskvr,2,red,arab,1,9,no,lshift,461,1
cskvr,2,red,arab,1,7,no,lshift,351,1
cskvr,2,red,arab,1,6,no,lshift,380,1
cskvr,2,red,arab,1,4,no,lshift,391,1
cskvr,2,blue,arab,1,9,no,rshift,640,1
cskvr,2,blue,arab,1,6,no,rshift,869,1
cskvr,2,blue,arab,1,7,no,rshift,418,1
cskvr,2,red,arab,1,1,no,lshift,410,1
cskvr,2,red,arab,1,4,no,lshift,467,1
cskvr,2,blue,arab,1,7,no,rshift,374,1
cskvr,2,blue,arab,1,4,no,rshift,551,1
cskvr,2,blue,arab,1,7,no,rshift,367,1
cskvr,2,blue,arab,1,7,no,rshift,527,1
cskvr,2,blue,arab,1,1,no,rshift,429,1
cskvr,2,blue,arab,1,8,no,rshift,458,1
cskvr,2,red,arab,1,1,no,lshift,383,1
cskvr,2,blue,arab,1,7,no,rshift,438,1
cskvr,2,red,arab,1,8,no,lshift,501,1
cskvr,2,red,arab,1,4,no,lshift,329,1
cskvr,2,red,arab,1,7,no,lshift,371,1
cskvr,2,red,arab,1,8,no,lshift,387,1
cskvr,2,blue,arab,1,4,no,rshift,426,1
cskvr,2,blue,arab,1,6,no,rshift,562,1
cskvr,2,red,arab,1,6,no,lshift,438,1
cskvr,2,red,arab,1,9,no,lshift,1416,1
cskvr,2,red,arab,1,3,no,lshift,547,1
cskvr,2,red,arab,1,3,no,lshift,380,1
cskvr,2,red,arab,1,1,no,lshift,402,1
cskvr,2,red,arab,1,9,no,lshift,375,1
cskvr,2,red,arab,1,4,no,lshift,452,1
cskvr,2,red,arab,1,6,no,lshift,393,1
cskvr,2,red,arab,1,7,no,lshift,391,1
cskvr,2,blue,arab,1,6,no,rshift,543,1
cskvr,2,red,arab,0,7,no,rshift,445,1
cskvr,2,red,arab,1,9,no,lshift,515,1
cskvr,2,blue,arab,1,1,no,rshift,541,1
cskvr,2,red,arab,1,3,no,lshift,646,1
cskvr,2,blue,arab,1,9,no,rshift,613,1
cskvr,2,blue,arab,1,3,no,rshift,875,1
cskvr,2,red,arab,1,2,no,lshift,368,1
cskvr,2,blue,arab,1,9,no,rshift,476,1
cskvr,2,red,arab,1,9,no,lshift,685,1
cskvr,2,blue,arab,1,1,no,rshift,425,1
cskvr,2,blue,arab,1,2,no,rshift,657,1
cskvr,2,blue,arab,1,8,no,rshift,482,1
cskvr,2,blue,arab,1,6,no,rshift,498,1
cskvr,2,blue,arab,1,2,no,rshift,607,1
cskvr,2,blue,arab,1,4,no,rshift,405,1
cskvr,2,blue,arab,1,4,no,rshift,458,1
cskvr,3,blue,arab,1,3,no,rshift,417,1
cskvr,3,red,arab,1,9,no,lshift,445,1
cskvr,3,blue,arab,1,9,no,rshift,577,1
cskvr,3,blue,arab,1,1,no,rshift,1011,1
cskvr,3,red,arab,1,6,no,lshift,453,1
cskvr,3,blue,arab,1,7,no,rshift,491,1
cskvr,3,blue,arab,1,1,no,rshift,680,1
cskvr,3,blue,arab,1,2,no,rshift,803,1
cskvr,3,blue,arab,1,8,no,rshift,481,1
cskvr,3,red,arab,1,8,no,lshift,587,1
cskvr,3,red,arab,1,9,no,lshift,317,1
cskvr,3,red,arab,1,7,no,lshift,386,1
cskvr,3,red,arab,1,7,no,lshift,516,1
cskvr,3,blue,arab,1,9,no,rshift,559,1
cskvr,3,blue,arab,1,1,no,rshift,441,1
cskvr,3,blue,arab,1,3,no,rshift,414,1
cskvr,3,blue,arab,1,8,no,rshift,377,1
cskvr,3,red,arab,1,1,no,lshift,443,1
cskvr,3,red,arab,1,2,no,lshift,437,1
cskvr,3,blue,arab,1,7,no,rshift,1120,1
cskvr,3,blue,arab,1,9,no,rshift,610,1
cskvr,3,blue,arab,1,7,no,rshift,358,1
cskvr,3,red,arab,1,3,no,lshift,419,1
cskvr,3,red,arab,1,6,no,lshift,355,1
cskvr,3,red,arab,1,2,no,lshift,419,1
cskvr,3,red,arab,1,6,no,lshift,389,1
cskvr,3,red,arab,1,7,no,lshift,344,1
cskvr,3,red,arab,1,4,no,lshift,337,1
cskvr,3,blue,arab,1,6,no,rshift,306,1
cskvr,3,red,arab,1,3,no,lshift,351,1
cskvr,3,blue,arab,1,2,no,rshift,441,1
cskvr,3,red,arab,1,1,no,lshift,366,1
cskvr,3,red,arab,1,3,no,lshift,444,1
cskvr,3,blue,arab,1,1,no,rshift,388,1
cskvr,3,red,arab,1,2,no,lshift,573,1
cskvr,3,blue,arab,1,2,no,rshift,397,1
cskvr,3,blue,arab,1,9,no,rshift,382,1
cskvr,3,blue,arab,1,7,no,rshift,433,1
cskvr,3,blue,arab,1,6,no,rshift,479,1
cskvr,3,red,arab,1,6,no,lshift,420,1
cskvr,3,blue,arab,1,7,no,rshift,470,1
cskvr,3,red,arab,1,9,no,lshift,516,1
cskvr,3,blue,arab,1,1,no,rshift,637,1
cskvr,3,blue,arab,1,3,no,rshift,387,1
cskvr,3,blue,arab,1,6,no,rshift,402,1
cskvr,3,red,arab,1,7,no,lshift,449,1
cskvr,3,red,arab,1,9,no,lshift,474,1
cskvr,3,blue,arab,1,2,no,rshift,547,1
cskvr,3,blue,arab,1,3,no,rshift,437,1
cskvr,3,red,arab,1,1,no,lshift,362,1
cskvr,3,red,arab,1,8,no,lshift,388,1
cskvr,3,red,arab,1,3,no,lshift,433,1
cskvr,3,red,arab,1,8,no,lshift,402,1
cskvr,3,blue,arab,1,2,no,rshift,469,1
cskvr,3,blue,arab,1,1,no,rshift,426,1
cskvr,3,blue,arab,1,4,no,rshift,471,1
cskvr,3,red,arab,1,9,no,lshift,427,1
cskvr,3,blue,arab,1,2,no,rshift,427,1
cskvr,3,red,arab,1,6,no,lshift,468,1
cskvr,3,blue,arab,1,4,no,rshift,884,1
cskvr,3,red,arab,1,4,no,lshift,506,1
cskvr,3,red,arab,1,1,no,lshift,533,1
cskvr,3,red,arab,1,6,no,lshift,427,1
cskvr,3,red,arab,1,4,no,lshift,597,1
cskvr,3,red,arab,1,1,no,lshift,528,1
cskvr,3,red,arab,1,4,no,lshift,418,1
cskvr,3,red,arab,1,2,no,lshift,483,1
cskvr,3,blue,arab,1,9,no,rshift,528,1
cskvr,3,blue,arab,1,6,no,rshift,644,1
cskvr,3,red,arab,1,7,no,lshift,528,1
cskvr,3,red,arab,1,7,no,lshift,453,1
cskvr,3,red,arab,1,3,no,lshift,475,1
cskvr,3,red,arab,1,4,no,lshift,515,1
cskvr,3,blue,arab,1,9,no,rshift,477,1
cskvr,3,blue,arab,1,9,no,rshift,485,1
cskvr,3,blue,arab,1,9,no,rshift,443,1
cskvr,3,blue,arab,1,8,no,rshift,455,1
cskvr,3,blue,arab,1,1,no,rshift,450,1
cskvr,3,blue,arab,1,7,no,rshift,622,1
cskvr,3,blue,arab,1,7,no,rshift,399,1
cskvr,3,red,arab,1,4,no,lshift,481,1
cskvr,3,blue,arab,1,8,no,rshift,436,1
cskvr,3,blue,arab,1,8,no,rshift,417,1
cskvr,3,blue,arab,1,8,no,rshift,561,1
cskvr,3,red,arab,1,9,no,lshift,519,1
cskvr,3,red,arab,1,7,no,lshift,549,1
cskvr,3,red,arab,1,1,no,lshift,598,1
cskvr,3,blue,arab,1,8,no,rshift,481,1
cskvr,3,blue,arab,1,7,no,rshift,404,1
cskvr,3,blue,arab,1,4,no,rshift,666,1
cskvr,3,red,arab,1,3,no,lshift,527,1
cskvr,3,blue,arab,1,4,no,rshift,557,1
cskvr,3,blue,arab,1,9,no,rshift,450,1
cskvr,3,blue,arab,1,7,no,rshift,493,1
cskvr,3,blue,arab,1,8,no,rshift,693,1
cskvr,3,blue,arab,1,1,no,rshift,510,1
cskvr,3,red,arab,1,8,no,lshift,438,1
cskvr,3,red,arab,1,6,no,lshift,461,1
cskvr,3,red,arab,1,3,no,lshift,394,1
cskvr,3,red,arab,1,2,no,lshift,444,1
cskvr,3,blue,arab,1,3,no,rshift,557,1
cskvr,3,blue,arab,1,1,no,rshift,1053,1
cskvr,3,red,arab,1,4,no,lshift,499,1
cskvr,3,blue,arab,1,4,no,rshift,585,1
cskvr,3,red,arab,1,2,no,lshift,766,1
cskvr,3,blue,arab,1,7,no,rshift,554,1
cskvr,3,red,arab,1,8,no,lshift,591,1
cskvr,3,blue,arab,1,4,no,rshift,486,1
cskvr,3,red,arab,1,2,no,lshift,523,1
cskvr,3,blue,arab,1,3,no,rshift,634,1
cskvr,3,blue,arab,1,9,no,rshift,512,1
cskvr,3,red,arab,1,1,no,lshift,620,1
cskvr,3,blue,arab,1,8,no,rshift,605,1
cskvr,3,blue,arab,1,6,no,rshift,482,1
cskvr,3,blue,arab,1,6,no,rshift,428,1
cskvr,3,blue,arab,1,3,no,rshift,562,1
cskvr,3,red,arab,1,2,no,lshift,501,1
cskvr,3,red,arab,1,2,no,lshift,398,1
cskvr,3,red,arab,1,1,no,lshift,477,1
cskvr,3,red,arab,1,6,no,lshift,526,1
cskvr,3,blue,arab,1,3,no,rshift,447,1
cskvr,3,blue,arab,1,2,no,rshift,442,1
cskvr,3,blue,arab,1,3,no,rshift,730,1
cskvr,3,red,arab,1,8,no,lshift,465,1
cskvr,3,red,arab,1,4,no,lshift,403,1
cskvr,3,red,arab,1,8,no,lshift,395,1
cskvr,3,red,arab,1,3,no,lshift,442,1
cskvr,3,red,arab,1,9,no,lshift,413,1
cskvr,3,blue,arab,1,6,no,rshift,436,1
cskvr,3,red,arab,1,7,no,lshift,390,1
cskvr,3,blue,arab,1,6,no,rshift,449,1
cskvr,3,blue,arab,1,6,no,rshift,425,1
cskvr,3,red,arab,1,8,no,lshift,528,1
cskvr,3,red,arab,1,8,no,lshift,374,1
cskvr,3,red,arab,1,7,no,lshift,545,1
cskvr,3,red,arab,1,4,no,lshift,374,1
cskvr,3,red,arab,1,7,no,lshift,432,1
cskvr,3,blue,arab,1,2,no,rshift,526,1
cskvr,3,blue,arab,1,8,no,rshift,501,1
cskvr,3,red,arab,1,3,no,lshift,1102,1
cskvr,3,blue,arab,1,4,no,rshift,550,1
cskvr,3,red,arab,1,1,no,lshift,479,1
cskvr,3,red,arab,1,3,no,lshift,802,1
cskvr,3,blue,arab,1,3,no,rshift,704,1
cskvr,3,red,arab,1,6,no,lshift,698,1
cskvr,3,red,arab,1,8,no,lshift,634,1
cskvr,3,blue,arab,1,4,no,rshift,601,1
cskvr,3,red,arab,1,9,no,lshift,429,1
cskvr,3,red,arab,1,2,no,lshift,915,1
cskvr,3,blue,arab,1,2,no,rshift,557,1
cskvr,3,blue,arab,1,4,no,rshift,424,1
cskvr,3,red,arab,1,9,no,lshift,365,1
cskvr,3,blue,arab,1,1,no,rshift,701,1
cskvr,3,blue,arab,1,2,no,rshift,600,1
cskvr,3,red,arab,1,1,no,lshift,465,1
cskvr,3,red,arab,1,9,no,lshift,378,1
cskvr,3,red,arab,1,6,no,lshift,423,1
cskvr,3,red,arab,1,4,no,lshift,885,1
cskvr,3,blue,arab,1,6,no,rshift,399,1
cskvr,3,blue,arab,1,4,no,rshift,391,1
cskvr,0,red,dot,1,2,yes,lshift,793,1
cskvr,0,red,dot,1,3,yes,lshift,621,1
cskvr,0,blue,dot,1,6,yes,rshift,431,1
cskvr,0,red,dot,1,7,yes,lshift,476,1
cskvr,0,blue,dot,1,8,yes,rshift,731,1
cskvr,0,red,dot,1,1,yes,lshift,866,1
cskvr,0,red,dot,1,4,yes,lshift,653,1
cskvr,0,blue,dot,1,1,yes,rshift,581,1
cskvr,0,blue,dot,1,7,yes,rshift,481,1
cskvr,0,blue,dot,1,2,yes,rshift,501,1
cskvr,0,red,dot,1,6,yes,lshift,443,1
cskvr,0,blue,dot,1,3,yes,rshift,498,1
cskvr,0,red,dot,1,8,yes,lshift,448,1
cskvr,0,blue,dot,1,4,yes,rshift,786,1
cskvr,0,red,dot,1,9,yes,lshift,608,1
cskvr,0,blue,dot,1,9,yes,rshift,463,1
cskvr,1,blue,dot,1,2,no,rshift,597,1
cskvr,1,blue,dot,1,1,no,rshift,511,1
cskvr,1,blue,dot,1,4,no,rshift,406,1
cskvr,1,blue,dot,1,2,no,rshift,375,1
cskvr,1,blue,dot,1,4,no,rshift,478,1
cskvr,1,red,dot,1,4,no,lshift,616,1
cskvr,1,red,dot,1,8,no,lshift,439,1
cskvr,1,red,dot,1,9,no,lshift,468,1
cskvr,1,blue,dot,1,6,no,rshift,431,1
cskvr,1,red,dot,0,6,no,rshift,824,1
cskvr,1,blue,dot,1,8,no,rshift,606,1
cskvr,1,red,dot,1,3,no,lshift,375,1
cskvr,1,blue,dot,1,4,no,rshift,412,1
cskvr,1,blue,dot,1,9,no,rshift,584,1
cskvr,1,red,dot,1,9,no,lshift,484,1
cskvr,1,blue,dot,1,6,no,rshift,374,1
cskvr,1,blue,dot,1,1,no,rshift,408,1
cskvr,1,red,dot,1,2,no,lshift,390,1
cskvr,1,red,dot,1,7,no,lshift,429,1
cskvr,1,red,dot,1,1,no,lshift,550,1
cskvr,1,blue,dot,1,3,no,rshift,378,1
cskvr,1,red,dot,1,6,no,lshift,409,1
cskvr,1,blue,dot,1,1,no,rshift,401,1
cskvr,1,red,dot,1,2,no,lshift,662,1
cskvr,1,blue,dot,1,7,no,rshift,410,1
cskvr,1,red,dot,1,1,no,lshift,390,1
cskvr,1,blue,dot,1,1,no,rshift,657,1
cskvr,1,blue,dot,1,7,no,rshift,703,1
cskvr,1,red,dot,1,7,no,lshift,744,1
cskvr,1,blue,dot,1,2,no,rshift,1113,1
cskvr,1,red,dot,1,3,no,lshift,698,1
cskvr,1,blue,dot,1,9,no,rshift,836,1
cskvr,1,red,dot,1,9,no,lshift,871,1
cskvr,1,red,dot,1,7,no,lshift,531,1
cskvr,1,blue,dot,1,7,no,rshift,1446,1
cskvr,1,red,dot,1,2,no,lshift,1118,1
cskvr,1,red,dot,1,9,no,lshift,834,1
cskvr,1,red,dot,1,2,no,lshift,739,1
cskvr,1,red,dot,1,9,no,lshift,457,1
cskvr,1,blue,dot,1,6,no,rshift,588,1
cskvr,1,red,dot,1,2,no,lshift,432,1
cskvr,1,blue,dot,1,8,no,rshift,896,1
cskvr,1,red,dot,1,3,no,lshift,1230,1
cskvr,1,red,dot,1,8,no,lshift,467,1
cskvr,1,blue,dot,1,7,no,rshift,487,1
cskvr,1,red,dot,1,7,no,lshift,548,1
cskvr,1,blue,dot,1,3,no,rshift,639,1
cskvr,1,blue,dot,1,2,no,rshift,426,1
cskvr,1,blue,dot,1,4,no,rshift,421,1
cskvr,1,blue,dot,1,2,no,rshift,365,1
cskvr,1,red,dot,1,8,no,lshift,427,1
cskvr,1,blue,dot,1,4,no,rshift,389,1
cskvr,1,red,dot,1,9,no,lshift,462,1
cskvr,1,blue,dot,1,8,no,rshift,393,1
cskvr,1,red,dot,1,1,no,lshift,747,1
cskvr,1,red,dot,1,7,no,lshift,965,1
cskvr,1,red,dot,1,4,no,lshift,425,1
cskvr,1,blue,dot,1,3,no,rshift,430,1
cskvr,1,red,dot,1,7,no,lshift,524,1
cskvr,1,blue,dot,1,4,no,rshift,726,1
cskvr,1,red,dot,1,8,no,lshift,402,1
cskvr,1,red,dot,1,1,no,lshift,419,1
cskvr,1,blue,dot,1,1,no,rshift,425,1
cskvr,1,blue,dot,1,6,no,rshift,389,1
cskvr,1,blue,dot,1,2,no,rshift,405,1
cskvr,1,blue,dot,1,3,no,rshift,332,1
cskvr,1,blue,dot,1,2,no,rshift,386,1
cskvr,1,blue,dot,1,3,no,rshift,438,1
cskvr,1,red,dot,1,1,no,lshift,390,1
cskvr,1,red,dot,1,7,no,lshift,391,1
cskvr,1,red,dot,1,9,no,lshift,580,1
cskvr,1,red,dot,1,3,no,lshift,338,1
cskvr,1,red,dot,1,7,no,lshift,285,1
cskvr,1,red,dot,1,3,no,lshift,319,1
cskvr,1,red,dot,1,8,no,lshift,385,1
cskvr,1,red,dot,1,1,no,lshift,405,1
cskvr,1,blue,dot,1,1,no,rshift,343,1
cskvr,1,blue,dot,1,7,no,rshift,520,1
cskvr,1,red,dot,1,4,no,lshift,501,1
cskvr,1,red,dot,1,2,no,lshift,637,1
cskvr,1,blue,dot,1,2,no,rshift,668,1
cskvr,1,red,dot,1,9,no,lshift,434,1
cskvr,1,blue,dot,1,3,no,rshift,490,1
cskvr,1,blue,dot,1,9,no,rshift,458,1
cskvr,1,blue,dot,1,6,no,rshift,367,1
cskvr,1,red,dot,1,8,no,lshift,438,1
cskvr,1,blue,dot,1,7,no,rshift,407,1
cskvr,1,red,dot,1,6,no,lshift,411,1
cskvr,1,blue,dot,1,1,no,rshift,356,1
cskvr,1,blue,dot,1,8,no,rshift,302,1
cskvr,1,red,dot,1,6,no,lshift,406,1
cskvr,1,blue,dot,1,1,no,rshift,548,1
cskvr,1,red,dot,1,3,no,lshift,2060,1
cskvr,1,blue,dot,1,6,no,rshift,2336,1
cskvr,1,blue,dot,1,6,no,rshift,502,1
cskvr,1,red,dot,1,9,no,lshift,1871,1
cskvr,1,red,dot,1,8,no,lshift,928,1
cskvr,1,red,dot,1,6,no,lshift,517,1
cskvr,1,red,dot,1,1,no,lshift,712,1
cskvr,1,blue,dot,1,3,no,rshift,735,1
cskvr,1,blue,dot,1,3,no,rshift,900,1
cskvr,1,blue,dot,1,1,no,rshift,748,1
cskvr,1,red,dot,1,3,no,lshift,787,1
cskvr,1,blue,dot,1,9,no,rshift,1052,1
cskvr,1,blue,dot,1,4,no,rshift,660,1
cskvr,1,red,dot,1,3,no,lshift,632,1
cskvr,1,red,dot,1,4,no,lshift,370,1
cskvr,1,red,dot,1,6,no,lshift,490,1
cskvr,1,red,dot,1,4,no,lshift,434,1
cskvr,1,blue,dot,0,8,no,lshift,424,1
cskvr,1,blue,dot,0,4,no,lshift,420,1
cskvr,1,blue,dot,1,6,no,rshift,449,1
cskvr,1,blue,dot,1,9,no,rshift,306,1
cskvr,1,red,dot,1,8,no,lshift,474,1
cskvr,1,red,dot,1,3,no,lshift,597,1
cskvr,1,blue,dot,1,6,no,rshift,367,1
cskvr,1,red,dot,1,9,no,lshift,467,1
cskvr,1,blue,dot,1,6,no,rshift,533,1
cskvr,1,red,dot,1,2,no,lshift,441,1
cskvr,1,blue,dot,1,3,no,rshift,464,1
cskvr,1,red,dot,1,6,no,lshift,535,1
cskvr,1,blue,dot,1,8,no,rshift,376,1
cskvr,1,red,dot,1,6,no,lshift,470,1
cskvr,1,red,dot,1,2,no,lshift,451,1
cskvr,1,blue,dot,1,2,no,rshift,409,1
cskvr,1,red,dot,1,4,no,lshift,548,1
cskvr,1,red,dot,1,4,no,lshift,550,1
cskvr,1,blue,dot,1,1,no,rshift,517,1
cskvr,1,blue,dot,1,9,no,rshift,500,1
cskvr,1,blue,dot,1,8,no,rshift,430,1
cskvr,1,red,dot,1,1,no,lshift,547,1
cskvr,1,blue,dot,1,7,no,rshift,838,1
cskvr,1,red,dot,1,7,no,lshift,1015,1
cskvr,1,blue,dot,1,9,no,rshift,587,1
cskvr,1,blue,dot,1,8,no,rshift,467,1
cskvr,1,blue,dot,1,9,no,rshift,426,1
cskvr,1,red,dot,1,4,no,lshift,502,1
cskvr,1,red,dot,1,2,no,lshift,791,1
cskvr,1,red,dot,1,7,no,lshift,955,1
cskvr,1,red,dot,1,2,no,lshift,648,1
cskvr,1,blue,dot,1,9,no,rshift,459,1
cskvr,1,blue,dot,1,8,no,rshift,776,1
cskvr,1,blue,dot,1,7,no,rshift,392,1
cskvr,1,red,dot,1,6,no,lshift,571,1
cskvr,1,blue,dot,1,4,no,rshift,461,1
cskvr,1,blue,dot,1,9,no,rshift,512,1
cskvr,1,red,dot,1,6,no,lshift,490,1
cskvr,1,red,dot,1,4,no,lshift,490,1
cskvr,1,red,dot,1,8,no,lshift,517,1
cskvr,1,red,dot,1,1,no,lshift,448,1
cskvr,1,blue,dot,1,7,no,rshift,377,1
cskvr,1,red,dot,1,3,no,lshift,420,1
cskvr,1,red,dot,1,4,no,lshift,1248,1
cskvr,1,blue,dot,1,4,no,rshift,480,1
cskvr,1,blue,dot,1,3,no,rshift,758,1
cskvr,1,blue,dot,1,8,no,rshift,352,1
cskvr,1,blue,dot,1,7,no,rshift,333,1
cskvr,1,blue,dot,1,2,no,rshift,478,1
cskvr,1,red,dot,1,8,no,lshift,523,1
cskvr,1,red,dot,1,1,no,lshift,385,1
cskvr,2,red,dot,1,9,no,lshift,838,1
cskvr,2,red,dot,1,8,no,lshift,351,1
cskvr,2,red,dot,1,9,no,lshift,408,1
cskvr,2,blue,dot,1,3,no,rshift,310,1
cskvr,2,red,dot,1,8,no,lshift,371,1
cskvr,2,blue,dot,1,6,no,rshift,359,1
cskvr,2,red,dot,1,1,no,lshift,379,1
cskvr,2,blue,dot,1,9,no,rshift,388,1
cskvr,2,red,dot,1,1,no,lshift,333,1
cskvr,2,blue,dot,1,4,no,rshift,531,1
cskvr,2,red,dot,1,8,no,lshift,280,1
cskvr,2,red,dot,1,6,no,lshift,955,1
cskvr,2,blue,dot,1,4,no,rshift,379,1
cskvr,2,blue,dot,1,9,no,rshift,817,1
cskvr,2,red,dot,1,7,no,lshift,598,1
cskvr,2,blue,dot,1,3,no,rshift,461,1
cskvr,2,blue,dot,1,7,no,rshift,450,1
cskvr,2,red,dot,1,2,no,lshift,401,1
cskvr,2,red,dot,1,3,no,lshift,1047,1
cskvr,2,red,dot,1,6,no,lshift,438,1
cskvr,2,blue,dot,1,2,no,rshift,465,1
cskvr,2,red,dot,1,9,no,lshift,531,1
cskvr,2,red,dot,1,3,no,lshift,570,1
cskvr,2,blue,dot,1,3,no,rshift,462,1
cskvr,2,blue,dot,1,8,no,rshift,517,1
cskvr,2,red,dot,1,4,no,lshift,544,1
cskvr,2,blue,dot,1,7,no,rshift,887,1
cskvr,2,red,dot,1,9,no,lshift,597,1
cskvr,2,blue,dot,1,1,no,rshift,704,1
cskvr,2,blue,dot,1,8,no,rshift,640,1
cskvr,2,red,dot,1,7,no,lshift,419,1
cskvr,2,red,dot,1,2,no,lshift,546,1
cskvr,2,red,dot,1,4,no,lshift,379,1
cskvr,2,blue,dot,1,8,no,rshift,437,1
cskvr,2,red,dot,1,3,no,lshift,485,1
cskvr,2,blue,dot,1,3,no,rshift,487,1
cskvr,2,red,dot,1,7,no,lshift,426,1
cskvr,2,red,dot,1,9,no,lshift,790,1
cskvr,2,blue,dot,1,1,no,rshift,419,1
cskvr,2,blue,dot,1,2,no,rshift,545,1
cskvr,2,blue,dot,1,9,no,rshift,648,1
cskvr,2,red,dot,1,1,no,lshift,301,1
cskvr,2,red,dot,1,4,no,lshift,508,1
cskvr,2,red,dot,1,7,no,lshift,429,1
cskvr,2,red,dot,1,3,no,lshift,974,1
cskvr,2,red,dot,1,3,no,lshift,485,1
cskvr,2,red,dot,1,3,no,lshift,387,1
cskvr,2,red,dot,1,9,no,lshift,480,1
cskvr,2,blue,dot,1,7,no,rshift,501,1
cskvr,2,red,dot,1,8,no,lshift,558,1
cskvr,2,blue,dot,1,1,no,rshift,562,1
cskvr,2,red,dot,1,1,no,lshift,714,1
cskvr,2,blue,dot,1,8,no,rshift,966,1
cskvr,2,red,dot,1,6,no,lshift,504,1
cskvr,2,red,dot,1,1,no,lshift,855,1
cskvr,2,blue,dot,1,4,no,rshift,502,1
cskvr,2,blue,dot,1,9,no,rshift,493,1
cskvr,2,blue,dot,1,6,no,rshift,528,1
cskvr,2,red,dot,1,9,no,lshift,537,1
cskvr,2,blue,dot,1,9,no,rshift,1316,1
cskvr,2,red,dot,1,4,no,lshift,637,1
cskvr,2,blue,dot,1,1,no,rshift,1299,1
cskvr,2,blue,dot,1,4,no,rshift,422,1
cskvr,2,blue,dot,1,7,no,rshift,547,1
cskvr,2,blue,dot,1,3,no,rshift,604,1
cskvr,2,blue,dot,1,9,no,rshift,432,1
cskvr,2,red,dot,1,8,no,lshift,905,1
cskvr,2,blue,dot,1,3,no,rshift,545,1
cskvr,2,red,dot,1,6,no,lshift,989,1
cskvr,2,blue,dot,1,8,no,rshift,716,1
cskvr,2,blue,dot,1,8,no,rshift,509,1
cskvr,2,red,dot,1,7,no,lshift,419,1
cskvr,2,blue,dot,1,4,no,rshift,397,1
cskvr,2,blue,dot,1,2,no,rshift,444,1
cskvr,2,red,dot,1,6,no,lshift,533,1
cskvr,2,blue,dot,1,1,no,rshift,1287,1
cskvr,2,red,dot,1,2,no,lshift,579,1
cskvr,2,blue,dot,1,7,no,rshift,613,1
cskvr,2,blue,dot,1,9,no,rshift,600,1
cskvr,2,blue,dot,1,1,no,rshift,554,1
cskvr,2,blue,dot,1,7,no,rshift,556,1
cskvr,2,blue,dot,1,8,no,rshift,432,1
cskvr,2,blue,dot,1,1,no,rshift,358,1
cskvr,2,blue,dot,1,4,no,rshift,424,1
cskvr,2,red,dot,1,8,no,lshift,480,1
cskvr,2,blue,dot,1,3,no,rshift,600,1
cskvr,2,red,dot,1,4,no,lshift,482,1
cskvr,2,blue,dot,1,7,no,rshift,576,1
cskvr,2,blue,dot,1,2,no,rshift,432,1
cskvr,2,red,dot,1,6,no,lshift,443,1
cskvr,2,blue,dot,1,2,no,rshift,429,1
cskvr,2,blue,dot,1,6,no,rshift,387,1
cskvr,2,blue,dot,1,4,no,rshift,351,1
cskvr,2,blue,dot,1,9,no,rshift,392,1
cskvr,2,red,dot,1,3,no,lshift,492,1
cskvr,2,red,dot,1,7,no,lshift,471,1
cskvr,2,red,dot,1,7,no,lshift,458,1
cskvr,2,red,dot,1,2,no,lshift,344,1
cskvr,2,blue,dot,1,7,no,rshift,428,1
cskvr,2,blue,dot,1,1,no,rshift,425,1
cskvr,2,red,dot,1,1,no,lshift,454,1
cskvr,2,red,dot,1,8,no,lshift,498,1
cskvr,2,red,dot,1,6,no,lshift,424,1
cskvr,2,red,dot,1,9,no,lshift,443,1
cskvr,2,blue,dot,1,6,no,rshift,447,1
cskvr,2,blue,dot,1,9,no,rshift,509,1
cskvr,2,red,dot,1,4,no,lshift,383,1
cskvr,2,blue,dot,1,2,no,rshift,426,1
cskvr,2,red,dot,1,4,no,lshift,452,1
cskvr,2,blue,dot,1,2,no,rshift,390,1
cskvr,2,blue,dot,0,8,no,lshift,398,1
cskvr,2,red,dot,1,8,no,lshift,405,1
cskvr,2,blue,dot,1,2,no,rshift,382,1
cskvr,2,red,dot,1,6,no,lshift,856,1
cskvr,2,red,dot,1,7,no,lshift,420,1
cskvr,2,blue,dot,1,1,no,rshift,395,1
cskvr,2,red,dot,1,7,no,lshift,440,1
cskvr,2,red,dot,1,4,no,lshift,329,1
cskvr,2,red,dot,1,9,no,lshift,456,1
cskvr,2,red,dot,1,2,no,lshift,362,1
cskvr,2,blue,dot,1,2,no,rshift,429,1
cskvr,2,red,dot,1,4,no,lshift,414,1
cskvr,2,red,dot,1,2,no,lshift,380,1
cskvr,2,blue,dot,1,6,no,rshift,439,1
cskvr,2,blue,dot,1,7,no,rshift,577,1
cskvr,2,blue,dot,1,4,no,rshift,412,1
cskvr,2,blue,dot,1,4,no,rshift,463,1
cskvr,2,blue,dot,1,4,no,rshift,410,1
cskvr,2,red,dot,1,4,no,lshift,408,1
cskvr,2,red,dot,1,1,no,lshift,412,1
cskvr,2,blue,dot,1,3,no,rshift,382,1
cskvr,2,blue,dot,1,6,no,rshift,350,1
cskvr,2,red,dot,1,3,no,lshift,427,1
cskvr,2,red,dot,1,3,no,lshift,883,1
cskvr,2,red,dot,1,7,no,lshift,399,1
cskvr,2,red,dot,1,6,no,lshift,729,1
cskvr,2,red,dot,1,8,no,lshift,424,1
cskvr,2,blue,dot,1,3,no,rshift,894,1
cskvr,2,red,dot,1,2,no,lshift,839,1
cskvr,2,blue,dot,1,9,no,rshift,1084,1
cskvr,2,blue,dot,1,3,no,rshift,392,1
cskvr,2,red,dot,1,2,no,lshift,376,1
cskvr,2,blue,dot,1,8,no,rshift,520,1
cskvr,2,red,dot,1,1,no,lshift,410,1
cskvr,2,blue,dot,1,6,no,rshift,362,1
cskvr,2,blue,dot,1,6,no,rshift,425,1
cskvr,2,red,dot,1,1,no,lshift,585,1
cskvr,2,blue,dot,0,6,no,lshift,634,1
cskvr,2,red,dot,0,6,no,rshift,750,1
cskvr,2,blue,dot,1,7,no,rshift,512,1
cskvr,2,blue,dot,1,6,no,rshift,470,1
cskvr,2,red,dot,1,8,no,lshift,379,1
cskvr,2,blue,dot,1,1,no,rshift,392,1
cskvr,2,red,dot,1,1,no,lshift,551,1
cskvr,2,red,dot,1,2,no,lshift,677,1
cskvr,2,red,dot,1,3,no,lshift,720,1
cskvr,2,red,dot,1,9,no,lshift,473,1
cskvr,2,blue,dot,1,2,no,rshift,502,1
cskvr,2,red,dot,1,2,no,lshift,1322,1
cskvr,2,blue,dot,1,8,no,rshift,557,1
cskvr,3,red,dot,1,3,no,lshift,653,1
cskvr,3,blue,dot,1,7,no,rshift,681,1
cskvr,3,blue,dot,1,1,no,rshift,471,1
cskvr,3,blue,dot,1,2,no,rshift,469,1
cskvr,3,red,dot,1,6,no,lshift,392,1
cskvr,3,blue,dot,1,2,no,rshift,1432,1
cskvr,3,blue,dot,1,6,no,rshift,452,1
cskvr,3,red,dot,1,2,no,lshift,359,1
cskvr,3,red,dot,1,6,no,lshift,405,1
cskvr,3,red,dot,1,1,no,lshift,404,1
cskvr,3,red,dot,1,8,no,lshift,620,1
cskvr,3,red,dot,1,9,no,lshift,406,1
cskvr,3,red,dot,1,1,no,lshift,434,1
cskvr,3,red,dot,1,1,no,lshift,403,1
cskvr,3,red,dot,1,7,no,lshift,385,1
cskvr,3,red,dot,1,7,no,lshift,589,1
cskvr,3,red,dot,1,9,no,lshift,371,1
cskvr,3,blue,dot,1,1,no,rshift,415,1
cskvr,3,blue,dot,1,1,no,rshift,592,1
cskvr,3,blue,dot,1,7,no,rshift,354,1
cskvr,3,blue,dot,1,7,no,rshift,481,1
cskvr,3,red,dot,1,6,no,lshift,373,1
cskvr,3,blue,dot,1,8,no,rshift,612,1
cskvr,3,blue,dot,1,8,no,rshift,572,1
cskvr,3,red,dot,1,3,no,lshift,424,1
cskvr,3,red,dot,1,2,no,lshift,381,1
cskvr,3,red,dot,1,7,no,lshift,446,1
cskvr,3,blue,dot,1,8,no,rshift,390,1
cskvr,3,red,dot,1,4,no,lshift,579,1
cskvr,3,red,dot,1,8,no,lshift,345,1
cskvr,3,blue,dot,1,2,no,rshift,415,1
cskvr,3,blue,dot,1,9,no,rshift,391,1
cskvr,3,blue,dot,1,2,no,rshift,386,1
cskvr,3,red,dot,1,8,no,lshift,444,1
cskvr,3,blue,dot,1,7,no,rshift,537,1
cskvr,3,red,dot,1,7,no,lshift,681,1
cskvr,3,red,dot,1,6,no,lshift,422,1
cskvr,3,blue,dot,1,4,no,rshift,694,1
cskvr,3,red,dot,1,2,no,lshift,452,1
cskvr,3,red,dot,1,8,no,lshift,452,1
cskvr,3,blue,dot,1,7,no,rshift,424,1
cskvr,3,red,dot,1,3,no,lshift,433,1
cskvr,3,red,dot,1,8,no,lshift,354,1
cskvr,3,blue,dot,1,4,no,rshift,439,1
cskvr,3,red,dot,1,4,no,lshift,689,1
cskvr,3,red,dot,1,7,no,lshift,333,1
cskvr,3,blue,dot,1,2,no,rshift,985,1
cskvr,3,red,dot,1,3,no,lshift,607,1
cskvr,3,red,dot,1,3,no,lshift,485,1
cskvr,3,red,dot,1,8,no,lshift,456,1
cskvr,3,blue,dot,1,4,no,rshift,381,1
cskvr,3,blue,dot,1,6,no,rshift,358,1
cskvr,3,blue,dot,1,7,no,rshift,327,1
cskvr,3,red,dot,1,8,no,lshift,525,1
cskvr,3,red,dot,1,9,no,lshift,341,1
cskvr,3,red,dot,1,9,no,lshift,952,1
cskvr,3,blue,dot,1,4,no,rshift,463,1
cskvr,3,blue,dot,1,7,no,rshift,493,1
cskvr,3,red,dot,1,7,no,lshift,606,1
cskvr,3,blue,dot,1,4,no,rshift,426,1
cskvr,3,blue,dot,1,2,no,rshift,438,1
cskvr,3,blue,dot,1,8,no,rshift,416,1
cskvr,3,blue,dot,1,9,no,rshift,468,1
cskvr,3,red,dot,1,8,no,lshift,489,1
cskvr,3,red,dot,1,4,no,lshift,413,1
cskvr,3,red,dot,1,7,no,lshift,440,1
cskvr,3,blue,dot,1,6,no,rshift,484,1
cskvr,3,blue,dot,1,7,no,rshift,496,1
cskvr,3,red,dot,1,2,no,lshift,506,1
cskvr,3,red,dot,1,3,no,lshift,341,1
cskvr,3,blue,dot,1,8,no,rshift,379,1
cskvr,3,blue,dot,1,1,no,rshift,385,1
cskvr,3,blue,dot,1,4,no,rshift,375,1
cskvr,3,red,dot,1,7,no,lshift,471,1
cskvr,3,red,dot,1,3,no,lshift,483,1
cskvr,3,blue,dot,1,9,no,rshift,626,1
cskvr,3,blue,dot,1,3,no,rshift,497,1
cskvr,3,blue,dot,1,2,no,rshift,473,1
cskvr,3,blue,dot,1,9,no,rshift,508,1
cskvr,3,red,dot,1,1,no,lshift,498,1
cskvr,3,blue,dot,1,6,no,rshift,885,1
cskvr,3,blue,dot,1,9,no,rshift,1158,1
cskvr,3,blue,dot,1,8,no,rshift,1332,1
cskvr,3,red,dot,1,3,no,lshift,410,1
cskvr,3,red,dot,0,9,no,rshift,1272,1
cskvr,3,red,dot,1,4,no,lshift,377,1
cskvr,3,blue,dot,1,4,no,rshift,353,1
cskvr,3,red,dot,1,6,no,lshift,359,1
cskvr,3,blue,dot,1,3,no,rshift,388,1
cskvr,3,blue,dot,1,4,no,rshift,546,1
cskvr,3,red,dot,1,9,no,lshift,458,1
cskvr,3,blue,dot,1,9,no,rshift,390,1
cskvr,3,blue,dot,1,1,no,rshift,475,1
cskvr,3,blue,dot,1,6,no,rshift,358,1
cskvr,3,blue,dot,1,4,no,rshift,380,1
cskvr,3,red,dot,1,6,no,lshift,481,1
cskvr,3,blue,dot,1,3,no,rshift,717,1
cskvr,3,red,dot,1,1,no,lshift,533,1
cskvr,3,blue,dot,1,3,no,rshift,819,1
cskvr,3,blue,dot,1,4,no,rshift,521,1
cskvr,3,red,dot,1,6,no,lshift,456,1
cskvr,3,blue,dot,1,1,no,rshift,558,1
cskvr,3,red,dot,1,2,no,lshift,410,1
cskvr,3,blue,dot,1,6,no,rshift,632,1
cskvr,3,blue,dot,1,2,no,rshift,495,1
cskvr,3,blue,dot,1,6,no,rshift,562,1
cskvr,3,blue,dot,1,9,no,rshift,411,1
cskvr,3,red,dot,1,3,no,lshift,491,1
cskvr,3,red,dot,1,6,no,lshift,527,1
cskvr,3,red,dot,1,9,no,lshift,396,1
cskvr,3,red,dot,1,4,no,lshift,360,1
cskvr,3,red,dot,1,7,no,lshift,332,1
cskvr,3,blue,dot,1,8,no,rshift,418,1
cskvr,3,blue,dot,1,2,no,rshift,434,1
cskvr,3,red,dot,1,2,no,lshift,458,1
cskvr,3,red,dot,1,6,no,lshift,423,1
cskvr,3,red,dot,1,9,no,lshift,365,1
cskvr,3,blue,dot,1,3,no,rshift,437,1
cskvr,3,red,dot,0,4,no,rshift,193,1
cskvr,3,blue,dot,1,3,no,rshift,555,1
cskvr,3,red,dot,1,4,no,lshift,357,1
cskvr,3,blue,dot,1,6,no,rshift,360,1
cskvr,3,blue,dot,1,3,no,rshift,512,1
cskvr,3,red,dot,1,1,no,lshift,420,1
cskvr,3,blue,dot,1,9,no,rshift,495,1
cskvr,3,red,dot,1,2,no,lshift,754,1
cskvr,3,blue,dot,1,3,no,rshift,761,1
cskvr,3,blue,dot,1,9,no,rshift,455,1
cskvr,3,red,dot,1,1,no,lshift,572,1
cskvr,3,red,dot,1,3,no,lshift,323,1
cskvr,3,blue,dot,1,1,no,rshift,390,1
cskvr,3,red,dot,1,8,no,lshift,497,1
cskvr,3,red,dot,1,4,no,lshift,324,1
cskvr,3,blue,dot,1,1,no,rshift,360,1
cskvr,3,blue,dot,1,6,no,rshift,379,1
cskvr,3,red,dot,1,9,no,lshift,416,1
cskvr,3,blue,dot,1,3,no,rshift,433,1
cskvr,3,blue,dot,1,1,no,rshift,419,1
cskvr,3,blue,dot,1,7,no,rshift,347,1
cskvr,3,blue,dot,1,6,no,rshift,444,1
cskvr,3,blue,dot,1,3,no,rshift,401,1
cskvr,3,red,dot,1,6,no,lshift,396,1
cskvr,3,red,dot,1,8,no,lshift,392,1
cskvr,3,red,dot,1,4,no,lshift,413,1
cskvr,3,blue,dot,1,1,no,rshift,418,1
cskvr,3,red,dot,1,7,no,lshift,790,1
cskvr,3,blue,dot,1,8,no,rshift,669,1
cskvr,3,blue,dot,1,8,no,rshift,1224,1
cskvr,3,blue,dot,1,8,no,rshift,521,1
cskvr,3,red,dot,1,2,no,lshift,445,1
cskvr,3,blue,dot,1,2,no,rshift,504,1
cskvr,3,red,dot,1,1,no,lshift,749,1
cskvr,3,red,dot,1,9,no,lshift,700,1
cskvr,3,red,dot,1,2,no,lshift,456,1
cskvr,3,blue,dot,1,7,no,rshift,450,1
cskvr,3,blue,dot,1,9,no,rshift,1025,1
cskvr,3,red,dot,1,2,no,lshift,427,1
cskvr,3,red,dot,1,4,no,lshift,452,1
cskvr,3,red,dot,1,1,no,lshift,390,1
cskvr,3,red,dot,1,1,no,lshift,408,1
cskvr,0,red,classic,1,1,yes,rshift,1678,1
cskvr,0,red,classic,1,6,yes,lshift,795,1
cskvr,0,red,classic,1,9,yes,rshift,621,1
cskvr,0,red,classic,1,2,yes,lshift,621,1
cskvr,0,red,classic,1,8,yes,lshift,990,1
cskvr,0,red,classic,1,7,yes,rshift,507,1
cskvr,0,red,classic,1,4,yes,lshift,637,1
cskvr,0,red,classic,1,3,yes,rshift,892,1
cskvr,1,red,classic,1,8,yes,rshift,885,1
cskvr,1,red,classic,1,9,yes,lshift,426,1
cskvr,1,red,classic,1,7,yes,lshift,904,1
cskvr,1,red,classic,1,4,yes,rshift,688,1
cskvr,1,red,classic,1,3,yes,lshift,526,1
cskvr,1,red,classic,1,2,yes,rshift,936,1
cskvr,1,red,classic,1,6,yes,rshift,493,1
cskvr,1,red,classic,1,1,yes,lshift,1178,1
cskvr,2,red,classic,1,4,no,lshift,757,1
cskvr,2,red,classic,1,8,no,lshift,491,1
cskvr,2,red,classic,1,9,no,rshift,513,1
cskvr,2,red,classic,0,1,no,lshift,707,1
cskvr,2,red,classic,1,2,no,lshift,453,1
cskvr,2,red,classic,1,3,no,rshift,531,1
cskvr,2,red,classic,1,2,no,lshift,505,1
cskvr,2,red,classic,1,9,no,rshift,535,1
cskvr,2,red,classic,1,9,no,rshift,731,1
cskvr,2,red,classic,1,7,no,rshift,785,1
cskvr,2,red,classic,1,3,no,rshift,868,1
cskvr,2,red,classic,1,2,no,lshift,461,1
cskvr,2,red,classic,1,9,no,rshift,631,1
cskvr,2,red,classic,1,1,no,rshift,848,1
cskvr,2,red,classic,1,7,no,rshift,531,1
cskvr,2,red,classic,1,7,no,rshift,482,1
cskvr,2,red,classic,1,4,no,lshift,560,1
cskvr,2,red,classic,1,6,no,lshift,595,1
cskvr,2,red,classic,1,6,no,lshift,422,1
cskvr,2,red,classic,1,1,no,rshift,495,1
cskvr,2,red,classic,1,6,no,lshift,561,1
cskvr,2,red,classic,1,9,no,rshift,501,1
cskvr,2,red,classic,1,7,no,rshift,1133,1
cskvr,2,red,classic,1,7,no,rshift,455,1
cskvr,2,red,classic,1,1,no,rshift,910,1
cskvr,2,red,classic,1,6,no,lshift,703,1
cskvr,2,red,classic,1,2,no,lshift,433,1
cskvr,2,red,classic,1,2,no,lshift,515,1
cskvr,2,red,classic,1,3,no,rshift,461,1
cskvr,2,red,classic,1,3,no,rshift,527,1
cskvr,2,red,classic,1,1,no,rshift,1151,1
cskvr,2,red,classic,1,4,no,lshift,1202,1
cskvr,2,red,classic,1,6,no,lshift,964,1
cskvr,2,red,classic,1,9,no,rshift,724,1
cskvr,2,red,classic,1,4,no,lshift,2163,1
cskvr,2,red,classic,1,6,no,lshift,761,1
cskvr,2,red,classic,1,9,no,rshift,575,1
cskvr,2,red,classic,1,9,no,rshift,480,1
cskvr,2,red,classic,1,4,no,lshift,501,1
cskvr,2,red,classic,1,3,no,rshift,716,1
cskvr,2,red,classic,1,2,no,lshift,1503,1
cskvr,2,red,classic,1,1,no,rshift,573,1
cskvr,2,red,classic,1,7,no,rshift,512,1
cskvr,2,red,classic,1,6,no,lshift,502,1
cskvr,2,red,classic,1,1,no,rshift,551,1
cskvr,2,red,classic,1,7,no,rshift,810,1
cskvr,2,red,classic,1,3,no,rshift,660,1
cskvr,2,red,classic,1,1,no,rshift,845,1
cskvr,2,red,classic,1,4,no,lshift,994,1
cskvr,2,red,classic,1,8,no,lshift,1125,1
cskvr,2,red,classic,1,3,no,rshift,687,1
cskvr,2,red,classic,1,1,no,rshift,882,1
cskvr,2,red,classic,1,8,no,lshift,627,1
cskvr,2,red,classic,1,4,no,lshift,819,1
cskvr,2,red,classic,1,8,no,lshift,550,1
cskvr,2,red,classic,1,3,no,rshift,589,1
cskvr,2,red,classic,1,7,no,rshift,695,1
cskvr,2,red,classic,1,4,no,lshift,693,1
cskvr,2,red,classic,1,6,no,lshift,1052,1
cskvr,2,red,classic,1,4,no,lshift,461,1
cskvr,2,red,classic,1,4,no,lshift,511,1
cskvr,2,red,classic,1,6,no,lshift,2737,1
cskvr,2,red,classic,1,7,no,rshift,632,1
cskvr,2,red,classic,1,3,no,rshift,1138,1
cskvr,2,red,classic,1,4,no,lshift,724,1
cskvr,2,red,classic,1,6,no,lshift,1105,1
cskvr,2,red,classic,1,8,no,lshift,585,1
cskvr,2,red,classic,1,9,no,rshift,566,1
cskvr,2,red,classic,1,8,no,lshift,1662,1
cskvr,2,red,classic,1,6,no,lshift,492,1
cskvr,2,red,classic,1,9,no,rshift,489,1
cskvr,2,red,classic,1,7,no,rshift,532,1
cskvr,2,red,classic,0,3,no,lshift,608,1
cskvr,2,red,classic,1,9,no,rshift,522,1
cskvr,2,red,classic,1,2,no,lshift,620,1
cskvr,2,red,classic,1,8,no,lshift,667,1
cskvr,2,red,classic,1,7,no,rshift,592,1
cskvr,2,red,classic,1,6,no,lshift,668,1
cskvr,2,red,classic,1,4,no,lshift,729,1
cskvr,2,red,classic,1,7,no,rshift,488,1
cskvr,2,red,classic,1,9,no,rshift,584,1
cskvr,2,red,classic,1,7,no,rshift,585,1
cskvr,2,red,classic,1,9,no,rshift,441,1
cskvr,2,red,classic,1,2,no,lshift,577,1
cskvr,2,red,classic,1,1,no,rshift,745,1
cskvr,2,red,classic,1,7,no,rshift,541,1
cskvr,2,red,classic,1,8,no,lshift,853,1
cskvr,2,red,classic,1,3,no,rshift,991,1
cskvr,2,red,classic,1,2,no,lshift,606,1
cskvr,2,red,classic,1,3,no,rshift,770,1
cskvr,2,red,classic,1,4,no,lshift,663,1
cskvr,2,red,classic,1,1,no,rshift,793,1
cskvr,2,red,classic,1,4,no,lshift,613,1
cskvr,2,red,classic,1,1,no,rshift,942,1
cskvr,2,red,classic,1,8,no,lshift,867,1
cskvr,2,red,classic,1,2,no,lshift,1325,1
cskvr,2,red,classic,1,2,no,lshift,488,1
cskvr,2,red,classic,1,9,no,rshift,503,1
cskvr,2,red,classic,1,8,no,lshift,891,1
cskvr,2,red,classic,1,2,no,lshift,591,1
cskvr,2,red,classic,1,8,no,lshift,793,1
cskvr,2,red,classic,1,8,no,lshift,466,1
cskvr,2,red,classic,1,2,no,lshift,648,1
cskvr,2,red,classic,1,1,no,rshift,554,1
cskvr,2,red,classic,1,6,no,lshift,734,1
cskvr,2,red,classic,1,1,no,rshift,580,1
cskvr,2,red,classic,1,6,no,lshift,818,1
cskvr,2,red,classic,1,8,no,lshift,864,1
cskvr,2,red,classic,1,8,no,lshift,674,1
cskvr,2,red,classic,1,3,no,rshift,766,1
cskvr,2,red,classic,1,2,no,lshift,940,1
cskvr,2,red,classic,1,3,no,rshift,1051,1
cskvr,3,red,classic,1,8,no,rshift,921,1
cskvr,3,red,classic,1,4,no,rshift,514,1
cskvr,3,red,classic,1,3,no,lshift,679,1
cskvr,3,red,classic,1,9,no,lshift,891,1
cskvr,3,red,classic,1,1,no,lshift,564,1
cskvr,3,red,classic,1,8,no,rshift,428,1
cskvr,3,red,classic,1,2,no,rshift,524,1
cskvr,3,red,classic,1,7,no,lshift,643,1
cskvr,3,red,classic,1,9,no,lshift,704,1
cskvr,3,red,classic,1,8,no,rshift,560,1
cskvr,3,red,classic,1,7,no,lshift,707,1
cskvr,3,red,classic,1,9,no,lshift,722,1
cskvr,3,red,classic,1,2,no,rshift,580,1
cskvr,3,red,classic,1,8,no,rshift,613,1
cskvr,3,red,classic,1,9,no,lshift,734,1
cskvr,3,red,classic,1,4,no,rshift,788,1
cskvr,3,red,classic,1,7,no,lshift,1611,1
cskvr,3,red,classic,1,8,no,rshift,1553,1
cskvr,3,red,classic,1,6,no,rshift,525,1
cskvr,3,red,classic,1,2,no,rshift,531,1
cskvr,3,red,classic,1,4,no,rshift,524,1
cskvr,3,red,classic,1,2,no,rshift,518,1
cskvr,3,red,classic,1,6,no,rshift,500,1
cskvr,3,red,classic,1,4,no,rshift,716,1
cskvr,3,red,classic,1,8,no,rshift,464,1
cskvr,3,red,classic,1,6,no,rshift,464,1
cskvr,3,red,classic,1,6,no,rshift,490,1
cskvr,3,red,classic,1,2,no,rshift,503,1
cskvr,3,red,classic,1,6,no,rshift,467,1
cskvr,3,red,classic,1,1,no,lshift,678,1
cskvr,3,red,classic,1,2,no,rshift,496,1
cskvr,3,red,classic,1,8,no,rshift,537,1
cskvr,3,red,classic,1,1,no,lshift,564,1
cskvr,3,red,classic,1,8,no,rshift,570,1
cskvr,3,red,classic,1,1,no,lshift,597,1
cskvr,3,red,classic,1,1,no,lshift,493,1
cskvr,3,red,classic,1,3,no,lshift,625,1
cskvr,3,red,classic,1,3,no,lshift,433,1
cskvr,3,red,classic,1,7,no,lshift,617,1
cskvr,3,red,classic,1,6,no,rshift,634,1
cskvr,3,red,classic,1,1,no,lshift,766,1
cskvr,3,red,classic,1,8,no,rshift,715,1
cskvr,3,red,classic,1,1,no,lshift,625,1
cskvr,3,red,classic,1,4,no,rshift,753,1
cskvr,3,red,classic,1,2,no,rshift,940,1
cskvr,3,red,classic,1,2,no,rshift,692,1
cskvr,3,red,classic,1,9,no,lshift,811,1
cskvr,3,red,classic,1,1,no,lshift,577,1
cskvr,3,red,classic,1,7,no,lshift,466,1
cskvr,3,red,classic,1,6,no,rshift,589,1
cskvr,3,red,classic,1,6,no,rshift,1019,1
cskvr,3,red,classic,1,9,no,lshift,1056,1
cskvr,3,red,classic,1,8,no,rshift,1025,1
cskvr,3,red,classic,1,1,no,lshift,623,1
cskvr,3,red,classic,0,9,no,rshift,569,1
cskvr,3,red,classic,1,6,no,rshift,662,1
cskvr,3,red,classic,1,2,no,rshift,786,1
cskvr,3,red,classic,1,7,no,lshift,967,1
cskvr,3,red,classic,1,1,no,lshift,511,1
cskvr,3,red,classic,1,7,no,lshift,490,1
cskvr,3,red,classic,1,1,no,lshift,635,1
cskvr,3,red,classic,1,3,no,lshift,1130,1
cskvr,3,red,classic,1,6,no,rshift,694,1
cskvr,3,red,classic,1,9,no,lshift,1019,1
cskvr,3,red,classic,1,9,no,lshift,721,1
cskvr,3,red,classic,1,8,no,rshift,937,1
cskvr,3,red,classic,1,9,no,lshift,1391,1
cskvr,3,red,classic,1,3,no,lshift,687,1
cskvr,3,red,classic,1,2,no,rshift,990,1
cskvr,3,red,classic,1,4,no,rshift,808,1
cskvr,3,red,classic,1,2,no,rshift,1022,1
cskvr,3,red,classic,1,4,no,rshift,724,1
cskvr,3,red,classic,1,8,no,rshift,1101,1
cskvr,3,red,classic,1,7,no,lshift,1250,1
cskvr,3,red,classic,1,4,no,rshift,1146,1
cskvr,3,red,classic,1,6,no,rshift,597,1
cskvr,3,red,classic,1,9,no,lshift,1212,1
cskvr,3,red,classic,1,3,no,lshift,912,1
cskvr,3,red,classic,1,6,no,rshift,711,1
cskvr,3,red,classic,1,2,no,rshift,944,1
cskvr,3,red,classic,1,3,no,lshift,610,1
cskvr,3,red,classic,1,4,no,rshift,928,1
cskvr,3,red,classic,1,3,no,lshift,568,1
cskvr,3,red,classic,1,1,no,lshift,604,1
cskvr,3,red,classic,1,8,no,rshift,1711,1
cskvr,3,red,classic,1,7,no,lshift,566,1
cskvr,3,red,classic,1,7,no,lshift,630,1
cskvr,3,red,classic,0,9,no,rshift,769,1
cskvr,3,red,classic,1,7,no,lshift,396,1
cskvr,3,red,classic,1,4,no,rshift,611,1
cskvr,3,red,classic,1,3,no,lshift,951,1
cskvr,3,red,classic,1,9,no,lshift,724,1
cskvr,3,red,classic,1,3,no,lshift,807,1
cskvr,3,red,classic,1,9,no,lshift,501,1
cskvr,3,red,classic,1,7,no,lshift,1523,1
cskvr,3,red,classic,1,1,no,lshift,940,1
cskvr,3,red,classic,1,1,no,lshift,681,1
cskvr,3,red,classic,1,3,no,lshift,680,1
cskvr,3,red,classic,1,3,no,lshift,732,1
cskvr,3,red,classic,1,7,no,lshift,998,1
cskvr,3,red,classic,1,8,no,rshift,1332,1
cskvr,3,red,classic,1,4,no,rshift,524,1
cskvr,3,red,classic,1,2,no,rshift,682,1
cskvr,3,red,classic,1,7,no,lshift,1287,1
cskvr,3,red,classic,1,3,no,lshift,908,1
cskvr,3,red,classic,1,4,no,rshift,1151,1
cskvr,3,red,classic,1,4,no,rshift,2412,1
cskvr,3,red,classic,1,6,no,rshift,445,1
cskvr,3,red,classic,1,2,no,rshift,432,1
cskvr,3,red,classic,1,3,no,lshift,501,1
cskvr,3,red,classic,1,4,no,rshift,535,1
cskvr,3,red,classic,1,6,no,rshift,547,1
