ID_name,block,color,condition,correct_keyboard_response,number,practice,response_keyboard_response,response_time_keyboard_response,subject_nr
Pepsi42,0,red,arab,1,4,yes,lshift,530,1
Pepsi42,0,red,arab,1,1,yes,lshift,349,1
Pepsi42,0,blue,arab,1,9,yes,rshift,375,1
Pepsi42,0,blue,arab,1,8,yes,rshift,528,1
Pepsi42,0,blue,arab,1,2,yes,rshift,529,1
Pepsi42,0,red,arab,1,7,yes,lshift,1072,1
Pepsi42,0,blue,arab,1,4,yes,rshift,4012,1
Pepsi42,0,red,arab,1,3,yes,lshift,1588,1
Pepsi42,0,red,arab,1,9,yes,lshift,875,1
Pepsi42,0,blue,arab,1,6,yes,rshift,640,1
Pepsi42,0,red,arab,1,2,yes,lshift,675,1
Pepsi42,0,blue,arab,1,7,yes,rshift,813,1
Pepsi42,0,blue,arab,1,3,yes,rshift,501,1
Pepsi42,0,red,arab,1,8,yes,lshift,408,1
Pepsi42,0,blue,arab,1,1,yes,rshift,591,1
Pepsi42,0,red,arab,1,6,yes,lshift,401,1
Pepsi42,1,red,arab,1,9,no,lshift,404,1
Pepsi42,1,red,arab,1,9,no,lshift,349,1
Pepsi42,1,red,arab,1,7,no,lshift,482,1
Pepsi42,1,blue,arab,1,7,no,rshift,403,1
Pepsi42,1,blue,arab,1,8,no,rshift,445,1
Pepsi42,1,blue,arab,1,4,no,rshift,631,1
Pepsi42,1,blue,arab,1,6,no,rshift,524,1
Pepsi42,1,blue,arab,1,2,no,rshift,511,1
Pepsi42,1,red,arab,1,9,no,lshift,941,1
Pepsi42,1,blue,arab,1,4,no,rshift,1161,1
Pepsi42,1,red,arab,1,1,no,lshift,522,1
Pepsi42,1,red,arab,1,3,no,lshift,595,1
Pepsi42,1,blue,arab,1,2,no,rshift,471,1
Pepsi42,1,blue,arab,1,9,no,rshift,513,1
Pepsi42,1,red,arab,1,9,no,lshift,506,1
Pepsi42,1,red,arab,1,1,no,lshift,481,1
Pepsi42,1,blue,arab,1,8,no,rshift,546,1
Pepsi42,1,red,arab,1,3,no,lshift,439,1
Pepsi42,1,blue,arab,1,7,no,rshift,653,1
Pepsi42,1,blue,arab,1,4,no,rshift,492,1
Pepsi42,1,blue,arab,1,3,no,rshift,470,1
Pepsi42,1,red,arab,1,2,no,lshift,386,1
Pepsi42,1,red,arab,1,6,no,lshift,1124,1
Pepsi42,1,red,arab,1,1,no,lshift,448,1
Pepsi42,1,blue,arab,1,2,no,rshift,456,1
Pepsi42,1,blue,arab,1,3,no,rshift,552,1
Pepsi42,1,red,arab,1,3,no,lshift,456,1
Pepsi42,1,red,arab,1,1,no,lshift,571,1
Pepsi42,1,red,arab,1,3,no,lshift,584,1
Pepsi42,1,red,arab,1,9,no,lshift,541,1
Pepsi42,1,blue,arab,1,3,no,rshift,460,1
Pepsi42,1,red,arab,1,1,no,lshift,1110,1
Pepsi42,1,blue,arab,1,2,no,rshift,587,1
Pepsi42,1,blue,arab,1,1,no,rshift,575,1
Pepsi42,1,red,arab,1,4,no,lshift,377,1
Pepsi42,1,red,arab,1,7,no,lshift,664,1
Pepsi42,1,blue,arab,1,6,no,rshift,494,1
Pepsi42,1,red,arab,1,1,no,lshift,828,1
Pepsi42,1,red,arab,1,8,no,lshift,696,1
Pepsi42,1,blue,arab,1,8,no,rshift,457,1
Pepsi42,1,red,arab,1,6,no,lshift,476,1
Pepsi42,1,red,arab,1,2,no,lshift,531,1
Pepsi42,1,red,arab,1,6,no,lshift,528,1
Pepsi42,1,blue,arab,1,7,no,rshift,421,1
Pepsi42,1,blue,arab,1,3,no,rshift,397,1
Pepsi42,1,red,arab,1,6,no,lshift,393,1
Pepsi42,1,red,arab,1,7,no,lshift,447,1
Pepsi42,1,blue,arab,1,9,no,rshift,513,1
Pepsi42,1,blue,arab,1,9,no,rshift,450,1
Pepsi42,1,blue,arab,1,2,no,rshift,385,1
Pepsi42,1,red,arab,1,3,no,lshift,623,1
Pepsi42,1,red,arab,1,2,no,lshift,720,1
Pepsi42,1,red,arab,1,3,no,lshift,448,1
Pepsi42,1,blue,arab,1,2,no,rshift,448,1
Pepsi42,1,blue,arab,1,1,no,rshift,492,1
Pepsi42,1,blue,arab,1,9,no,rshift,507,1
Pepsi42,1,red,arab,1,4,no,lshift,327,1
Pepsi42,1,red,arab,1,8,no,lshift,862,1
Pepsi42,1,blue,arab,1,7,no,rshift,450,1
Pepsi42,1,blue,arab,1,1,no,rshift,467,1
Pepsi42,1,blue,arab,1,3,no,rshift,530,1
Pepsi42,1,red,arab,1,8,no,lshift,446,1
Pepsi42,1,blue,arab,1,9,no,rshift,445,1
Pepsi42,1,red,arab,1,7,no,lshift,417,1
Pepsi42,1,red,arab,1,2,no,lshift,476,1
Pepsi42,1,blue,arab,1,9,no,rshift,568,1
Pepsi42,1,red,arab,1,2,no,lshift,459,1
Pepsi42,1,blue,arab,1,9,no,rshift,591,1
Pepsi42,1,blue,arab,1,2,no,rshift,456,1
Pepsi42,1,blue,arab,1,6,no,rshift,484,1
Pepsi42,1,blue,arab,1,4,no,rshift,439,1
Pepsi42,1,red,arab,1,4,no,lshift,420,1
Pepsi42,1,blue,arab,1,6,no,rshift,464,1
Pepsi42,1,red,arab,1,7,no,lshift,601,1
Pepsi42,1,blue,arab,1,4,no,rshift,701,1
Pepsi42,1,red,arab,1,4,no,lshift,459,1
Pepsi42,1,blue,arab,1,6,no,rshift,395,1
Pepsi42,1,red,arab,1,4,no,lshift,812,1
Pepsi42,1,red,arab,1,4,no,lshift,518,1
Pepsi42,1,red,arab,1,2,no,lshift,422,1
Pepsi42,1,blue,arab,1,1,no,rshift,445,1
Pepsi42,1,blue,arab,1,1,no,rshift,601,1
Pepsi42,1,red,arab,1,9,no,lshift,406,1
Pepsi42,1,blue,arab,1,8,no,rshift,511,1
Pepsi42,1,red,arab,1,4,no,lshift,690,1
Pepsi42,1,blue,arab,1,8,no,rshift,498,1
Pepsi42,1,blue,arab,0,9,no,lshift,325,1
Pepsi42,1,red,arab,1,9,no,lshift,453,1
Pepsi42,1,blue,arab,1,3,no,rshift,852,1
Pepsi42,1,red,arab,1,6,no,lshift,574,1
Pepsi42,1,red,arab,1,6,no,lshift,560,1
Pepsi42,1,blue,arab,1,6,no,rshift,594,1
Pepsi42,1,blue,arab,1,9,no,rshift,454,1
Pepsi42,1,red,arab,1,3,no,lshift,552,1
Pepsi42,1,red,arab,1,1,no,lshift,1167,1
Pepsi42,1,red,arab,1,2,no,lshift,627,1
Pepsi42,1,blue,arab,1,4,no,rshift,746,1
Pepsi42,1,red,arab,1,7,no,lshift,660,1
Pepsi42,1,red,arab,1,6,no,lshift,528,1
Pepsi42,1,red,arab,1,1,no,lshift,839,1
Pepsi42,1,blue,arab,1,1,no,rshift,508,1
Pepsi42,1,blue,arab,1,7,no,rshift,483,1
Pepsi42,1,red,arab,1,1,no,lshift,434,1
Pepsi42,1,red,arab,1,9,no,lshift,544,1
Pepsi42,1,blue,arab,1,7,no,rshift,442,1
Pepsi42,1,blue,arab,1,6,no,rshift,575,1
Pepsi42,1,blue,arab,1,1,no,rshift,535,1
Pepsi42,1,red,arab,1,2,no,lshift,415,1
Pepsi42,1,blue,arab,1,3,no,rshift,558,1
Pepsi42,1,blue,arab,1,6,no,rshift,455,1
Pepsi42,1,red,arab,1,7,no,lshift,443,1
Pepsi42,1,red,arab,1,8,no,lshift,1007,1
Pepsi42,1,blue,arab,1,8,no,rshift,1144,1
Pepsi42,1,red,arab,1,6,no,lshift,567,1
Pepsi42,1,red,arab,1,1,no,lshift,1202,1
Pepsi42,1,blue,arab,1,2,no,rshift,600,1
Pepsi42,1,blue,arab,1,7,no,rshift,928,1
Pepsi42,1,blue,arab,1,4,no,rshift,734,1
Pepsi42,1,blue,arab,1,1,no,rshift,738,1
Pepsi42,1,red,arab,1,8,no,lshift,517,1
Pepsi42,1,blue,arab,1,4,no,rshift,2474,1
Pepsi42,1,red,arab,1,8,no,lshift,465,1
Pepsi42,1,blue,arab,1,9,no,rshift,751,1
Pepsi42,1,red,arab,1,9,no,lshift,450,1
Pepsi42,1,red,arab,1,4,no,lshift,560,1
Pepsi42,1,red,arab,1,3,no,lshift,838,1
Pepsi42,1,blue,arab,1,7,no,rshift,470,1
Pepsi42,1,blue,arab,1,4,no,rshift,537,1
Pepsi42,1,blue,arab,1,8,no,rshift,557,1
Pepsi42,1,red,arab,1,3,no,lshift,627,1
Pepsi42,1,blue,arab,1,2,no,rshift,1026,1
Pepsi42,1,red,arab,1,4,no,lshift,526,1
Pepsi42,1,red,arab,1,8,no,lshift,614,1
Pepsi42,1,blue,arab,1,6,no,rshift,470,1
Pepsi42,1,blue,arab,1,3,no,rshift,587,1
Pepsi42,1,red,arab,1,2,no,lshift,500,1
Pepsi42,1,red,arab,1,4,no,lshift,549,1
Pepsi42,1,red,arab,1,8,no,lshift,434,1
Pepsi42,1,blue,arab,1,3,no,rshift,562,1
Pepsi42,1,blue,arab,1,7,no,rshift,492,1
Pepsi42,1,blue,arab,1,4,no,rshift,465,1
Pepsi42,1,red,arab,1,7,no,lshift,491,1
Pepsi42,1,blue,arab,1,3,no,rshift,571,1
Pepsi42,1,red,arab,1,6,no,lshift,633,1
Pepsi42,1,blue,arab,1,8,no,rshift,417,1
Pepsi42,1,red,arab,1,8,no,lshift,323,1
Pepsi42,1,red,arab,1,8,no,lshift,581,1
Pepsi42,1,red,arab,1,9,no,lshift,464,1
Pepsi42,1,blue,arab,1,2,no,rshift,492,1
Pepsi42,1,red,arab,1,2,no,lshift,555,1
Pepsi42,1,red,arab,1,7,no,lshift,439,1
Pepsi42,1,blue,arab,1,6,no,rshift,473,1
Pepsi42,1,blue,arab,1,7,no,rshift,488,1
Pepsi42,1,red,arab,1,3,no,lshift,419,1
Pepsi42,1,red,arab,1,7,no,lshift,459,1
Pepsi42,1,blue,arab,1,1,no,rshift,389,1
Pepsi42,1,blue,arab,0,8,no,lshift,904,1
Pepsi42,1,red,arab,1,6,no,lshift,433,1
Pepsi42,1,blue,arab,1,8,no,rshift,412,1
Pepsi42,1,blue,arab,1,1,no,rshift,441,1
Pepsi42,2,red,arab,1,7,no,lshift,597,1
Pepsi42,2,blue,arab,0,9,no,lshift,360,1
Pepsi42,2,blue,arab,1,6,no,rshift,512,1
Pepsi42,2,red,arab,1,1,no,lshift,381,1
Pepsi42,2,red,arab,1,3,no,lshift,468,1
Pepsi42,2,blue,arab,1,2,no,rshift,599,1
Pepsi42,2,red,arab,1,7,no,lshift,435,1
Pepsi42,2,red,arab,1,1,no,lshift,467,1
Pepsi42,2,red,arab,1,6,no,lshift,423,1
Pepsi42,2,blue,arab,1,6,no,rshift,475,1
Pepsi42,2,red,arab,1,9,no,lshift,533,1
Pepsi42,2,red,arab,1,9,no,lshift,494,1
Pepsi42,2,red,arab,1,2,no,lshift,421,1
Pepsi42,2,blue,arab,1,4,no,rshift,519,1
Pepsi42,2,blue,arab,1,7,no,rshift,495,1
Pepsi42,2,red,arab,1,8,no,lshift,484,1
Pepsi42,2,red,arab,1,4,no,lshift,442,1
Pepsi42,2,red,arab,1,2,no,lshift,504,1
Pepsi42,2,red,arab,1,3,no,lshift,396,1
Pepsi42,2,red,arab,1,6,no,lshift,396,1
Pepsi42,2,blue,arab,1,2,no,rshift,1496,1
Pepsi42,2,red,arab,0,9,no,rshift,741,1
Pepsi42,2,blue,arab,1,8,no,rshift,449,1
Pepsi42,2,red,arab,1,8,no,lshift,463,1
Pepsi42,2,red,arab,1,3,no,lshift,512,1
Pepsi42,2,red,arab,1,4,no,lshift,482,1
Pepsi42,2,blue,arab,1,6,no,rshift,401,1
Pepsi42,2,red,arab,1,6,no,lshift,593,1
Pepsi42,2,blue,arab,1,1,no,rshift,481,1
Pepsi42,2,blue,arab,1,4,no,rshift,461,1
Pepsi42,2,blue,arab,1,9,no,rshift,435,1
Pepsi42,2,red,arab,1,1,no,lshift,381,1
Pepsi42,2,blue,arab,1,3,no,rshift,486,1
Pepsi42,2,red,arab,1,8,no,lshift,554,1
Pepsi42,2,blue,arab,1,8,no,rshift,478,1
Pepsi42,2,red,arab,1,1,no,lshift,500,1
Pepsi42,2,blue,arab,1,2,no,rshift,546,1
Pepsi42,2,blue,arab,1,7,no,rshift,577,1
Pepsi42,2,blue,arab,1,8,no,rshift,504,1
Pepsi42,2,blue,arab,1,1,no,rshift,618,1
Pepsi42,2,blue,arab,1,3,no,rshift,472,1
Pepsi42,2,red,arab,1,1,no,lshift,771,1
Pepsi42,2,red,arab,1,6,no,lshift,724,1
Pepsi42,2,red,arab,1,1,no,lshift,585,1
Pepsi42,2,blue,arab,1,6,no,rshift,497,1
Pepsi42,2,red,arab,1,7,no,lshift,732,1
Pepsi42,2,red,arab,1,6,no,lshift,598,1
Pepsi42,2,blue,arab,1,9,no,rshift,514,1
Pepsi42,2,red,arab,1,9,no,lshift,488,1
Pepsi42,2,blue,arab,1,2,no,rshift,499,1
Pepsi42,2,blue,arab,1,8,no,rshift,453,1
Pepsi42,2,blue,arab,1,8,no,rshift,445,1
Pepsi42,2,blue,arab,1,6,no,rshift,390,1
Pepsi42,2,blue,arab,1,2,no,rshift,447,1
Pepsi42,2,blue,arab,1,3,no,rshift,464,1
Pepsi42,2,red,arab,1,3,no,lshift,437,1
Pepsi42,2,blue,arab,1,1,no,rshift,528,1
Pepsi42,2,red,arab,1,3,no,lshift,465,1
Pepsi42,2,red,arab,1,6,no,lshift,435,1
Pepsi42,2,red,arab,1,9,no,lshift,374,1
Pepsi42,2,red,arab,1,2,no,lshift,426,1
Pepsi42,2,red,arab,1,6,no,lshift,458,1
Pepsi42,2,blue,arab,1,1,no,rshift,560,1
Pepsi42,2,red,arab,1,7,no,lshift,503,1
Pepsi42,2,blue,arab,1,4,no,rshift,499,1
Pepsi42,2,red,arab,1,4,no,lshift,445,1
Pepsi42,2,red,arab,1,8,no,lshift,399,1
Pepsi42,2,blue,arab,1,1,no,rshift,543,1
Pepsi42,2,blue,arab,1,4,no,rshift,428,1
Pepsi42,2,red,arab,1,7,no,lshift,402,1
Pepsi42,2,blue,arab,1,3,no,rshift,490,1
Pepsi42,2,red,arab,1,8,no,lshift,522,1
Pepsi42,2,red,arab,1,4,no,lshift,466,1
Pepsi42,2,red,arab,1,2,no,lshift,421,1
Pepsi42,2,red,arab,1,7,no,lshift,425,1
Pepsi42,2,blue,arab,1,2,no,rshift,467,1
Pepsi42,2,red,arab,1,3,no,lshift,498,1
Pepsi42,2,red,arab,1,6,no,lshift,470,1
Pepsi42,2,red,arab,1,2,no,lshift,437,1
Pepsi42,2,blue,arab,1,2,no,rshift,496,1
Pepsi42,2,blue,arab,1,3,no,rshift,503,1
Pepsi42,2,blue,arab,1,9,no,rshift,485,1
Pepsi42,2,blue,arab,1,4,no,rshift,553,1
Pepsi42,2,red,arab,1,1,no,lshift,408,1
Pepsi42,2,red,arab,1,3,no,lshift,477,1
Pepsi42,2,blue,arab,1,1,no,rshift,511,1
Pepsi42,2,red,arab,1,1,no,lshift,496,1
Pepsi42,2,blue,arab,1,4,no,rshift,495,1
Pepsi42,2,blue,arab,1,8,no,rshift,527,1
Pepsi42,2,blue,arab,1,1,no,rshift,472,1
Pepsi42,2,blue,arab,1,6,no,rshift,384,1
Pepsi42,2,red,arab,1,6,no,lshift,397,1
Pepsi42,2,blue,arab,1,4,no,rshift,667,1
Pepsi42,2,blue,arab,1,8,no,rshift,399,1
Pepsi42,2,blue,arab,1,7,no,rshift,456,1
Pepsi42,2,red,arab,1,1,no,lshift,490,1
Pepsi42,2,red,arab,1,8,no,lshift,477,1
Pepsi42,2,blue,arab,1,1,no,rshift,524,1
Pepsi42,2,blue,arab,1,3,no,rshift,561,1
Pepsi42,2,blue,arab,1,9,no,rshift,481,1
Pepsi42,2,blue,arab,1,8,no,rshift,454,1
Pepsi42,2,blue,arab,1,7,no,rshift,446,1
Pepsi42,2,blue,arab,1,3,no,rshift,441,1
Pepsi42,2,red,arab,1,7,no,lshift,615,1
Pepsi42,2,blue,arab,1,1,no,rshift,435,1
Pepsi42,2,red,arab,1,8,no,lshift,473,1
Pepsi42,2,blue,arab,1,9,no,rshift,462,1
Pepsi42,2,blue,arab,1,7,no,rshift,463,1
Pepsi42,2,red,arab,1,3,no,lshift,486,1
Pepsi42,2,blue,arab,1,3,no,rshift,441,1
Pepsi42,2,red,arab,1,9,no,lshift,442,1
Pepsi42,2,red,arab,1,8,no,lshift,838,1
Pepsi42,2,red,arab,1,7,no,lshift,579,1
Pepsi42,2,red,arab,1,4,no,lshift,462,1
Pepsi42,2,blue,arab,1,4,no,rshift,465,1
Pepsi42,2,blue,arab,1,6,no,rshift,561,1
Pepsi42,2,blue,arab,1,7,no,rshift,446,1
Pepsi42,2,red,arab,1,4,no,lshift,452,1
Pepsi42,2,blue,arab,1,4,no,rshift,536,1
Pepsi42,2,red,arab,1,2,no,lshift,411,1
Pepsi42,2,blue,arab,1,4,no,rshift,647,1
Pepsi42,2,red,arab,1,4,no,lshift,475,1
Pepsi42,2,blue,arab,1,7,no,rshift,549,1
Pepsi42,2,red,arab,1,3,no,lshift,381,1
Pepsi42,2,red,arab,1,7,no,lshift,788,1
Pepsi42,2,red,arab,1,3,no,lshift,443,1
Pepsi42,2,blue,arab,1,9,no,rshift,467,1
Pepsi42,2,blue,arab,1,8,no,rshift,564,1
Pepsi42,2,blue,arab,1,9,no,rshift,448,1
Pepsi42,2,red,arab,1,4,no,lshift,428,1
Pepsi42,2,blue,arab,1,2,no,rshift,475,1
Pepsi42,2,blue,arab,1,3,no,rshift,460,1
Pepsi42,2,blue,arab,1,9,no,rshift,369,1
Pepsi42,2,red,arab,1,2,no,lshift,431,1
Pepsi42,2,red,arab,1,9,no,lshift,624,1
Pepsi42,2,red,arab,1,8,no,lshift,466,1
Pepsi42,2,red,arab,1,7,no,lshift,362,1
Pepsi42,2,blue,arab,1,7,no,rshift,409,1
Pepsi42,2,red,arab,1,4,no,lshift,571,1
Pepsi42,2,red,arab,1,9,no,lshift,412,1
Pepsi42,2,red,arab,1,2,no,lshift,434,1
Pepsi42,2,red,arab,1,1,no,lshift,509,1
Pepsi42,2,blue,arab,1,6,no,rshift,607,1
Pepsi42,2,blue,arab,1,6,no,rshift,479,1
Pepsi42,2,blue,arab,1,7,no,rshift,442,1
Pepsi42,2,red,arab,1,2,no,lshift,453,1
Pepsi42,2,red,arab,1,2,no,lshift,701,1
Pepsi42,2,blue,arab,1,9,no,rshift,498,1
Pepsi42,2,blue,arab,1,1,no,rshift,518,1
Pepsi42,2,blue,arab,1,6,no,rshift,506,1
Pepsi42,2,red,arab,1,9,no,lshift,469,1
Pepsi42,2,red,arab,1,9,no,lshift,790,1
Pepsi42,2,blue,arab,1,8,no,rshift,871,1
Pepsi42,2,red,arab,1,4,no,lshift,567,1
Pepsi42,2,red,arab,1,8,no,lshift,564,1
Pepsi42,2,blue,arab,1,2,no,rshift,593,1
Pepsi42,2,red,arab,1,6,no,lshift,584,1
Pepsi42,2,blue,arab,1,7,no,rshift,630,1
Pepsi42,2,blue,arab,1,2,no,rshift,500,1
Pepsi42,2,blue,arab,1,3,no,rshift,462,1
Pepsi42,3,red,arab,1,3,no,lshift,1229,1
Pepsi42,3,red,arab,1,4,no,lshift,441,1
Pepsi42,3,red,arab,1,2,no,lshift,452,1
Pepsi42,3,red,arab,1,9,no,lshift,484,1
Pepsi42,3,red,arab,1,1,no,lshift,397,1
Pepsi42,3,red,arab,1,8,no,lshift,1378,1
Pepsi42,3,red,arab,1,3,no,lshift,475,1
Pepsi42,3,blue,arab,1,2,no,rshift,449,1
Pepsi42,3,red,arab,1,4,no,lshift,412,1
Pepsi42,3,red,arab,0,8,no,rshift,661,1
Pepsi42,3,blue,arab,1,3,no,rshift,677,1
Pepsi42,3,red,arab,1,7,no,lshift,472,1
Pepsi42,3,red,arab,1,8,no,lshift,450,1
Pepsi42,3,blue,arab,1,7,no,rshift,444,1
Pepsi42,3,red,arab,1,6,no,lshift,398,1
Pepsi42,3,blue,arab,1,6,no,rshift,370,1
Pepsi42,3,red,arab,1,2,no,lshift,433,1
Pepsi42,3,blue,arab,1,3,no,rshift,452,1
Pepsi42,3,red,arab,1,4,no,lshift,430,1
Pepsi42,3,blue,arab,1,7,no,rshift,377,1
Pepsi42,3,red,arab,1,9,no,lshift,438,1
Pepsi42,3,blue,arab,1,3,no,rshift,580,1
Pepsi42,3,blue,arab,1,2,no,rshift,408,1
Pepsi42,3,blue,arab,1,4,no,rshift,536,1
Pepsi42,3,blue,arab,1,9,no,rshift,364,1
Pepsi42,3,blue,arab,1,6,no,rshift,370,1
Pepsi42,3,blue,arab,1,7,no,rshift,500,1
Pepsi42,3,blue,arab,1,4,no,rshift,338,1
Pepsi42,3,red,arab,1,9,no,lshift,352,1
Pepsi42,3,red,arab,1,2,no,lshift,354,1
Pepsi42,3,blue,arab,1,7,no,rshift,483,1
Pepsi42,3,blue,arab,1,9,no,rshift,511,1
Pepsi42,3,red,arab,1,2,no,lshift,492,1
Pepsi42,3,blue,arab,1,2,no,rshift,447,1
Pepsi42,3,blue,arab,1,8,no,rshift,472,1
Pepsi42,3,red,arab,1,8,no,lshift,416,1
Pepsi42,3,blue,arab,1,9,no,rshift,362,1
Pepsi42,3,red,arab,1,1,no,lshift,458,1
Pepsi42,3,blue,arab,1,7,no,rshift,384,1
Pepsi42,3,red,arab,1,3,no,lshift,637,1
Pepsi42,3,blue,arab,1,4,no,rshift,453,1
Pepsi42,3,red,arab,1,3,no,lshift,530,1
Pepsi42,3,blue,arab,1,9,no,rshift,326,1
Pepsi42,3,blue,arab,1,7,no,rshift,358,1
Pepsi42,3,blue,arab,1,1,no,rshift,432,1
Pepsi42,3,blue,arab,1,8,no,rshift,521,1
Pepsi42,3,red,arab,1,9,no,lshift,393,1
Pepsi42,3,blue,arab,1,4,no,rshift,562,1
Pepsi42,3,blue,arab,1,1,no,rshift,444,1
Pepsi42,3,blue,arab,1,4,no,rshift,394,1
Pepsi42,3,blue,arab,1,7,no,rshift,456,1
Pepsi42,3,red,arab,1,2,no,lshift,440,1
Pepsi42,3,blue,arab,1,8,no,rshift,476,1
Pepsi42,3,red,arab,1,8,no,lshift,379,1
Pepsi42,3,red,arab,1,6,no,lshift,523,1
Pepsi42,3,blue,arab,1,2,no,rshift,354,1
Pepsi42,3,red,arab,1,2,no,lshift,412,1
Pepsi42,3,blue,arab,1,4,no,rshift,331,1
Pepsi42,3,blue,arab,1,1,no,rshift,459,1
Pepsi42,3,red,arab,1,8,no,lshift,395,1
Pepsi42,3,blue,arab,1,3,no,rshift,346,1
Pepsi42,3,red,arab,1,9,no,lshift,379,1
Pepsi42,3,red,arab,1,1,no,lshift,507,1
Pepsi42,3,red,arab,1,8,no,lshift,406,1
Pepsi42,3,blue,arab,1,6,no,rshift,354,1
Pepsi42,3,blue,arab,1,6,no,rshift,366,1
Pepsi42,3,red,arab,1,3,no,lshift,398,1
Pepsi42,3,blue,arab,1,8,no,rshift,389,1
Pepsi42,3,red,arab,1,6,no,lshift,414,1
Pepsi42,3,red,arab,1,8,no,lshift,457,1
Pepsi42,3,blue,arab,1,1,no,rshift,1273,1
Pepsi42,3,blue,arab,1,8,no,rshift,457,1
Pepsi42,3,blue,arab,1,4,no,rshift,408,1
Pepsi42,3,red,arab,1,4,no,lshift,450,1
Pepsi42,3,red,arab,1,1,no,lshift,472,1
Pepsi42,3,blue,arab,1,7,no,rshift,371,1
Pepsi42,3,blue,arab,1,8,no,rshift,360,1
Pepsi42,3,blue,arab,1,6,no,rshift,376,1
Pepsi42,3,red,arab,1,7,no,lshift,374,1
Pepsi42,3,red,arab,1,7,no,lshift,517,1
Pepsi42,3,red,arab,1,7,no,lshift,505,1
Pepsi42,3,red,arab,1,9,no,lshift,417,1
Pepsi42,3,red,arab,1,4,no,lshift,446,1
Pepsi42,3,red,arab,0,9,no,rshift,338,1
Pepsi42,3,blue,arab,0,8,no,lshift,430,1
Pepsi42,3,blue,arab,1,8,no,rshift,388,1
Pepsi42,3,red,arab,1,4,no,lshift,362,1
Pepsi42,3,blue,arab,1,3,no,rshift,447,1
Pepsi42,3,blue,arab,1,7,no,rshift,422,1
Pepsi42,3,red,arab,1,3,no,lshift,420,1
Pepsi42,3,red,arab,1,7,no,lshift,466,1
Pepsi42,3,red,arab,1,1,no,lshift,468,1
Pepsi42,3,red,arab,1,7,no,lshift,569,1
Pepsi42,3,blue,arab,1,2,no,rshift,347,1
Pepsi42,3,red,arab,1,6,no,lshift,420,1
Pepsi42,3,red,arab,1,1,no,lshift,447,1
Pepsi42,3,red,arab,1,2,no,lshift,571,1
Pepsi42,3,red,arab,1,4,no,lshift,361,1
Pepsi42,3,blue,arab,1,1,no,rshift,473,1
Pepsi42,3,blue,arab,1,6,no,rshift,453,1
Pepsi42,3,red,arab,1,4,no,lshift,371,1
Pepsi42,3,blue,arab,0,1,no,lshift,424,1
Pepsi42,3,red,arab,1,2,no,lshift,527,1
Pepsi42,3,red,arab,1,3,no,lshift,406,1
Pepsi42,3,red,arab,1,8,no,lshift,690,1
Pepsi42,3,blue,arab,1,7,no,rshift,1982,1
Pepsi42,3,red,arab,1,6,no,lshift,473,1
Pepsi42,3,red,arab,1,9,no,lshift,409,1
Pepsi42,3,red,arab,1,1,no,lshift,427,1
Pepsi42,3,red,arab,1,6,no,lshift,417,1
Pepsi42,3,red,arab,1,1,no,lshift,392,1
Pepsi42,3,blue,arab,1,6,no,rshift,462,1
Pepsi42,3,blue,arab,1,2,no,rshift,517,1
Pepsi42,3,blue,arab,1,1,no,rshift,603,1
Pepsi42,3,red,arab,1,9,no,lshift,415,1
Pepsi42,3,blue,arab,1,6,no,rshift,600,1
Pepsi42,3,blue,arab,1,1,no,rshift,463,1
Pepsi42,3,red,arab,1,2,no,lshift,701,1
Pepsi42,3,blue,arab,1,2,no,rshift,1012,1
Pepsi42,3,red,arab,1,6,no,lshift,485,1
Pepsi42,3,red,arab,1,1,no,lshift,426,1
Pepsi42,3,blue,arab,1,8,no,rshift,433,1
Pepsi42,3,red,arab,1,7,no,lshift,770,1
Pepsi42,3,blue,arab,1,3,no,rshift,545,1
Pepsi42,3,blue,arab,1,1,no,rshift,495,1
Pepsi42,3,red,arab,1,4,no,lshift,523,1
Pepsi42,3,red,arab,1,3,no,lshift,397,1
Pepsi42,3,blue,arab,1,4,no,rshift,520,1
Pepsi42,3,red,arab,1,4,no,lshift,297,1
Pepsi42,3,blue,arab,1,3,no,rshift,426,1
Pepsi42,3,blue,arab,1,9,no,rshift,445,1
Pepsi42,3,red,arab,1,8,no,lshift,387,1
Pepsi42,3,blue,arab,1,2,no,rshift,496,1
Pepsi42,3,blue,arab,1,9,no,rshift,518,1
Pepsi42,3,blue,arab,1,9,no,rshift,377,1
Pepsi42,3,blue,arab,1,6,no,rshift,457,1
Pepsi42,3,blue,arab,1,6,no,rshift,514,1
Pepsi42,3,red,arab,1,7,no,lshift,416,1
Pepsi42,3,red,arab,1,6,no,lshift,494,1
Pepsi42,3,blue,arab,1,9,no,rshift,377,1
Pepsi42,3,blue,arab,1,4,no,rshift,340,1
Pepsi42,3,red,arab,1,7,no,lshift,380,1
Pepsi42,3,red,arab,1,2,no,lshift,519,1
Pepsi42,3,red,arab,1,6,no,lshift,425,1
Pepsi42,3,red,arab,1,9,no,lshift,383,1
Pepsi42,3,blue,arab,1,2,no,rshift,507,1
Pepsi42,3,blue,arab,1,3,no,rshift,404,1
Pepsi42,3,red,arab,1,3,no,lshift,427,1
Pepsi42,3,blue,arab,1,1,no,rshift,438,1
Pepsi42,3,blue,arab,1,3,no,rshift,406,1
Pepsi42,3,blue,arab,1,8,no,rshift,401,1
Pepsi42,3,red,arab,1,3,no,lshift,406,1
Pepsi42,3,red,arab,1,7,no,lshift,459,1
Pepsi42,3,red,arab,1,6,no,lshift,430,1
Pepsi42,3,blue,arab,1,9,no,rshift,430,1
Pepsi42,3,blue,arab,1,4,no,rshift,427,1
Pepsi42,3,blue,arab,1,3,no,rshift,380,1
Pepsi42,3,red,arab,1,1,no,lshift,395,1
Pepsi42,3,blue,arab,1,2,no,rshift,435,1
Pepsi42,3,blue,arab,1,9,no,rshift,430,1
Pepsi42,0,blue,dot,1,2,yes,rshift,748,1
Pepsi42,0,blue,dot,1,9,yes,rshift,421,1
Pepsi42,0,red,dot,1,3,yes,lshift,321,1
Pepsi42,0,blue,dot,1,8,yes,rshift,275,1
Pepsi42,0,blue,dot,1,3,yes,rshift,433,1
Pepsi42,0,red,dot,1,6,yes,lshift,315,1
Pepsi42,0,red,dot,1,7,yes,lshift,442,1
Pepsi42,0,blue,dot,1,4,yes,rshift,372,1
Pepsi42,0,blue,dot,1,6,yes,rshift,381,1
Pepsi42,0,red,dot,1,2,yes,lshift,265,1
Pepsi42,0,red,dot,1,1,yes,lshift,420,1
Pepsi42,0,blue,dot,1,1,yes,rshift,329,1
Pepsi42,0,red,dot,1,9,yes,lshift,419,1
Pepsi42,0,red,dot,1,4,yes,lshift,532,1
Pepsi42,0,blue,dot,1,7,yes,rshift,541,1
Pepsi42,0,red,dot,1,8,yes,lshift,471,1
Pepsi42,1,blue,dot,1,4,no,rshift,449,1
Pepsi42,1,blue,dot,1,2,no,rshift,540,1
Pepsi42,1,red,dot,1,8,no,lshift,6141,1
Pepsi42,1,blue,dot,1,8,no,rshift,392,1
Pepsi42,1,blue,dot,1,3,no,rshift,340,1
Pepsi42,1,red,dot,1,4,no,lshift,306,1
Pepsi42,1,red,dot,1,4,no,lshift,499,1
Pepsi42,1,red,dot,1,2,no,lshift,598,1
Pepsi42,1,blue,dot,1,7,no,rshift,448,1
Pepsi42,1,red,dot,1,9,no,lshift,1056,1
Pepsi42,1,blue,dot,1,7,no,rshift,525,1
Pepsi42,1,red,dot,1,6,no,lshift,375,1
Pepsi42,1,red,dot,1,4,no,lshift,446,1
Pepsi42,1,red,dot,1,3,no,lshift,465,1
Pepsi42,1,blue,dot,1,9,no,rshift,373,1
Pepsi42,1,red,dot,1,9,no,lshift,555,1
Pepsi42,1,blue,dot,1,8,no,rshift,367,1
Pepsi42,1,red,dot,1,4,no,lshift,442,1
Pepsi42,1,blue,dot,0,9,no,lshift,519,1
Pepsi42,1,red,dot,1,7,no,lshift,327,1
Pepsi42,1,blue,dot,1,1,no,rshift,266,1
Pepsi42,1,red,dot,1,8,no,lshift,437,1
Pepsi42,1,red,dot,1,8,no,lshift,490,1
Pepsi42,1,red,dot,1,9,no,lshift,454,1
Pepsi42,1,red,dot,1,9,no,lshift,485,1
Pepsi42,1,blue,dot,1,1,no,rshift,382,1
Pepsi42,1,blue,dot,1,7,no,rshift,381,1
Pepsi42,1,blue,dot,1,1,no,rshift,349,1
Pepsi42,1,blue,dot,0,8,no,lshift,240,1
Pepsi42,1,blue,dot,0,1,no,lshift,284,1
Pepsi42,1,blue,dot,1,7,no,rshift,413,1
Pepsi42,1,blue,dot,1,6,no,rshift,371,1
Pepsi42,1,blue,dot,1,4,no,rshift,467,1
Pepsi42,1,red,dot,1,1,no,lshift,390,1
Pepsi42,1,red,dot,1,4,no,lshift,361,1
Pepsi42,1,blue,dot,1,9,no,rshift,406,1
Pepsi42,1,blue,dot,1,8,no,rshift,388,1
Pepsi42,1,red,dot,1,2,no,lshift,442,1
Pepsi42,1,red,dot,1,2,no,lshift,347,1
Pepsi42,1,red,dot,1,3,no,lshift,349,1
Pepsi42,1,red,dot,1,2,no,lshift,423,1
Pepsi42,1,red,dot,1,1,no,lshift,440,1
Pepsi42,1,blue,dot,1,8,no,rshift,504,1
Pepsi42,1,red,dot,1,6,no,lshift,395,1
Pepsi42,1,blue,dot,1,9,no,rshift,416,1
Pepsi42,1,blue,dot,1,4,no,rshift,603,1
Pepsi42,1,red,dot,1,3,no,lshift,398,1
Pepsi42,1,red,dot,1,4,no,lshift,383,1
Pepsi42,1,blue,dot,1,9,no,rshift,485,1
Pepsi42,1,blue,dot,1,3,no,rshift,348,1
Pepsi42,1,red,dot,1,3,no,lshift,382,1
Pepsi42,1,red,dot,1,8,no,lshift,573,1
Pepsi42,1,blue,dot,1,3,no,rshift,725,1
Pepsi42,1,red,dot,1,9,no,lshift,427,1
Pepsi42,1,red,dot,1,9,no,lshift,369,1
Pepsi42,1,blue,dot,1,3,no,rshift,537,1
Pepsi42,1,blue,dot,1,8,no,rshift,446,1
Pepsi42,1,red,dot,1,3,no,lshift,411,1
Pepsi42,1,red,dot,1,6,no,lshift,379,1
Pepsi42,1,blue,dot,1,4,no,rshift,484,1
Pepsi42,1,blue,dot,1,1,no,rshift,451,1
Pepsi42,1,red,dot,1,7,no,lshift,424,1
Pepsi42,1,blue,dot,1,1,no,rshift,538,1
Pepsi42,1,red,dot,1,8,no,lshift,313,1
Pepsi42,1,blue,dot,1,4,no,rshift,752,1
Pepsi42,1,red,dot,1,7,no,lshift,375,1
Pepsi42,1,red,dot,1,7,no,lshift,426,1
Pepsi42,1,blue,dot,1,9,no,rshift,429,1
Pepsi42,1,red,dot,1,6,no,lshift,402,1
Pepsi42,1,red,dot,1,7,no,lshift,510,1
Pepsi42,1,red,dot,1,7,no,lshift,416,1
Pepsi42,1,red,dot,1,3,no,lshift,315,1
Pepsi42,1,red,dot,1,4,no,lshift,510,1
Pepsi42,1,red,dot,1,8,no,lshift,545,1
Pepsi42,1,blue,dot,1,1,no,rshift,409,1
Pepsi42,1,red,dot,1,7,no,lshift,445,1
Pepsi42,1,red,dot,1,9,no,lshift,458,1
Pepsi42,1,blue,dot,1,6,no,rshift,409,1
Pepsi42,1,red,dot,1,8,no,lshift,741,1
Pepsi42,1,blue,dot,1,6,no,rshift,718,1
Pepsi42,1,red,dot,1,6,no,lshift,537,1
Pepsi42,1,red,dot,1,1,no,lshift,294,1
Pepsi42,1,red,dot,1,1,no,lshift,517,1
Pepsi42,1,blue,dot,1,6,no,rshift,381,1
Pepsi42,1,blue,dot,1,2,no,rshift,338,1
Pepsi42,1,blue,dot,1,6,no,rshift,659,1
Pepsi42,1,red,dot,1,7,no,lshift,507,1
Pepsi42,1,red,dot,1,2,no,lshift,390,1
Pepsi42,1,blue,dot,1,1,no,rshift,504,1
Pepsi42,1,red,dot,1,1,no,lshift,275,1
Pepsi42,1,red,dot,1,2,no,lshift,396,1
Pepsi42,1,blue,dot,1,3,no,rshift,697,1
Pepsi42,1,blue,dot,1,2,no,rshift,500,1
Pepsi42,1,blue,dot,1,7,no,rshift,490,1
Pepsi42,1,blue,dot,1,6,no,rshift,418,1
Pepsi42,1,blue,dot,1,3,no,rshift,457,1
Pepsi42,1,red,dot,1,8,no,lshift,498,1
Pepsi42,1,red,dot,1,9,no,lshift,459,1
Pepsi42,1,blue,dot,1,7,no,rshift,820,1
Pepsi42,1,blue,dot,1,9,no,rshift,1585,1
Pepsi42,1,red,dot,1,1,no,lshift,1916,1
Pepsi42,1,blue,dot,1,6,no,rshift,1083,1
Pepsi42,1,blue,dot,1,8,no,rshift,399,1
Pepsi42,1,blue,dot,1,2,no,rshift,466,1
Pepsi42,1,blue,dot,1,2,no,rshift,481,1
Pepsi42,1,blue,dot,1,7,no,rshift,448,1
Pepsi42,1,red,dot,1,7,no,lshift,485,1
Pepsi42,1,red,dot,1,1,no,lshift,438,1
Pepsi42,1,red,dot,0,3,no,rshift,344,1
Pepsi42,1,red,dot,1,4,no,lshift,628,1
Pepsi42,1,red,dot,1,4,no,lshift,497,1
Pepsi42,1,red,dot,1,2,no,lshift,374,1
Pepsi42,1,red,dot,1,6,no,lshift,353,1
Pepsi42,1,blue,dot,1,8,no,rshift,313,1
Pepsi42,1,blue,dot,1,4,no,rshift,382,1
Pepsi42,1,blue,dot,1,2,no,rshift,400,1
Pepsi42,1,blue,dot,1,6,no,rshift,504,1
Pepsi42,1,red,dot,1,3,no,lshift,380,1
Pepsi42,1,blue,dot,1,7,no,rshift,373,1
Pepsi42,1,red,dot,1,3,no,lshift,510,1
Pepsi42,1,red,dot,1,7,no,lshift,476,1
Pepsi42,1,blue,dot,1,2,no,rshift,332,1
Pepsi42,1,red,dot,1,6,no,lshift,407,1
Pepsi42,1,blue,dot,1,6,no,rshift,736,1
Pepsi42,1,red,dot,1,9,no,lshift,380,1
Pepsi42,1,red,dot,1,8,no,lshift,453,1
Pepsi42,1,blue,dot,1,7,no,rshift,529,1
Pepsi42,1,blue,dot,1,9,no,rshift,664,1
Pepsi42,1,red,dot,1,1,no,lshift,419,1
Pepsi42,1,blue,dot,1,8,no,rshift,348,1
Pepsi42,1,red,dot,1,1,no,lshift,363,1
Pepsi42,1,blue,dot,1,3,no,rshift,521,1
Pepsi42,1,blue,dot,1,4,no,rshift,463,1
Pepsi42,1,blue,dot,1,3,no,rshift,497,1
Pepsi42,1,red,dot,1,6,no,lshift,387,1
Pepsi42,1,blue,dot,1,1,no,rshift,404,1
Pepsi42,1,red,dot,1,2,no,lshift,509,1
Pepsi42,1,blue,dot,1,2,no,rshift,521,1
Pepsi42,1,red,dot,1,6,no,lshift,317,1
Pepsi42,1,red,dot,0,9,no,rshift,299,1
Pepsi42,1,blue,dot,1,6,no,rshift,327,1
Pepsi42,1,blue,dot,1,9,no,rshift,440,1
Pepsi42,1,blue,dot,1,7,no,rshift,437,1
Pepsi42,1,blue,dot,1,9,no,rshift,432,1
Pepsi42,1,blue,dot,1,4,no,rshift,415,1
Pepsi42,1,blue,dot,1,4,no,rshift,383,1
Pepsi42,1,red,dot,1,2,no,lshift,513,1
Pepsi42,1,blue,dot,1,3,no,rshift,390,1
Pepsi42,1,red,dot,1,6,no,lshift,412,1
Pepsi42,1,blue,dot,1,2,no,rshift,439,1
Pepsi42,1,red,dot,1,1,no,lshift,294,1
Pepsi42,1,red,dot,1,8,no,lshift,452,1
Pepsi42,1,blue,dot,1,4,no,rshift,619,1
Pepsi42,1,red,dot,1,2,no,lshift,389,1
Pepsi42,1,red,dot,1,4,no,lshift,618,1
Pepsi42,1,red,dot,0,3,no,rshift,585,1
Pepsi42,1,blue,dot,1,8,no,rshift,434,1
Pepsi42,1,blue,dot,1,3,no,rshift,787,1
Pepsi42,1,blue,dot,1,1,no,rshift,430,1
Pepsi42,1,blue,dot,1,2,no,rshift,623,1
Pepsi42,2,blue,dot,1,7,no,rshift,413,1
Pepsi42,2,red,dot,1,4,no,lshift,325,1
Pepsi42,2,red,dot,1,7,no,lshift,372,1
Pepsi42,2,red,dot,1,6,no,lshift,475,1
Pepsi42,2,red,dot,1,3,no,lshift,440,1
Pepsi42,2,red,dot,1,3,no,lshift,529,1
Pepsi42,2,blue,dot,1,4,no,rshift,456,1
Pepsi42,2,red,dot,1,9,no,lshift,1535,1
Pepsi42,2,blue,dot,1,4,no,rshift,427,1
Pepsi42,2,blue,dot,1,2,no,rshift,487,1
Pepsi42,2,blue,dot,1,9,no,rshift,376,1
Pepsi42,2,blue,dot,1,3,no,rshift,458,1
Pepsi42,2,red,dot,1,3,no,lshift,374,1
Pepsi42,2,blue,dot,1,6,no,rshift,463,1
Pepsi42,2,red,dot,1,2,no,lshift,442,1
Pepsi42,2,blue,dot,1,7,no,rshift,546,1
Pepsi42,2,red,dot,1,4,no,lshift,563,1
Pepsi42,2,blue,dot,1,3,no,rshift,820,1
Pepsi42,2,blue,dot,1,1,no,rshift,463,1
Pepsi42,2,red,dot,1,3,no,lshift,420,1
Pepsi42,2,blue,dot,1,8,no,rshift,557,1
Pepsi42,2,red,dot,1,1,no,lshift,659,1
Pepsi42,2,red,dot,1,8,no,lshift,805,1
Pepsi42,2,blue,dot,1,2,no,rshift,429,1
Pepsi42,2,red,dot,1,9,no,lshift,493,1
Pepsi42,2,blue,dot,1,2,no,rshift,899,1
Pepsi42,2,blue,dot,1,4,no,rshift,457,1
Pepsi42,2,blue,dot,1,7,no,rshift,507,1
Pepsi42,2,blue,dot,1,7,no,rshift,411,1
Pepsi42,2,blue,dot,1,6,no,rshift,637,1
Pepsi42,2,red,dot,1,2,no,lshift,529,1
Pepsi42,2,red,dot,1,9,no,lshift,353,1
Pepsi42,2,blue,dot,1,1,no,rshift,466,1
Pepsi42,2,red,dot,1,7,no,lshift,467,1
Pepsi42,2,red,dot,1,7,no,lshift,556,1
Pepsi42,2,red,dot,1,1,no,lshift,464,1
Pepsi42,2,blue,dot,1,6,no,rshift,439,1
Pepsi42,2,red,dot,1,8,no,lshift,329,1
Pepsi42,2,blue,dot,1,1,no,rshift,673,1
Pepsi42,2,blue,dot,1,6,no,rshift,443,1
Pepsi42,2,red,dot,1,2,no,lshift,443,1
Pepsi42,2,red,dot,1,9,no,lshift,559,1
Pepsi42,2,red,dot,1,1,no,lshift,429,1
Pepsi42,2,blue,dot,1,7,no,rshift,430,1
Pepsi42,2,red,dot,1,8,no,lshift,524,1
Pepsi42,2,red,dot,1,9,no,lshift,383,1
Pepsi42,2,blue,dot,1,6,no,rshift,761,1
Pepsi42,2,blue,dot,0,3,no,lshift,546,1
Pepsi42,2,blue,dot,1,3,no,rshift,371,1
Pepsi42,2,red,dot,1,4,no,lshift,562,1
Pepsi42,2,blue,dot,1,8,no,rshift,587,1
Pepsi42,2,red,dot,1,8,no,lshift,372,1
Pepsi42,2,blue,dot,1,2,no,rshift,444,1
Pepsi42,2,red,dot,1,7,no,lshift,483,1
Pepsi42,2,blue,dot,1,3,no,rshift,552,1
Pepsi42,2,blue,dot,1,8,no,rshift,507,1
Pepsi42,2,red,dot,1,2,no,lshift,413,1
Pepsi42,2,blue,dot,1,2,no,rshift,401,1
Pepsi42,2,blue,dot,1,2,no,rshift,363,1
Pepsi42,2,blue,dot,1,3,no,rshift,326,1
Pepsi42,2,blue,dot,1,4,no,rshift,474,1
Pepsi42,2,red,dot,1,4,no,lshift,374,1
Pepsi42,2,red,dot,1,6,no,lshift,427,1
Pepsi42,2,blue,dot,1,2,no,rshift,441,1
Pepsi42,2,blue,dot,1,3,no,rshift,437,1
Pepsi42,2,blue,dot,1,9,no,rshift,321,1
Pepsi42,2,red,dot,1,3,no,lshift,567,1
Pepsi42,2,red,dot,1,4,no,lshift,544,1
Pepsi42,2,blue,dot,1,3,no,rshift,525,1
Pepsi42,2,red,dot,1,4,no,lshift,445,1
Pepsi42,2,blue,dot,1,4,no,rshift,535,1
Pepsi42,2,red,dot,1,4,no,lshift,532,1
Pepsi42,2,blue,dot,1,7,no,rshift,447,1
Pepsi42,2,blue,dot,1,3,no,rshift,345,1
Pepsi42,2,red,dot,1,1,no,lshift,393,1
Pepsi42,2,red,dot,1,7,no,lshift,561,1
Pepsi42,2,red,dot,1,2,no,lshift,375,1
Pepsi42,2,red,dot,1,6,no,lshift,441,1
Pepsi42,2,red,dot,1,8,no,lshift,394,1
Pepsi42,2,blue,dot,1,9,no,rshift,466,1
Pepsi42,2,red,dot,1,7,no,lshift,377,1
Pepsi42,2,blue,dot,1,9,no,rshift,373,1
Pepsi42,2,blue,dot,1,4,no,rshift,360,1
Pepsi42,2,red,dot,1,9,no,lshift,405,1
Pepsi42,2,red,dot,1,7,no,lshift,444,1
Pepsi42,2,blue,dot,1,8,no,rshift,534,1
Pepsi42,2,blue,dot,1,4,no,rshift,591,1
Pepsi42,2,blue,dot,1,2,no,rshift,449,1
Pepsi42,2,red,dot,1,3,no,lshift,493,1
Pepsi42,2,red,dot,1,2,no,lshift,480,1
Pepsi42,2,blue,dot,1,9,no,rshift,807,1
Pepsi42,2,blue,dot,1,4,no,rshift,391,1
Pepsi42,2,red,dot,1,8,no,lshift,450,1
Pepsi42,2,red,dot,1,6,no,lshift,419,1
Pepsi42,2,red,dot,1,3,no,lshift,388,1
Pepsi42,2,red,dot,1,1,no,lshift,363,1
Pepsi42,2,red,dot,1,6,no,lshift,355,1
Pepsi42,2,blue,dot,1,1,no,rshift,385,1
Pepsi42,2,blue,dot,1,7,no,rshift,324,1
Pepsi42,2,red,dot,1,2,no,lshift,357,1
Pepsi42,2,blue,dot,1,8,no,rshift,522,1
Pepsi42,2,red,dot,1,9,no,lshift,440,1
Pepsi42,2,red,dot,1,3,no,lshift,548,1
Pepsi42,2,red,dot,1,4,no,lshift,416,1
Pepsi42,2,blue,dot,1,1,no,rshift,400,1
Pepsi42,2,blue,dot,1,9,no,rshift,343,1
Pepsi42,2,red,dot,1,9,no,lshift,399,1
Pepsi42,2,red,dot,1,7,no,lshift,559,1
Pepsi42,2,blue,dot,1,1,no,rshift,427,1
Pepsi42,2,blue,dot,1,1,no,rshift,360,1
Pepsi42,2,blue,dot,1,1,no,rshift,562,1
Pepsi42,2,blue,dot,1,6,no,rshift,328,1
Pepsi42,2,blue,dot,1,6,no,rshift,305,1
Pepsi42,2,blue,dot,1,8,no,rshift,472,1
Pepsi42,2,blue,dot,1,9,no,rshift,355,1
Pepsi42,2,blue,dot,1,4,no,rshift,384,1
Pepsi42,2,red,dot,1,8,no,lshift,451,1
Pepsi42,2,blue,dot,1,9,no,rshift,519,1
Pepsi42,2,red,dot,1,3,no,lshift,462,1
Pepsi42,2,red,dot,1,9,no,lshift,710,1
Pepsi42,2,red,dot,1,2,no,lshift,515,1
Pepsi42,2,blue,dot,1,2,no,rshift,427,1
Pepsi42,2,blue,dot,1,8,no,rshift,337,1
Pepsi42,2,blue,dot,1,3,no,rshift,375,1
Pepsi42,2,blue,dot,1,2,no,rshift,329,1
Pepsi42,2,red,dot,1,6,no,lshift,388,1
Pepsi42,2,red,dot,1,1,no,lshift,410,1
Pepsi42,2,red,dot,1,8,no,lshift,565,1
Pepsi42,2,red,dot,1,8,no,lshift,407,1
Pepsi42,2,red,dot,1,1,no,lshift,412,1
Pepsi42,2,red,dot,1,6,no,lshift,689,1
Pepsi42,2,red,dot,1,8,no,lshift,396,1
Pepsi42,2,red,dot,1,4,no,lshift,351,1
Pepsi42,2,blue,dot,1,1,no,rshift,424,1
Pepsi42,2,blue,dot,1,8,no,rshift,318,1
Pepsi42,2,blue,dot,1,6,no,rshift,439,1
Pepsi42,2,blue,dot,1,6,no,rshift,366,1
Pepsi42,2,blue,dot,1,1,no,rshift,560,1
Pepsi42,2,red,dot,1,6,no,lshift,434,1
Pepsi42,2,red,dot,1,7,no,lshift,458,1
Pepsi42,2,red,dot,1,7,no,lshift,375,1
Pepsi42,2,blue,dot,1,7,no,rshift,392,1
Pepsi42,2,red,dot,1,3,no,lshift,308,1
Pepsi42,2,blue,dot,1,7,no,rshift,436,1
Pepsi42,2,blue,dot,1,9,no,rshift,359,1
Pepsi42,2,red,dot,1,4,no,lshift,360,1
Pepsi42,2,red,dot,1,6,no,lshift,487,1
Pepsi42,2,red,dot,1,2,no,lshift,495,1
Pepsi42,2,blue,dot,1,9,no,rshift,354,1
Pepsi42,2,red,dot,1,9,no,lshift,532,1
Pepsi42,2,blue,dot,1,7,no,rshift,382,1
Pepsi42,2,red,dot,1,2,no,lshift,330,1
Pepsi42,2,red,dot,1,1,no,lshift,316,1
Pepsi42,2,blue,dot,1,6,no,rshift,403,1
Pepsi42,2,blue,dot,1,8,no,rshift,327,1
Pepsi42,2,blue,dot,1,8,no,rshift,356,1
Pepsi42,2,red,dot,1,1,no,lshift,329,1
Pepsi42,2,blue,dot,1,4,no,rshift,336,1
Pepsi42,2,red,dot,1,1,no,lshift,508,1
Pepsi42,2,red,dot,0,6,no,rshift,348,1
Pepsi42,3,red,dot,1,1,no,lshift,681,1
Pepsi42,3,blue,dot,1,9,no,rshift,352,1
Pepsi42,3,blue,dot,1,4,no,rshift,435,1
Pepsi42,3,blue,dot,1,8,no,rshift,321,1
Pepsi42,3,blue,dot,1,3,no,rshift,325,1
Pepsi42,3,blue,dot,1,8,no,rshift,308,1
Pepsi42,3,blue,dot,1,2,no,rshift,535,1
Pepsi42,3,red,dot,1,8,no,lshift,596,1
Pepsi42,3,blue,dot,1,4,no,rshift,394,1
Pepsi42,3,blue,dot,1,3,no,rshift,318,1
Pepsi42,3,blue,dot,1,1,no,rshift,382,1
Pepsi42,3,blue,dot,1,3,no,rshift,354,1
Pepsi42,3,blue,dot,1,9,no,rshift,953,1
Pepsi42,3,blue,dot,1,4,no,rshift,551,1
Pepsi42,3,red,dot,1,8,no,lshift,462,1
Pepsi42,3,red,dot,1,2,no,lshift,500,1
Pepsi42,3,blue,dot,1,9,no,rshift,339,1
Pepsi42,3,blue,dot,1,6,no,rshift,944,1
Pepsi42,3,red,dot,1,9,no,lshift,424,1
Pepsi42,3,blue,dot,1,1,no,rshift,418,1
Pepsi42,3,blue,dot,1,4,no,rshift,295,1
Pepsi42,3,blue,dot,0,1,no,lshift,335,1
Pepsi42,3,red,dot,1,2,no,lshift,413,1
Pepsi42,3,blue,dot,1,2,no,rshift,383,1
Pepsi42,3,blue,dot,1,7,no,rshift,309,1
Pepsi42,3,blue,dot,1,8,no,rshift,354,1
Pepsi42,3,red,dot,1,7,no,lshift,440,1
Pepsi42,3,blue,dot,1,9,no,rshift,410,1
Pepsi42,3,red,dot,1,1,no,lshift,453,1
Pepsi42,3,blue,dot,1,7,no,rshift,354,1
Pepsi42,3,blue,dot,1,1,no,rshift,357,1
Pepsi42,3,blue,dot,1,8,no,rshift,341,1
Pepsi42,3,blue,dot,1,3,no,rshift,526,1
Pepsi42,3,blue,dot,1,2,no,rshift,317,1
Pepsi42,3,blue,dot,1,2,no,rshift,349,1
Pepsi42,3,blue,dot,1,4,no,rshift,307,1
Pepsi42,3,blue,dot,1,8,no,rshift,356,1
Pepsi42,3,blue,dot,1,4,no,rshift,385,1
Pepsi42,3,red,dot,1,1,no,lshift,417,1
Pepsi42,3,red,dot,1,9,no,lshift,350,1
Pepsi42,3,red,dot,1,2,no,lshift,318,1
Pepsi42,3,red,dot,1,8,no,lshift,421,1
Pepsi42,3,blue,dot,1,2,no,rshift,474,1
Pepsi42,3,blue,dot,1,6,no,rshift,324,1
Pepsi42,3,blue,dot,1,6,no,rshift,736,1
Pepsi42,3,red,dot,1,3,no,lshift,417,1
Pepsi42,3,blue,dot,1,1,no,rshift,484,1
Pepsi42,3,blue,dot,1,7,no,rshift,392,1
Pepsi42,3,red,dot,1,6,no,lshift,436,1
Pepsi42,3,blue,dot,1,7,no,rshift,437,1
Pepsi42,3,blue,dot,1,6,no,rshift,382,1
Pepsi42,3,red,dot,1,4,no,lshift,389,1
Pepsi42,3,red,dot,1,2,no,lshift,360,1
Pepsi42,3,red,dot,1,8,no,lshift,417,1
Pepsi42,3,red,dot,1,9,no,lshift,322,1
Pepsi42,3,blue,dot,1,4,no,rshift,366,1
Pepsi42,3,blue,dot,1,2,no,rshift,290,1
Pepsi42,3,red,dot,1,7,no,lshift,437,1
Pepsi42,3,red,dot,1,1,no,lshift,332,1
Pepsi42,3,red,dot,1,8,no,lshift,383,1
Pepsi42,3,blue,dot,1,3,no,rshift,429,1
Pepsi42,3,red,dot,1,7,no,lshift,448,1
Pepsi42,3,red,dot,1,9,no,lshift,505,1
Pepsi42,3,red,dot,1,8,no,lshift,396,1
Pepsi42,3,red,dot,1,4,no,lshift,391,1
Pepsi42,3,red,dot,1,6,no,lshift,371,1
Pepsi42,3,blue,dot,1,7,no,rshift,321,1
Pepsi42,3,red,dot,1,6,no,lshift,1659,1
Pepsi42,3,red,dot,1,2,no,lshift,406,1
Pepsi42,3,red,dot,1,4,no,lshift,386,1
Pepsi42,3,red,dot,1,7,no,lshift,334,1
Pepsi42,3,blue,dot,1,3,no,rshift,450,1
Pepsi42,3,blue,dot,1,4,no,rshift,392,1
Pepsi42,3,red,dot,1,7,no,lshift,407,1
Pepsi42,3,blue,dot,0,9,no,lshift,466,1
Pepsi42,3,blue,dot,1,8,no,rshift,469,1
Pepsi42,3,red,dot,1,2,no,lshift,508,1
Pepsi42,3,blue,dot,1,7,no,rshift,444,1
Pepsi42,3,red,dot,1,3,no,lshift,423,1
Pepsi42,3,red,dot,1,2,no,lshift,395,1
Pepsi42,3,red,dot,1,3,no,lshift,366,1
Pepsi42,3,red,dot,1,3,no,lshift,441,1
Pepsi42,3,blue,dot,1,9,no,rshift,482,1
Pepsi42,3,red,dot,1,4,no,lshift,423,1
Pepsi42,3,blue,dot,1,4,no,rshift,414,1
Pepsi42,3,red,dot,1,6,no,lshift,555,1
Pepsi42,3,blue,dot,1,7,no,rshift,361,1
Pepsi42,3,red,dot,1,1,no,lshift,367,1
Pepsi42,3,red,dot,1,2,no,lshift,395,1
Pepsi42,3,red,dot,1,8,no,lshift,422,1
Pepsi42,3,red,dot,1,7,no,lshift,443,1
Pepsi42,3,red,dot,1,3,no,lshift,333,1
Pepsi42,3,blue,dot,1,3,no,rshift,390,1
Pepsi42,3,blue,dot,1,3,no,rshift,332,1
Pepsi42,3,red,dot,1,7,no,lshift,412,1
Pepsi42,3,red,dot,1,7,no,lshift,406,1
Pepsi42,3,blue,dot,1,6,no,rshift,376,1
Pepsi42,3,blue,dot,1,3,no,rshift,349,1
Pepsi42,3,blue,dot,1,2,no,rshift,313,1
Pepsi42,3,blue,dot,0,6,no,lshift,377,1
Pepsi42,3,red,dot,1,4,no,lshift,573,1
Pepsi42,3,red,dot,1,9,no,lshift,436,1
Pepsi42,3,red,dot,1,7,no,lshift,349,1
Pepsi42,3,red,dot,1,6,no,lshift,541,1
Pepsi42,3,red,dot,1,6,no,lshift,342,1
Pepsi42,3,blue,dot,1,1,no,rshift,468,1
Pepsi42,3,red,dot,1,1,no,lshift,596,1
Pepsi42,3,red,dot,1,1,no,lshift,328,1
Pepsi42,3,blue,dot,1,6,no,rshift,524,1
Pepsi42,3,red,dot,1,7,no,lshift,475,1
Pepsi42,3,blue,dot,1,1,no,rshift,391,1
Pepsi42,3,red,dot,1,6,no,lshift,419,1
Pepsi42,3,red,dot,1,9,no,lshift,445,1
Pepsi42,3,red,dot,1,9,no,lshift,435,1
Pepsi42,3,blue,dot,1,7,no,rshift,400,1
Pepsi42,3,blue,dot,1,1,no,rshift,433,1
Pepsi42,3,blue,dot,1,4,no,rshift,478,1
Pepsi42,3,red,dot,1,2,no,lshift,590,1
Pepsi42,3,blue,dot,1,9,no,rshift,469,1
Pepsi42,3,red,dot,1,4,no,lshift,609,1
Pepsi42,3,blue,dot,1,3,no,rshift,626,1
Pepsi42,3,blue,dot,1,6,no,rshift,397,1
Pepsi42,3,red,dot,1,1,no,lshift,309,1
Pepsi42,3,blue,dot,1,2,no,rshift,682,1
Pepsi42,3,blue,dot,1,1,no,rshift,503,1
Pepsi42,3,red,dot,1,4,no,lshift,369,1
Pepsi42,3,blue,dot,1,2,no,rshift,448,1
Pepsi42,3,red,dot,1,6,no,lshift,455,1
Pepsi42,3,red,dot,1,4,no,lshift,499,1
Pepsi42,3,blue,dot,1,8,no,rshift,571,1
Pepsi42,3,red,dot,1,8,no,lshift,475,1
Pepsi42,3,blue,dot,1,7,no,rshift,373,1
Pepsi42,3,red,dot,1,3,no,lshift,461,1
Pepsi42,3,red,dot,1,9,no,lshift,356,1
Pepsi42,3,red,dot,1,4,no,lshift,335,1
Pepsi42,3,red,dot,1,3,no,lshift,287,1
Pepsi42,3,blue,dot,1,7,no,rshift,440,1
Pepsi42,3,blue,dot,1,1,no,rshift,451,1
Pepsi42,3,red,dot,1,4,no,lshift,427,1
Pepsi42,3,red,dot,1,3,no,lshift,475,1
Pepsi42,3,blue,dot,1,9,no,rshift,440,1
Pepsi42,3,red,dot,1,2,no,lshift,988,1
Pepsi42,3,red,dot,1,8,no,lshift,439,1
Pepsi42,3,red,dot,1,6,no,lshift,436,1
Pepsi42,3,blue,dot,1,2,no,rshift,414,1
Pepsi42,3,red,dot,1,1,no,lshift,411,1
Pepsi42,3,blue,dot,1,8,no,rshift,433,1
Pepsi42,3,red,dot,1,6,no,lshift,450,1
Pepsi42,3,red,dot,1,3,no,lshift,590,1
Pepsi42,3,blue,dot,0,8,no,lshift,444,1
Pepsi42,3,red,dot,1,9,no,lshift,456,1
Pepsi42,3,red,dot,1,8,no,lshift,355,1
Pepsi42,3,blue,dot,1,9,no,rshift,448,1
Pepsi42,3,blue,dot,1,6,no,rshift,337,1
Pepsi42,3,blue,dot,1,9,no,rshift,320,1
Pepsi42,3,red,dot,1,1,no,lshift,385,1
Pepsi42,3,red,dot,1,3,no,lshift,346,1
Pepsi42,3,blue,dot,1,6,no,rshift,406,1
Pepsi42,3,red,dot,1,9,no,lshift,586,1
Pepsi42,3,blue,dot,1,8,no,rshift,417,1
Pepsi42,0,blue,classic,1,3,yes,lshift,1185,1
Pepsi42,0,blue,classic,1,8,yes,rshift,612,1
Pepsi42,0,blue,classic,1,1,yes,lshift,513,1
Pepsi42,0,blue,classic,0,6,yes,lshift,545,1
Pepsi42,0,blue,classic,1,9,yes,lshift,1024,1
Pepsi42,0,blue,classic,1,4,yes,rshift,1439,1
Pepsi42,0,blue,classic,1,2,yes,rshift,597,1
Pepsi42,0,blue,classic,1,7,yes,lshift,574,1
Pepsi42,1,blue,classic,1,8,yes,lshift,966,1
Pepsi42,1,blue,classic,1,2,yes,lshift,533,1
Pepsi42,1,blue,classic,1,9,yes,rshift,497,1
Pepsi42,1,blue,classic,1,3,yes,rshift,565,1
Pepsi42,1,blue,classic,1,7,yes,rshift,506,1
Pepsi42,1,blue,classic,1,6,yes,lshift,521,1
Pepsi42,1,blue,classic,1,4,yes,lshift,502,1
Pepsi42,1,blue,classic,1,1,yes,rshift,501,1
Pepsi42,2,blue,classic,1,1,no,lshift,886,1
Pepsi42,2,blue,classic,1,2,no,rshift,563,1
Pepsi42,2,blue,classic,1,1,no,lshift,480,1
Pepsi42,2,blue,classic,0,9,no,rshift,456,1
Pepsi42,2,blue,classic,1,9,no,lshift,760,1
Pepsi42,2,blue,classic,1,3,no,lshift,543,1
Pepsi42,2,blue,classic,1,4,no,rshift,583,1
Pepsi42,2,blue,classic,1,2,no,rshift,619,1
Pepsi42,2,blue,classic,1,4,no,rshift,513,1
Pepsi42,2,blue,classic,1,8,no,rshift,447,1
Pepsi42,2,blue,classic,1,3,no,lshift,424,1
Pepsi42,2,blue,classic,1,6,no,rshift,610,1
Pepsi42,2,blue,classic,1,8,no,rshift,619,1
Pepsi42,2,blue,classic,1,4,no,rshift,487,1
Pepsi42,2,blue,classic,1,4,no,rshift,466,1
Pepsi42,2,blue,classic,1,7,no,lshift,462,1
Pepsi42,2,blue,classic,1,8,no,rshift,439,1
Pepsi42,2,blue,classic,1,9,no,lshift,692,1
Pepsi42,2,blue,classic,1,9,no,lshift,509,1
Pepsi42,2,blue,classic,1,6,no,rshift,715,1
Pepsi42,2,blue,classic,1,6,no,rshift,417,1
Pepsi42,2,blue,classic,1,6,no,rshift,407,1
Pepsi42,2,blue,classic,1,7,no,lshift,429,1
Pepsi42,2,blue,classic,1,7,no,lshift,462,1
Pepsi42,2,blue,classic,1,3,no,lshift,522,1
Pepsi42,2,blue,classic,1,4,no,rshift,467,1
Pepsi42,2,blue,classic,1,8,no,rshift,502,1
Pepsi42,2,blue,classic,1,2,no,rshift,497,1
Pepsi42,2,blue,classic,1,4,no,rshift,811,1
Pepsi42,2,blue,classic,1,2,no,rshift,609,1
Pepsi42,2,blue,classic,1,6,no,rshift,2951,1
Pepsi42,2,blue,classic,1,6,no,rshift,3445,1
Pepsi42,2,blue,classic,1,2,no,rshift,3422,1
Pepsi42,2,blue,classic,1,8,no,rshift,548,1
Pepsi42,2,blue,classic,1,1,no,lshift,636,1
Pepsi42,2,blue,classic,1,2,no,rshift,528,1
Pepsi42,2,blue,classic,1,4,no,rshift,513,1
Pepsi42,2,blue,classic,1,1,no,lshift,1367,1
Pepsi42,2,blue,classic,1,9,no,lshift,1176,1
Pepsi42,2,blue,classic,1,4,no,rshift,1106,1
Pepsi42,2,blue,classic,1,4,no,rshift,747,1
Pepsi42,2,blue,classic,1,1,no,lshift,1075,1
Pepsi42,2,blue,classic,1,2,no,rshift,1120,1
Pepsi42,2,blue,classic,1,6,no,rshift,658,1
Pepsi42,2,blue,classic,1,9,no,lshift,1421,1
Pepsi42,2,blue,classic,1,1,no,lshift,560,1
Pepsi42,2,blue,classic,1,7,no,lshift,671,1
Pepsi42,2,blue,classic,1,3,no,lshift,1058,1
Pepsi42,2,blue,classic,1,2,no,rshift,612,1
Pepsi42,2,blue,classic,1,6,no,rshift,468,1
Pepsi42,2,blue,classic,1,3,no,lshift,524,1
Pepsi42,2,blue,classic,1,3,no,lshift,490,1
Pepsi42,2,blue,classic,1,6,no,rshift,621,1
Pepsi42,2,blue,classic,1,8,no,rshift,571,1
Pepsi42,2,blue,classic,1,1,no,lshift,567,1
Pepsi42,2,blue,classic,1,1,no,lshift,441,1
Pepsi42,2,blue,classic,1,7,no,lshift,803,1
Pepsi42,2,blue,classic,1,2,no,rshift,558,1
Pepsi42,2,blue,classic,1,7,no,lshift,465,1
Pepsi42,2,blue,classic,1,8,no,rshift,669,1
Pepsi42,2,blue,classic,1,2,no,rshift,646,1
Pepsi42,2,blue,classic,1,7,no,lshift,625,1
Pepsi42,2,blue,classic,1,7,no,lshift,1402,1
Pepsi42,2,blue,classic,1,3,no,lshift,882,1
Pepsi42,2,blue,classic,1,8,no,rshift,537,1
Pepsi42,2,blue,classic,1,7,no,lshift,521,1
Pepsi42,2,blue,classic,1,6,no,rshift,840,1
Pepsi42,2,blue,classic,1,4,no,rshift,609,1
Pepsi42,2,blue,classic,1,2,no,rshift,677,1
Pepsi42,2,blue,classic,1,6,no,rshift,481,1
Pepsi42,2,blue,classic,1,3,no,lshift,490,1
Pepsi42,2,blue,classic,1,9,no,lshift,593,1
Pepsi42,2,blue,classic,1,1,no,lshift,651,1
Pepsi42,2,blue,classic,1,3,no,lshift,453,1
Pepsi42,2,blue,classic,1,3,no,lshift,399,1
Pepsi42,2,blue,classic,1,2,no,rshift,2387,1
Pepsi42,2,blue,classic,1,6,no,rshift,459,1
Pepsi42,2,blue,classic,1,8,no,rshift,692,1
Pepsi42,2,blue,classic,1,6,no,rshift,479,1
Pepsi42,2,blue,classic,1,9,no,lshift,535,1
Pepsi42,2,blue,classic,1,4,no,rshift,432,1
Pepsi42,2,blue,classic,1,1,no,lshift,505,1
Pepsi42,2,blue,classic,1,7,no,lshift,649,1
Pepsi42,2,blue,classic,1,3,no,lshift,429,1
Pepsi42,2,blue,classic,1,2,no,rshift,576,1
Pepsi42,2,blue,classic,1,7,no,lshift,459,1
Pepsi42,2,blue,classic,0,9,no,rshift,618,1
Pepsi42,2,blue,classic,1,3,no,lshift,656,1
Pepsi42,2,blue,classic,1,9,no,lshift,614,1
Pepsi42,2,blue,classic,1,2,no,rshift,572,1
Pepsi42,2,blue,classic,1,9,no,lshift,645,1
Pepsi42,2,blue,classic,1,3,no,lshift,400,1
Pepsi42,2,blue,classic,1,4,no,rshift,552,1
Pepsi42,2,blue,classic,1,7,no,lshift,426,1
Pepsi42,2,blue,classic,0,4,no,lshift,409,1
Pepsi42,2,blue,classic,1,9,no,lshift,660,1
Pepsi42,2,blue,classic,1,8,no,rshift,535,1
Pepsi42,2,blue,classic,1,8,no,rshift,433,1
Pepsi42,2,blue,classic,1,8,no,rshift,426,1
Pepsi42,2,blue,classic,1,8,no,rshift,421,1
Pepsi42,2,blue,classic,1,4,no,rshift,548,1
Pepsi42,2,blue,classic,1,1,no,lshift,660,1
Pepsi42,2,blue,classic,1,7,no,lshift,427,1
Pepsi42,2,blue,classic,1,8,no,rshift,606,1
Pepsi42,2,blue,classic,1,9,no,lshift,556,1
Pepsi42,2,blue,classic,1,6,no,rshift,435,1
Pepsi42,2,blue,classic,1,1,no,lshift,1203,1
Pepsi42,2,blue,classic,1,1,no,lshift,2628,1
Pepsi42,2,blue,classic,1,3,no,lshift,743,1
Pepsi42,2,blue,classic,0,9,no,rshift,507,1
Pepsi42,2,blue,classic,1,7,no,lshift,616,1
Pepsi42,2,blue,classic,1,1,no,lshift,1670,1
Pepsi42,3,blue,classic,1,7,no,rshift,632,1
Pepsi42,3,blue,classic,1,9,no,rshift,547,1
Pepsi42,3,blue,classic,1,1,no,rshift,528,1
Pepsi42,3,blue,classic,1,6,no,lshift,436,1
Pepsi42,3,blue,classic,1,1,no,rshift,526,1
Pepsi42,3,blue,classic,1,2,no,lshift,453,1
Pepsi42,3,blue,classic,1,6,no,lshift,416,1
Pepsi42,3,blue,classic,1,6,no,lshift,633,1
Pepsi42,3,blue,classic,1,1,no,rshift,637,1
Pepsi42,3,blue,classic,1,2,no,lshift,524,1
Pepsi42,3,blue,classic,1,8,no,lshift,531,1
Pepsi42,3,blue,classic,1,3,no,rshift,590,1
Pepsi42,3,blue,classic,1,6,no,lshift,511,1
Pepsi42,3,blue,classic,1,3,no,rshift,486,1
Pepsi42,3,blue,classic,1,3,no,rshift,454,1
Pepsi42,3,blue,classic,1,4,no,lshift,637,1
Pepsi42,3,blue,classic,1,9,no,rshift,874,1
Pepsi42,3,blue,classic,1,2,no,lshift,650,1
Pepsi42,3,blue,classic,1,9,no,rshift,519,1
Pepsi42,3,blue,classic,1,2,no,lshift,574,1
Pepsi42,3,blue,classic,1,4,no,lshift,502,1
Pepsi42,3,blue,classic,1,6,no,lshift,456,1
Pepsi42,3,blue,classic,1,3,no,rshift,489,1
Pepsi42,3,blue,classic,1,8,no,lshift,455,1
Pepsi42,3,blue,classic,1,2,no,lshift,427,1
Pepsi42,3,blue,classic,1,7,no,rshift,536,1
Pepsi42,3,blue,classic,1,7,no,rshift,996,1
Pepsi42,3,blue,classic,1,4,no,lshift,450,1
Pepsi42,3,blue,classic,1,7,no,rshift,644,1
Pepsi42,3,blue,classic,1,4,no,lshift,464,1
Pepsi42,3,blue,classic,1,7,no,rshift,502,1
Pepsi42,3,blue,classic,1,1,no,rshift,558,1
Pepsi42,3,blue,classic,1,3,no,rshift,429,1
Pepsi42,3,blue,classic,1,2,no,lshift,595,1
Pepsi42,3,blue,classic,0,7,no,lshift,551,1
Pepsi42,3,blue,classic,1,7,no,rshift,4028,1
Pepsi42,3,blue,classic,1,9,no,rshift,693,1
Pepsi42,3,blue,classic,1,9,no,rshift,372,1
Pepsi42,3,blue,classic,1,8,no,lshift,555,1
Pepsi42,3,blue,classic,1,3,no,rshift,677,1
Pepsi42,3,blue,classic,1,2,no,lshift,544,1
Pepsi42,3,blue,classic,1,1,no,rshift,586,1
Pepsi42,3,blue,classic,1,3,no,rshift,399,1
Pepsi42,3,blue,classic,1,6,no,lshift,497,1
Pepsi42,3,blue,classic,1,6,no,lshift,565,1
Pepsi42,3,blue,classic,1,3,no,rshift,597,1
Pepsi42,3,blue,classic,1,9,no,rshift,724,1
Pepsi42,3,blue,classic,1,3,no,rshift,486,1
Pepsi42,3,blue,classic,1,7,no,rshift,539,1
Pepsi42,3,blue,classic,1,9,no,rshift,739,1
Pepsi42,3,blue,classic,1,8,no,lshift,673,1
Pepsi42,3,blue,classic,1,8,no,lshift,411,1
Pepsi42,3,blue,classic,1,6,no,lshift,802,1
Pepsi42,3,blue,classic,1,4,no,lshift,475,1
Pepsi42,3,blue,classic,1,9,no,rshift,552,1
Pepsi42,3,blue,classic,1,3,no,rshift,489,1
Pepsi42,3,blue,classic,1,7,no,rshift,511,1
Pepsi42,3,blue,classic,1,6,no,lshift,564,1
Pepsi42,3,blue,classic,1,1,no,rshift,578,1
Pepsi42,3,blue,classic,1,6,no,lshift,592,1
Pepsi42,3,blue,classic,1,2,no,lshift,741,1
Pepsi42,3,blue,classic,1,9,no,rshift,521,1
Pepsi42,3,blue,classic,1,4,no,lshift,679,1
Pepsi42,3,blue,classic,1,1,no,rshift,566,1
Pepsi42,3,blue,classic,1,4,no,lshift,537,1
Pepsi42,3,blue,classic,1,7,no,rshift,509,1
Pepsi42,3,blue,classic,1,8,no,lshift,1237,1
Pepsi42,3,blue,classic,1,3,no,rshift,434,1
Pepsi42,3,blue,classic,1,4,no,lshift,488,1
Pepsi42,3,blue,classic,1,8,no,lshift,1328,1
Pepsi42,3,blue,classic,1,4,no,lshift,3327,1
Pepsi42,3,blue,classic,1,3,no,rshift,443,1
Pepsi42,3,blue,classic,1,1,no,rshift,1714,1
Pepsi42,3,blue,classic,1,4,no,lshift,482,1
Pepsi42,3,blue,classic,0,2,no,rshift,380,1
Pepsi42,3,blue,classic,1,9,no,rshift,483,1
Pepsi42,3,blue,classic,1,6,no,lshift,476,1
Pepsi42,3,blue,classic,0,7,no,lshift,703,1
Pepsi42,3,blue,classic,1,4,no,lshift,470,1
Pepsi42,3,blue,classic,1,9,no,rshift,641,1
Pepsi42,3,blue,classic,1,8,no,lshift,465,1
Pepsi42,3,blue,classic,1,1,no,rshift,520,1
Pepsi42,3,blue,classic,0,9,no,lshift,807,1
Pepsi42,3,blue,classic,1,1,no,rshift,696,1
Pepsi42,3,blue,classic,1,8,no,lshift,577,1
Pepsi42,3,blue,classic,1,8,no,lshift,500,1
Pepsi42,3,blue,classic,1,6,no,lshift,596,1
Pepsi42,3,blue,classic,1,2,no,lshift,460,1
Pepsi42,3,blue,classic,1,9,no,rshift,450,1
Pepsi42,3,blue,classic,1,4,no,lshift,541,1
Pepsi42,3,blue,classic,1,2,no,lshift,648,1
Pepsi42,3,blue,classic,1,1,no,rshift,590,1
Pepsi42,3,blue,classic,1,9,no,rshift,591,1
Pepsi42,3,blue,classic,1,1,no,rshift,413,1
Pepsi42,3,blue,classic,1,3,no,rshift,567,1
Pepsi42,3,blue,classic,1,8,no,lshift,631,1
Pepsi42,3,blue,classic,1,7,no,rshift,515,1
Pepsi42,3,blue,classic,1,8,no,lshift,500,1
Pepsi42,3,blue,classic,1,8,no,lshift,414,1
Pepsi42,3,blue,classic,1,6,no,lshift,568,1
Pepsi42,3,blue,classic,1,1,no,rshift,439,1
Pepsi42,3,blue,classic,1,7,no,rshift,534,1
Pepsi42,3,blue,classic,1,1,no,rshift,615,1
Pepsi42,3,blue,classic,1,7,no,rshift,583,1
Pepsi42,3,blue,classic,0,2,no,rshift,412,1
Pepsi42,3,blue,classic,1,2,no,lshift,771,1
Pepsi42,3,blue,classic,1,4,no,lshift,401,1
Pepsi42,3,blue,classic,1,3,no,rshift,411,1
Pepsi42,3,blue,classic,0,2,no,rshift,571,1
Pepsi42,3,blue,classic,1,6,no,lshift,549,1
Pepsi42,3,blue,classic,1,8,no,lshift,491,1
Pepsi42,3,blue,classic,1,4,no,lshift,536,1
