ID_name,block,color,condition,correct_keyboard_response,number,practice,response_keyboard_response,response_time_keyboard_response,subject_nr
gslr1h,0,red,arab,1,1,yes,rshift,905,0
gslr1h,0,red,arab,1,6,yes,rshift,546,0
gslr1h,0,blue,arab,1,6,yes,lshift,341,0
gslr1h,0,red,arab,1,4,yes,rshift,461,0
gslr1h,0,blue,arab,1,7,yes,lshift,449,0
gslr1h,0,blue,arab,1,4,yes,lshift,450,0
gslr1h,0,red,arab,1,9,yes,rshift,412,0
gslr1h,0,red,arab,1,7,yes,rshift,496,0
gslr1h,0,blue,arab,1,8,yes,lshift,494,0
gslr1h,0,blue,arab,1,9,yes,lshift,418,0
gslr1h,0,red,arab,1,2,yes,rshift,440,0
gslr1h,0,blue,arab,1,1,yes,lshift,592,0
gslr1h,0,blue,arab,1,3,yes,lshift,411,0
gslr1h,0,red,arab,1,8,yes,rshift,432,0
gslr1h,0,blue,arab,1,2,yes,lshift,327,0
gslr1h,0,red,arab,1,3,yes,rshift,439,0
gslr1h,1,red,arab,0,2,no,lshift,709,0
gslr1h,1,red,arab,1,3,no,rshift,610,0
gslr1h,1,red,arab,1,1,no,rshift,400,0
gslr1h,1,blue,arab,1,2,no,lshift,379,0
gslr1h,1,red,arab,1,1,no,rshift,369,0
gslr1h,1,red,arab,1,6,no,rshift,372,0
gslr1h,1,red,arab,1,4,no,rshift,411,0
gslr1h,1,red,arab,1,7,no,rshift,299,0
gslr1h,1,blue,arab,1,9,no,lshift,282,0
gslr1h,1,blue,arab,1,3,no,lshift,313,0
gslr1h,1,blue,arab,1,6,no,lshift,370,0
gslr1h,1,red,arab,1,8,no,rshift,284,0
gslr1h,1,blue,arab,0,8,no,rshift,268,0
gslr1h,1,blue,arab,1,3,no,lshift,327,0
gslr1h,1,red,arab,1,2,no,rshift,314,0
gslr1h,1,red,arab,1,3,no,rshift,309,0
gslr1h,1,blue,arab,1,4,no,lshift,369,0
gslr1h,1,red,arab,1,8,no,rshift,376,0
gslr1h,1,red,arab,1,6,no,rshift,315,0
gslr1h,1,red,arab,1,3,no,rshift,364,0
gslr1h,1,red,arab,1,7,no,rshift,297,0
gslr1h,1,blue,arab,1,2,no,lshift,346,0
gslr1h,1,red,arab,1,7,no,rshift,280,0
gslr1h,1,blue,arab,1,3,no,lshift,277,0
gslr1h,1,red,arab,1,9,no,rshift,348,0
gslr1h,1,red,arab,1,4,no,rshift,327,0
gslr1h,1,red,arab,1,4,no,rshift,306,0
gslr1h,1,blue,arab,1,2,no,lshift,370,0
gslr1h,1,red,arab,1,2,no,rshift,391,0
gslr1h,1,red,arab,1,3,no,rshift,358,0
gslr1h,1,blue,arab,1,6,no,lshift,318,0
gslr1h,1,blue,arab,0,8,no,rshift,324,0
gslr1h,1,red,arab,1,1,no,rshift,276,0
gslr1h,1,red,arab,1,1,no,rshift,318,0
gslr1h,1,red,arab,1,2,no,rshift,369,0
gslr1h,1,red,arab,1,8,no,rshift,340,0
gslr1h,1,red,arab,1,8,no,rshift,317,0
gslr1h,1,blue,arab,1,1,no,lshift,384,0
gslr1h,1,blue,arab,1,6,no,lshift,283,0
gslr1h,1,blue,arab,1,1,no,lshift,275,0
gslr1h,1,red,arab,1,1,no,rshift,414,0
gslr1h,1,blue,arab,1,7,no,lshift,344,0
gslr1h,1,blue,arab,1,9,no,lshift,269,0
gslr1h,1,blue,arab,1,4,no,lshift,325,0
gslr1h,1,red,arab,1,6,no,rshift,339,0
gslr1h,1,blue,arab,1,6,no,lshift,377,0
gslr1h,1,red,arab,1,4,no,rshift,352,0
gslr1h,1,red,arab,1,3,no,rshift,369,0
gslr1h,1,blue,arab,1,9,no,lshift,401,0
gslr1h,1,red,arab,1,1,no,rshift,592,0
gslr1h,1,blue,arab,1,2,no,lshift,254,0
gslr1h,1,red,arab,1,7,no,rshift,423,0
gslr1h,1,blue,arab,1,8,no,lshift,253,0
gslr1h,1,red,arab,1,7,no,rshift,332,0
gslr1h,1,blue,arab,1,1,no,lshift,302,0
gslr1h,1,blue,arab,1,7,no,lshift,368,0
gslr1h,1,red,arab,0,3,no,lshift,430,0
gslr1h,1,red,arab,0,9,no,lshift,379,0
gslr1h,1,red,arab,1,4,no,rshift,619,0
gslr1h,1,red,arab,1,6,no,rshift,408,0
gslr1h,1,blue,arab,1,4,no,lshift,423,0
gslr1h,1,blue,arab,1,1,no,lshift,374,0
gslr1h,1,red,arab,1,7,no,rshift,339,0
gslr1h,1,blue,arab,1,3,no,lshift,350,0
gslr1h,1,blue,arab,1,4,no,lshift,402,0
gslr1h,1,blue,arab,1,7,no,lshift,422,0
gslr1h,1,blue,arab,1,8,no,lshift,313,0
gslr1h,1,red,arab,1,2,no,rshift,462,0
gslr1h,1,red,arab,1,8,no,rshift,506,0
gslr1h,1,red,arab,1,1,no,rshift,431,0
gslr1h,1,blue,arab,1,3,no,lshift,339,0
gslr1h,1,red,arab,1,8,no,rshift,342,0
gslr1h,1,red,arab,1,6,no,rshift,415,0
gslr1h,1,red,arab,1,2,no,rshift,371,0
gslr1h,1,blue,arab,1,6,no,lshift,364,0
gslr1h,1,blue,arab,1,2,no,lshift,368,0
gslr1h,1,blue,arab,1,9,no,lshift,365,0
gslr1h,1,blue,arab,1,6,no,lshift,334,0
gslr1h,1,red,arab,1,3,no,rshift,384,0
gslr1h,1,red,arab,1,4,no,rshift,457,0
gslr1h,1,blue,arab,1,2,no,lshift,332,0
gslr1h,1,blue,arab,0,7,no,rshift,396,0
gslr1h,1,red,arab,1,6,no,rshift,406,0
gslr1h,1,red,arab,1,3,no,rshift,515,0
gslr1h,1,red,arab,1,9,no,rshift,368,0
gslr1h,1,blue,arab,1,6,no,lshift,344,0
gslr1h,1,blue,arab,1,3,no,lshift,405,0
gslr1h,1,blue,arab,1,3,no,lshift,327,0
gslr1h,1,blue,arab,1,3,no,lshift,369,0
gslr1h,1,blue,arab,1,4,no,lshift,369,0
gslr1h,1,blue,arab,1,7,no,lshift,382,0
gslr1h,1,red,arab,1,2,no,rshift,502,0
gslr1h,1,red,arab,1,9,no,rshift,615,0
gslr1h,1,blue,arab,1,9,no,lshift,334,0
gslr1h,1,blue,arab,1,4,no,lshift,402,0
gslr1h,1,red,arab,1,6,no,rshift,407,0
gslr1h,1,red,arab,1,9,no,rshift,410,0
gslr1h,1,blue,arab,1,1,no,lshift,400,0
gslr1h,1,blue,arab,0,6,no,rshift,364,0
gslr1h,1,blue,arab,1,7,no,lshift,376,0
gslr1h,1,blue,arab,1,2,no,lshift,426,0
gslr1h,1,red,arab,1,7,no,rshift,355,0
gslr1h,1,blue,arab,1,2,no,lshift,326,0
gslr1h,1,red,arab,1,9,no,rshift,514,0
gslr1h,1,red,arab,1,8,no,rshift,417,0
gslr1h,1,blue,arab,1,1,no,lshift,394,0
gslr1h,1,red,arab,1,4,no,rshift,349,0
gslr1h,1,blue,arab,1,4,no,lshift,348,0
gslr1h,1,blue,arab,1,9,no,lshift,372,0
gslr1h,1,red,arab,1,6,no,rshift,362,0
gslr1h,1,red,arab,1,4,no,rshift,564,0
gslr1h,1,blue,arab,1,2,no,lshift,329,0
gslr1h,1,blue,arab,1,8,no,lshift,381,0
gslr1h,1,red,arab,1,9,no,rshift,325,0
gslr1h,1,blue,arab,1,3,no,lshift,278,0
gslr1h,1,blue,arab,1,7,no,lshift,328,0
gslr1h,1,blue,arab,1,7,no,lshift,466,0
gslr1h,1,red,arab,1,6,no,rshift,362,0
gslr1h,1,red,arab,1,1,no,rshift,611,0
gslr1h,1,blue,arab,1,8,no,lshift,287,0
gslr1h,1,red,arab,1,2,no,rshift,534,0
gslr1h,1,blue,arab,1,7,no,lshift,327,0
gslr1h,1,red,arab,1,3,no,rshift,499,0
gslr1h,1,red,arab,1,8,no,rshift,451,0
gslr1h,1,red,arab,1,9,no,rshift,458,0
gslr1h,1,red,arab,1,2,no,rshift,353,0
gslr1h,1,red,arab,1,1,no,rshift,432,0
gslr1h,1,blue,arab,1,9,no,lshift,355,0
gslr1h,1,blue,arab,1,1,no,lshift,492,0
gslr1h,1,red,arab,1,1,no,rshift,352,0
gslr1h,1,red,arab,1,9,no,rshift,377,0
gslr1h,1,blue,arab,0,9,no,rshift,240,0
gslr1h,1,red,arab,1,9,no,rshift,442,0
gslr1h,1,blue,arab,1,4,no,lshift,308,0
gslr1h,1,blue,arab,1,8,no,lshift,383,0
gslr1h,1,blue,arab,1,2,no,lshift,373,0
gslr1h,1,red,arab,1,3,no,rshift,352,0
gslr1h,1,red,arab,1,7,no,rshift,479,0
gslr1h,1,blue,arab,1,7,no,lshift,395,0
gslr1h,1,blue,arab,1,1,no,lshift,414,0
gslr1h,1,red,arab,1,7,no,rshift,334,0
gslr1h,1,red,arab,0,7,no,lshift,370,0
gslr1h,1,red,arab,1,8,no,rshift,390,0
gslr1h,1,blue,arab,1,6,no,lshift,335,0
gslr1h,1,blue,arab,1,8,no,lshift,387,0
gslr1h,1,blue,arab,1,1,no,lshift,389,0
gslr1h,1,red,arab,1,2,no,rshift,291,0
gslr1h,1,blue,arab,1,3,no,lshift,598,0
gslr1h,1,red,arab,0,4,no,lshift,465,0
gslr1h,1,red,arab,1,4,no,rshift,413,0
gslr1h,1,blue,arab,1,8,no,lshift,414,0
gslr1h,1,blue,arab,1,4,no,lshift,462,0
gslr1h,1,red,arab,1,8,no,rshift,356,0
gslr1h,1,blue,arab,1,1,no,lshift,397,0
gslr1h,1,blue,arab,1,4,no,lshift,386,0
gslr1h,1,blue,arab,1,9,no,lshift,342,0
gslr1h,1,blue,arab,1,8,no,lshift,424,0
gslr1h,1,blue,arab,1,9,no,lshift,311,0
gslr1h,1,red,arab,1,6,no,rshift,452,0
gslr1h,1,blue,arab,1,6,no,lshift,399,0
gslr1h,2,red,arab,1,3,no,rshift,424,0
gslr1h,2,blue,arab,1,7,no,lshift,285,0
gslr1h,2,blue,arab,1,7,no,lshift,522,0
gslr1h,2,red,arab,1,2,no,rshift,348,0
gslr1h,2,blue,arab,0,2,no,rshift,350,0
gslr1h,2,red,arab,1,9,no,rshift,399,0
gslr1h,2,blue,arab,1,6,no,lshift,259,0
gslr1h,2,blue,arab,1,9,no,lshift,284,0
gslr1h,2,red,arab,1,9,no,rshift,505,0
gslr1h,2,red,arab,1,3,no,rshift,426,0
gslr1h,2,blue,arab,1,6,no,lshift,335,0
gslr1h,2,blue,arab,1,4,no,lshift,355,0
gslr1h,2,red,arab,1,4,no,rshift,301,0
gslr1h,2,red,arab,1,3,no,rshift,408,0
gslr1h,2,blue,arab,1,2,no,lshift,335,0
gslr1h,2,red,arab,1,6,no,rshift,606,0
gslr1h,2,red,arab,1,7,no,rshift,420,0
gslr1h,2,blue,arab,1,3,no,lshift,314,0
gslr1h,2,blue,arab,1,8,no,lshift,271,0
gslr1h,2,blue,arab,1,1,no,lshift,401,0
gslr1h,2,blue,arab,1,7,no,lshift,403,0
gslr1h,2,blue,arab,1,2,no,lshift,309,0
gslr1h,2,red,arab,1,9,no,rshift,343,0
gslr1h,2,red,arab,0,1,no,lshift,217,0
gslr1h,2,blue,arab,1,9,no,lshift,575,0
gslr1h,2,blue,arab,1,1,no,lshift,335,0
gslr1h,2,red,arab,1,3,no,rshift,372,0
gslr1h,2,blue,arab,1,7,no,lshift,454,0
gslr1h,2,blue,arab,1,3,no,lshift,380,0
gslr1h,2,red,arab,1,2,no,rshift,343,0
gslr1h,2,red,arab,1,7,no,rshift,381,0
gslr1h,2,red,arab,1,8,no,rshift,467,0
gslr1h,2,red,arab,1,1,no,rshift,473,0
gslr1h,2,red,arab,1,1,no,rshift,466,0
gslr1h,2,red,arab,1,2,no,rshift,611,0
gslr1h,2,blue,arab,1,9,no,lshift,360,0
gslr1h,2,red,arab,1,3,no,rshift,333,0
gslr1h,2,blue,arab,1,1,no,lshift,421,0
gslr1h,2,red,arab,1,3,no,rshift,355,0
gslr1h,2,blue,arab,1,2,no,lshift,272,0
gslr1h,2,blue,arab,1,1,no,lshift,410,0
gslr1h,2,blue,arab,1,1,no,lshift,355,0
gslr1h,2,red,arab,1,9,no,rshift,384,0
gslr1h,2,red,arab,1,2,no,rshift,360,0
gslr1h,2,blue,arab,1,4,no,lshift,307,0
gslr1h,2,blue,arab,1,1,no,lshift,353,0
gslr1h,2,red,arab,1,2,no,rshift,402,0
gslr1h,2,red,arab,1,3,no,rshift,450,0
gslr1h,2,blue,arab,1,6,no,lshift,307,0
gslr1h,2,red,arab,1,1,no,rshift,455,0
gslr1h,2,blue,arab,1,8,no,lshift,522,0
gslr1h,2,red,arab,1,3,no,rshift,423,0
gslr1h,2,red,arab,1,4,no,rshift,390,0
gslr1h,2,red,arab,1,7,no,rshift,497,0
gslr1h,2,red,arab,1,4,no,rshift,449,0
gslr1h,2,blue,arab,1,3,no,lshift,408,0
gslr1h,2,blue,arab,1,2,no,lshift,459,0
gslr1h,2,red,arab,1,8,no,rshift,390,0
gslr1h,2,red,arab,1,8,no,rshift,399,0
gslr1h,2,blue,arab,1,8,no,lshift,376,0
gslr1h,2,red,arab,1,6,no,rshift,369,0
gslr1h,2,blue,arab,1,7,no,lshift,385,0
gslr1h,2,blue,arab,1,1,no,lshift,430,0
gslr1h,2,red,arab,1,9,no,rshift,335,0
gslr1h,2,red,arab,1,9,no,rshift,419,0
gslr1h,2,blue,arab,1,2,no,lshift,302,0
gslr1h,2,red,arab,1,6,no,rshift,361,0
gslr1h,2,red,arab,1,1,no,rshift,447,0
gslr1h,2,blue,arab,1,9,no,lshift,324,0
gslr1h,2,red,arab,1,6,no,rshift,596,0
gslr1h,2,blue,arab,1,6,no,lshift,304,0
gslr1h,2,red,arab,0,1,no,lshift,366,0
gslr1h,2,red,arab,1,6,no,rshift,320,0
gslr1h,2,blue,arab,1,8,no,lshift,388,0
gslr1h,2,blue,arab,1,6,no,lshift,335,0
gslr1h,2,red,arab,1,2,no,rshift,274,0
gslr1h,2,red,arab,1,4,no,rshift,397,0
gslr1h,2,red,arab,1,8,no,rshift,374,0
gslr1h,2,blue,arab,1,4,no,lshift,325,0
gslr1h,2,blue,arab,1,4,no,lshift,356,0
gslr1h,2,red,arab,1,7,no,rshift,396,0
gslr1h,2,blue,arab,1,2,no,lshift,292,0
gslr1h,2,red,arab,1,6,no,rshift,330,0
gslr1h,2,blue,arab,1,6,no,lshift,323,0
gslr1h,2,blue,arab,0,8,no,rshift,330,0
gslr1h,2,red,arab,1,8,no,rshift,375,0
gslr1h,2,blue,arab,1,9,no,lshift,456,0
gslr1h,2,blue,arab,1,4,no,lshift,366,0
gslr1h,2,blue,arab,1,2,no,lshift,375,0
gslr1h,2,blue,arab,1,1,no,lshift,330,0
gslr1h,2,red,arab,1,8,no,rshift,428,0
gslr1h,2,red,arab,1,3,no,rshift,368,0
gslr1h,2,blue,arab,1,4,no,lshift,297,0
gslr1h,2,blue,arab,0,9,no,rshift,215,0
gslr1h,2,red,arab,1,7,no,rshift,993,0
gslr1h,2,red,arab,1,1,no,rshift,389,0
gslr1h,2,red,arab,1,1,no,rshift,327,0
gslr1h,2,red,arab,1,4,no,rshift,352,0
gslr1h,2,blue,arab,1,7,no,lshift,530,0
gslr1h,2,red,arab,1,2,no,rshift,454,0
gslr1h,2,red,arab,1,4,no,rshift,390,0
gslr1h,2,red,arab,1,7,no,rshift,545,0
gslr1h,2,blue,arab,1,3,no,lshift,330,0
gslr1h,2,blue,arab,1,3,no,lshift,332,0
gslr1h,2,red,arab,1,9,no,rshift,617,0
gslr1h,2,blue,arab,1,9,no,lshift,456,0
gslr1h,2,blue,arab,1,9,no,lshift,353,0
gslr1h,2,blue,arab,1,6,no,lshift,342,0
gslr1h,2,blue,arab,1,7,no,lshift,308,0
gslr1h,2,red,arab,1,8,no,rshift,369,0
gslr1h,2,blue,arab,1,2,no,lshift,264,0
gslr1h,2,blue,arab,1,3,no,lshift,346,0
gslr1h,2,blue,arab,1,3,no,lshift,328,0
gslr1h,2,blue,arab,1,6,no,lshift,397,0
gslr1h,2,red,arab,1,4,no,rshift,394,0
gslr1h,2,blue,arab,1,7,no,lshift,356,0
gslr1h,2,blue,arab,1,3,no,lshift,419,0
gslr1h,2,red,arab,1,3,no,rshift,423,0
gslr1h,2,blue,arab,1,8,no,lshift,397,0
gslr1h,2,blue,arab,1,9,no,lshift,382,0
gslr1h,2,blue,arab,1,3,no,lshift,327,0
gslr1h,2,blue,arab,1,1,no,lshift,473,0
gslr1h,2,blue,arab,1,4,no,lshift,328,0
gslr1h,2,blue,arab,1,4,no,lshift,303,0
gslr1h,2,red,arab,1,9,no,rshift,394,0
gslr1h,2,red,arab,1,7,no,rshift,465,0
gslr1h,2,red,arab,1,8,no,rshift,412,0
gslr1h,2,blue,arab,1,4,no,lshift,309,0
gslr1h,2,red,arab,1,7,no,rshift,341,0
gslr1h,2,blue,arab,1,6,no,lshift,283,0
gslr1h,2,blue,arab,1,8,no,lshift,355,0
gslr1h,2,blue,arab,1,4,no,lshift,388,0
gslr1h,2,blue,arab,1,1,no,lshift,404,0
gslr1h,2,red,arab,1,2,no,rshift,515,0
gslr1h,2,blue,arab,1,8,no,lshift,355,0
gslr1h,2,red,arab,1,1,no,rshift,494,0
gslr1h,2,blue,arab,1,7,no,lshift,312,0
gslr1h,2,blue,arab,1,7,no,lshift,323,0
gslr1h,2,red,arab,1,6,no,rshift,580,0
gslr1h,2,blue,arab,1,3,no,lshift,256,0
gslr1h,2,red,arab,1,6,no,rshift,409,0
gslr1h,2,red,arab,1,9,no,rshift,303,0
gslr1h,2,red,arab,1,7,no,rshift,371,0
gslr1h,2,blue,arab,1,8,no,lshift,307,0
gslr1h,2,red,arab,1,6,no,rshift,370,0
gslr1h,2,blue,arab,1,2,no,lshift,241,0
gslr1h,2,blue,arab,0,9,no,rshift,233,0
gslr1h,2,red,arab,1,4,no,rshift,587,0
gslr1h,2,blue,arab,1,8,no,lshift,376,0
gslr1h,2,red,arab,1,4,no,rshift,507,0
gslr1h,2,blue,arab,1,6,no,lshift,357,0
gslr1h,2,red,arab,1,8,no,rshift,393,0
gslr1h,2,red,arab,1,7,no,rshift,488,0
gslr1h,2,red,arab,1,6,no,rshift,564,0
gslr1h,2,red,arab,1,8,no,rshift,356,0
gslr1h,2,red,arab,1,1,no,rshift,540,0
gslr1h,2,red,arab,1,2,no,rshift,351,0
gslr1h,2,red,arab,1,2,no,rshift,396,0
gslr1h,2,red,arab,1,4,no,rshift,362,0
gslr1h,2,red,arab,1,9,no,rshift,509,0
gslr1h,3,red,arab,1,2,no,rshift,349,0
gslr1h,3,blue,arab,1,2,no,lshift,343,0
gslr1h,3,blue,arab,1,9,no,lshift,462,0
gslr1h,3,blue,arab,1,4,no,lshift,307,0
gslr1h,3,red,arab,1,2,no,rshift,298,0
gslr1h,3,red,arab,1,4,no,rshift,403,0
gslr1h,3,red,arab,1,6,no,rshift,314,0
gslr1h,3,red,arab,1,3,no,rshift,377,0
gslr1h,3,red,arab,1,1,no,rshift,331,0
gslr1h,3,blue,arab,1,8,no,lshift,356,0
gslr1h,3,blue,arab,1,8,no,lshift,270,0
gslr1h,3,red,arab,1,4,no,rshift,356,0
gslr1h,3,red,arab,1,7,no,rshift,325,0
gslr1h,3,red,arab,1,2,no,rshift,341,0
gslr1h,3,blue,arab,1,3,no,lshift,297,0
gslr1h,3,blue,arab,1,3,no,lshift,279,0
gslr1h,3,red,arab,1,8,no,rshift,327,0
gslr1h,3,blue,arab,0,3,no,rshift,292,0
gslr1h,3,red,arab,1,6,no,rshift,295,0
gslr1h,3,red,arab,0,6,no,lshift,224,0
gslr1h,3,red,arab,1,8,no,rshift,368,0
gslr1h,3,blue,arab,1,4,no,lshift,349,0
gslr1h,3,red,arab,1,7,no,rshift,327,0
gslr1h,3,blue,arab,0,6,no,rshift,458,0
gslr1h,3,blue,arab,1,7,no,lshift,363,0
gslr1h,3,red,arab,1,8,no,rshift,339,0
gslr1h,3,red,arab,1,1,no,rshift,354,0
gslr1h,3,blue,arab,1,3,no,lshift,237,0
gslr1h,3,red,arab,1,2,no,rshift,300,0
gslr1h,3,blue,arab,1,7,no,lshift,287,0
gslr1h,3,blue,arab,0,4,no,rshift,346,0
gslr1h,3,blue,arab,1,2,no,lshift,335,0
gslr1h,3,blue,arab,1,8,no,lshift,344,0
gslr1h,3,blue,arab,1,1,no,lshift,328,0
gslr1h,3,blue,arab,1,9,no,lshift,371,0
gslr1h,3,red,arab,1,1,no,rshift,343,0
gslr1h,3,red,arab,1,6,no,rshift,313,0
gslr1h,3,red,arab,1,3,no,rshift,312,0
gslr1h,3,red,arab,1,7,no,rshift,324,0
gslr1h,3,red,arab,1,8,no,rshift,385,0
gslr1h,3,red,arab,1,8,no,rshift,355,0
gslr1h,3,red,arab,1,2,no,rshift,326,0
gslr1h,3,blue,arab,0,9,no,rshift,316,0
gslr1h,3,blue,arab,1,1,no,lshift,369,0
gslr1h,3,red,arab,1,3,no,rshift,368,0
gslr1h,3,red,arab,1,8,no,rshift,464,0
gslr1h,3,blue,arab,1,1,no,lshift,391,0
gslr1h,3,blue,arab,1,6,no,lshift,310,0
gslr1h,3,blue,arab,1,2,no,lshift,385,0
gslr1h,3,red,arab,1,7,no,rshift,320,0
gslr1h,3,red,arab,1,8,no,rshift,315,0
gslr1h,3,red,arab,0,7,no,lshift,202,0
gslr1h,3,blue,arab,1,7,no,lshift,475,0
gslr1h,3,blue,arab,1,6,no,lshift,365,0
gslr1h,3,blue,arab,1,6,no,lshift,314,0
gslr1h,3,red,arab,0,6,no,lshift,229,0
gslr1h,3,red,arab,1,9,no,rshift,320,0
gslr1h,3,red,arab,1,2,no,rshift,401,0
gslr1h,3,red,arab,1,8,no,rshift,471,0
gslr1h,3,red,arab,1,9,no,rshift,380,0
gslr1h,3,blue,arab,1,7,no,lshift,394,0
gslr1h,3,blue,arab,1,6,no,lshift,280,0
gslr1h,3,red,arab,1,4,no,rshift,338,0
gslr1h,3,red,arab,1,1,no,rshift,362,0
gslr1h,3,red,arab,1,7,no,rshift,355,0
gslr1h,3,red,arab,1,7,no,rshift,382,0
gslr1h,3,blue,arab,1,3,no,lshift,307,0
gslr1h,3,blue,arab,0,8,no,rshift,301,0
gslr1h,3,blue,arab,1,1,no,lshift,298,0
gslr1h,3,red,arab,1,2,no,rshift,314,0
gslr1h,3,red,arab,1,4,no,rshift,439,0
gslr1h,3,red,arab,1,2,no,rshift,345,0
gslr1h,3,red,arab,0,2,no,lshift,249,0
gslr1h,3,red,arab,0,8,no,lshift,360,0
gslr1h,3,blue,arab,1,7,no,lshift,420,0
gslr1h,3,blue,arab,1,2,no,lshift,350,0
gslr1h,3,blue,arab,1,6,no,lshift,332,0
gslr1h,3,blue,arab,1,2,no,lshift,307,0
gslr1h,3,blue,arab,1,4,no,lshift,286,0
gslr1h,3,red,arab,1,7,no,rshift,327,0
gslr1h,3,blue,arab,1,4,no,lshift,350,0
gslr1h,3,blue,arab,1,4,no,lshift,307,0
gslr1h,3,blue,arab,1,4,no,lshift,321,0
gslr1h,3,red,arab,1,3,no,rshift,474,0
gslr1h,3,blue,arab,1,3,no,lshift,412,0
gslr1h,3,blue,arab,1,3,no,lshift,330,0
gslr1h,3,blue,arab,1,8,no,lshift,464,0
gslr1h,3,red,arab,1,6,no,rshift,341,0
gslr1h,3,red,arab,1,1,no,rshift,354,0
gslr1h,3,red,arab,1,2,no,rshift,374,0
gslr1h,3,red,arab,1,9,no,rshift,376,0
gslr1h,3,red,arab,1,4,no,rshift,334,0
gslr1h,3,blue,arab,1,1,no,lshift,304,0
gslr1h,3,blue,arab,1,2,no,lshift,281,0
gslr1h,3,blue,arab,1,9,no,lshift,369,0
gslr1h,3,red,arab,1,9,no,rshift,392,0
gslr1h,3,red,arab,0,9,no,lshift,320,0
gslr1h,3,red,arab,1,3,no,rshift,432,0
gslr1h,3,red,arab,0,1,no,lshift,188,0
gslr1h,3,red,arab,1,9,no,rshift,436,0
gslr1h,3,red,arab,1,4,no,rshift,626,0
gslr1h,3,blue,arab,1,7,no,lshift,340,0
gslr1h,3,red,arab,1,1,no,rshift,376,0
gslr1h,3,blue,arab,1,1,no,lshift,388,0
gslr1h,3,red,arab,1,9,no,rshift,420,0
gslr1h,3,red,arab,1,3,no,rshift,471,0
gslr1h,3,blue,arab,1,7,no,lshift,261,0
gslr1h,3,blue,arab,1,7,no,lshift,380,0
gslr1h,3,blue,arab,1,2,no,lshift,436,0
gslr1h,3,blue,arab,1,6,no,lshift,361,0
gslr1h,3,red,arab,1,7,no,rshift,331,0
gslr1h,3,blue,arab,0,8,no,rshift,384,0
gslr1h,3,blue,arab,1,3,no,lshift,453,0
gslr1h,3,red,arab,1,6,no,rshift,466,0
gslr1h,3,blue,arab,1,3,no,lshift,301,0
gslr1h,3,red,arab,1,3,no,rshift,418,0
gslr1h,3,blue,arab,1,9,no,lshift,423,0
gslr1h,3,red,arab,1,6,no,rshift,428,0
gslr1h,3,blue,arab,1,8,no,lshift,312,0
gslr1h,3,red,arab,1,1,no,rshift,426,0
gslr1h,3,red,arab,1,9,no,rshift,471,0
gslr1h,3,red,arab,1,7,no,rshift,436,0
gslr1h,3,blue,arab,1,1,no,lshift,299,0
gslr1h,3,blue,arab,1,1,no,lshift,293,0
gslr1h,3,blue,arab,1,1,no,lshift,277,0
gslr1h,3,red,arab,1,4,no,rshift,393,0
gslr1h,3,red,arab,1,4,no,rshift,330,0
gslr1h,3,blue,arab,1,2,no,lshift,406,0
gslr1h,3,blue,arab,1,6,no,lshift,566,0
gslr1h,3,blue,arab,1,2,no,lshift,338,0
gslr1h,3,blue,arab,1,9,no,lshift,343,0
gslr1h,3,blue,arab,1,9,no,lshift,314,0
gslr1h,3,red,arab,1,6,no,rshift,362,0
gslr1h,3,blue,arab,1,6,no,lshift,412,0
gslr1h,3,blue,arab,1,4,no,lshift,303,0
gslr1h,3,blue,arab,1,3,no,lshift,312,0
gslr1h,3,blue,arab,1,4,no,lshift,241,0
gslr1h,3,blue,arab,1,8,no,lshift,412,0
gslr1h,3,blue,arab,1,9,no,lshift,350,0
gslr1h,3,blue,arab,1,2,no,lshift,275,0
gslr1h,3,red,arab,0,1,no,lshift,272,0
gslr1h,3,blue,arab,1,9,no,lshift,380,0
gslr1h,3,blue,arab,1,8,no,lshift,403,0
gslr1h,3,red,arab,1,9,no,rshift,367,0
gslr1h,3,blue,arab,1,9,no,lshift,367,0
gslr1h,3,blue,arab,1,8,no,lshift,375,0
gslr1h,3,red,arab,1,3,no,rshift,411,0
gslr1h,3,red,arab,1,4,no,rshift,467,0
gslr1h,3,red,arab,1,4,no,rshift,542,0
gslr1h,3,red,arab,1,3,no,rshift,442,0
gslr1h,3,blue,arab,1,7,no,lshift,418,0
gslr1h,3,blue,arab,1,6,no,lshift,422,0
gslr1h,3,blue,arab,1,1,no,lshift,365,0
gslr1h,3,red,arab,1,1,no,rshift,410,0
gslr1h,3,blue,arab,1,4,no,lshift,391,0
gslr1h,3,red,arab,1,8,no,rshift,390,0
gslr1h,3,red,arab,1,6,no,rshift,591,0
gslr1h,3,red,arab,0,3,no,lshift,224,0
gslr1h,3,blue,arab,1,7,no,lshift,349,0
gslr1h,3,red,arab,1,9,no,rshift,381,0
gslr1h,0,blue,dot,1,6,yes,lshift,625,0
gslr1h,0,blue,dot,1,1,yes,lshift,401,0
gslr1h,0,red,dot,1,1,yes,rshift,379,0
gslr1h,0,blue,dot,1,4,yes,lshift,378,0
gslr1h,0,red,dot,1,7,yes,rshift,380,0
gslr1h,0,blue,dot,1,3,yes,lshift,417,0
gslr1h,0,red,dot,1,8,yes,rshift,402,0
gslr1h,0,blue,dot,1,9,yes,lshift,351,0
gslr1h,0,red,dot,1,9,yes,rshift,396,0
gslr1h,0,red,dot,1,6,yes,rshift,420,0
gslr1h,0,red,dot,1,2,yes,rshift,438,0
gslr1h,0,red,dot,1,3,yes,rshift,355,0
gslr1h,0,red,dot,1,4,yes,rshift,362,0
gslr1h,0,blue,dot,1,8,yes,lshift,344,0
gslr1h,0,blue,dot,1,2,yes,lshift,409,0
gslr1h,0,blue,dot,1,7,yes,lshift,374,0
gslr1h,1,red,dot,1,1,no,rshift,444,0
gslr1h,1,blue,dot,1,6,no,lshift,366,0
gslr1h,1,red,dot,1,6,no,rshift,666,0
gslr1h,1,blue,dot,1,9,no,lshift,409,0
gslr1h,1,red,dot,1,1,no,rshift,340,0
gslr1h,1,red,dot,1,2,no,rshift,338,0
gslr1h,1,red,dot,1,7,no,rshift,511,0
gslr1h,1,red,dot,1,4,no,rshift,400,0
gslr1h,1,blue,dot,1,8,no,lshift,387,0
gslr1h,1,red,dot,1,7,no,rshift,405,0
gslr1h,1,blue,dot,1,3,no,lshift,713,0
gslr1h,1,red,dot,1,3,no,rshift,337,0
gslr1h,1,red,dot,1,7,no,rshift,388,0
gslr1h,1,red,dot,1,8,no,rshift,382,0
gslr1h,1,blue,dot,1,9,no,lshift,372,0
gslr1h,1,blue,dot,1,4,no,lshift,409,0
gslr1h,1,blue,dot,1,7,no,lshift,359,0
gslr1h,1,red,dot,1,6,no,rshift,403,0
gslr1h,1,blue,dot,1,6,no,lshift,349,0
gslr1h,1,blue,dot,1,7,no,lshift,362,0
gslr1h,1,blue,dot,1,1,no,lshift,405,0
gslr1h,1,blue,dot,1,3,no,lshift,393,0
gslr1h,1,blue,dot,1,8,no,lshift,365,0
gslr1h,1,blue,dot,1,8,no,lshift,394,0
gslr1h,1,red,dot,1,4,no,rshift,351,0
gslr1h,1,blue,dot,1,6,no,lshift,408,0
gslr1h,1,red,dot,1,6,no,rshift,417,0
gslr1h,1,red,dot,1,7,no,rshift,349,0
gslr1h,1,blue,dot,1,9,no,lshift,401,0
gslr1h,1,blue,dot,1,4,no,lshift,424,0
gslr1h,1,blue,dot,1,2,no,lshift,349,0
gslr1h,1,red,dot,1,3,no,rshift,381,0
gslr1h,1,blue,dot,1,6,no,lshift,360,0
gslr1h,1,red,dot,1,1,no,rshift,389,0
gslr1h,1,blue,dot,1,2,no,lshift,450,0
gslr1h,1,red,dot,1,3,no,rshift,401,0
gslr1h,1,red,dot,1,2,no,rshift,429,0
gslr1h,1,red,dot,1,9,no,rshift,364,0
gslr1h,1,red,dot,1,1,no,rshift,384,0
gslr1h,1,blue,dot,1,4,no,lshift,444,0
gslr1h,1,red,dot,1,8,no,rshift,349,0
gslr1h,1,red,dot,0,3,no,lshift,528,0
gslr1h,1,blue,dot,1,1,no,lshift,419,0
gslr1h,1,red,dot,1,7,no,rshift,362,0
gslr1h,1,blue,dot,1,6,no,lshift,421,0
gslr1h,1,blue,dot,1,8,no,lshift,450,0
gslr1h,1,blue,dot,1,1,no,lshift,358,0
gslr1h,1,red,dot,1,6,no,rshift,350,0
gslr1h,1,red,dot,1,6,no,rshift,435,0
gslr1h,1,blue,dot,1,1,no,lshift,579,0
gslr1h,1,blue,dot,1,8,no,lshift,432,0
gslr1h,1,blue,dot,1,4,no,lshift,462,0
gslr1h,1,red,dot,1,9,no,rshift,353,0
gslr1h,1,red,dot,1,3,no,rshift,567,0
gslr1h,1,blue,dot,1,6,no,lshift,376,0
gslr1h,1,red,dot,1,8,no,rshift,366,0
gslr1h,1,red,dot,1,9,no,rshift,428,0
gslr1h,1,red,dot,1,2,no,rshift,395,0
gslr1h,1,blue,dot,1,2,no,lshift,362,0
gslr1h,1,blue,dot,1,7,no,lshift,401,0
gslr1h,1,blue,dot,1,3,no,lshift,401,0
gslr1h,1,blue,dot,1,4,no,lshift,340,0
gslr1h,1,red,dot,1,7,no,rshift,343,0
gslr1h,1,blue,dot,1,3,no,lshift,309,0
gslr1h,1,red,dot,1,6,no,rshift,399,0
gslr1h,1,red,dot,1,8,no,rshift,478,0
gslr1h,1,red,dot,1,4,no,rshift,358,0
gslr1h,1,red,dot,1,9,no,rshift,390,0
gslr1h,1,red,dot,1,9,no,rshift,351,0
gslr1h,1,blue,dot,1,3,no,lshift,401,0
gslr1h,1,blue,dot,1,3,no,lshift,401,0
gslr1h,1,blue,dot,1,2,no,lshift,309,0
gslr1h,1,blue,dot,1,7,no,lshift,355,0
gslr1h,1,red,dot,1,2,no,rshift,361,0
gslr1h,1,blue,dot,1,2,no,lshift,371,0
gslr1h,1,red,dot,1,8,no,rshift,305,0
gslr1h,1,blue,dot,1,1,no,lshift,300,0
gslr1h,1,blue,dot,1,6,no,lshift,328,0
gslr1h,1,blue,dot,1,4,no,lshift,383,0
gslr1h,1,red,dot,1,2,no,rshift,319,0
gslr1h,1,red,dot,1,3,no,rshift,408,0
gslr1h,1,blue,dot,1,3,no,lshift,419,0
gslr1h,1,blue,dot,1,6,no,lshift,424,0
gslr1h,1,blue,dot,1,2,no,lshift,299,0
gslr1h,1,red,dot,1,8,no,rshift,396,0
gslr1h,1,blue,dot,1,9,no,lshift,356,0
gslr1h,1,red,dot,1,3,no,rshift,321,0
gslr1h,1,red,dot,1,3,no,rshift,362,0
gslr1h,1,red,dot,1,6,no,rshift,382,0
gslr1h,1,red,dot,1,4,no,rshift,361,0
gslr1h,1,blue,dot,1,2,no,lshift,307,0
gslr1h,1,blue,dot,0,9,no,rshift,263,0
gslr1h,1,blue,dot,1,9,no,lshift,381,0
gslr1h,1,blue,dot,1,1,no,lshift,353,0
gslr1h,1,blue,dot,1,4,no,lshift,352,0
gslr1h,1,blue,dot,1,2,no,lshift,338,0
gslr1h,1,blue,dot,1,7,no,lshift,348,0
gslr1h,1,blue,dot,1,4,no,lshift,386,0
gslr1h,1,blue,dot,1,3,no,lshift,328,0
gslr1h,1,red,dot,1,7,no,rshift,578,0
gslr1h,1,blue,dot,1,4,no,lshift,376,0
gslr1h,1,red,dot,1,4,no,rshift,431,0
gslr1h,1,red,dot,1,1,no,rshift,394,0
gslr1h,1,blue,dot,1,7,no,lshift,367,0
gslr1h,1,red,dot,1,8,no,rshift,350,0
gslr1h,1,red,dot,1,3,no,rshift,302,0
gslr1h,1,red,dot,0,1,no,lshift,333,0
gslr1h,1,blue,dot,1,6,no,lshift,515,0
gslr1h,1,blue,dot,1,9,no,lshift,388,0
gslr1h,1,red,dot,1,2,no,rshift,319,0
gslr1h,1,blue,dot,1,1,no,lshift,331,0
gslr1h,1,blue,dot,0,2,no,rshift,262,0
gslr1h,1,blue,dot,1,1,no,lshift,466,0
gslr1h,1,blue,dot,1,6,no,lshift,417,0
gslr1h,1,red,dot,1,8,no,rshift,337,0
gslr1h,1,red,dot,1,2,no,rshift,327,0
gslr1h,1,red,dot,1,2,no,rshift,377,0
gslr1h,1,blue,dot,1,9,no,lshift,340,0
gslr1h,1,red,dot,1,3,no,rshift,339,0
gslr1h,1,red,dot,1,4,no,rshift,422,0
gslr1h,1,red,dot,1,1,no,rshift,371,0
gslr1h,1,red,dot,1,4,no,rshift,313,0
gslr1h,1,blue,dot,1,1,no,lshift,279,0
gslr1h,1,blue,dot,1,7,no,lshift,477,0
gslr1h,1,red,dot,1,6,no,rshift,344,0
gslr1h,1,red,dot,1,1,no,rshift,382,0
gslr1h,1,blue,dot,1,3,no,lshift,437,0
gslr1h,1,red,dot,1,4,no,rshift,375,0
gslr1h,1,blue,dot,1,9,no,lshift,404,0
gslr1h,1,blue,dot,1,3,no,lshift,424,0
gslr1h,1,red,dot,1,9,no,rshift,408,0
gslr1h,1,blue,dot,1,8,no,lshift,522,0
gslr1h,1,red,dot,1,8,no,rshift,458,0
gslr1h,1,red,dot,1,6,no,rshift,328,0
gslr1h,1,red,dot,1,8,no,rshift,450,0
gslr1h,1,red,dot,1,9,no,rshift,455,0
gslr1h,1,red,dot,1,9,no,rshift,399,0
gslr1h,1,red,dot,1,6,no,rshift,501,0
gslr1h,1,blue,dot,1,8,no,lshift,326,0
gslr1h,1,blue,dot,1,8,no,lshift,426,0
gslr1h,1,blue,dot,1,2,no,lshift,321,0
gslr1h,1,blue,dot,1,7,no,lshift,344,0
gslr1h,1,red,dot,1,7,no,rshift,366,0
gslr1h,1,red,dot,1,1,no,rshift,393,0
gslr1h,1,red,dot,1,4,no,rshift,376,0
gslr1h,1,red,dot,1,7,no,rshift,343,0
gslr1h,1,red,dot,1,1,no,rshift,310,0
gslr1h,1,red,dot,1,7,no,rshift,487,0
gslr1h,1,red,dot,1,4,no,rshift,408,0
gslr1h,1,red,dot,1,9,no,rshift,336,0
gslr1h,1,blue,dot,1,7,no,lshift,605,0
gslr1h,1,blue,dot,1,1,no,lshift,380,0
gslr1h,1,blue,dot,1,8,no,lshift,422,0
gslr1h,1,red,dot,1,2,no,rshift,297,0
gslr1h,1,red,dot,1,9,no,rshift,350,0
gslr1h,1,blue,dot,1,8,no,lshift,631,0
gslr1h,1,red,dot,1,2,no,rshift,368,0
gslr1h,1,blue,dot,0,9,no,rshift,356,0
gslr1h,1,blue,dot,1,7,no,lshift,587,0
gslr1h,1,blue,dot,1,4,no,lshift,331,0
gslr1h,2,red,dot,1,8,no,rshift,361,0
gslr1h,2,red,dot,1,2,no,rshift,359,0
gslr1h,2,blue,dot,1,2,no,lshift,341,0
gslr1h,2,red,dot,1,1,no,rshift,325,0
gslr1h,2,red,dot,1,9,no,rshift,312,0
gslr1h,2,blue,dot,1,9,no,lshift,361,0
gslr1h,2,red,dot,1,9,no,rshift,284,0
gslr1h,2,blue,dot,1,3,no,lshift,508,0
gslr1h,2,red,dot,1,2,no,rshift,317,0
gslr1h,2,blue,dot,0,9,no,rshift,339,0
gslr1h,2,red,dot,1,9,no,rshift,528,0
gslr1h,2,red,dot,1,2,no,rshift,629,0
gslr1h,2,red,dot,1,7,no,rshift,389,0
gslr1h,2,red,dot,1,1,no,rshift,383,0
gslr1h,2,blue,dot,1,7,no,lshift,371,0
gslr1h,2,blue,dot,1,9,no,lshift,410,0
gslr1h,2,blue,dot,1,1,no,lshift,354,0
gslr1h,2,red,dot,1,8,no,rshift,527,0
gslr1h,2,blue,dot,1,6,no,lshift,757,0
gslr1h,2,blue,dot,1,8,no,lshift,483,0
gslr1h,2,blue,dot,1,6,no,lshift,344,0
gslr1h,2,red,dot,1,1,no,rshift,359,0
gslr1h,2,blue,dot,1,2,no,lshift,480,0
gslr1h,2,red,dot,1,6,no,rshift,309,0
gslr1h,2,blue,dot,1,7,no,lshift,375,0
gslr1h,2,red,dot,1,3,no,rshift,763,0
gslr1h,2,blue,dot,1,3,no,lshift,425,0
gslr1h,2,red,dot,1,7,no,rshift,381,0
gslr1h,2,blue,dot,1,3,no,lshift,444,0
gslr1h,2,blue,dot,1,2,no,lshift,516,0
gslr1h,2,blue,dot,1,4,no,lshift,459,0
gslr1h,2,blue,dot,1,8,no,lshift,437,0
gslr1h,2,red,dot,1,1,no,rshift,418,0
gslr1h,2,blue,dot,1,4,no,lshift,389,0
gslr1h,2,blue,dot,1,1,no,lshift,359,0
gslr1h,2,blue,dot,1,3,no,lshift,382,0
gslr1h,2,red,dot,1,2,no,rshift,399,0
gslr1h,2,red,dot,1,1,no,rshift,402,0
gslr1h,2,red,dot,1,8,no,rshift,431,0
gslr1h,2,red,dot,1,9,no,rshift,398,0
gslr1h,2,red,dot,1,3,no,rshift,338,0
gslr1h,2,red,dot,1,8,no,rshift,346,0
gslr1h,2,blue,dot,1,6,no,lshift,388,0
gslr1h,2,red,dot,1,3,no,rshift,430,0
gslr1h,2,red,dot,1,3,no,rshift,824,0
gslr1h,2,red,dot,1,7,no,rshift,477,0
gslr1h,2,blue,dot,1,1,no,lshift,294,0
gslr1h,2,red,dot,1,9,no,rshift,530,0
gslr1h,2,blue,dot,1,1,no,lshift,441,0
gslr1h,2,blue,dot,1,1,no,lshift,394,0
gslr1h,2,red,dot,1,8,no,rshift,256,0
gslr1h,2,blue,dot,1,2,no,lshift,332,0
gslr1h,2,blue,dot,1,4,no,lshift,396,0
gslr1h,2,red,dot,1,8,no,rshift,408,0
gslr1h,2,blue,dot,1,6,no,lshift,390,0
gslr1h,2,red,dot,1,4,no,rshift,433,0
gslr1h,2,red,dot,1,3,no,rshift,321,0
gslr1h,2,blue,dot,1,1,no,lshift,322,0
gslr1h,2,red,dot,1,7,no,rshift,334,0
gslr1h,2,blue,dot,1,6,no,lshift,500,0
gslr1h,2,blue,dot,1,1,no,lshift,393,0
gslr1h,2,red,dot,1,1,no,rshift,375,0
gslr1h,2,blue,dot,1,9,no,lshift,353,0
gslr1h,2,red,dot,1,6,no,rshift,346,0
gslr1h,2,red,dot,1,7,no,rshift,360,0
gslr1h,2,red,dot,1,8,no,rshift,315,0
gslr1h,2,red,dot,1,9,no,rshift,413,0
gslr1h,2,blue,dot,1,8,no,lshift,459,0
gslr1h,2,red,dot,1,6,no,rshift,364,0
gslr1h,2,red,dot,1,6,no,rshift,425,0
gslr1h,2,red,dot,1,7,no,rshift,346,0
gslr1h,2,red,dot,1,4,no,rshift,368,0
gslr1h,2,blue,dot,1,7,no,lshift,408,0
gslr1h,2,blue,dot,1,2,no,lshift,383,0
gslr1h,2,red,dot,1,1,no,rshift,522,0
gslr1h,2,red,dot,1,4,no,rshift,426,0
gslr1h,2,red,dot,1,7,no,rshift,401,0
gslr1h,2,red,dot,1,6,no,rshift,391,0
gslr1h,2,red,dot,1,3,no,rshift,344,0
gslr1h,2,blue,dot,1,1,no,lshift,390,0
gslr1h,2,red,dot,1,2,no,rshift,509,0
gslr1h,2,blue,dot,1,7,no,lshift,723,0
gslr1h,2,red,dot,1,3,no,rshift,331,0
gslr1h,2,red,dot,1,1,no,rshift,361,0
gslr1h,2,red,dot,1,4,no,rshift,455,0
gslr1h,2,red,dot,1,7,no,rshift,331,0
gslr1h,2,blue,dot,1,2,no,lshift,376,0
gslr1h,2,blue,dot,0,9,no,rshift,338,0
gslr1h,2,blue,dot,1,7,no,lshift,459,0
gslr1h,2,blue,dot,1,4,no,lshift,364,0
gslr1h,2,blue,dot,1,8,no,lshift,415,0
gslr1h,2,red,dot,1,6,no,rshift,393,0
gslr1h,2,red,dot,1,9,no,rshift,390,0
gslr1h,2,blue,dot,1,2,no,lshift,386,0
gslr1h,2,blue,dot,1,2,no,lshift,424,0
gslr1h,2,blue,dot,1,3,no,lshift,326,0
gslr1h,2,blue,dot,1,8,no,lshift,394,0
gslr1h,2,blue,dot,1,1,no,lshift,380,0
gslr1h,2,blue,dot,1,6,no,lshift,405,0
gslr1h,2,red,dot,1,6,no,rshift,374,0
gslr1h,2,blue,dot,1,7,no,lshift,378,0
gslr1h,2,red,dot,1,2,no,rshift,334,0
gslr1h,2,red,dot,1,7,no,rshift,462,0
gslr1h,2,blue,dot,1,9,no,lshift,379,0
gslr1h,2,red,dot,1,6,no,rshift,333,0
gslr1h,2,blue,dot,1,6,no,lshift,395,0
gslr1h,2,blue,dot,0,9,no,rshift,315,0
gslr1h,2,blue,dot,1,2,no,lshift,611,0
gslr1h,2,blue,dot,1,8,no,lshift,588,0
gslr1h,2,blue,dot,1,6,no,lshift,418,0
gslr1h,2,blue,dot,1,7,no,lshift,284,0
gslr1h,2,red,dot,1,9,no,rshift,384,0
gslr1h,2,blue,dot,1,4,no,lshift,421,0
gslr1h,2,blue,dot,1,8,no,lshift,417,0
gslr1h,2,red,dot,1,3,no,rshift,409,0
gslr1h,2,red,dot,1,3,no,rshift,589,0
gslr1h,2,blue,dot,1,3,no,lshift,492,0
gslr1h,2,blue,dot,1,7,no,lshift,381,0
gslr1h,2,red,dot,1,1,no,rshift,347,0
gslr1h,2,blue,dot,1,9,no,lshift,467,0
gslr1h,2,blue,dot,1,1,no,lshift,512,0
gslr1h,2,blue,dot,1,2,no,lshift,568,0
gslr1h,2,blue,dot,1,8,no,lshift,423,0
gslr1h,2,red,dot,1,4,no,rshift,363,0
gslr1h,2,red,dot,1,4,no,rshift,417,0
gslr1h,2,blue,dot,1,3,no,lshift,319,0
gslr1h,2,red,dot,1,9,no,rshift,398,0
gslr1h,2,red,dot,1,2,no,rshift,389,0
gslr1h,2,red,dot,1,8,no,rshift,382,0
gslr1h,2,blue,dot,1,3,no,lshift,353,0
gslr1h,2,blue,dot,0,3,no,rshift,363,0
gslr1h,2,blue,dot,0,4,no,rshift,621,0
gslr1h,2,red,dot,1,4,no,rshift,381,0
gslr1h,2,red,dot,1,1,no,rshift,439,0
gslr1h,2,red,dot,1,4,no,rshift,446,0
gslr1h,2,red,dot,1,6,no,rshift,423,0
gslr1h,2,red,dot,1,7,no,rshift,415,0
gslr1h,2,blue,dot,1,8,no,lshift,469,0
gslr1h,2,blue,dot,1,4,no,lshift,404,0
gslr1h,2,red,dot,1,4,no,rshift,414,0
gslr1h,2,blue,dot,1,4,no,lshift,369,0
gslr1h,2,blue,dot,1,7,no,lshift,545,0
gslr1h,2,red,dot,1,2,no,rshift,413,0
gslr1h,2,blue,dot,1,3,no,lshift,499,0
gslr1h,2,red,dot,1,8,no,rshift,385,0
gslr1h,2,red,dot,1,2,no,rshift,416,0
gslr1h,2,blue,dot,1,8,no,lshift,340,0
gslr1h,2,red,dot,1,9,no,rshift,431,0
gslr1h,2,red,dot,1,2,no,rshift,361,0
gslr1h,2,red,dot,1,3,no,rshift,338,0
gslr1h,2,red,dot,1,6,no,rshift,305,0
gslr1h,2,blue,dot,1,4,no,lshift,354,0
gslr1h,2,blue,dot,1,6,no,lshift,356,0
gslr1h,2,blue,dot,1,4,no,lshift,450,0
gslr1h,2,blue,dot,1,9,no,lshift,368,0
gslr1h,2,blue,dot,1,7,no,lshift,399,0
gslr1h,2,blue,dot,1,9,no,lshift,485,0
gslr1h,2,blue,dot,1,6,no,lshift,367,0
gslr1h,2,red,dot,1,4,no,rshift,381,0
gslr1h,2,red,dot,0,8,no,lshift,408,0
gslr1h,3,red,dot,1,1,no,rshift,369,0
gslr1h,3,red,dot,1,3,no,rshift,339,0
gslr1h,3,blue,dot,1,3,no,lshift,414,0
gslr1h,3,blue,dot,1,7,no,lshift,446,0
gslr1h,3,red,dot,1,2,no,rshift,355,0
gslr1h,3,blue,dot,1,6,no,lshift,487,0
gslr1h,3,red,dot,1,1,no,rshift,324,0
gslr1h,3,red,dot,1,3,no,rshift,329,0
gslr1h,3,red,dot,1,7,no,rshift,389,0
gslr1h,3,red,dot,1,6,no,rshift,328,0
gslr1h,3,blue,dot,1,9,no,lshift,366,0
gslr1h,3,red,dot,1,7,no,rshift,333,0
gslr1h,3,blue,dot,1,1,no,lshift,388,0
gslr1h,3,blue,dot,1,9,no,lshift,447,0
gslr1h,3,blue,dot,1,4,no,lshift,387,0
gslr1h,3,red,dot,1,8,no,rshift,512,0
gslr1h,3,red,dot,1,2,no,rshift,357,0
gslr1h,3,blue,dot,1,4,no,lshift,307,0
gslr1h,3,red,dot,1,2,no,rshift,393,0
gslr1h,3,red,dot,1,8,no,rshift,343,0
gslr1h,3,red,dot,1,1,no,rshift,347,0
gslr1h,3,blue,dot,1,8,no,lshift,342,0
gslr1h,3,red,dot,1,4,no,rshift,347,0
gslr1h,3,red,dot,1,1,no,rshift,384,0
gslr1h,3,blue,dot,1,6,no,lshift,394,0
gslr1h,3,red,dot,1,3,no,rshift,364,0
gslr1h,3,blue,dot,1,7,no,lshift,508,0
gslr1h,3,blue,dot,1,6,no,lshift,428,0
gslr1h,3,red,dot,1,8,no,rshift,320,0
gslr1h,3,blue,dot,1,6,no,lshift,443,0
gslr1h,3,red,dot,1,4,no,rshift,363,0
gslr1h,3,blue,dot,1,3,no,lshift,601,0
gslr1h,3,red,dot,1,9,no,rshift,476,0
gslr1h,3,blue,dot,1,7,no,lshift,386,0
gslr1h,3,blue,dot,1,2,no,lshift,286,0
gslr1h,3,red,dot,1,3,no,rshift,345,0
gslr1h,3,red,dot,1,4,no,rshift,371,0
gslr1h,3,blue,dot,1,1,no,lshift,397,0
gslr1h,3,red,dot,1,3,no,rshift,318,0
gslr1h,3,blue,dot,1,6,no,lshift,460,0
gslr1h,3,red,dot,1,6,no,rshift,369,0
gslr1h,3,blue,dot,1,1,no,lshift,434,0
gslr1h,3,red,dot,1,6,no,rshift,349,0
gslr1h,3,blue,dot,1,4,no,lshift,402,0
gslr1h,3,blue,dot,1,8,no,lshift,508,0
gslr1h,3,red,dot,1,7,no,rshift,386,0
gslr1h,3,blue,dot,1,9,no,lshift,451,0
gslr1h,3,red,dot,1,6,no,rshift,361,0
gslr1h,3,blue,dot,1,7,no,lshift,332,0
gslr1h,3,red,dot,1,2,no,rshift,382,0
gslr1h,3,red,dot,1,9,no,rshift,472,0
gslr1h,3,blue,dot,1,1,no,lshift,312,0
gslr1h,3,blue,dot,1,1,no,lshift,353,0
gslr1h,3,red,dot,1,7,no,rshift,360,0
gslr1h,3,blue,dot,0,9,no,rshift,350,0
gslr1h,3,red,dot,1,1,no,rshift,437,0
gslr1h,3,red,dot,1,1,no,rshift,397,0
gslr1h,3,blue,dot,1,7,no,lshift,319,0
gslr1h,3,blue,dot,1,7,no,lshift,555,0
gslr1h,3,blue,dot,1,2,no,lshift,362,0
gslr1h,3,blue,dot,1,2,no,lshift,355,0
gslr1h,3,blue,dot,1,2,no,lshift,401,0
gslr1h,3,blue,dot,1,8,no,lshift,342,0
gslr1h,3,red,dot,1,9,no,rshift,396,0
gslr1h,3,blue,dot,1,9,no,lshift,389,0
gslr1h,3,red,dot,1,3,no,rshift,348,0
gslr1h,3,red,dot,1,8,no,rshift,384,0
gslr1h,3,blue,dot,1,4,no,lshift,319,0
gslr1h,3,blue,dot,1,3,no,lshift,298,0
gslr1h,3,red,dot,1,4,no,rshift,416,0
gslr1h,3,red,dot,1,9,no,rshift,504,0
gslr1h,3,red,dot,1,7,no,rshift,328,0
gslr1h,3,red,dot,1,6,no,rshift,414,0
gslr1h,3,blue,dot,1,1,no,lshift,287,0
gslr1h,3,blue,dot,1,4,no,lshift,275,0
gslr1h,3,red,dot,1,3,no,rshift,359,0
gslr1h,3,red,dot,1,9,no,rshift,389,0
gslr1h,3,blue,dot,1,2,no,lshift,346,0
gslr1h,3,blue,dot,1,3,no,lshift,363,0
gslr1h,3,red,dot,1,2,no,rshift,323,0
gslr1h,3,red,dot,1,6,no,rshift,443,0
gslr1h,3,blue,dot,1,6,no,lshift,467,0
gslr1h,3,blue,dot,1,7,no,lshift,472,0
gslr1h,3,red,dot,1,8,no,rshift,434,0
gslr1h,3,red,dot,1,9,no,rshift,386,0
gslr1h,3,red,dot,1,8,no,rshift,449,0
gslr1h,3,red,dot,1,7,no,rshift,606,0
gslr1h,3,blue,dot,1,6,no,lshift,315,0
gslr1h,3,red,dot,0,9,no,lshift,362,0
gslr1h,3,blue,dot,1,8,no,lshift,560,0
gslr1h,3,blue,dot,1,4,no,lshift,442,0
gslr1h,3,red,dot,1,6,no,rshift,337,0
gslr1h,3,blue,dot,1,8,no,lshift,323,0
gslr1h,3,red,dot,1,7,no,rshift,360,0
gslr1h,3,red,dot,1,9,no,rshift,546,0
gslr1h,3,red,dot,1,8,no,rshift,354,0
gslr1h,3,red,dot,1,4,no,rshift,421,0
gslr1h,3,blue,dot,1,1,no,lshift,470,0
gslr1h,3,blue,dot,1,9,no,lshift,458,0
gslr1h,3,blue,dot,1,9,no,lshift,418,0
gslr1h,3,blue,dot,1,4,no,lshift,459,0
gslr1h,3,red,dot,1,4,no,rshift,375,0
gslr1h,3,red,dot,1,7,no,rshift,485,0
gslr1h,3,blue,dot,1,3,no,lshift,373,0
gslr1h,3,red,dot,1,2,no,rshift,366,0
gslr1h,3,blue,dot,1,2,no,lshift,337,0
gslr1h,3,red,dot,1,1,no,rshift,309,0
gslr1h,3,red,dot,1,2,no,rshift,358,0
gslr1h,3,red,dot,1,3,no,rshift,377,0
gslr1h,3,red,dot,1,1,no,rshift,364,0
gslr1h,3,red,dot,1,7,no,rshift,465,0
gslr1h,3,red,dot,1,8,no,rshift,482,0
gslr1h,3,red,dot,1,8,no,rshift,378,0
gslr1h,3,blue,dot,1,7,no,lshift,381,0
gslr1h,3,red,dot,1,9,no,rshift,348,0
gslr1h,3,red,dot,1,2,no,rshift,373,0
gslr1h,3,blue,dot,1,3,no,lshift,380,0
gslr1h,3,red,dot,1,3,no,rshift,952,0
gslr1h,3,blue,dot,1,2,no,lshift,364,0
gslr1h,3,red,dot,1,1,no,rshift,397,0
gslr1h,3,blue,dot,1,8,no,lshift,807,0
gslr1h,3,blue,dot,1,4,no,lshift,374,0
gslr1h,3,blue,dot,1,4,no,lshift,370,0
gslr1h,3,blue,dot,1,6,no,lshift,437,0
gslr1h,3,blue,dot,1,9,no,lshift,723,0
gslr1h,3,red,dot,1,6,no,rshift,508,0
gslr1h,3,blue,dot,1,9,no,lshift,500,0
gslr1h,3,blue,dot,1,1,no,lshift,355,0
gslr1h,3,blue,dot,1,1,no,lshift,343,0
gslr1h,3,blue,dot,1,9,no,lshift,386,0
gslr1h,3,blue,dot,1,8,no,lshift,406,0
gslr1h,3,red,dot,1,4,no,rshift,395,0
gslr1h,3,red,dot,1,1,no,rshift,398,0
gslr1h,3,blue,dot,1,6,no,lshift,347,0
gslr1h,3,blue,dot,1,3,no,lshift,346,0
gslr1h,3,blue,dot,0,1,no,rshift,331,0
gslr1h,3,blue,dot,1,8,no,lshift,441,0
gslr1h,3,red,dot,1,4,no,rshift,394,0
gslr1h,3,blue,dot,1,4,no,lshift,452,0
gslr1h,3,blue,dot,1,8,no,lshift,485,0
gslr1h,3,blue,dot,1,6,no,lshift,423,0
gslr1h,3,red,dot,1,6,no,rshift,428,0
gslr1h,3,red,dot,1,4,no,rshift,417,0
gslr1h,3,red,dot,1,4,no,rshift,383,0
gslr1h,3,red,dot,1,2,no,rshift,382,0
gslr1h,3,blue,dot,1,8,no,lshift,391,0
gslr1h,3,blue,dot,1,2,no,lshift,362,0
gslr1h,3,red,dot,1,3,no,rshift,394,0
gslr1h,3,blue,dot,1,3,no,lshift,464,0
gslr1h,3,blue,dot,1,3,no,lshift,376,0
gslr1h,3,blue,dot,1,7,no,lshift,310,0
gslr1h,3,blue,dot,1,7,no,lshift,372,0
gslr1h,3,blue,dot,0,2,no,rshift,308,0
gslr1h,3,red,dot,1,6,no,rshift,372,0
gslr1h,3,blue,dot,1,3,no,lshift,601,0
gslr1h,3,red,dot,1,9,no,rshift,515,0
gslr1h,3,red,dot,0,8,no,lshift,414,0
gslr1h,3,blue,dot,0,2,no,rshift,594,0
gslr1h,3,red,dot,1,2,no,rshift,575,0
gslr1h,3,red,dot,1,7,no,rshift,576,0
gslr1h,0,red,classic,1,2,yes,lshift,650,0
gslr1h,0,red,classic,1,9,yes,rshift,579,0
gslr1h,0,red,classic,1,7,yes,rshift,466,0
gslr1h,0,red,classic,1,4,yes,lshift,654,0
gslr1h,0,red,classic,1,8,yes,lshift,687,0
gslr1h,0,red,classic,1,1,yes,rshift,693,0
gslr1h,0,red,classic,1,6,yes,lshift,503,0
gslr1h,0,red,classic,1,3,yes,rshift,533,0
gslr1h,1,red,classic,1,9,yes,lshift,1063,0
gslr1h,1,red,classic,1,8,yes,rshift,527,0
gslr1h,1,red,classic,1,1,yes,lshift,487,0
gslr1h,1,red,classic,1,6,yes,rshift,445,0
gslr1h,1,red,classic,1,4,yes,rshift,457,0
gslr1h,1,red,classic,1,7,yes,lshift,547,0
gslr1h,1,red,classic,1,3,yes,lshift,937,0
gslr1h,1,red,classic,1,2,yes,rshift,752,0
gslr1h,2,red,classic,1,6,no,lshift,634,0
gslr1h,2,red,classic,1,7,no,rshift,474,0
gslr1h,2,red,classic,1,3,no,rshift,566,0
gslr1h,2,red,classic,1,2,no,lshift,660,0
gslr1h,2,red,classic,1,7,no,rshift,419,0
gslr1h,2,red,classic,1,6,no,lshift,474,0
gslr1h,2,red,classic,1,2,no,lshift,487,0
gslr1h,2,red,classic,1,4,no,lshift,501,0
gslr1h,2,red,classic,1,8,no,lshift,640,0
gslr1h,2,red,classic,1,8,no,lshift,493,0
gslr1h,2,red,classic,1,2,no,lshift,586,0
gslr1h,2,red,classic,1,4,no,lshift,508,0
gslr1h,2,red,classic,1,1,no,rshift,577,0
gslr1h,2,red,classic,1,3,no,rshift,641,0
gslr1h,2,red,classic,1,9,no,rshift,597,0
gslr1h,2,red,classic,1,9,no,rshift,573,0
gslr1h,2,red,classic,1,6,no,lshift,440,0
gslr1h,2,red,classic,1,4,no,lshift,398,0
gslr1h,2,red,classic,1,2,no,lshift,445,0
gslr1h,2,red,classic,1,3,no,rshift,609,0
gslr1h,2,red,classic,1,9,no,rshift,594,0
gslr1h,2,red,classic,1,9,no,rshift,476,0
gslr1h,2,red,classic,1,1,no,rshift,589,0
gslr1h,2,red,classic,1,8,no,lshift,522,0
gslr1h,2,red,classic,1,8,no,lshift,468,0
gslr1h,2,red,classic,1,1,no,rshift,583,0
gslr1h,2,red,classic,1,4,no,lshift,397,0
gslr1h,2,red,classic,1,8,no,lshift,594,0
gslr1h,2,red,classic,1,6,no,lshift,476,0
gslr1h,2,red,classic,1,2,no,lshift,449,0
gslr1h,2,red,classic,1,3,no,rshift,502,0
gslr1h,2,red,classic,1,4,no,lshift,509,0
gslr1h,2,red,classic,1,4,no,lshift,421,0
gslr1h,2,red,classic,1,7,no,rshift,470,0
gslr1h,2,red,classic,1,8,no,lshift,494,0
gslr1h,2,red,classic,1,4,no,lshift,447,0
gslr1h,2,red,classic,1,2,no,lshift,546,0
gslr1h,2,red,classic,1,3,no,rshift,536,0
gslr1h,2,red,classic,1,3,no,rshift,470,0
gslr1h,2,red,classic,1,4,no,lshift,394,0
gslr1h,2,red,classic,1,1,no,rshift,566,0
gslr1h,2,red,classic,1,2,no,lshift,464,0
gslr1h,2,red,classic,1,9,no,rshift,470,0
gslr1h,2,red,classic,1,7,no,rshift,564,0
gslr1h,2,red,classic,1,3,no,rshift,784,0
gslr1h,2,red,classic,1,1,no,rshift,1648,0
gslr1h,2,red,classic,1,9,no,rshift,475,0
gslr1h,2,red,classic,1,1,no,rshift,579,0
gslr1h,2,red,classic,1,6,no,lshift,751,0
gslr1h,2,red,classic,1,8,no,lshift,616,0
gslr1h,2,red,classic,1,7,no,rshift,1590,0
gslr1h,2,red,classic,1,6,no,lshift,876,0
gslr1h,2,red,classic,1,8,no,lshift,585,0
gslr1h,2,red,classic,1,2,no,lshift,443,0
gslr1h,2,red,classic,1,1,no,rshift,700,0
gslr1h,2,red,classic,1,1,no,rshift,647,0
gslr1h,2,red,classic,1,6,no,lshift,438,0
gslr1h,2,red,classic,1,3,no,rshift,498,0
gslr1h,2,red,classic,1,7,no,rshift,556,0
gslr1h,2,red,classic,1,6,no,lshift,553,0
gslr1h,2,red,classic,1,7,no,rshift,536,0
gslr1h,2,red,classic,1,7,no,rshift,537,0
gslr1h,2,red,classic,1,8,no,lshift,464,0
gslr1h,2,red,classic,1,1,no,rshift,710,0
gslr1h,2,red,classic,1,9,no,rshift,592,0
gslr1h,2,red,classic,1,3,no,rshift,684,0
gslr1h,2,red,classic,1,7,no,rshift,522,0
gslr1h,2,red,classic,1,4,no,lshift,431,0
gslr1h,2,red,classic,1,1,no,rshift,513,0
gslr1h,2,red,classic,1,8,no,lshift,412,0
gslr1h,2,red,classic,1,8,no,lshift,458,0
gslr1h,2,red,classic,1,8,no,lshift,380,0
gslr1h,2,red,classic,1,2,no,lshift,590,0
gslr1h,2,red,classic,1,8,no,lshift,483,0
gslr1h,2,red,classic,1,4,no,lshift,670,0
gslr1h,2,red,classic,1,1,no,rshift,472,0
gslr1h,2,red,classic,1,4,no,lshift,572,0
gslr1h,2,red,classic,1,6,no,lshift,473,0
gslr1h,2,red,classic,1,3,no,rshift,1040,0
gslr1h,2,red,classic,1,1,no,rshift,775,0
gslr1h,2,red,classic,1,6,no,lshift,518,0
gslr1h,2,red,classic,1,6,no,lshift,785,0
gslr1h,2,red,classic,1,6,no,lshift,448,0
gslr1h,2,red,classic,1,3,no,rshift,635,0
gslr1h,2,red,classic,1,3,no,rshift,480,0
gslr1h,2,red,classic,1,2,no,lshift,553,0
gslr1h,2,red,classic,1,4,no,lshift,592,0
gslr1h,2,red,classic,1,1,no,rshift,544,0
gslr1h,2,red,classic,1,1,no,rshift,472,0
gslr1h,2,red,classic,1,4,no,lshift,535,0
gslr1h,2,red,classic,1,7,no,rshift,605,0
gslr1h,2,red,classic,1,9,no,rshift,1459,0
gslr1h,2,red,classic,1,4,no,lshift,2394,0
gslr1h,2,red,classic,1,7,no,rshift,666,0
gslr1h,2,red,classic,1,6,no,lshift,849,0
gslr1h,2,red,classic,1,3,no,rshift,872,0
gslr1h,2,red,classic,1,9,no,rshift,780,0
gslr1h,2,red,classic,1,2,no,lshift,523,0
gslr1h,2,red,classic,1,6,no,lshift,636,0
gslr1h,2,red,classic,1,7,no,rshift,481,0
gslr1h,2,red,classic,1,2,no,lshift,453,0
gslr1h,2,red,classic,1,9,no,rshift,513,0
gslr1h,2,red,classic,1,7,no,rshift,617,0
gslr1h,2,red,classic,1,9,no,rshift,500,0
gslr1h,2,red,classic,1,9,no,rshift,591,0
gslr1h,2,red,classic,1,7,no,rshift,522,0
gslr1h,2,red,classic,1,3,no,rshift,706,0
gslr1h,2,red,classic,1,2,no,lshift,444,0
gslr1h,2,red,classic,1,2,no,lshift,389,0
gslr1h,2,red,classic,1,8,no,lshift,501,0
gslr1h,2,red,classic,1,9,no,rshift,548,0
gslr1h,2,red,classic,1,9,no,rshift,470,0
gslr1h,3,red,classic,1,2,no,rshift,548,0
gslr1h,3,red,classic,1,8,no,rshift,561,0
gslr1h,3,red,classic,1,1,no,lshift,446,0
gslr1h,3,red,classic,1,6,no,rshift,432,0
gslr1h,3,red,classic,1,1,no,lshift,1439,0
gslr1h,3,red,classic,1,1,no,lshift,535,0
gslr1h,3,red,classic,1,9,no,lshift,557,0
gslr1h,3,red,classic,1,1,no,lshift,577,0
gslr1h,3,red,classic,1,8,no,rshift,393,0
gslr1h,3,red,classic,1,2,no,rshift,504,0
gslr1h,3,red,classic,1,3,no,lshift,579,0
gslr1h,3,red,classic,1,3,no,lshift,390,0
gslr1h,3,red,classic,1,6,no,rshift,611,0
gslr1h,3,red,classic,1,6,no,rshift,481,0
gslr1h,3,red,classic,1,8,no,rshift,595,0
gslr1h,3,red,classic,1,4,no,rshift,572,0
gslr1h,3,red,classic,1,2,no,rshift,474,0
gslr1h,3,red,classic,1,7,no,lshift,411,0
gslr1h,3,red,classic,1,2,no,rshift,424,0
gslr1h,3,red,classic,1,7,no,lshift,420,0
gslr1h,3,red,classic,1,7,no,lshift,546,0
gslr1h,3,red,classic,1,6,no,rshift,445,0
gslr1h,3,red,classic,1,1,no,lshift,555,0
gslr1h,3,red,classic,1,7,no,lshift,658,0
gslr1h,3,red,classic,1,8,no,rshift,433,0
gslr1h,3,red,classic,1,9,no,lshift,668,0
gslr1h,3,red,classic,1,7,no,lshift,593,0
gslr1h,3,red,classic,1,9,no,lshift,576,0
gslr1h,3,red,classic,1,6,no,rshift,737,0
gslr1h,3,red,classic,1,9,no,lshift,534,0
gslr1h,3,red,classic,1,8,no,rshift,487,0
gslr1h,3,red,classic,1,6,no,rshift,555,0
gslr1h,3,red,classic,1,8,no,rshift,499,0
gslr1h,3,red,classic,0,4,no,lshift,429,0
gslr1h,3,red,classic,1,4,no,rshift,484,0
gslr1h,3,red,classic,1,2,no,rshift,470,0
gslr1h,3,red,classic,1,6,no,rshift,623,0
gslr1h,3,red,classic,1,6,no,rshift,611,0
gslr1h,3,red,classic,1,3,no,lshift,536,0
gslr1h,3,red,classic,1,2,no,rshift,429,0
gslr1h,3,red,classic,1,4,no,rshift,478,0
gslr1h,3,red,classic,1,2,no,rshift,467,0
gslr1h,3,red,classic,1,8,no,rshift,509,0
gslr1h,3,red,classic,1,8,no,rshift,445,0
gslr1h,3,red,classic,1,3,no,lshift,543,0
gslr1h,3,red,classic,1,7,no,lshift,662,0
gslr1h,3,red,classic,1,4,no,rshift,660,0
gslr1h,3,red,classic,1,9,no,lshift,584,0
gslr1h,3,red,classic,1,7,no,lshift,513,0
gslr1h,3,red,classic,1,9,no,lshift,577,0
gslr1h,3,red,classic,1,1,no,lshift,537,0
gslr1h,3,red,classic,1,2,no,rshift,766,0
gslr1h,3,red,classic,1,8,no,rshift,494,0
gslr1h,3,red,classic,1,3,no,lshift,476,0
gslr1h,3,red,classic,1,3,no,lshift,467,0
gslr1h,3,red,classic,1,6,no,rshift,411,0
gslr1h,3,red,classic,1,9,no,lshift,472,0
gslr1h,3,red,classic,1,2,no,rshift,522,0
gslr1h,3,red,classic,1,9,no,lshift,618,0
gslr1h,3,red,classic,1,7,no,lshift,501,0
gslr1h,3,red,classic,1,8,no,rshift,523,0
gslr1h,3,red,classic,1,6,no,rshift,637,0
gslr1h,3,red,classic,1,1,no,lshift,471,0
gslr1h,3,red,classic,1,3,no,lshift,577,0
gslr1h,3,red,classic,1,1,no,lshift,535,0
gslr1h,3,red,classic,1,3,no,lshift,612,0
gslr1h,3,red,classic,1,9,no,lshift,532,0
gslr1h,3,red,classic,1,8,no,rshift,404,0
gslr1h,3,red,classic,1,4,no,rshift,502,0
gslr1h,3,red,classic,1,9,no,lshift,486,0
gslr1h,3,red,classic,1,3,no,lshift,610,0
gslr1h,3,red,classic,1,2,no,rshift,383,0
gslr1h,3,red,classic,1,3,no,lshift,569,0
gslr1h,3,red,classic,1,4,no,rshift,418,0
gslr1h,3,red,classic,1,1,no,lshift,535,0
gslr1h,3,red,classic,1,1,no,lshift,492,0
gslr1h,3,red,classic,1,3,no,lshift,501,0
gslr1h,3,red,classic,1,7,no,lshift,446,0
gslr1h,3,red,classic,1,4,no,rshift,461,0
gslr1h,3,red,classic,1,4,no,rshift,570,0
gslr1h,3,red,classic,1,6,no,rshift,750,0
gslr1h,3,red,classic,1,8,no,rshift,558,0
gslr1h,3,red,classic,1,7,no,lshift,474,0
gslr1h,3,red,classic,1,4,no,rshift,455,0
gslr1h,3,red,classic,1,7,no,lshift,541,0
gslr1h,3,red,classic,1,4,no,rshift,492,0
gslr1h,3,red,classic,1,3,no,lshift,547,0
gslr1h,3,red,classic,1,1,no,lshift,555,0
gslr1h,3,red,classic,1,9,no,lshift,587,0
gslr1h,3,red,classic,1,6,no,rshift,501,0
gslr1h,3,red,classic,1,8,no,rshift,714,0
gslr1h,3,red,classic,1,1,no,lshift,489,0
gslr1h,3,red,classic,0,9,no,rshift,496,0
gslr1h,3,red,classic,1,7,no,lshift,637,0
gslr1h,3,red,classic,1,7,no,lshift,547,0
gslr1h,3,red,classic,1,1,no,lshift,509,0
gslr1h,3,red,classic,1,3,no,lshift,708,0
gslr1h,3,red,classic,1,4,no,rshift,466,0
gslr1h,3,red,classic,1,9,no,lshift,454,0
gslr1h,3,red,classic,1,3,no,lshift,487,0
gslr1h,3,red,classic,1,6,no,rshift,497,0
gslr1h,3,red,classic,1,6,no,rshift,537,0
gslr1h,3,red,classic,1,2,no,rshift,544,0
gslr1h,3,red,classic,1,9,no,lshift,433,0
gslr1h,3,red,classic,1,1,no,lshift,527,0
gslr1h,3,red,classic,1,7,no,lshift,748,0
gslr1h,3,red,classic,1,4,no,rshift,529,0
gslr1h,3,red,classic,1,2,no,rshift,613,0
gslr1h,3,red,classic,1,2,no,rshift,477,0
gslr1h,3,red,classic,1,2,no,rshift,564,0
gslr1h,3,red,classic,1,4,no,rshift,535,0
gslr1h,3,red,classic,1,8,no,rshift,542,0
