ID_name,block,color,condition,correct_keyboard_response,number,practice,response_keyboard_response,response_time_keyboard_response,subject_nr
kisvakond,0,red,arab,1,8,yes,lshift,717,0
kisvakond,0,blue,arab,1,9,yes,rshift,377,0
kisvakond,0,red,arab,1,9,yes,lshift,447,0
kisvakond,0,red,arab,1,4,yes,lshift,457,0
kisvakond,0,red,arab,1,2,yes,lshift,486,0
kisvakond,0,red,arab,1,6,yes,lshift,497,0
kisvakond,0,red,arab,1,7,yes,lshift,445,0
kisvakond,0,blue,arab,1,4,yes,rshift,7717,0
kisvakond,0,red,arab,1,1,yes,lshift,436,0
kisvakond,0,blue,arab,1,7,yes,rshift,537,0
kisvakond,0,blue,arab,0,1,yes,lshift,697,0
kisvakond,0,red,arab,0,3,yes,rshift,486,0
kisvakond,0,blue,arab,1,2,yes,rshift,975,0
kisvakond,0,blue,arab,1,6,yes,rshift,587,0
kisvakond,0,blue,arab,1,8,yes,rshift,598,0
kisvakond,0,blue,arab,1,3,yes,rshift,569,0
kisvakond,1,blue,arab,1,2,no,rshift,462,0
kisvakond,1,blue,arab,1,9,no,rshift,435,0
kisvakond,1,blue,arab,1,4,no,rshift,394,0
kisvakond,1,red,arab,1,6,no,lshift,414,0
kisvakond,1,blue,arab,1,7,no,rshift,355,0
kisvakond,1,red,arab,1,9,no,lshift,436,0
kisvakond,1,blue,arab,1,4,no,rshift,381,0
kisvakond,1,blue,arab,1,9,no,rshift,445,0
kisvakond,1,red,arab,1,8,no,lshift,425,0
kisvakond,1,blue,arab,1,2,no,rshift,320,0
kisvakond,1,red,arab,1,3,no,lshift,386,0
kisvakond,1,red,arab,1,8,no,lshift,479,0
kisvakond,1,blue,arab,1,2,no,rshift,371,0
kisvakond,1,blue,arab,1,9,no,rshift,552,0
kisvakond,1,red,arab,1,4,no,lshift,422,0
kisvakond,1,red,arab,1,4,no,lshift,433,0
kisvakond,1,blue,arab,1,8,no,rshift,330,0
kisvakond,1,red,arab,1,9,no,lshift,369,0
kisvakond,1,blue,arab,1,8,no,rshift,332,0
kisvakond,1,red,arab,1,2,no,lshift,340,0
kisvakond,1,red,arab,1,8,no,lshift,455,0
kisvakond,1,blue,arab,1,9,no,rshift,384,0
kisvakond,1,blue,arab,1,3,no,rshift,574,0
kisvakond,1,red,arab,1,6,no,lshift,344,0
kisvakond,1,red,arab,1,7,no,lshift,459,0
kisvakond,1,red,arab,1,8,no,lshift,302,0
kisvakond,1,red,arab,1,3,no,lshift,353,0
kisvakond,1,red,arab,1,9,no,lshift,383,0
kisvakond,1,blue,arab,1,8,no,rshift,3645,0
kisvakond,1,red,arab,1,6,no,lshift,320,0
kisvakond,1,blue,arab,1,2,no,rshift,376,0
kisvakond,1,red,arab,1,3,no,lshift,577,0
kisvakond,1,blue,arab,1,6,no,rshift,481,0
kisvakond,1,blue,arab,1,6,no,rshift,426,0
kisvakond,1,red,arab,1,4,no,lshift,399,0
kisvakond,1,red,arab,1,2,no,lshift,345,0
kisvakond,1,blue,arab,1,9,no,rshift,380,0
kisvakond,1,blue,arab,1,4,no,rshift,489,0
kisvakond,1,blue,arab,1,1,no,rshift,394,0
kisvakond,1,blue,arab,1,1,no,rshift,375,0
kisvakond,1,red,arab,1,2,no,lshift,355,0
kisvakond,1,red,arab,1,1,no,lshift,315,0
kisvakond,1,blue,arab,1,8,no,rshift,331,0
kisvakond,1,blue,arab,1,1,no,rshift,390,0
kisvakond,1,red,arab,1,1,no,lshift,360,0
kisvakond,1,blue,arab,1,1,no,rshift,423,0
kisvakond,1,red,arab,1,1,no,lshift,385,0
kisvakond,1,red,arab,1,9,no,lshift,376,0
kisvakond,1,blue,arab,1,8,no,rshift,379,0
kisvakond,1,red,arab,1,3,no,lshift,495,0
kisvakond,1,red,arab,1,3,no,lshift,524,0
kisvakond,1,blue,arab,1,7,no,rshift,347,0
kisvakond,1,red,arab,1,2,no,lshift,405,0
kisvakond,1,blue,arab,1,3,no,rshift,386,0
kisvakond,1,blue,arab,0,1,no,lshift,402,0
kisvakond,1,blue,arab,1,2,no,rshift,580,0
kisvakond,1,blue,arab,1,4,no,rshift,390,0
kisvakond,1,red,arab,1,8,no,lshift,396,0
kisvakond,1,blue,arab,1,3,no,rshift,413,0
kisvakond,1,blue,arab,1,1,no,rshift,394,0
kisvakond,1,red,arab,1,9,no,lshift,407,0
kisvakond,1,blue,arab,1,7,no,rshift,584,0
kisvakond,1,red,arab,1,8,no,lshift,506,0
kisvakond,1,red,arab,1,2,no,lshift,516,0
kisvakond,1,red,arab,1,1,no,lshift,433,0
kisvakond,1,red,arab,1,4,no,lshift,453,0
kisvakond,1,blue,arab,1,6,no,rshift,367,0
kisvakond,1,blue,arab,1,6,no,rshift,382,0
kisvakond,1,red,arab,1,4,no,lshift,359,0
kisvakond,1,blue,arab,1,6,no,rshift,138,0
kisvakond,1,blue,arab,1,3,no,rshift,523,0
kisvakond,1,red,arab,1,4,no,lshift,349,0
kisvakond,1,blue,arab,0,4,no,lshift,174,0
kisvakond,1,red,arab,1,3,no,lshift,591,0
kisvakond,1,red,arab,1,2,no,lshift,388,0
kisvakond,1,red,arab,1,6,no,lshift,434,0
kisvakond,1,blue,arab,1,9,no,rshift,1277,0
kisvakond,1,red,arab,1,9,no,lshift,407,0
kisvakond,1,red,arab,1,7,no,lshift,466,0
kisvakond,1,red,arab,1,3,no,lshift,718,0
kisvakond,1,blue,arab,1,9,no,rshift,348,0
kisvakond,1,red,arab,1,8,no,lshift,327,0
kisvakond,1,red,arab,1,6,no,lshift,377,0
kisvakond,1,blue,arab,1,7,no,rshift,331,0
kisvakond,1,red,arab,1,1,no,lshift,373,0
kisvakond,1,red,arab,1,7,no,lshift,514,0
kisvakond,1,blue,arab,1,6,no,rshift,301,0
kisvakond,1,blue,arab,1,7,no,rshift,421,0
kisvakond,1,blue,arab,0,1,no,lshift,379,0
kisvakond,1,red,arab,1,1,no,lshift,511,0
kisvakond,1,blue,arab,1,1,no,rshift,383,0
kisvakond,1,blue,arab,1,7,no,rshift,401,0
kisvakond,1,red,arab,1,2,no,lshift,566,0
kisvakond,1,blue,arab,1,3,no,rshift,394,0
kisvakond,1,blue,arab,1,7,no,rshift,90,0
kisvakond,1,red,arab,1,9,no,lshift,393,0
kisvakond,1,red,arab,1,1,no,lshift,402,0
kisvakond,1,red,arab,1,9,no,lshift,413,0
kisvakond,1,blue,arab,1,6,no,rshift,435,0
kisvakond,1,blue,arab,1,4,no,rshift,588,0
kisvakond,1,red,arab,1,4,no,lshift,404,0
kisvakond,1,blue,arab,1,7,no,rshift,567,0
kisvakond,1,blue,arab,1,6,no,rshift,373,0
kisvakond,1,blue,arab,1,8,no,rshift,434,0
kisvakond,1,blue,arab,1,2,no,rshift,424,0
kisvakond,1,red,arab,1,9,no,lshift,330,0
kisvakond,1,red,arab,1,1,no,lshift,440,0
kisvakond,1,red,arab,1,4,no,lshift,395,0
kisvakond,1,blue,arab,1,7,no,rshift,435,0
kisvakond,1,blue,arab,1,2,no,rshift,402,0
kisvakond,1,red,arab,1,8,no,lshift,329,0
kisvakond,1,blue,arab,1,1,no,rshift,284,0
kisvakond,1,blue,arab,1,3,no,rshift,377,0
kisvakond,1,red,arab,1,9,no,lshift,401,0
kisvakond,1,red,arab,1,2,no,lshift,423,0
kisvakond,1,red,arab,1,6,no,lshift,370,0
kisvakond,1,blue,arab,1,1,no,rshift,603,0
kisvakond,1,blue,arab,1,8,no,rshift,446,0
kisvakond,1,blue,arab,1,2,no,rshift,417,0
kisvakond,1,red,arab,1,6,no,lshift,388,0
kisvakond,1,red,arab,1,2,no,lshift,678,0
kisvakond,1,blue,arab,1,8,no,rshift,411,0
kisvakond,1,red,arab,1,4,no,lshift,357,0
kisvakond,1,blue,arab,0,9,no,lshift,752,0
kisvakond,1,blue,arab,1,4,no,rshift,588,0
kisvakond,1,red,arab,1,8,no,lshift,473,0
kisvakond,1,red,arab,1,7,no,lshift,484,0
kisvakond,1,red,arab,1,7,no,lshift,946,0
kisvakond,1,red,arab,1,3,no,lshift,655,0
kisvakond,1,red,arab,1,7,no,lshift,589,0
kisvakond,1,red,arab,1,1,no,lshift,644,0
kisvakond,1,blue,arab,1,2,no,rshift,410,0
kisvakond,1,red,arab,1,2,no,lshift,390,0
kisvakond,1,blue,arab,1,4,no,rshift,413,0
kisvakond,1,red,arab,1,6,no,lshift,438,0
kisvakond,1,red,arab,1,3,no,lshift,422,0
kisvakond,1,blue,arab,1,3,no,rshift,311,0
kisvakond,1,blue,arab,1,8,no,rshift,502,0
kisvakond,1,red,arab,1,3,no,lshift,388,0
kisvakond,1,blue,arab,1,3,no,rshift,474,0
kisvakond,1,blue,arab,1,4,no,rshift,427,0
kisvakond,1,red,arab,1,4,no,lshift,345,0
kisvakond,1,red,arab,1,8,no,lshift,474,0
kisvakond,1,blue,arab,1,6,no,rshift,384,0
kisvakond,1,blue,arab,1,2,no,rshift,446,0
kisvakond,1,red,arab,1,1,no,lshift,367,0
kisvakond,1,blue,arab,1,7,no,rshift,386,0
kisvakond,1,red,arab,1,6,no,lshift,381,0
kisvakond,1,blue,arab,1,3,no,rshift,379,0
kisvakond,1,blue,arab,1,3,no,rshift,370,0
kisvakond,1,red,arab,1,7,no,lshift,331,0
kisvakond,1,red,arab,1,7,no,lshift,384,0
kisvakond,1,blue,arab,1,6,no,rshift,294,0
kisvakond,1,blue,arab,1,9,no,rshift,470,0
kisvakond,1,blue,arab,1,8,no,rshift,341,0
kisvakond,1,blue,arab,1,9,no,rshift,401,0
kisvakond,1,red,arab,1,7,no,lshift,398,0
kisvakond,1,blue,arab,1,4,no,rshift,500,0
kisvakond,1,red,arab,1,7,no,lshift,386,0
kisvakond,1,red,arab,1,6,no,lshift,474,0
kisvakond,2,red,arab,1,6,no,lshift,764,0
kisvakond,2,blue,arab,1,8,no,rshift,323,0
kisvakond,2,blue,arab,1,8,no,rshift,482,0
kisvakond,2,red,arab,1,7,no,lshift,319,0
kisvakond,2,blue,arab,1,6,no,rshift,376,0
kisvakond,2,blue,arab,1,7,no,rshift,369,0
kisvakond,2,blue,arab,1,4,no,rshift,396,0
kisvakond,2,red,arab,1,3,no,lshift,352,0
kisvakond,2,red,arab,1,1,no,lshift,352,0
kisvakond,2,red,arab,1,8,no,lshift,469,0
kisvakond,2,blue,arab,1,1,no,rshift,426,0
kisvakond,2,red,arab,1,1,no,lshift,415,0
kisvakond,2,red,arab,1,9,no,lshift,677,0
kisvakond,2,blue,arab,1,2,no,rshift,417,0
kisvakond,2,blue,arab,1,1,no,rshift,442,0
kisvakond,2,red,arab,1,4,no,lshift,383,0
kisvakond,2,red,arab,1,2,no,lshift,415,0
kisvakond,2,blue,arab,1,9,no,rshift,391,0
kisvakond,2,red,arab,1,8,no,lshift,398,0
kisvakond,2,blue,arab,1,8,no,rshift,391,0
kisvakond,2,blue,arab,1,7,no,rshift,375,0
kisvakond,2,blue,arab,1,4,no,rshift,441,0
kisvakond,2,red,arab,1,9,no,lshift,694,0
kisvakond,2,blue,arab,1,6,no,rshift,331,0
kisvakond,2,blue,arab,1,6,no,rshift,374,0
kisvakond,2,blue,arab,1,2,no,rshift,455,0
kisvakond,2,red,arab,1,7,no,lshift,455,0
kisvakond,2,blue,arab,1,9,no,rshift,376,0
kisvakond,2,blue,arab,1,9,no,rshift,418,0
kisvakond,2,blue,arab,1,9,no,rshift,382,0
kisvakond,2,red,arab,1,3,no,lshift,318,0
kisvakond,2,red,arab,1,1,no,lshift,443,0
kisvakond,2,red,arab,1,2,no,lshift,413,0
kisvakond,2,red,arab,1,8,no,lshift,448,0
kisvakond,2,blue,arab,1,3,no,rshift,612,0
kisvakond,2,red,arab,1,3,no,lshift,517,0
kisvakond,2,blue,arab,1,9,no,rshift,458,0
kisvakond,2,red,arab,1,7,no,lshift,517,0
kisvakond,2,red,arab,1,6,no,lshift,586,0
kisvakond,2,blue,arab,1,1,no,rshift,502,0
kisvakond,2,red,arab,1,4,no,lshift,381,0
kisvakond,2,blue,arab,1,4,no,rshift,345,0
kisvakond,2,red,arab,1,9,no,lshift,391,0
kisvakond,2,blue,arab,1,4,no,rshift,494,0
kisvakond,2,blue,arab,1,2,no,rshift,432,0
kisvakond,2,blue,arab,1,4,no,rshift,529,0
kisvakond,2,blue,arab,1,6,no,rshift,424,0
kisvakond,2,blue,arab,1,6,no,rshift,295,0
kisvakond,2,red,arab,1,6,no,lshift,3442,0
kisvakond,2,red,arab,1,6,no,lshift,478,0
kisvakond,2,blue,arab,1,2,no,rshift,397,0
kisvakond,2,red,arab,1,6,no,lshift,522,0
kisvakond,2,red,arab,1,9,no,lshift,506,0
kisvakond,2,red,arab,1,8,no,lshift,361,0
kisvakond,2,red,arab,1,9,no,lshift,527,0
kisvakond,2,blue,arab,1,7,no,rshift,450,0
kisvakond,2,blue,arab,1,1,no,rshift,391,0
kisvakond,2,blue,arab,1,8,no,rshift,377,0
kisvakond,2,blue,arab,1,1,no,rshift,382,0
kisvakond,2,blue,arab,1,3,no,rshift,419,0
kisvakond,2,blue,arab,1,8,no,rshift,558,0
kisvakond,2,blue,arab,1,6,no,rshift,369,0
kisvakond,2,blue,arab,1,3,no,rshift,415,0
kisvakond,2,red,arab,1,3,no,lshift,370,0
kisvakond,2,blue,arab,1,8,no,rshift,351,0
kisvakond,2,red,arab,1,9,no,lshift,407,0
kisvakond,2,red,arab,1,7,no,lshift,366,0
kisvakond,2,red,arab,1,7,no,lshift,408,0
kisvakond,2,red,arab,1,7,no,lshift,390,0
kisvakond,2,blue,arab,1,7,no,rshift,484,0
kisvakond,2,blue,arab,1,1,no,rshift,330,0
kisvakond,2,blue,arab,1,6,no,rshift,342,0
kisvakond,2,blue,arab,1,1,no,rshift,404,0
kisvakond,2,blue,arab,1,4,no,rshift,299,0
kisvakond,2,red,arab,1,3,no,lshift,639,0
kisvakond,2,blue,arab,1,3,no,rshift,451,0
kisvakond,2,blue,arab,1,1,no,rshift,309,0
kisvakond,2,red,arab,1,2,no,lshift,418,0
kisvakond,2,red,arab,1,3,no,lshift,414,0
kisvakond,2,blue,arab,1,9,no,rshift,360,0
kisvakond,2,red,arab,1,8,no,lshift,357,0
kisvakond,2,blue,arab,1,7,no,rshift,329,0
kisvakond,2,blue,arab,1,7,no,rshift,297,0
kisvakond,2,blue,arab,1,3,no,rshift,416,0
kisvakond,2,red,arab,1,3,no,lshift,383,0
kisvakond,2,red,arab,1,2,no,lshift,387,0
kisvakond,2,blue,arab,1,6,no,rshift,247,0
kisvakond,2,red,arab,1,6,no,lshift,390,0
kisvakond,2,blue,arab,0,8,no,lshift,361,0
kisvakond,2,red,arab,1,4,no,lshift,483,0
kisvakond,2,blue,arab,1,7,no,rshift,370,0
kisvakond,2,red,arab,1,8,no,lshift,469,0
kisvakond,2,blue,arab,1,3,no,rshift,381,0
kisvakond,2,red,arab,1,8,no,lshift,544,0
kisvakond,2,red,arab,1,6,no,lshift,399,0
kisvakond,2,blue,arab,1,3,no,rshift,416,0
kisvakond,2,red,arab,1,9,no,lshift,425,0
kisvakond,2,red,arab,1,6,no,lshift,557,0
kisvakond,2,blue,arab,1,3,no,rshift,402,0
kisvakond,2,blue,arab,1,8,no,rshift,401,0
kisvakond,2,red,arab,1,2,no,lshift,338,0
kisvakond,2,blue,arab,1,7,no,rshift,319,0
kisvakond,2,red,arab,1,8,no,lshift,362,0
kisvakond,2,blue,arab,1,4,no,rshift,373,0
kisvakond,2,red,arab,1,1,no,lshift,360,0
kisvakond,2,red,arab,1,9,no,lshift,433,0
kisvakond,2,blue,arab,1,3,no,rshift,490,0
kisvakond,2,red,arab,1,7,no,lshift,377,0
kisvakond,2,red,arab,1,4,no,lshift,408,0
kisvakond,2,red,arab,1,4,no,lshift,443,0
kisvakond,2,red,arab,1,8,no,lshift,412,0
kisvakond,2,red,arab,1,4,no,lshift,504,0
kisvakond,2,red,arab,1,1,no,lshift,516,0
kisvakond,2,red,arab,1,2,no,lshift,594,0
kisvakond,2,red,arab,1,4,no,lshift,397,0
kisvakond,2,red,arab,1,9,no,lshift,368,0
kisvakond,2,blue,arab,1,2,no,rshift,386,0
kisvakond,2,red,arab,1,7,no,lshift,492,0
kisvakond,2,red,arab,1,6,no,lshift,578,0
kisvakond,2,blue,arab,1,4,no,rshift,349,0
kisvakond,2,blue,arab,1,4,no,rshift,390,0
kisvakond,2,blue,arab,1,9,no,rshift,389,0
kisvakond,2,red,arab,1,6,no,lshift,316,0
kisvakond,2,blue,arab,1,2,no,rshift,419,0
kisvakond,2,red,arab,1,8,no,lshift,553,0
kisvakond,2,blue,arab,1,2,no,rshift,393,0
kisvakond,2,blue,arab,1,2,no,rshift,511,0
kisvakond,2,red,arab,1,4,no,lshift,371,0
kisvakond,2,red,arab,1,3,no,lshift,477,0
kisvakond,2,red,arab,1,1,no,lshift,375,0
kisvakond,2,blue,arab,1,8,no,rshift,356,0
kisvakond,2,blue,arab,1,2,no,rshift,460,0
kisvakond,2,blue,arab,1,8,no,rshift,369,0
kisvakond,2,red,arab,1,3,no,lshift,322,0
kisvakond,2,blue,arab,1,3,no,rshift,358,0
kisvakond,2,red,arab,1,4,no,lshift,387,0
kisvakond,2,red,arab,1,1,no,lshift,338,0
kisvakond,2,blue,arab,1,2,no,rshift,342,0
kisvakond,2,red,arab,1,2,no,lshift,426,0
kisvakond,2,blue,arab,1,9,no,rshift,293,0
kisvakond,2,blue,arab,1,9,no,rshift,343,0
kisvakond,2,blue,arab,1,7,no,rshift,399,0
kisvakond,2,blue,arab,1,7,no,rshift,375,0
kisvakond,2,blue,arab,1,6,no,rshift,322,0
kisvakond,2,red,arab,1,1,no,lshift,353,0
kisvakond,2,blue,arab,1,1,no,rshift,380,0
kisvakond,2,red,arab,1,2,no,lshift,461,0
kisvakond,2,blue,arab,1,6,no,rshift,571,0
kisvakond,2,blue,arab,1,4,no,rshift,449,0
kisvakond,2,red,arab,1,1,no,lshift,363,0
kisvakond,2,red,arab,1,2,no,lshift,367,0
kisvakond,2,blue,arab,1,1,no,rshift,607,0
kisvakond,2,red,arab,1,7,no,lshift,426,0
kisvakond,2,red,arab,1,1,no,lshift,482,0
kisvakond,2,red,arab,1,9,no,lshift,434,0
kisvakond,2,red,arab,1,7,no,lshift,392,0
kisvakond,2,red,arab,1,4,no,lshift,396,0
kisvakond,2,blue,arab,1,9,no,rshift,393,0
kisvakond,2,red,arab,1,3,no,lshift,338,0
kisvakond,2,red,arab,1,2,no,lshift,413,0
kisvakond,3,red,arab,1,8,no,lshift,382,0
kisvakond,3,blue,arab,1,7,no,rshift,319,0
kisvakond,3,red,arab,1,4,no,lshift,431,0
kisvakond,3,red,arab,1,8,no,lshift,424,0
kisvakond,3,blue,arab,1,2,no,rshift,343,0
kisvakond,3,blue,arab,1,9,no,rshift,458,0
kisvakond,3,blue,arab,0,4,no,lshift,273,0
kisvakond,3,red,arab,1,9,no,lshift,328,0
kisvakond,3,red,arab,1,2,no,lshift,409,0
kisvakond,3,red,arab,1,1,no,lshift,425,0
kisvakond,3,red,arab,1,7,no,lshift,399,0
kisvakond,3,red,arab,1,6,no,lshift,442,0
kisvakond,3,blue,arab,1,1,no,rshift,434,0
kisvakond,3,red,arab,0,7,no,rshift,289,0
kisvakond,3,red,arab,1,7,no,lshift,446,0
kisvakond,3,blue,arab,1,8,no,rshift,382,0
kisvakond,3,red,arab,1,9,no,lshift,328,0
kisvakond,3,red,arab,1,8,no,lshift,397,0
kisvakond,3,red,arab,1,2,no,lshift,391,0
kisvakond,3,red,arab,1,9,no,lshift,416,0
kisvakond,3,blue,arab,1,3,no,rshift,395,0
kisvakond,3,blue,arab,1,6,no,rshift,536,0
kisvakond,3,red,arab,1,3,no,lshift,310,0
kisvakond,3,red,arab,1,4,no,lshift,314,0
kisvakond,3,red,arab,1,3,no,lshift,400,0
kisvakond,3,blue,arab,1,6,no,rshift,271,0
kisvakond,3,red,arab,1,8,no,lshift,406,0
kisvakond,3,blue,arab,1,9,no,rshift,353,0
kisvakond,3,blue,arab,1,9,no,rshift,423,0
kisvakond,3,red,arab,1,7,no,lshift,338,0
kisvakond,3,blue,arab,1,2,no,rshift,495,0
kisvakond,3,blue,arab,1,9,no,rshift,303,0
kisvakond,3,red,arab,1,2,no,lshift,353,0
kisvakond,3,blue,arab,1,8,no,rshift,267,0
kisvakond,3,blue,arab,1,3,no,rshift,374,0
kisvakond,3,red,arab,1,3,no,lshift,391,0
kisvakond,3,blue,arab,1,2,no,rshift,524,0
kisvakond,3,blue,arab,1,1,no,rshift,295,0
kisvakond,3,blue,arab,0,7,no,lshift,328,0
kisvakond,3,red,arab,1,9,no,lshift,416,0
kisvakond,3,blue,arab,1,2,no,rshift,320,0
kisvakond,3,blue,arab,1,1,no,rshift,292,0
kisvakond,3,red,arab,1,1,no,lshift,607,0
kisvakond,3,blue,arab,1,3,no,rshift,316,0
kisvakond,3,red,arab,1,1,no,lshift,408,0
kisvakond,3,blue,arab,1,6,no,rshift,282,0
kisvakond,3,red,arab,0,6,no,rshift,260,0
kisvakond,3,red,arab,1,8,no,lshift,541,0
kisvakond,3,blue,arab,1,9,no,rshift,548,0
kisvakond,3,red,arab,1,2,no,lshift,375,0
kisvakond,3,blue,arab,1,8,no,rshift,407,0
kisvakond,3,blue,arab,1,2,no,rshift,359,0
kisvakond,3,blue,arab,1,4,no,rshift,366,0
kisvakond,3,blue,arab,1,9,no,rshift,333,0
kisvakond,3,blue,arab,1,3,no,rshift,398,0
kisvakond,3,red,arab,1,2,no,lshift,427,0
kisvakond,3,blue,arab,1,3,no,rshift,361,0
kisvakond,3,red,arab,1,3,no,lshift,381,0
kisvakond,3,blue,arab,1,4,no,rshift,464,0
kisvakond,3,blue,arab,1,3,no,rshift,463,0
kisvakond,3,red,arab,1,4,no,lshift,351,0
kisvakond,3,red,arab,1,9,no,lshift,421,0
kisvakond,3,red,arab,1,4,no,lshift,394,0
kisvakond,3,red,arab,1,4,no,lshift,342,0
kisvakond,3,blue,arab,1,4,no,rshift,367,0
kisvakond,3,blue,arab,1,9,no,rshift,340,0
kisvakond,3,blue,arab,1,8,no,rshift,457,0
kisvakond,3,red,arab,1,2,no,lshift,332,0
kisvakond,3,red,arab,1,6,no,lshift,416,0
kisvakond,3,red,arab,1,6,no,lshift,411,0
kisvakond,3,red,arab,1,4,no,lshift,361,0
kisvakond,3,blue,arab,1,1,no,rshift,340,0
kisvakond,3,red,arab,1,3,no,lshift,415,0
kisvakond,3,blue,arab,1,4,no,rshift,411,0
kisvakond,3,blue,arab,1,9,no,rshift,412,0
kisvakond,3,red,arab,1,1,no,lshift,420,0
kisvakond,3,red,arab,1,7,no,lshift,409,0
kisvakond,3,blue,arab,1,8,no,rshift,437,0
kisvakond,3,red,arab,1,7,no,lshift,476,0
kisvakond,3,blue,arab,1,1,no,rshift,395,0
kisvakond,3,blue,arab,1,6,no,rshift,519,0
kisvakond,3,blue,arab,1,1,no,rshift,414,0
kisvakond,3,blue,arab,1,1,no,rshift,408,0
kisvakond,3,red,arab,1,3,no,lshift,356,0
kisvakond,3,red,arab,1,1,no,lshift,381,0
kisvakond,3,blue,arab,1,9,no,rshift,440,0
kisvakond,3,blue,arab,1,8,no,rshift,426,0
kisvakond,3,blue,arab,1,6,no,rshift,354,0
kisvakond,3,blue,arab,1,2,no,rshift,348,0
kisvakond,3,blue,arab,0,8,no,lshift,312,0
kisvakond,3,blue,arab,1,8,no,rshift,509,0
kisvakond,3,red,arab,1,6,no,lshift,414,0
kisvakond,3,red,arab,1,7,no,lshift,572,0
kisvakond,3,blue,arab,1,7,no,rshift,340,0
kisvakond,3,red,arab,1,3,no,lshift,535,0
kisvakond,3,blue,arab,1,8,no,rshift,406,0
kisvakond,3,blue,arab,1,4,no,rshift,408,0
kisvakond,3,red,arab,1,4,no,lshift,417,0
kisvakond,3,red,arab,1,1,no,lshift,507,0
kisvakond,3,blue,arab,1,6,no,rshift,267,0
kisvakond,3,blue,arab,1,7,no,rshift,361,0
kisvakond,3,red,arab,1,3,no,lshift,462,0
kisvakond,3,blue,arab,1,6,no,rshift,360,0
kisvakond,3,blue,arab,1,3,no,rshift,298,0
kisvakond,3,red,arab,1,2,no,lshift,341,0
kisvakond,3,blue,arab,1,7,no,rshift,362,0
kisvakond,3,red,arab,1,6,no,lshift,566,0
kisvakond,3,blue,arab,1,7,no,rshift,309,0
kisvakond,3,red,arab,1,8,no,lshift,404,0
kisvakond,3,blue,arab,1,7,no,rshift,391,0
kisvakond,3,red,arab,0,9,no,rshift,400,0
kisvakond,3,red,arab,1,4,no,lshift,723,0
kisvakond,3,red,arab,1,1,no,lshift,365,0
kisvakond,3,blue,arab,1,4,no,rshift,535,0
kisvakond,3,blue,arab,1,3,no,rshift,382,0
kisvakond,3,blue,arab,1,3,no,rshift,424,0
kisvakond,3,blue,arab,0,4,no,lshift,314,0
kisvakond,3,blue,arab,1,2,no,rshift,732,0
kisvakond,3,red,arab,1,3,no,lshift,467,0
kisvakond,3,blue,arab,1,2,no,rshift,344,0
kisvakond,3,red,arab,1,1,no,lshift,418,0
kisvakond,3,blue,arab,1,4,no,rshift,375,0
kisvakond,3,blue,arab,1,9,no,rshift,711,0
kisvakond,3,red,arab,1,2,no,lshift,373,0
kisvakond,3,blue,arab,1,3,no,rshift,305,0
kisvakond,3,red,arab,1,7,no,lshift,420,0
kisvakond,3,red,arab,0,1,no,rshift,369,0
kisvakond,3,blue,arab,1,1,no,rshift,429,0
kisvakond,3,red,arab,1,6,no,lshift,569,0
kisvakond,3,red,arab,1,8,no,lshift,494,0
kisvakond,3,red,arab,1,3,no,lshift,437,0
kisvakond,3,blue,arab,1,7,no,rshift,337,0
kisvakond,3,red,arab,1,4,no,lshift,420,0
kisvakond,3,red,arab,1,8,no,lshift,482,0
kisvakond,3,red,arab,1,9,no,lshift,455,0
kisvakond,3,blue,arab,1,1,no,rshift,425,0
kisvakond,3,red,arab,1,6,no,lshift,417,0
kisvakond,3,blue,arab,1,8,no,rshift,482,0
kisvakond,3,red,arab,1,7,no,lshift,404,0
kisvakond,3,red,arab,1,8,no,lshift,508,0
kisvakond,3,blue,arab,1,6,no,rshift,343,0
kisvakond,3,red,arab,1,9,no,lshift,396,0
kisvakond,3,blue,arab,1,7,no,rshift,367,0
kisvakond,3,red,arab,1,6,no,lshift,405,0
kisvakond,3,blue,arab,1,1,no,rshift,421,0
kisvakond,3,blue,arab,1,6,no,rshift,447,0
kisvakond,3,red,arab,1,2,no,lshift,350,0
kisvakond,3,red,arab,1,6,no,lshift,391,0
kisvakond,3,blue,arab,1,6,no,rshift,457,0
kisvakond,3,red,arab,1,1,no,lshift,413,0
kisvakond,3,blue,arab,1,2,no,rshift,935,0
kisvakond,3,red,arab,1,4,no,lshift,377,0
kisvakond,3,blue,arab,1,2,no,rshift,509,0
kisvakond,3,red,arab,1,7,no,lshift,366,0
kisvakond,3,blue,arab,1,7,no,rshift,437,0
kisvakond,3,red,arab,1,2,no,lshift,380,0
kisvakond,3,red,arab,1,9,no,lshift,471,0
kisvakond,3,red,arab,1,9,no,lshift,419,0
kisvakond,3,red,arab,1,8,no,lshift,468,0
kisvakond,3,blue,arab,1,4,no,rshift,410,0
kisvakond,0,red,dot,1,8,yes,lshift,809,0
kisvakond,0,red,dot,1,6,yes,lshift,372,0
kisvakond,0,red,dot,1,2,yes,lshift,476,0
kisvakond,0,red,dot,1,9,yes,lshift,461,0
kisvakond,0,blue,dot,1,4,yes,rshift,446,0
kisvakond,0,red,dot,1,4,yes,lshift,525,0
kisvakond,0,blue,dot,1,2,yes,rshift,349,0
kisvakond,0,red,dot,1,1,yes,lshift,522,0
kisvakond,0,blue,dot,1,1,yes,rshift,307,0
kisvakond,0,blue,dot,1,9,yes,rshift,381,0
kisvakond,0,red,dot,1,7,yes,lshift,453,0
kisvakond,0,blue,dot,1,8,yes,rshift,638,0
kisvakond,0,red,dot,1,3,yes,lshift,444,0
kisvakond,0,blue,dot,1,6,yes,rshift,476,0
kisvakond,0,blue,dot,1,7,yes,rshift,458,0
kisvakond,0,blue,dot,1,3,yes,rshift,394,0
kisvakond,1,red,dot,1,7,no,lshift,584,0
kisvakond,1,blue,dot,1,2,no,rshift,293,0
kisvakond,1,blue,dot,1,8,no,rshift,305,0
kisvakond,1,red,dot,1,8,no,lshift,333,0
kisvakond,1,blue,dot,1,8,no,rshift,391,0
kisvakond,1,red,dot,1,6,no,lshift,327,0
kisvakond,1,blue,dot,1,3,no,rshift,307,0
kisvakond,1,blue,dot,0,6,no,lshift,370,0
kisvakond,1,blue,dot,1,7,no,rshift,493,0
kisvakond,1,blue,dot,1,3,no,rshift,388,0
kisvakond,1,blue,dot,1,4,no,rshift,414,0
kisvakond,1,blue,dot,1,1,no,rshift,444,0
kisvakond,1,red,dot,1,2,no,lshift,411,0
kisvakond,1,red,dot,1,8,no,lshift,387,0
kisvakond,1,red,dot,1,7,no,lshift,449,0
kisvakond,1,red,dot,1,1,no,lshift,509,0
kisvakond,1,blue,dot,1,7,no,rshift,338,0
kisvakond,1,red,dot,1,6,no,lshift,680,0
kisvakond,1,blue,dot,1,4,no,rshift,367,0
kisvakond,1,red,dot,1,7,no,lshift,381,0
kisvakond,1,blue,dot,1,9,no,rshift,422,0
kisvakond,1,blue,dot,1,1,no,rshift,315,0
kisvakond,1,red,dot,1,4,no,lshift,551,0
kisvakond,1,red,dot,1,1,no,lshift,453,0
kisvakond,1,red,dot,1,1,no,lshift,433,0
kisvakond,1,blue,dot,1,6,no,rshift,395,0
kisvakond,1,red,dot,1,9,no,lshift,468,0
kisvakond,1,blue,dot,1,6,no,rshift,396,0
kisvakond,1,red,dot,1,9,no,lshift,421,0
kisvakond,1,blue,dot,1,2,no,rshift,393,0
kisvakond,1,blue,dot,1,8,no,rshift,400,0
kisvakond,1,red,dot,1,3,no,lshift,378,0
kisvakond,1,blue,dot,1,1,no,rshift,356,0
kisvakond,1,blue,dot,1,6,no,rshift,428,0
kisvakond,1,blue,dot,1,7,no,rshift,378,0
kisvakond,1,blue,dot,1,7,no,rshift,354,0
kisvakond,1,blue,dot,1,7,no,rshift,355,0
kisvakond,1,red,dot,1,3,no,lshift,2868,0
kisvakond,1,blue,dot,1,4,no,rshift,382,0
kisvakond,1,red,dot,1,7,no,lshift,413,0
kisvakond,1,red,dot,1,8,no,lshift,391,0
kisvakond,1,blue,dot,1,4,no,rshift,383,0
kisvakond,1,blue,dot,1,1,no,rshift,364,0
kisvakond,1,blue,dot,1,7,no,rshift,398,0
kisvakond,1,red,dot,1,3,no,lshift,521,0
kisvakond,1,blue,dot,1,2,no,rshift,673,0
kisvakond,1,blue,dot,1,4,no,rshift,385,0
kisvakond,1,red,dot,1,2,no,lshift,381,0
kisvakond,1,blue,dot,1,9,no,rshift,435,0
kisvakond,1,red,dot,1,9,no,lshift,366,0
kisvakond,1,blue,dot,1,4,no,rshift,494,0
kisvakond,1,red,dot,1,2,no,lshift,400,0
kisvakond,1,blue,dot,1,7,no,rshift,331,0
kisvakond,1,red,dot,1,9,no,lshift,354,0
kisvakond,1,red,dot,1,6,no,lshift,364,0
kisvakond,1,blue,dot,1,7,no,rshift,269,0
kisvakond,1,blue,dot,1,3,no,rshift,370,0
kisvakond,1,red,dot,1,4,no,lshift,355,0
kisvakond,1,blue,dot,1,8,no,rshift,365,0
kisvakond,1,red,dot,1,4,no,lshift,327,0
kisvakond,1,blue,dot,1,6,no,rshift,380,0
kisvakond,1,blue,dot,1,8,no,rshift,391,0
kisvakond,1,blue,dot,1,3,no,rshift,406,0
kisvakond,1,blue,dot,1,1,no,rshift,352,0
kisvakond,1,blue,dot,1,9,no,rshift,449,0
kisvakond,1,red,dot,1,3,no,lshift,408,0
kisvakond,1,red,dot,1,8,no,lshift,439,0
kisvakond,1,blue,dot,1,4,no,rshift,287,0
kisvakond,1,blue,dot,1,9,no,rshift,383,0
kisvakond,1,red,dot,1,2,no,lshift,332,0
kisvakond,1,blue,dot,1,2,no,rshift,347,0
kisvakond,1,blue,dot,1,2,no,rshift,341,0
kisvakond,1,blue,dot,1,9,no,rshift,429,0
kisvakond,1,red,dot,1,1,no,lshift,482,0
kisvakond,1,blue,dot,1,8,no,rshift,293,0
kisvakond,1,red,dot,1,6,no,lshift,357,0
kisvakond,1,red,dot,1,1,no,lshift,502,0
kisvakond,1,blue,dot,1,1,no,rshift,339,0
kisvakond,1,blue,dot,1,9,no,rshift,407,0
kisvakond,1,red,dot,1,6,no,lshift,548,0
kisvakond,1,red,dot,1,1,no,lshift,539,0
kisvakond,1,red,dot,1,7,no,lshift,465,0
kisvakond,1,red,dot,1,6,no,lshift,426,0
kisvakond,1,blue,dot,1,8,no,rshift,306,0
kisvakond,1,blue,dot,1,3,no,rshift,419,0
kisvakond,1,blue,dot,1,9,no,rshift,467,0
kisvakond,1,red,dot,1,7,no,lshift,611,0
kisvakond,1,red,dot,1,1,no,lshift,528,0
kisvakond,1,red,dot,1,9,no,lshift,348,0
kisvakond,1,red,dot,1,8,no,lshift,432,0
kisvakond,1,red,dot,1,6,no,lshift,410,0
kisvakond,1,red,dot,1,4,no,lshift,404,0
kisvakond,1,blue,dot,1,4,no,rshift,313,0
kisvakond,1,blue,dot,1,6,no,rshift,371,0
kisvakond,1,red,dot,1,2,no,lshift,397,0
kisvakond,1,red,dot,1,4,no,lshift,401,0
kisvakond,1,red,dot,1,2,no,lshift,377,0
kisvakond,1,red,dot,1,9,no,lshift,329,0
kisvakond,1,blue,dot,1,2,no,rshift,355,0
kisvakond,1,red,dot,1,4,no,lshift,467,0
kisvakond,1,red,dot,1,3,no,lshift,429,0
kisvakond,1,red,dot,1,3,no,lshift,346,0
kisvakond,1,blue,dot,1,7,no,rshift,337,0
kisvakond,1,blue,dot,1,2,no,rshift,314,0
kisvakond,1,red,dot,1,2,no,lshift,505,0
kisvakond,1,red,dot,1,7,no,lshift,984,0
kisvakond,1,red,dot,1,6,no,lshift,394,0
kisvakond,1,blue,dot,1,3,no,rshift,343,0
kisvakond,1,blue,dot,1,3,no,rshift,412,0
kisvakond,1,red,dot,1,3,no,lshift,374,0
kisvakond,1,blue,dot,1,9,no,rshift,379,0
kisvakond,1,red,dot,1,3,no,lshift,523,0
kisvakond,1,blue,dot,1,6,no,rshift,323,0
kisvakond,1,blue,dot,1,1,no,rshift,329,0
kisvakond,1,red,dot,1,8,no,lshift,374,0
kisvakond,1,red,dot,1,9,no,lshift,497,0
kisvakond,1,red,dot,1,2,no,lshift,354,0
kisvakond,1,red,dot,1,1,no,lshift,374,0
kisvakond,1,blue,dot,1,9,no,rshift,375,0
kisvakond,1,red,dot,1,9,no,lshift,321,0
kisvakond,1,red,dot,1,4,no,lshift,359,0
kisvakond,1,red,dot,1,6,no,lshift,366,0
kisvakond,1,blue,dot,1,8,no,rshift,306,0
kisvakond,1,red,dot,1,4,no,lshift,394,0
kisvakond,1,red,dot,1,1,no,lshift,428,0
kisvakond,1,blue,dot,1,6,no,rshift,357,0
kisvakond,1,blue,dot,1,9,no,rshift,344,0
kisvakond,1,blue,dot,1,1,no,rshift,379,0
kisvakond,1,blue,dot,1,8,no,rshift,348,0
kisvakond,1,red,dot,1,8,no,lshift,388,0
kisvakond,1,blue,dot,1,4,no,rshift,290,0
kisvakond,1,blue,dot,1,1,no,rshift,291,0
kisvakond,1,blue,dot,1,2,no,rshift,304,0
kisvakond,1,red,dot,1,8,no,lshift,368,0
kisvakond,1,blue,dot,1,2,no,rshift,291,0
kisvakond,1,red,dot,1,7,no,lshift,348,0
kisvakond,1,blue,dot,1,3,no,rshift,405,0
kisvakond,1,red,dot,1,3,no,lshift,386,0
kisvakond,1,blue,dot,1,3,no,rshift,291,0
kisvakond,1,red,dot,1,6,no,lshift,349,0
kisvakond,1,blue,dot,1,8,no,rshift,414,0
kisvakond,1,red,dot,1,7,no,lshift,380,0
kisvakond,1,red,dot,1,7,no,lshift,470,0
kisvakond,1,blue,dot,1,7,no,rshift,340,0
kisvakond,1,blue,dot,1,3,no,rshift,341,0
kisvakond,1,red,dot,1,1,no,lshift,438,0
kisvakond,1,blue,dot,1,2,no,rshift,429,0
kisvakond,1,red,dot,1,4,no,lshift,354,0
kisvakond,1,blue,dot,1,6,no,rshift,265,0
kisvakond,1,red,dot,1,9,no,lshift,513,0
kisvakond,1,red,dot,1,3,no,lshift,457,0
kisvakond,1,red,dot,0,9,no,rshift,317,0
kisvakond,1,red,dot,1,8,no,lshift,403,0
kisvakond,1,red,dot,1,4,no,lshift,401,0
kisvakond,1,blue,dot,1,6,no,rshift,439,0
kisvakond,1,red,dot,1,2,no,lshift,379,0
kisvakond,1,blue,dot,1,4,no,rshift,653,0
kisvakond,1,blue,dot,1,1,no,rshift,433,0
kisvakond,1,red,dot,1,2,no,lshift,362,0
kisvakond,1,red,dot,1,8,no,lshift,431,0
kisvakond,2,blue,dot,1,1,no,rshift,306,0
kisvakond,2,blue,dot,1,8,no,rshift,617,0
kisvakond,2,red,dot,1,6,no,lshift,307,0
kisvakond,2,red,dot,1,9,no,lshift,374,0
kisvakond,2,red,dot,1,3,no,lshift,588,0
kisvakond,2,blue,dot,1,7,no,rshift,304,0
kisvakond,2,blue,dot,1,1,no,rshift,334,0
kisvakond,2,blue,dot,1,3,no,rshift,370,0
kisvakond,2,blue,dot,0,7,no,lshift,303,0
kisvakond,2,blue,dot,1,2,no,rshift,375,0
kisvakond,2,blue,dot,1,4,no,rshift,362,0
kisvakond,2,red,dot,0,2,no,rshift,307,0
kisvakond,2,blue,dot,1,9,no,rshift,473,0
kisvakond,2,blue,dot,1,3,no,rshift,438,0
kisvakond,2,blue,dot,1,3,no,rshift,327,0
kisvakond,2,red,dot,1,9,no,lshift,351,0
kisvakond,2,blue,dot,1,9,no,rshift,393,0
kisvakond,2,blue,dot,1,8,no,rshift,410,0
kisvakond,2,red,dot,1,4,no,lshift,324,0
kisvakond,2,red,dot,1,7,no,lshift,319,0
kisvakond,2,blue,dot,1,2,no,rshift,333,0
kisvakond,2,red,dot,1,2,no,lshift,313,0
kisvakond,2,blue,dot,1,2,no,rshift,376,0
kisvakond,2,red,dot,1,7,no,lshift,341,0
kisvakond,2,blue,dot,1,3,no,rshift,380,0
kisvakond,2,blue,dot,1,6,no,rshift,398,0
kisvakond,2,red,dot,1,9,no,lshift,306,0
kisvakond,2,red,dot,1,6,no,lshift,616,0
kisvakond,2,blue,dot,1,4,no,rshift,571,0
kisvakond,2,blue,dot,1,2,no,rshift,590,0
kisvakond,2,blue,dot,1,1,no,rshift,310,0
kisvakond,2,blue,dot,1,7,no,rshift,290,0
kisvakond,2,blue,dot,1,7,no,rshift,292,0
kisvakond,2,red,dot,1,7,no,lshift,348,0
kisvakond,2,red,dot,1,3,no,lshift,323,0
kisvakond,2,blue,dot,1,1,no,rshift,331,0
kisvakond,2,red,dot,1,6,no,lshift,352,0
kisvakond,2,red,dot,1,3,no,lshift,397,0
kisvakond,2,blue,dot,1,2,no,rshift,420,0
kisvakond,2,blue,dot,1,4,no,rshift,668,0
kisvakond,2,red,dot,1,4,no,lshift,333,0
kisvakond,2,red,dot,1,7,no,lshift,416,0
kisvakond,2,red,dot,1,3,no,lshift,430,0
kisvakond,2,red,dot,1,1,no,lshift,573,0
kisvakond,2,red,dot,1,3,no,lshift,348,0
kisvakond,2,red,dot,1,7,no,lshift,398,0
kisvakond,2,blue,dot,1,6,no,rshift,344,0
kisvakond,2,red,dot,1,1,no,lshift,430,0
kisvakond,2,blue,dot,1,9,no,rshift,497,0
kisvakond,2,blue,dot,1,8,no,rshift,533,0
kisvakond,2,red,dot,1,6,no,lshift,394,0
kisvakond,2,red,dot,1,4,no,lshift,365,0
kisvakond,2,blue,dot,1,8,no,rshift,421,0
kisvakond,2,blue,dot,1,1,no,rshift,393,0
kisvakond,2,red,dot,1,8,no,lshift,372,0
kisvakond,2,blue,dot,1,4,no,rshift,322,0
kisvakond,2,red,dot,1,4,no,lshift,362,0
kisvakond,2,red,dot,1,3,no,lshift,504,0
kisvakond,2,red,dot,1,4,no,lshift,439,0
kisvakond,2,blue,dot,1,3,no,rshift,279,0
kisvakond,2,blue,dot,1,1,no,rshift,327,0
kisvakond,2,red,dot,1,8,no,lshift,332,0
kisvakond,2,red,dot,1,3,no,lshift,596,0
kisvakond,2,red,dot,1,8,no,lshift,464,0
kisvakond,2,blue,dot,1,8,no,rshift,406,0
kisvakond,2,blue,dot,1,6,no,rshift,363,0
kisvakond,2,blue,dot,1,2,no,rshift,418,0
kisvakond,2,red,dot,1,2,no,lshift,348,0
kisvakond,2,red,dot,1,2,no,lshift,364,0
kisvakond,2,red,dot,1,9,no,lshift,727,0
kisvakond,2,red,dot,1,2,no,lshift,394,0
kisvakond,2,blue,dot,1,1,no,rshift,349,0
kisvakond,2,red,dot,1,6,no,lshift,393,0
kisvakond,2,blue,dot,1,9,no,rshift,321,0
kisvakond,2,red,dot,1,1,no,lshift,441,0
kisvakond,2,blue,dot,1,4,no,rshift,546,0
kisvakond,2,red,dot,1,2,no,lshift,397,0
kisvakond,2,blue,dot,1,6,no,rshift,325,0
kisvakond,2,blue,dot,1,6,no,rshift,407,0
kisvakond,2,red,dot,1,3,no,lshift,492,0
kisvakond,2,red,dot,1,6,no,lshift,407,0
kisvakond,2,blue,dot,1,9,no,rshift,340,0
kisvakond,2,red,dot,1,2,no,lshift,358,0
kisvakond,2,red,dot,1,1,no,lshift,397,0
kisvakond,2,blue,dot,1,2,no,rshift,434,0
kisvakond,2,blue,dot,1,8,no,rshift,580,0
kisvakond,2,blue,dot,1,9,no,rshift,445,0
kisvakond,2,red,dot,1,1,no,lshift,619,0
kisvakond,2,red,dot,1,9,no,lshift,337,0
kisvakond,2,blue,dot,1,4,no,rshift,303,0
kisvakond,2,blue,dot,1,9,no,rshift,354,0
kisvakond,2,red,dot,1,8,no,lshift,361,0
kisvakond,2,red,dot,1,8,no,lshift,423,0
kisvakond,2,blue,dot,1,3,no,rshift,386,0
kisvakond,2,red,dot,1,1,no,lshift,353,0
kisvakond,2,red,dot,1,8,no,lshift,408,0
kisvakond,2,red,dot,1,4,no,lshift,472,0
kisvakond,2,red,dot,1,7,no,lshift,386,0
kisvakond,2,red,dot,1,2,no,lshift,307,0
kisvakond,2,blue,dot,1,7,no,rshift,365,0
kisvakond,2,red,dot,1,9,no,lshift,339,0
kisvakond,2,red,dot,1,1,no,lshift,367,0
kisvakond,2,blue,dot,1,9,no,rshift,338,0
kisvakond,2,blue,dot,0,2,no,lshift,270,0
kisvakond,2,red,dot,1,9,no,lshift,378,0
kisvakond,2,red,dot,1,8,no,lshift,421,0
kisvakond,2,red,dot,1,1,no,lshift,408,0
kisvakond,2,blue,dot,1,9,no,rshift,338,0
kisvakond,2,blue,dot,1,6,no,rshift,380,0
kisvakond,2,red,dot,1,6,no,lshift,540,0
kisvakond,2,red,dot,1,4,no,lshift,558,0
kisvakond,2,blue,dot,1,3,no,rshift,564,0
kisvakond,2,red,dot,1,4,no,lshift,436,0
kisvakond,2,blue,dot,1,3,no,rshift,459,0
kisvakond,2,blue,dot,1,6,no,rshift,391,0
kisvakond,2,red,dot,1,3,no,lshift,381,0
kisvakond,2,red,dot,1,9,no,lshift,438,0
kisvakond,2,red,dot,1,9,no,lshift,484,0
kisvakond,2,blue,dot,1,4,no,rshift,299,0
kisvakond,2,blue,dot,0,4,no,lshift,272,0
kisvakond,2,red,dot,1,8,no,lshift,442,0
kisvakond,2,red,dot,1,8,no,lshift,608,0
kisvakond,2,red,dot,1,7,no,lshift,436,0
kisvakond,2,red,dot,1,3,no,lshift,440,0
kisvakond,2,red,dot,1,7,no,lshift,441,0
kisvakond,2,red,dot,1,6,no,lshift,448,0
kisvakond,2,red,dot,1,6,no,lshift,408,0
kisvakond,2,blue,dot,1,1,no,rshift,283,0
kisvakond,2,red,dot,1,7,no,lshift,417,0
kisvakond,2,blue,dot,1,4,no,rshift,396,0
kisvakond,2,red,dot,1,6,no,lshift,372,0
kisvakond,2,red,dot,1,8,no,lshift,390,0
kisvakond,2,red,dot,1,2,no,lshift,344,0
kisvakond,2,blue,dot,1,6,no,rshift,326,0
kisvakond,2,blue,dot,1,3,no,rshift,394,0
kisvakond,2,blue,dot,1,2,no,rshift,415,0
kisvakond,2,red,dot,1,1,no,lshift,367,0
kisvakond,2,blue,dot,1,8,no,rshift,382,0
kisvakond,2,blue,dot,1,7,no,rshift,344,0
kisvakond,2,blue,dot,1,8,no,rshift,454,0
kisvakond,2,blue,dot,1,7,no,rshift,413,0
kisvakond,2,red,dot,1,4,no,lshift,540,0
kisvakond,2,blue,dot,1,1,no,rshift,372,0
kisvakond,2,blue,dot,1,6,no,rshift,425,0
kisvakond,2,blue,dot,1,3,no,rshift,456,0
kisvakond,2,red,dot,1,9,no,lshift,360,0
kisvakond,2,blue,dot,1,8,no,rshift,1266,0
kisvakond,2,blue,dot,1,4,no,rshift,406,0
kisvakond,2,blue,dot,1,8,no,rshift,362,0
kisvakond,2,red,dot,1,2,no,lshift,262,0
kisvakond,2,red,dot,1,4,no,lshift,361,0
kisvakond,2,blue,dot,1,7,no,rshift,359,0
kisvakond,2,blue,dot,1,7,no,rshift,372,0
kisvakond,2,blue,dot,1,2,no,rshift,396,0
kisvakond,2,blue,dot,1,6,no,rshift,313,0
kisvakond,2,blue,dot,1,9,no,rshift,396,0
kisvakond,2,red,dot,1,1,no,lshift,344,0
kisvakond,2,blue,dot,1,7,no,rshift,513,0
kisvakond,2,red,dot,1,7,no,lshift,419,0
kisvakond,2,blue,dot,1,1,no,rshift,500,0
kisvakond,3,blue,dot,1,8,no,rshift,459,0
kisvakond,3,blue,dot,1,7,no,rshift,304,0
kisvakond,3,blue,dot,1,1,no,rshift,3542,0
kisvakond,3,blue,dot,1,4,no,rshift,253,0
kisvakond,3,blue,dot,0,9,no,lshift,291,0
kisvakond,3,blue,dot,1,4,no,rshift,411,0
kisvakond,3,red,dot,1,3,no,lshift,369,0
kisvakond,3,red,dot,1,6,no,lshift,402,0
kisvakond,3,red,dot,1,6,no,lshift,382,0
kisvakond,3,blue,dot,1,4,no,rshift,390,0
kisvakond,3,red,dot,1,1,no,lshift,1009,0
kisvakond,3,blue,dot,1,3,no,rshift,321,0
kisvakond,3,blue,dot,1,2,no,rshift,358,0
kisvakond,3,blue,dot,1,3,no,rshift,362,0
kisvakond,3,red,dot,1,7,no,lshift,304,0
kisvakond,3,blue,dot,1,8,no,rshift,284,0
kisvakond,3,red,dot,1,8,no,lshift,357,0
kisvakond,3,blue,dot,1,6,no,rshift,326,0
kisvakond,3,blue,dot,1,2,no,rshift,296,0
kisvakond,3,red,dot,1,8,no,lshift,381,0
kisvakond,3,red,dot,1,3,no,lshift,404,0
kisvakond,3,blue,dot,1,4,no,rshift,336,0
kisvakond,3,blue,dot,1,7,no,rshift,353,0
kisvakond,3,red,dot,1,8,no,lshift,343,0
kisvakond,3,red,dot,1,7,no,lshift,473,0
kisvakond,3,red,dot,1,7,no,lshift,445,0
kisvakond,3,blue,dot,1,2,no,rshift,239,0
kisvakond,3,blue,dot,1,6,no,rshift,350,0
kisvakond,3,red,dot,1,8,no,lshift,356,0
kisvakond,3,blue,dot,1,3,no,rshift,529,0
kisvakond,3,red,dot,1,9,no,lshift,384,0
kisvakond,3,red,dot,1,4,no,lshift,406,0
kisvakond,3,red,dot,1,3,no,lshift,373,0
kisvakond,3,red,dot,1,4,no,lshift,389,0
kisvakond,3,blue,dot,0,7,no,lshift,27,0
kisvakond,3,red,dot,1,2,no,lshift,619,0
kisvakond,3,red,dot,1,3,no,lshift,410,0
kisvakond,3,blue,dot,1,3,no,rshift,414,0
kisvakond,3,blue,dot,1,2,no,rshift,435,0
kisvakond,3,blue,dot,1,6,no,rshift,353,0
kisvakond,3,red,dot,1,4,no,lshift,426,0
kisvakond,3,blue,dot,1,9,no,rshift,406,0
kisvakond,3,blue,dot,1,2,no,rshift,365,0
kisvakond,3,blue,dot,1,3,no,rshift,387,0
kisvakond,3,red,dot,1,1,no,lshift,401,0
kisvakond,3,red,dot,1,2,no,lshift,373,0
kisvakond,3,red,dot,1,6,no,lshift,460,0
kisvakond,3,blue,dot,1,1,no,rshift,351,0
kisvakond,3,blue,dot,1,6,no,rshift,970,0
kisvakond,3,red,dot,1,3,no,lshift,514,0
kisvakond,3,red,dot,1,1,no,lshift,788,0
kisvakond,3,blue,dot,1,4,no,rshift,580,0
kisvakond,3,blue,dot,1,8,no,rshift,441,0
kisvakond,3,red,dot,1,8,no,lshift,1107,0
kisvakond,3,red,dot,1,9,no,lshift,537,0
kisvakond,3,blue,dot,1,7,no,rshift,662,0
kisvakond,3,red,dot,1,8,no,lshift,564,0
kisvakond,3,blue,dot,1,4,no,rshift,564,0
kisvakond,3,blue,dot,1,3,no,rshift,904,0
kisvakond,3,red,dot,1,6,no,lshift,919,0
kisvakond,3,blue,dot,1,1,no,rshift,519,0
kisvakond,3,blue,dot,1,7,no,rshift,391,0
kisvakond,3,red,dot,1,1,no,lshift,346,0
kisvakond,3,blue,dot,1,6,no,rshift,363,0
kisvakond,3,blue,dot,1,2,no,rshift,584,0
kisvakond,3,red,dot,1,3,no,lshift,330,0
kisvakond,3,blue,dot,1,9,no,rshift,572,0
kisvakond,3,blue,dot,1,2,no,rshift,419,0
kisvakond,3,blue,dot,1,6,no,rshift,384,0
kisvakond,3,blue,dot,0,8,no,lshift,71,0
kisvakond,3,blue,dot,1,9,no,rshift,582,0
kisvakond,3,red,dot,1,4,no,lshift,373,0
kisvakond,3,red,dot,1,9,no,lshift,640,0
kisvakond,3,red,dot,1,2,no,lshift,558,0
kisvakond,3,red,dot,1,7,no,lshift,372,0
kisvakond,3,red,dot,1,8,no,lshift,420,0
kisvakond,3,red,dot,1,2,no,lshift,923,0
kisvakond,3,red,dot,1,1,no,lshift,496,0
kisvakond,3,red,dot,1,2,no,lshift,631,0
kisvakond,3,red,dot,1,8,no,lshift,450,0
kisvakond,3,red,dot,1,8,no,lshift,391,0
kisvakond,3,blue,dot,1,2,no,rshift,343,0
kisvakond,3,red,dot,1,4,no,lshift,353,0
kisvakond,3,blue,dot,1,9,no,rshift,344,0
kisvakond,3,red,dot,1,2,no,lshift,312,0
kisvakond,3,blue,dot,1,3,no,rshift,333,0
kisvakond,3,red,dot,1,1,no,lshift,390,0
kisvakond,3,blue,dot,1,6,no,rshift,406,0
kisvakond,3,red,dot,1,4,no,lshift,377,0
kisvakond,3,red,dot,1,6,no,lshift,364,0
kisvakond,3,blue,dot,1,8,no,rshift,366,0
kisvakond,3,red,dot,1,7,no,lshift,406,0
kisvakond,3,red,dot,1,3,no,lshift,375,0
kisvakond,3,red,dot,1,3,no,lshift,395,0
kisvakond,3,blue,dot,1,9,no,rshift,460,0
kisvakond,3,red,dot,1,6,no,lshift,298,0
kisvakond,3,red,dot,1,1,no,lshift,360,0
kisvakond,3,red,dot,1,6,no,lshift,520,0
kisvakond,3,red,dot,1,9,no,lshift,396,0
kisvakond,3,blue,dot,1,7,no,rshift,335,0
kisvakond,3,red,dot,1,9,no,lshift,538,0
kisvakond,3,blue,dot,1,8,no,rshift,321,0
kisvakond,3,red,dot,1,7,no,lshift,328,0
kisvakond,3,blue,dot,1,6,no,rshift,437,0
kisvakond,3,blue,dot,1,3,no,rshift,448,0
kisvakond,3,blue,dot,1,7,no,rshift,414,0
kisvakond,3,blue,dot,1,3,no,rshift,370,0
kisvakond,3,red,dot,1,2,no,lshift,332,0
kisvakond,3,red,dot,0,9,no,rshift,583,0
kisvakond,3,blue,dot,1,1,no,rshift,453,0
kisvakond,3,red,dot,1,7,no,lshift,649,0
kisvakond,3,red,dot,1,9,no,lshift,395,0
kisvakond,3,blue,dot,1,1,no,rshift,418,0
kisvakond,3,blue,dot,1,9,no,rshift,401,0
kisvakond,3,blue,dot,1,9,no,rshift,622,0
kisvakond,3,red,dot,1,4,no,lshift,388,0
kisvakond,3,blue,dot,1,4,no,rshift,459,0
kisvakond,3,red,dot,1,2,no,lshift,384,0
kisvakond,3,blue,dot,1,1,no,rshift,386,0
kisvakond,3,blue,dot,1,2,no,rshift,314,0
kisvakond,3,red,dot,1,1,no,lshift,286,0
kisvakond,3,blue,dot,1,6,no,rshift,327,0
kisvakond,3,blue,dot,1,2,no,rshift,346,0
kisvakond,3,red,dot,1,6,no,lshift,353,0
kisvakond,3,blue,dot,1,6,no,rshift,836,0
kisvakond,3,blue,dot,1,7,no,rshift,446,0
kisvakond,3,blue,dot,1,1,no,rshift,396,0
kisvakond,3,blue,dot,1,4,no,rshift,494,0
kisvakond,3,blue,dot,1,9,no,rshift,452,0
kisvakond,3,blue,dot,1,1,no,rshift,347,0
kisvakond,3,blue,dot,1,8,no,rshift,364,0
kisvakond,3,blue,dot,1,1,no,rshift,319,0
kisvakond,3,red,dot,1,6,no,lshift,516,0
kisvakond,3,red,dot,1,8,no,lshift,713,0
kisvakond,3,blue,dot,1,8,no,rshift,372,0
kisvakond,3,red,dot,1,9,no,lshift,387,0
kisvakond,3,blue,dot,1,8,no,rshift,291,0
kisvakond,3,red,dot,1,2,no,lshift,452,0
kisvakond,3,red,dot,1,6,no,lshift,355,0
kisvakond,3,red,dot,1,4,no,lshift,446,0
kisvakond,3,red,dot,1,3,no,lshift,421,0
kisvakond,3,blue,dot,1,7,no,rshift,435,0
kisvakond,3,blue,dot,1,7,no,rshift,402,0
kisvakond,3,red,dot,1,3,no,lshift,366,0
kisvakond,3,blue,dot,1,1,no,rshift,341,0
kisvakond,3,blue,dot,1,4,no,rshift,419,0
kisvakond,3,red,dot,1,4,no,lshift,339,0
kisvakond,3,blue,dot,1,8,no,rshift,391,0
kisvakond,3,red,dot,1,2,no,lshift,369,0
kisvakond,3,red,dot,1,4,no,lshift,603,0
kisvakond,3,red,dot,1,9,no,lshift,655,0
kisvakond,3,blue,dot,1,4,no,rshift,366,0
kisvakond,3,red,dot,1,1,no,lshift,367,0
kisvakond,3,red,dot,1,7,no,lshift,857,0
kisvakond,3,red,dot,1,1,no,lshift,391,0
kisvakond,3,red,dot,1,9,no,lshift,378,0
kisvakond,3,red,dot,1,7,no,lshift,452,0
kisvakond,3,red,dot,1,7,no,lshift,663,0
kisvakond,3,blue,dot,1,9,no,rshift,356,0
kisvakond,3,blue,dot,1,3,no,rshift,362,0
kisvakond,0,blue,classic,1,1,yes,lshift,2464,0
kisvakond,0,blue,classic,1,9,yes,lshift,599,0
kisvakond,0,blue,classic,1,7,yes,lshift,500,0
kisvakond,0,blue,classic,1,2,yes,rshift,477,0
kisvakond,0,blue,classic,1,6,yes,rshift,560,0
kisvakond,0,blue,classic,1,8,yes,rshift,501,0
kisvakond,0,blue,classic,1,4,yes,rshift,447,0
kisvakond,0,blue,classic,1,3,yes,lshift,571,0
kisvakond,1,blue,classic,1,6,yes,lshift,623,0
kisvakond,1,blue,classic,1,8,yes,lshift,423,0
kisvakond,1,blue,classic,1,1,yes,rshift,475,0
kisvakond,1,blue,classic,1,3,yes,rshift,450,0
kisvakond,1,blue,classic,1,4,yes,lshift,529,0
kisvakond,1,blue,classic,1,9,yes,rshift,510,0
kisvakond,1,blue,classic,1,7,yes,rshift,375,0
kisvakond,1,blue,classic,1,2,yes,lshift,408,0
kisvakond,2,blue,classic,1,1,no,lshift,665,0
kisvakond,2,blue,classic,1,1,no,lshift,485,0
kisvakond,2,blue,classic,1,7,no,lshift,411,0
kisvakond,2,blue,classic,1,9,no,lshift,470,0
kisvakond,2,blue,classic,1,3,no,lshift,523,0
kisvakond,2,blue,classic,1,7,no,lshift,2946,0
kisvakond,2,blue,classic,1,6,no,rshift,533,0
kisvakond,2,blue,classic,1,1,no,lshift,446,0
kisvakond,2,blue,classic,1,3,no,lshift,472,0
kisvakond,2,blue,classic,1,1,no,lshift,436,0
kisvakond,2,blue,classic,1,6,no,rshift,464,0
kisvakond,2,blue,classic,1,1,no,lshift,476,0
kisvakond,2,blue,classic,1,2,no,rshift,523,0
kisvakond,2,blue,classic,1,3,no,lshift,682,0
kisvakond,2,blue,classic,1,6,no,rshift,611,0
kisvakond,2,blue,classic,1,8,no,rshift,565,0
kisvakond,2,blue,classic,1,6,no,rshift,616,0
kisvakond,2,blue,classic,1,3,no,lshift,456,0
kisvakond,2,blue,classic,1,4,no,rshift,816,0
kisvakond,2,blue,classic,1,8,no,rshift,453,0
kisvakond,2,blue,classic,1,8,no,rshift,488,0
kisvakond,2,blue,classic,1,9,no,lshift,571,0
kisvakond,2,blue,classic,1,9,no,lshift,493,0
kisvakond,2,blue,classic,1,9,no,lshift,388,0
kisvakond,2,blue,classic,1,1,no,lshift,591,0
kisvakond,2,blue,classic,1,3,no,lshift,529,0
kisvakond,2,blue,classic,1,9,no,lshift,1121,0
kisvakond,2,blue,classic,1,3,no,lshift,660,0
kisvakond,2,blue,classic,1,6,no,rshift,529,0
kisvakond,2,blue,classic,1,3,no,lshift,607,0
kisvakond,2,blue,classic,1,7,no,lshift,589,0
kisvakond,2,blue,classic,1,2,no,rshift,627,0
kisvakond,2,blue,classic,1,7,no,lshift,520,0
kisvakond,2,blue,classic,1,6,no,rshift,689,0
kisvakond,2,blue,classic,1,7,no,lshift,435,0
kisvakond,2,blue,classic,1,1,no,lshift,479,0
kisvakond,2,blue,classic,1,1,no,lshift,446,0
kisvakond,2,blue,classic,1,2,no,rshift,545,0
kisvakond,2,blue,classic,1,4,no,rshift,623,0
kisvakond,2,blue,classic,1,6,no,rshift,595,0
kisvakond,2,blue,classic,1,3,no,lshift,466,0
kisvakond,2,blue,classic,1,2,no,rshift,543,0
kisvakond,2,blue,classic,1,9,no,lshift,806,0
kisvakond,2,blue,classic,1,9,no,lshift,420,0
kisvakond,2,blue,classic,1,2,no,rshift,520,0
kisvakond,2,blue,classic,1,4,no,rshift,468,0
kisvakond,2,blue,classic,1,4,no,rshift,824,0
kisvakond,2,blue,classic,1,2,no,rshift,352,0
kisvakond,2,blue,classic,1,2,no,rshift,345,0
kisvakond,2,blue,classic,1,2,no,rshift,424,0
kisvakond,2,blue,classic,1,7,no,lshift,400,0
kisvakond,2,blue,classic,1,3,no,lshift,537,0
kisvakond,2,blue,classic,0,9,no,rshift,438,0
kisvakond,2,blue,classic,1,8,no,rshift,732,0
kisvakond,2,blue,classic,1,8,no,rshift,521,0
kisvakond,2,blue,classic,1,6,no,rshift,493,0
kisvakond,2,blue,classic,1,7,no,lshift,509,0
kisvakond,2,blue,classic,1,4,no,rshift,601,0
kisvakond,2,blue,classic,1,4,no,rshift,621,0
kisvakond,2,blue,classic,1,8,no,rshift,512,0
kisvakond,2,blue,classic,1,3,no,lshift,450,0
kisvakond,2,blue,classic,0,9,no,rshift,414,0
kisvakond,2,blue,classic,1,7,no,lshift,808,0
kisvakond,2,blue,classic,1,7,no,lshift,809,0
kisvakond,2,blue,classic,1,2,no,rshift,1073,0
kisvakond,2,blue,classic,1,4,no,rshift,792,0
kisvakond,2,blue,classic,1,7,no,lshift,637,0
kisvakond,2,blue,classic,1,4,no,rshift,565,0
kisvakond,2,blue,classic,1,8,no,rshift,518,0
kisvakond,2,blue,classic,1,9,no,lshift,510,0
kisvakond,2,blue,classic,1,2,no,rshift,452,0
kisvakond,2,blue,classic,1,6,no,rshift,574,0
kisvakond,2,blue,classic,1,4,no,rshift,444,0
kisvakond,2,blue,classic,1,1,no,lshift,476,0
kisvakond,2,blue,classic,1,2,no,rshift,526,0
kisvakond,2,blue,classic,1,8,no,rshift,470,0
kisvakond,2,blue,classic,1,4,no,rshift,1519,0
kisvakond,2,blue,classic,1,7,no,lshift,716,0
kisvakond,2,blue,classic,1,4,no,rshift,603,0
kisvakond,2,blue,classic,1,3,no,lshift,619,0
kisvakond,2,blue,classic,1,8,no,rshift,468,0
kisvakond,2,blue,classic,1,3,no,lshift,534,0
kisvakond,2,blue,classic,1,6,no,rshift,495,0
kisvakond,2,blue,classic,1,1,no,lshift,490,0
kisvakond,2,blue,classic,1,4,no,rshift,444,0
kisvakond,2,blue,classic,1,9,no,lshift,548,0
kisvakond,2,blue,classic,1,1,no,lshift,710,0
kisvakond,2,blue,classic,1,2,no,rshift,548,0
kisvakond,2,blue,classic,1,9,no,lshift,504,0
kisvakond,2,blue,classic,1,3,no,lshift,477,0
kisvakond,2,blue,classic,1,3,no,lshift,432,0
kisvakond,2,blue,classic,1,6,no,rshift,449,0
kisvakond,2,blue,classic,0,2,no,lshift,523,0
kisvakond,2,blue,classic,1,4,no,rshift,546,0
kisvakond,2,blue,classic,1,1,no,lshift,523,0
kisvakond,2,blue,classic,1,8,no,rshift,478,0
kisvakond,2,blue,classic,1,9,no,lshift,550,0
kisvakond,2,blue,classic,1,2,no,rshift,521,0
kisvakond,2,blue,classic,1,6,no,rshift,606,0
kisvakond,2,blue,classic,1,4,no,rshift,491,0
kisvakond,2,blue,classic,1,7,no,lshift,537,0
kisvakond,2,blue,classic,1,7,no,lshift,542,0
kisvakond,2,blue,classic,1,8,no,rshift,544,0
kisvakond,2,blue,classic,1,7,no,lshift,508,0
kisvakond,2,blue,classic,1,1,no,lshift,530,0
kisvakond,2,blue,classic,1,8,no,rshift,389,0
kisvakond,2,blue,classic,1,6,no,rshift,455,0
kisvakond,2,blue,classic,1,9,no,lshift,569,0
kisvakond,2,blue,classic,1,8,no,rshift,518,0
kisvakond,2,blue,classic,1,8,no,rshift,433,0
kisvakond,2,blue,classic,1,1,no,lshift,473,0
kisvakond,2,blue,classic,1,6,no,rshift,529,0
kisvakond,3,blue,classic,1,7,no,rshift,748,0
kisvakond,3,blue,classic,1,9,no,rshift,486,0
kisvakond,3,blue,classic,1,4,no,lshift,493,0
kisvakond,3,blue,classic,1,8,no,lshift,456,0
kisvakond,3,blue,classic,1,7,no,rshift,444,0
kisvakond,3,blue,classic,1,7,no,rshift,380,0
kisvakond,3,blue,classic,1,8,no,lshift,497,0
kisvakond,3,blue,classic,0,1,no,lshift,470,0
kisvakond,3,blue,classic,1,9,no,rshift,645,0
kisvakond,3,blue,classic,1,2,no,lshift,710,0
kisvakond,3,blue,classic,1,3,no,rshift,453,0
kisvakond,3,blue,classic,1,1,no,rshift,433,0
kisvakond,3,blue,classic,1,3,no,rshift,701,0
kisvakond,3,blue,classic,1,6,no,lshift,631,0
kisvakond,3,blue,classic,1,6,no,lshift,662,0
kisvakond,3,blue,classic,1,1,no,rshift,520,0
kisvakond,3,blue,classic,1,1,no,rshift,399,0
kisvakond,3,blue,classic,1,6,no,lshift,535,0
kisvakond,3,blue,classic,0,8,no,rshift,568,0
kisvakond,3,blue,classic,1,8,no,lshift,1294,0
kisvakond,3,blue,classic,1,9,no,rshift,616,0
kisvakond,3,blue,classic,1,3,no,rshift,833,0
kisvakond,3,blue,classic,1,4,no,lshift,556,0
kisvakond,3,blue,classic,1,3,no,rshift,467,0
kisvakond,3,blue,classic,1,1,no,rshift,508,0
kisvakond,3,blue,classic,1,1,no,rshift,488,0
kisvakond,3,blue,classic,1,3,no,rshift,568,0
kisvakond,3,blue,classic,1,7,no,rshift,374,0
kisvakond,3,blue,classic,1,3,no,rshift,991,0
kisvakond,3,blue,classic,1,8,no,lshift,450,0
kisvakond,3,blue,classic,1,7,no,rshift,392,0
kisvakond,3,blue,classic,1,3,no,rshift,490,0
kisvakond,3,blue,classic,1,1,no,rshift,431,0
kisvakond,3,blue,classic,1,3,no,rshift,492,0
kisvakond,3,blue,classic,1,6,no,lshift,568,0
kisvakond,3,blue,classic,1,9,no,rshift,543,0
kisvakond,3,blue,classic,1,4,no,lshift,512,0
kisvakond,3,blue,classic,1,1,no,rshift,455,0
kisvakond,3,blue,classic,1,6,no,lshift,469,0
kisvakond,3,blue,classic,1,1,no,rshift,476,0
kisvakond,3,blue,classic,1,7,no,rshift,400,0
kisvakond,3,blue,classic,0,8,no,rshift,370,0
kisvakond,3,blue,classic,1,1,no,rshift,509,0
kisvakond,3,blue,classic,1,7,no,rshift,479,0
kisvakond,3,blue,classic,1,4,no,lshift,497,0
kisvakond,3,blue,classic,1,6,no,lshift,594,0
kisvakond,3,blue,classic,1,9,no,rshift,578,0
kisvakond,3,blue,classic,1,4,no,lshift,671,0
kisvakond,3,blue,classic,1,2,no,lshift,1224,0
kisvakond,3,blue,classic,1,3,no,rshift,799,0
kisvakond,3,blue,classic,1,8,no,lshift,1039,0
kisvakond,3,blue,classic,1,2,no,lshift,560,0
kisvakond,3,blue,classic,1,2,no,lshift,442,0
kisvakond,3,blue,classic,1,7,no,rshift,445,0
kisvakond,3,blue,classic,1,3,no,rshift,616,0
kisvakond,3,blue,classic,1,8,no,lshift,772,0
kisvakond,3,blue,classic,1,2,no,lshift,572,0
kisvakond,3,blue,classic,1,9,no,rshift,558,0
kisvakond,3,blue,classic,1,6,no,lshift,619,0
kisvakond,3,blue,classic,1,3,no,rshift,522,0
kisvakond,3,blue,classic,1,8,no,lshift,649,0
kisvakond,3,blue,classic,0,6,no,rshift,543,0
kisvakond,3,blue,classic,1,9,no,rshift,536,0
kisvakond,3,blue,classic,1,7,no,rshift,458,0
kisvakond,3,blue,classic,1,4,no,lshift,491,0
kisvakond,3,blue,classic,1,7,no,rshift,672,0
kisvakond,3,blue,classic,1,2,no,lshift,700,0
kisvakond,3,blue,classic,1,3,no,rshift,804,0
kisvakond,3,blue,classic,1,4,no,lshift,563,0
kisvakond,3,blue,classic,1,3,no,rshift,339,0
kisvakond,3,blue,classic,1,9,no,rshift,662,0
kisvakond,3,blue,classic,1,2,no,lshift,538,0
kisvakond,3,blue,classic,0,6,no,rshift,560,0
kisvakond,3,blue,classic,1,2,no,lshift,554,0
kisvakond,3,blue,classic,1,9,no,rshift,780,0
kisvakond,3,blue,classic,1,2,no,lshift,485,0
kisvakond,3,blue,classic,1,9,no,rshift,695,0
kisvakond,3,blue,classic,1,8,no,lshift,558,0
kisvakond,3,blue,classic,1,6,no,lshift,628,0
kisvakond,3,blue,classic,1,2,no,lshift,519,0
kisvakond,3,blue,classic,1,8,no,lshift,742,0
kisvakond,3,blue,classic,1,4,no,lshift,536,0
kisvakond,3,blue,classic,1,6,no,lshift,1223,0
kisvakond,3,blue,classic,1,1,no,rshift,914,0
kisvakond,3,blue,classic,1,2,no,lshift,509,0
kisvakond,3,blue,classic,1,4,no,lshift,477,0
kisvakond,3,blue,classic,1,1,no,rshift,640,0
kisvakond,3,blue,classic,1,3,no,rshift,793,0
kisvakond,3,blue,classic,1,8,no,lshift,992,0
kisvakond,3,blue,classic,1,9,no,rshift,739,0
kisvakond,3,blue,classic,1,8,no,lshift,569,0
kisvakond,3,blue,classic,1,4,no,lshift,618,0
kisvakond,3,blue,classic,1,6,no,lshift,735,0
kisvakond,3,blue,classic,1,2,no,lshift,574,0
kisvakond,3,blue,classic,1,4,no,lshift,536,0
kisvakond,3,blue,classic,1,1,no,rshift,735,0
kisvakond,3,blue,classic,1,8,no,lshift,510,0
kisvakond,3,blue,classic,1,9,no,rshift,990,0
kisvakond,3,blue,classic,1,6,no,lshift,723,0
kisvakond,3,blue,classic,1,4,no,lshift,572,0
kisvakond,3,blue,classic,1,9,no,rshift,492,0
kisvakond,3,blue,classic,1,2,no,lshift,1116,0
kisvakond,3,blue,classic,1,7,no,rshift,1252,0
kisvakond,3,blue,classic,1,4,no,lshift,498,0
kisvakond,3,blue,classic,1,9,no,rshift,483,0
kisvakond,3,blue,classic,1,7,no,rshift,772,0
kisvakond,3,blue,classic,1,2,no,lshift,497,0
kisvakond,3,blue,classic,1,4,no,lshift,598,0
kisvakond,3,blue,classic,1,7,no,rshift,534,0
kisvakond,3,blue,classic,1,6,no,lshift,528,0
kisvakond,3,blue,classic,0,1,no,lshift,650,0
kisvakond,3,blue,classic,1,7,no,rshift,922,0
