ID_name,block,color,condition,correct_keyboard_response,number,practice,response_keyboard_response,response_time_keyboard_response,subject_nr
LadyElizabethAryaStark,0,red,arab,1,2,yes,rshift,1610,0
LadyElizabethAryaStark,0,blue,arab,1,9,yes,lshift,985,0
LadyElizabethAryaStark,0,blue,arab,1,8,yes,lshift,593,0
LadyElizabethAryaStark,0,red,arab,0,8,yes,lshift,930,0
LadyElizabethAryaStark,0,blue,arab,1,1,yes,lshift,1583,0
LadyElizabethAryaStark,0,red,arab,1,9,yes,rshift,421,0
LadyElizabethAryaStark,0,blue,arab,1,6,yes,lshift,873,0
LadyElizabethAryaStark,0,red,arab,1,1,yes,rshift,568,0
LadyElizabethAryaStark,0,red,arab,1,7,yes,rshift,664,0
LadyElizabethAryaStark,0,red,arab,1,6,yes,rshift,494,0
LadyElizabethAryaStark,0,blue,arab,1,2,yes,lshift,518,0
LadyElizabethAryaStark,0,blue,arab,1,3,yes,lshift,591,0
LadyElizabethAryaStark,0,red,arab,1,3,yes,rshift,623,0
LadyElizabethAryaStark,0,blue,arab,1,4,yes,lshift,462,0
LadyElizabethAryaStark,0,blue,arab,1,7,yes,lshift,516,0
LadyElizabethAryaStark,0,red,arab,1,4,yes,rshift,399,0
LadyElizabethAryaStark,1,red,arab,1,9,no,rshift,1905,0
LadyElizabethAryaStark,1,red,arab,1,4,no,rshift,445,0
LadyElizabethAryaStark,1,blue,arab,1,7,no,lshift,250,0
LadyElizabethAryaStark,1,red,arab,1,1,no,rshift,246,0
LadyElizabethAryaStark,1,blue,arab,1,8,no,lshift,310,0
LadyElizabethAryaStark,1,blue,arab,1,7,no,lshift,466,0
LadyElizabethAryaStark,1,blue,arab,1,8,no,lshift,502,0
LadyElizabethAryaStark,1,red,arab,1,6,no,rshift,325,0
LadyElizabethAryaStark,1,red,arab,1,1,no,rshift,396,0
LadyElizabethAryaStark,1,blue,arab,1,4,no,lshift,377,0
LadyElizabethAryaStark,1,red,arab,1,2,no,rshift,344,0
LadyElizabethAryaStark,1,red,arab,0,4,no,lshift,380,0
LadyElizabethAryaStark,1,red,arab,1,7,no,rshift,491,0
LadyElizabethAryaStark,1,red,arab,1,8,no,rshift,398,0
LadyElizabethAryaStark,1,red,arab,1,4,no,rshift,410,0
LadyElizabethAryaStark,1,red,arab,1,6,no,rshift,368,0
LadyElizabethAryaStark,1,blue,arab,1,6,no,lshift,384,0
LadyElizabethAryaStark,1,blue,arab,1,3,no,lshift,521,0
LadyElizabethAryaStark,1,red,arab,1,6,no,rshift,344,0
LadyElizabethAryaStark,1,red,arab,1,4,no,rshift,395,0
LadyElizabethAryaStark,1,blue,arab,1,7,no,lshift,596,0
LadyElizabethAryaStark,1,blue,arab,1,4,no,lshift,564,0
LadyElizabethAryaStark,1,blue,arab,1,2,no,lshift,510,0
LadyElizabethAryaStark,1,red,arab,1,9,no,rshift,464,0
LadyElizabethAryaStark,1,blue,arab,1,6,no,lshift,407,0
LadyElizabethAryaStark,1,red,arab,1,8,no,rshift,386,0
LadyElizabethAryaStark,1,blue,arab,1,8,no,lshift,443,0
LadyElizabethAryaStark,1,blue,arab,1,7,no,lshift,431,0
LadyElizabethAryaStark,1,blue,arab,1,9,no,lshift,410,0
LadyElizabethAryaStark,1,blue,arab,1,9,no,lshift,461,0
LadyElizabethAryaStark,1,blue,arab,1,9,no,lshift,410,0
LadyElizabethAryaStark,1,red,arab,1,3,no,rshift,394,0
LadyElizabethAryaStark,1,blue,arab,1,8,no,lshift,418,0
LadyElizabethAryaStark,1,red,arab,1,3,no,rshift,414,0
LadyElizabethAryaStark,1,red,arab,1,6,no,rshift,397,0
LadyElizabethAryaStark,1,red,arab,1,3,no,rshift,416,0
LadyElizabethAryaStark,1,red,arab,1,1,no,rshift,500,0
LadyElizabethAryaStark,1,red,arab,1,2,no,rshift,362,0
LadyElizabethAryaStark,1,red,arab,1,8,no,rshift,343,0
LadyElizabethAryaStark,1,red,arab,1,6,no,rshift,384,0
LadyElizabethAryaStark,1,red,arab,1,6,no,rshift,306,0
LadyElizabethAryaStark,1,blue,arab,1,6,no,lshift,436,0
LadyElizabethAryaStark,1,red,arab,1,9,no,rshift,399,0
LadyElizabethAryaStark,1,red,arab,1,4,no,rshift,437,0
LadyElizabethAryaStark,1,blue,arab,1,2,no,lshift,405,0
LadyElizabethAryaStark,1,blue,arab,1,8,no,lshift,482,0
LadyElizabethAryaStark,1,red,arab,1,7,no,rshift,414,0
LadyElizabethAryaStark,1,blue,arab,1,9,no,lshift,342,0
LadyElizabethAryaStark,1,blue,arab,1,4,no,lshift,443,0
LadyElizabethAryaStark,1,red,arab,1,3,no,rshift,321,0
LadyElizabethAryaStark,1,red,arab,1,8,no,rshift,386,0
LadyElizabethAryaStark,1,red,arab,1,2,no,rshift,484,0
LadyElizabethAryaStark,1,red,arab,1,4,no,rshift,359,0
LadyElizabethAryaStark,1,blue,arab,1,9,no,lshift,432,0
LadyElizabethAryaStark,1,blue,arab,1,3,no,lshift,493,0
LadyElizabethAryaStark,1,red,arab,1,3,no,rshift,373,0
LadyElizabethAryaStark,1,red,arab,1,6,no,rshift,328,0
LadyElizabethAryaStark,1,blue,arab,1,4,no,lshift,413,0
LadyElizabethAryaStark,1,red,arab,1,8,no,rshift,339,0
LadyElizabethAryaStark,1,red,arab,1,2,no,rshift,389,0
LadyElizabethAryaStark,1,blue,arab,1,6,no,lshift,421,0
LadyElizabethAryaStark,1,blue,arab,1,3,no,lshift,563,0
LadyElizabethAryaStark,1,red,arab,1,2,no,rshift,329,0
LadyElizabethAryaStark,1,blue,arab,1,3,no,lshift,409,0
LadyElizabethAryaStark,1,blue,arab,1,2,no,lshift,503,0
LadyElizabethAryaStark,1,red,arab,1,4,no,rshift,350,0
LadyElizabethAryaStark,1,blue,arab,1,4,no,lshift,453,0
LadyElizabethAryaStark,1,red,arab,1,2,no,rshift,442,0
LadyElizabethAryaStark,1,blue,arab,1,8,no,lshift,486,0
LadyElizabethAryaStark,1,red,arab,1,1,no,rshift,376,0
LadyElizabethAryaStark,1,blue,arab,1,1,no,lshift,485,0
LadyElizabethAryaStark,1,blue,arab,1,4,no,lshift,552,0
LadyElizabethAryaStark,1,blue,arab,1,2,no,lshift,462,0
LadyElizabethAryaStark,1,red,arab,1,9,no,rshift,356,0
LadyElizabethAryaStark,1,blue,arab,1,2,no,lshift,917,0
LadyElizabethAryaStark,1,blue,arab,1,6,no,lshift,523,0
LadyElizabethAryaStark,1,red,arab,1,6,no,rshift,355,0
LadyElizabethAryaStark,1,red,arab,1,1,no,rshift,384,0
LadyElizabethAryaStark,1,blue,arab,1,1,no,lshift,723,0
LadyElizabethAryaStark,1,blue,arab,1,3,no,lshift,488,0
LadyElizabethAryaStark,1,red,arab,1,4,no,rshift,328,0
LadyElizabethAryaStark,1,blue,arab,1,7,no,lshift,474,0
LadyElizabethAryaStark,1,blue,arab,1,1,no,lshift,516,0
LadyElizabethAryaStark,1,blue,arab,1,8,no,lshift,420,0
LadyElizabethAryaStark,1,blue,arab,1,9,no,lshift,611,0
LadyElizabethAryaStark,1,red,arab,1,3,no,rshift,513,0
LadyElizabethAryaStark,1,red,arab,1,3,no,rshift,370,0
LadyElizabethAryaStark,1,red,arab,1,9,no,rshift,319,0
LadyElizabethAryaStark,1,blue,arab,1,8,no,lshift,434,0
LadyElizabethAryaStark,1,blue,arab,1,6,no,lshift,565,0
LadyElizabethAryaStark,1,red,arab,1,3,no,rshift,340,0
LadyElizabethAryaStark,1,red,arab,1,2,no,rshift,354,0
LadyElizabethAryaStark,1,blue,arab,1,7,no,lshift,506,0
LadyElizabethAryaStark,1,red,arab,1,8,no,rshift,348,0
LadyElizabethAryaStark,1,blue,arab,1,7,no,lshift,424,0
LadyElizabethAryaStark,1,red,arab,1,3,no,rshift,417,0
LadyElizabethAryaStark,1,blue,arab,1,3,no,lshift,484,0
LadyElizabethAryaStark,1,blue,arab,1,9,no,lshift,428,0
LadyElizabethAryaStark,1,blue,arab,1,3,no,lshift,474,0
LadyElizabethAryaStark,1,blue,arab,1,7,no,lshift,620,0
LadyElizabethAryaStark,1,blue,arab,1,2,no,lshift,454,0
LadyElizabethAryaStark,1,red,arab,1,2,no,rshift,493,0
LadyElizabethAryaStark,1,red,arab,1,8,no,rshift,443,0
LadyElizabethAryaStark,1,red,arab,1,9,no,rshift,432,0
LadyElizabethAryaStark,1,red,arab,1,7,no,rshift,351,0
LadyElizabethAryaStark,1,red,arab,1,6,no,rshift,362,0
LadyElizabethAryaStark,1,blue,arab,1,2,no,lshift,438,0
LadyElizabethAryaStark,1,red,arab,1,7,no,rshift,486,0
LadyElizabethAryaStark,1,blue,arab,1,1,no,lshift,405,0
LadyElizabethAryaStark,1,red,arab,1,2,no,rshift,306,0
LadyElizabethAryaStark,1,red,arab,1,2,no,rshift,403,0
LadyElizabethAryaStark,1,blue,arab,1,4,no,lshift,408,0
LadyElizabethAryaStark,1,red,arab,1,1,no,rshift,366,0
LadyElizabethAryaStark,1,blue,arab,1,2,no,lshift,451,0
LadyElizabethAryaStark,1,red,arab,1,3,no,rshift,312,0
LadyElizabethAryaStark,1,red,arab,1,1,no,rshift,512,0
LadyElizabethAryaStark,1,red,arab,1,7,no,rshift,391,0
LadyElizabethAryaStark,1,blue,arab,1,6,no,lshift,495,0
LadyElizabethAryaStark,1,blue,arab,1,7,no,lshift,481,0
LadyElizabethAryaStark,1,blue,arab,1,9,no,lshift,519,0
LadyElizabethAryaStark,1,blue,arab,1,7,no,lshift,450,0
LadyElizabethAryaStark,1,red,arab,1,6,no,rshift,456,0
LadyElizabethAryaStark,1,blue,arab,1,1,no,lshift,452,0
LadyElizabethAryaStark,1,red,arab,1,9,no,rshift,355,0
LadyElizabethAryaStark,1,blue,arab,1,4,no,lshift,417,0
LadyElizabethAryaStark,1,red,arab,1,8,no,rshift,317,0
LadyElizabethAryaStark,1,blue,arab,1,6,no,lshift,576,0
LadyElizabethAryaStark,1,red,arab,1,7,no,rshift,304,0
LadyElizabethAryaStark,1,blue,arab,1,4,no,lshift,410,0
LadyElizabethAryaStark,1,red,arab,1,4,no,rshift,493,0
LadyElizabethAryaStark,1,red,arab,1,9,no,rshift,497,0
LadyElizabethAryaStark,1,blue,arab,1,2,no,lshift,423,0
LadyElizabethAryaStark,1,red,arab,1,9,no,rshift,332,0
LadyElizabethAryaStark,1,blue,arab,1,1,no,lshift,386,0
LadyElizabethAryaStark,1,red,arab,1,1,no,rshift,358,0
LadyElizabethAryaStark,1,blue,arab,1,8,no,lshift,478,0
LadyElizabethAryaStark,1,red,arab,1,1,no,rshift,481,0
LadyElizabethAryaStark,1,red,arab,1,7,no,rshift,600,0
LadyElizabethAryaStark,1,red,arab,1,8,no,rshift,450,0
LadyElizabethAryaStark,1,blue,arab,1,3,no,lshift,331,0
LadyElizabethAryaStark,1,red,arab,1,1,no,rshift,369,0
LadyElizabethAryaStark,1,blue,arab,1,1,no,lshift,497,0
LadyElizabethAryaStark,1,blue,arab,1,1,no,lshift,436,0
LadyElizabethAryaStark,1,blue,arab,1,6,no,lshift,448,0
LadyElizabethAryaStark,1,blue,arab,1,6,no,lshift,365,0
LadyElizabethAryaStark,1,blue,arab,1,1,no,lshift,414,0
LadyElizabethAryaStark,1,blue,arab,1,8,no,lshift,467,0
LadyElizabethAryaStark,1,blue,arab,1,2,no,lshift,375,0
LadyElizabethAryaStark,1,blue,arab,1,1,no,lshift,417,0
LadyElizabethAryaStark,1,red,arab,1,4,no,rshift,396,0
LadyElizabethAryaStark,1,red,arab,1,7,no,rshift,399,0
LadyElizabethAryaStark,1,red,arab,1,9,no,rshift,344,0
LadyElizabethAryaStark,1,red,arab,1,8,no,rshift,348,0
LadyElizabethAryaStark,1,blue,arab,1,4,no,lshift,452,0
LadyElizabethAryaStark,1,red,arab,1,7,no,rshift,512,0
LadyElizabethAryaStark,1,red,arab,1,7,no,rshift,382,0
LadyElizabethAryaStark,1,blue,arab,1,9,no,lshift,355,0
LadyElizabethAryaStark,1,blue,arab,1,9,no,lshift,353,0
LadyElizabethAryaStark,1,blue,arab,0,3,no,rshift,282,0
LadyElizabethAryaStark,1,blue,arab,1,3,no,lshift,494,0
LadyElizabethAryaStark,2,red,arab,1,3,no,rshift,1948,0
LadyElizabethAryaStark,2,blue,arab,1,6,no,lshift,448,0
LadyElizabethAryaStark,2,red,arab,1,3,no,rshift,354,0
LadyElizabethAryaStark,2,blue,arab,1,9,no,lshift,347,0
LadyElizabethAryaStark,2,blue,arab,1,2,no,lshift,425,0
LadyElizabethAryaStark,2,red,arab,1,7,no,rshift,332,0
LadyElizabethAryaStark,2,red,arab,1,7,no,rshift,362,0
LadyElizabethAryaStark,2,red,arab,0,6,no,lshift,250,0
LadyElizabethAryaStark,2,red,arab,1,1,no,rshift,360,0
LadyElizabethAryaStark,2,red,arab,1,9,no,rshift,343,0
LadyElizabethAryaStark,2,blue,arab,1,8,no,lshift,443,0
LadyElizabethAryaStark,2,blue,arab,1,7,no,lshift,546,0
LadyElizabethAryaStark,2,red,arab,1,8,no,rshift,326,0
LadyElizabethAryaStark,2,blue,arab,1,6,no,lshift,395,0
LadyElizabethAryaStark,2,blue,arab,1,8,no,lshift,473,0
LadyElizabethAryaStark,2,blue,arab,1,2,no,lshift,418,0
LadyElizabethAryaStark,2,red,arab,1,2,no,rshift,402,0
LadyElizabethAryaStark,2,red,arab,1,3,no,rshift,407,0
LadyElizabethAryaStark,2,red,arab,1,9,no,rshift,353,0
LadyElizabethAryaStark,2,red,arab,1,8,no,rshift,363,0
LadyElizabethAryaStark,2,red,arab,1,8,no,rshift,398,0
LadyElizabethAryaStark,2,red,arab,1,4,no,rshift,336,0
LadyElizabethAryaStark,2,blue,arab,1,7,no,lshift,435,0
LadyElizabethAryaStark,2,blue,arab,0,7,no,rshift,257,0
LadyElizabethAryaStark,2,red,arab,1,9,no,rshift,392,0
LadyElizabethAryaStark,2,red,arab,1,1,no,rshift,364,0
LadyElizabethAryaStark,2,red,arab,1,8,no,rshift,418,0
LadyElizabethAryaStark,2,blue,arab,1,3,no,lshift,421,0
LadyElizabethAryaStark,2,red,arab,1,7,no,rshift,419,0
LadyElizabethAryaStark,2,blue,arab,1,3,no,lshift,455,0
LadyElizabethAryaStark,2,red,arab,1,9,no,rshift,528,0
LadyElizabethAryaStark,2,blue,arab,1,2,no,lshift,417,0
LadyElizabethAryaStark,2,red,arab,1,4,no,rshift,352,0
LadyElizabethAryaStark,2,red,arab,1,9,no,rshift,378,0
LadyElizabethAryaStark,2,blue,arab,1,1,no,lshift,451,0
LadyElizabethAryaStark,2,red,arab,1,7,no,rshift,390,0
LadyElizabethAryaStark,2,red,arab,1,8,no,rshift,340,0
LadyElizabethAryaStark,2,blue,arab,1,6,no,lshift,389,0
LadyElizabethAryaStark,2,red,arab,1,8,no,rshift,431,0
LadyElizabethAryaStark,2,blue,arab,1,4,no,lshift,531,0
LadyElizabethAryaStark,2,blue,arab,1,4,no,lshift,436,0
LadyElizabethAryaStark,2,blue,arab,1,4,no,lshift,376,0
LadyElizabethAryaStark,2,red,arab,1,8,no,rshift,335,0
LadyElizabethAryaStark,2,red,arab,1,3,no,rshift,479,0
LadyElizabethAryaStark,2,red,arab,1,9,no,rshift,486,0
LadyElizabethAryaStark,2,blue,arab,1,6,no,lshift,425,0
LadyElizabethAryaStark,2,blue,arab,1,4,no,lshift,437,0
LadyElizabethAryaStark,2,blue,arab,1,1,no,lshift,410,0
LadyElizabethAryaStark,2,blue,arab,1,9,no,lshift,366,0
LadyElizabethAryaStark,2,blue,arab,1,8,no,lshift,394,0
LadyElizabethAryaStark,2,red,arab,1,2,no,rshift,480,0
LadyElizabethAryaStark,2,red,arab,1,3,no,rshift,381,0
LadyElizabethAryaStark,2,red,arab,1,1,no,rshift,371,0
LadyElizabethAryaStark,2,red,arab,1,6,no,rshift,312,0
LadyElizabethAryaStark,2,red,arab,1,1,no,rshift,344,0
LadyElizabethAryaStark,2,red,arab,1,2,no,rshift,349,0
LadyElizabethAryaStark,2,red,arab,1,1,no,rshift,326,0
LadyElizabethAryaStark,2,red,arab,1,8,no,rshift,378,0
LadyElizabethAryaStark,2,blue,arab,1,8,no,lshift,498,0
LadyElizabethAryaStark,2,red,arab,1,9,no,rshift,401,0
LadyElizabethAryaStark,2,blue,arab,1,3,no,lshift,506,0
LadyElizabethAryaStark,2,blue,arab,1,9,no,lshift,437,0
LadyElizabethAryaStark,2,red,arab,1,1,no,rshift,340,0
LadyElizabethAryaStark,2,blue,arab,1,4,no,lshift,416,0
LadyElizabethAryaStark,2,blue,arab,1,7,no,lshift,455,0
LadyElizabethAryaStark,2,blue,arab,1,1,no,lshift,419,0
LadyElizabethAryaStark,2,red,arab,1,7,no,rshift,491,0
LadyElizabethAryaStark,2,blue,arab,1,2,no,lshift,460,0
LadyElizabethAryaStark,2,blue,arab,1,3,no,lshift,600,0
LadyElizabethAryaStark,2,blue,arab,1,9,no,lshift,388,0
LadyElizabethAryaStark,2,red,arab,1,2,no,rshift,476,0
LadyElizabethAryaStark,2,blue,arab,1,8,no,lshift,404,0
LadyElizabethAryaStark,2,blue,arab,1,4,no,lshift,348,0
LadyElizabethAryaStark,2,blue,arab,1,7,no,lshift,331,0
LadyElizabethAryaStark,2,blue,arab,1,9,no,lshift,436,0
LadyElizabethAryaStark,2,blue,arab,1,9,no,lshift,415,0
LadyElizabethAryaStark,2,red,arab,1,4,no,rshift,499,0
LadyElizabethAryaStark,2,blue,arab,1,2,no,lshift,379,0
LadyElizabethAryaStark,2,blue,arab,1,2,no,lshift,384,0
LadyElizabethAryaStark,2,red,arab,1,9,no,rshift,338,0
LadyElizabethAryaStark,2,red,arab,1,3,no,rshift,430,0
LadyElizabethAryaStark,2,blue,arab,1,1,no,lshift,408,0
LadyElizabethAryaStark,2,blue,arab,1,7,no,lshift,394,0
LadyElizabethAryaStark,2,red,arab,1,4,no,rshift,414,0
LadyElizabethAryaStark,2,red,arab,1,2,no,rshift,357,0
LadyElizabethAryaStark,2,blue,arab,1,8,no,lshift,433,0
LadyElizabethAryaStark,2,blue,arab,1,2,no,lshift,375,0
LadyElizabethAryaStark,2,red,arab,1,2,no,rshift,463,0
LadyElizabethAryaStark,2,blue,arab,1,9,no,lshift,343,0
LadyElizabethAryaStark,2,blue,arab,1,6,no,lshift,400,0
LadyElizabethAryaStark,2,blue,arab,1,1,no,lshift,426,0
LadyElizabethAryaStark,2,red,arab,1,6,no,rshift,372,0
LadyElizabethAryaStark,2,blue,arab,1,9,no,lshift,353,0
LadyElizabethAryaStark,2,blue,arab,1,1,no,lshift,383,0
LadyElizabethAryaStark,2,red,arab,1,6,no,rshift,358,0
LadyElizabethAryaStark,2,red,arab,1,4,no,rshift,455,0
LadyElizabethAryaStark,2,blue,arab,1,7,no,lshift,357,0
LadyElizabethAryaStark,2,red,arab,1,6,no,rshift,366,0
LadyElizabethAryaStark,2,blue,arab,1,1,no,lshift,366,0
LadyElizabethAryaStark,2,red,arab,1,6,no,rshift,329,0
LadyElizabethAryaStark,2,blue,arab,1,6,no,lshift,389,0
LadyElizabethAryaStark,2,blue,arab,1,6,no,lshift,444,0
LadyElizabethAryaStark,2,blue,arab,1,1,no,lshift,400,0
LadyElizabethAryaStark,2,blue,arab,1,6,no,lshift,348,0
LadyElizabethAryaStark,2,blue,arab,1,4,no,lshift,417,0
LadyElizabethAryaStark,2,red,arab,1,2,no,rshift,466,0
LadyElizabethAryaStark,2,red,arab,1,4,no,rshift,473,0
LadyElizabethAryaStark,2,blue,arab,1,7,no,lshift,374,0
LadyElizabethAryaStark,2,red,arab,1,1,no,rshift,393,0
LadyElizabethAryaStark,2,blue,arab,1,1,no,lshift,430,0
LadyElizabethAryaStark,2,blue,arab,1,4,no,lshift,401,0
LadyElizabethAryaStark,2,red,arab,1,1,no,rshift,418,0
LadyElizabethAryaStark,2,red,arab,1,6,no,rshift,464,0
LadyElizabethAryaStark,2,red,arab,1,3,no,rshift,451,0
LadyElizabethAryaStark,2,red,arab,1,2,no,rshift,342,0
LadyElizabethAryaStark,2,blue,arab,1,2,no,lshift,445,0
LadyElizabethAryaStark,2,red,arab,1,1,no,rshift,515,0
LadyElizabethAryaStark,2,blue,arab,1,3,no,lshift,416,0
LadyElizabethAryaStark,2,blue,arab,1,8,no,lshift,447,0
LadyElizabethAryaStark,2,blue,arab,1,7,no,lshift,328,0
LadyElizabethAryaStark,2,red,arab,1,4,no,rshift,417,0
LadyElizabethAryaStark,2,blue,arab,1,3,no,lshift,634,0
LadyElizabethAryaStark,2,red,arab,1,7,no,rshift,373,0
LadyElizabethAryaStark,2,red,arab,1,8,no,rshift,415,0
LadyElizabethAryaStark,2,red,arab,1,6,no,rshift,402,0
LadyElizabethAryaStark,2,blue,arab,1,6,no,lshift,421,0
LadyElizabethAryaStark,2,red,arab,1,3,no,rshift,405,0
LadyElizabethAryaStark,2,blue,arab,1,3,no,lshift,465,0
LadyElizabethAryaStark,2,red,arab,1,8,no,rshift,398,0
LadyElizabethAryaStark,2,red,arab,1,7,no,rshift,421,0
LadyElizabethAryaStark,2,blue,arab,1,1,no,lshift,412,0
LadyElizabethAryaStark,2,red,arab,1,6,no,rshift,402,0
LadyElizabethAryaStark,2,red,arab,1,2,no,rshift,599,0
LadyElizabethAryaStark,2,blue,arab,1,9,no,lshift,466,0
LadyElizabethAryaStark,2,red,arab,1,9,no,rshift,594,0
LadyElizabethAryaStark,2,blue,arab,1,3,no,lshift,560,0
LadyElizabethAryaStark,2,blue,arab,1,8,no,lshift,426,0
LadyElizabethAryaStark,2,blue,arab,1,4,no,lshift,383,0
LadyElizabethAryaStark,2,blue,arab,1,6,no,lshift,421,0
LadyElizabethAryaStark,2,blue,arab,1,9,no,lshift,407,0
LadyElizabethAryaStark,2,blue,arab,1,3,no,lshift,390,0
LadyElizabethAryaStark,2,red,arab,1,4,no,rshift,352,0
LadyElizabethAryaStark,2,red,arab,1,9,no,rshift,382,0
LadyElizabethAryaStark,2,red,arab,1,3,no,rshift,417,0
LadyElizabethAryaStark,2,red,arab,1,7,no,rshift,386,0
LadyElizabethAryaStark,2,red,arab,1,2,no,rshift,337,0
LadyElizabethAryaStark,2,red,arab,1,1,no,rshift,475,0
LadyElizabethAryaStark,2,blue,arab,1,8,no,lshift,501,0
LadyElizabethAryaStark,2,blue,arab,1,2,no,lshift,750,0
LadyElizabethAryaStark,2,red,arab,1,7,no,rshift,407,0
LadyElizabethAryaStark,2,red,arab,1,7,no,rshift,376,0
LadyElizabethAryaStark,2,blue,arab,1,8,no,lshift,366,0
LadyElizabethAryaStark,2,blue,arab,1,3,no,lshift,437,0
LadyElizabethAryaStark,2,red,arab,1,3,no,rshift,430,0
LadyElizabethAryaStark,2,blue,arab,1,7,no,lshift,455,0
LadyElizabethAryaStark,2,red,arab,1,4,no,rshift,425,0
LadyElizabethAryaStark,2,red,arab,1,4,no,rshift,538,0
LadyElizabethAryaStark,2,blue,arab,1,2,no,lshift,417,0
LadyElizabethAryaStark,2,red,arab,1,6,no,rshift,538,0
LadyElizabethAryaStark,2,blue,arab,1,4,no,lshift,580,0
LadyElizabethAryaStark,3,blue,arab,1,4,no,lshift,1618,0
LadyElizabethAryaStark,3,blue,arab,1,3,no,lshift,421,0
LadyElizabethAryaStark,3,blue,arab,1,3,no,lshift,448,0
LadyElizabethAryaStark,3,red,arab,1,8,no,rshift,358,0
LadyElizabethAryaStark,3,blue,arab,1,7,no,lshift,305,0
LadyElizabethAryaStark,3,blue,arab,1,4,no,lshift,435,0
LadyElizabethAryaStark,3,red,arab,1,1,no,rshift,341,0
LadyElizabethAryaStark,3,blue,arab,1,9,no,lshift,391,0
LadyElizabethAryaStark,3,red,arab,1,2,no,rshift,357,0
LadyElizabethAryaStark,3,red,arab,1,9,no,rshift,350,0
LadyElizabethAryaStark,3,blue,arab,1,1,no,lshift,493,0
LadyElizabethAryaStark,3,blue,arab,1,2,no,lshift,382,0
LadyElizabethAryaStark,3,blue,arab,1,2,no,lshift,389,0
LadyElizabethAryaStark,3,red,arab,1,4,no,rshift,372,0
LadyElizabethAryaStark,3,blue,arab,1,9,no,lshift,387,0
LadyElizabethAryaStark,3,red,arab,1,7,no,rshift,527,0
LadyElizabethAryaStark,3,blue,arab,1,4,no,lshift,452,0
LadyElizabethAryaStark,3,red,arab,1,2,no,rshift,406,0
LadyElizabethAryaStark,3,blue,arab,1,2,no,lshift,349,0
LadyElizabethAryaStark,3,blue,arab,1,2,no,lshift,409,0
LadyElizabethAryaStark,3,red,arab,1,9,no,rshift,400,0
LadyElizabethAryaStark,3,red,arab,1,3,no,rshift,370,0
LadyElizabethAryaStark,3,blue,arab,1,1,no,lshift,397,0
LadyElizabethAryaStark,3,blue,arab,1,4,no,lshift,467,0
LadyElizabethAryaStark,3,blue,arab,1,7,no,lshift,367,0
LadyElizabethAryaStark,3,red,arab,1,4,no,rshift,423,0
LadyElizabethAryaStark,3,red,arab,1,3,no,rshift,428,0
LadyElizabethAryaStark,3,red,arab,1,6,no,rshift,348,0
LadyElizabethAryaStark,3,red,arab,1,9,no,rshift,331,0
LadyElizabethAryaStark,3,blue,arab,1,6,no,lshift,352,0
LadyElizabethAryaStark,3,blue,arab,1,4,no,lshift,372,0
LadyElizabethAryaStark,3,red,arab,1,7,no,rshift,398,0
LadyElizabethAryaStark,3,red,arab,1,8,no,rshift,350,0
LadyElizabethAryaStark,3,red,arab,1,9,no,rshift,344,0
LadyElizabethAryaStark,3,blue,arab,1,3,no,lshift,446,0
LadyElizabethAryaStark,3,red,arab,1,8,no,rshift,369,0
LadyElizabethAryaStark,3,blue,arab,1,9,no,lshift,435,0
LadyElizabethAryaStark,3,red,arab,1,9,no,rshift,372,0
LadyElizabethAryaStark,3,red,arab,1,9,no,rshift,382,0
LadyElizabethAryaStark,3,red,arab,1,3,no,rshift,450,0
LadyElizabethAryaStark,3,blue,arab,1,1,no,lshift,554,0
LadyElizabethAryaStark,3,red,arab,1,3,no,rshift,315,0
LadyElizabethAryaStark,3,red,arab,1,1,no,rshift,368,0
LadyElizabethAryaStark,3,red,arab,1,6,no,rshift,378,0
LadyElizabethAryaStark,3,blue,arab,1,9,no,lshift,484,0
LadyElizabethAryaStark,3,red,arab,1,3,no,rshift,382,0
LadyElizabethAryaStark,3,blue,arab,1,2,no,lshift,404,0
LadyElizabethAryaStark,3,red,arab,1,7,no,rshift,331,0
LadyElizabethAryaStark,3,blue,arab,1,3,no,lshift,443,0
LadyElizabethAryaStark,3,red,arab,1,7,no,rshift,323,0
LadyElizabethAryaStark,3,red,arab,1,6,no,rshift,427,0
LadyElizabethAryaStark,3,blue,arab,1,7,no,lshift,372,0
LadyElizabethAryaStark,3,red,arab,1,2,no,rshift,299,0
LadyElizabethAryaStark,3,blue,arab,1,1,no,lshift,376,0
LadyElizabethAryaStark,3,blue,arab,1,7,no,lshift,449,0
LadyElizabethAryaStark,3,red,arab,1,3,no,rshift,401,0
LadyElizabethAryaStark,3,blue,arab,1,6,no,lshift,375,0
LadyElizabethAryaStark,3,red,arab,1,4,no,rshift,346,0
LadyElizabethAryaStark,3,red,arab,1,1,no,rshift,370,0
LadyElizabethAryaStark,3,blue,arab,1,8,no,lshift,413,0
LadyElizabethAryaStark,3,red,arab,1,6,no,rshift,448,0
LadyElizabethAryaStark,3,blue,arab,1,8,no,lshift,389,0
LadyElizabethAryaStark,3,red,arab,0,1,no,lshift,372,0
LadyElizabethAryaStark,3,blue,arab,1,3,no,lshift,473,0
LadyElizabethAryaStark,3,red,arab,1,1,no,rshift,370,0
LadyElizabethAryaStark,3,blue,arab,1,8,no,lshift,702,0
LadyElizabethAryaStark,3,red,arab,1,7,no,rshift,316,0
LadyElizabethAryaStark,3,blue,arab,1,7,no,lshift,477,0
LadyElizabethAryaStark,3,blue,arab,1,4,no,lshift,411,0
LadyElizabethAryaStark,3,blue,arab,1,9,no,lshift,491,0
LadyElizabethAryaStark,3,red,arab,1,7,no,rshift,357,0
LadyElizabethAryaStark,3,red,arab,1,9,no,rshift,353,0
LadyElizabethAryaStark,3,red,arab,1,1,no,rshift,359,0
LadyElizabethAryaStark,3,blue,arab,1,1,no,lshift,435,0
LadyElizabethAryaStark,3,red,arab,1,6,no,rshift,390,0
LadyElizabethAryaStark,3,blue,arab,1,2,no,lshift,411,0
LadyElizabethAryaStark,3,red,arab,1,8,no,rshift,318,0
LadyElizabethAryaStark,3,red,arab,1,3,no,rshift,362,0
LadyElizabethAryaStark,3,blue,arab,1,9,no,lshift,411,0
LadyElizabethAryaStark,3,red,arab,1,4,no,rshift,332,0
LadyElizabethAryaStark,3,blue,arab,1,8,no,lshift,411,0
LadyElizabethAryaStark,3,red,arab,1,2,no,rshift,276,0
LadyElizabethAryaStark,3,blue,arab,1,8,no,lshift,430,0
LadyElizabethAryaStark,3,blue,arab,1,6,no,lshift,431,0
LadyElizabethAryaStark,3,blue,arab,1,2,no,lshift,479,0
LadyElizabethAryaStark,3,red,arab,1,4,no,rshift,343,0
LadyElizabethAryaStark,3,red,arab,1,2,no,rshift,403,0
LadyElizabethAryaStark,3,blue,arab,1,7,no,lshift,434,0
LadyElizabethAryaStark,3,red,arab,1,8,no,rshift,344,0
LadyElizabethAryaStark,3,blue,arab,1,8,no,lshift,335,0
LadyElizabethAryaStark,3,red,arab,1,3,no,rshift,357,0
LadyElizabethAryaStark,3,blue,arab,1,6,no,lshift,574,0
LadyElizabethAryaStark,3,red,arab,1,3,no,rshift,362,0
LadyElizabethAryaStark,3,blue,arab,1,2,no,lshift,380,0
LadyElizabethAryaStark,3,red,arab,1,2,no,rshift,420,0
LadyElizabethAryaStark,3,blue,arab,1,7,no,lshift,452,0
LadyElizabethAryaStark,3,blue,arab,1,4,no,lshift,318,0
LadyElizabethAryaStark,3,red,arab,1,6,no,rshift,438,0
LadyElizabethAryaStark,3,red,arab,1,8,no,rshift,347,0
LadyElizabethAryaStark,3,blue,arab,1,1,no,lshift,355,0
LadyElizabethAryaStark,3,blue,arab,1,3,no,lshift,494,0
LadyElizabethAryaStark,3,blue,arab,1,6,no,lshift,350,0
LadyElizabethAryaStark,3,red,arab,1,4,no,rshift,535,0
LadyElizabethAryaStark,3,blue,arab,1,9,no,lshift,474,0
LadyElizabethAryaStark,3,red,arab,1,6,no,rshift,338,0
LadyElizabethAryaStark,3,blue,arab,1,3,no,lshift,376,0
LadyElizabethAryaStark,3,blue,arab,1,6,no,lshift,421,0
LadyElizabethAryaStark,3,blue,arab,1,6,no,lshift,351,0
LadyElizabethAryaStark,3,blue,arab,0,7,no,rshift,358,0
LadyElizabethAryaStark,3,blue,arab,1,2,no,lshift,424,0
LadyElizabethAryaStark,3,red,arab,1,3,no,rshift,462,0
LadyElizabethAryaStark,3,red,arab,1,4,no,rshift,343,0
LadyElizabethAryaStark,3,red,arab,1,1,no,rshift,367,0
LadyElizabethAryaStark,3,red,arab,1,7,no,rshift,505,0
LadyElizabethAryaStark,3,red,arab,1,1,no,rshift,346,0
LadyElizabethAryaStark,3,blue,arab,1,6,no,lshift,454,0
LadyElizabethAryaStark,3,red,arab,1,1,no,rshift,439,0
LadyElizabethAryaStark,3,red,arab,1,7,no,rshift,376,0
LadyElizabethAryaStark,3,blue,arab,1,9,no,lshift,495,0
LadyElizabethAryaStark,3,blue,arab,1,3,no,lshift,410,0
LadyElizabethAryaStark,3,red,arab,1,6,no,rshift,382,0
LadyElizabethAryaStark,3,blue,arab,1,2,no,lshift,650,0
LadyElizabethAryaStark,3,blue,arab,1,1,no,lshift,457,0
LadyElizabethAryaStark,3,red,arab,1,6,no,rshift,450,0
LadyElizabethAryaStark,3,blue,arab,1,3,no,lshift,411,0
LadyElizabethAryaStark,3,red,arab,1,1,no,rshift,475,0
LadyElizabethAryaStark,3,blue,arab,1,6,no,lshift,393,0
LadyElizabethAryaStark,3,blue,arab,1,7,no,lshift,394,0
LadyElizabethAryaStark,3,blue,arab,1,1,no,lshift,387,0
LadyElizabethAryaStark,3,red,arab,1,8,no,rshift,375,0
LadyElizabethAryaStark,3,blue,arab,1,8,no,lshift,359,0
LadyElizabethAryaStark,3,red,arab,1,2,no,rshift,306,0
LadyElizabethAryaStark,3,red,arab,0,6,no,lshift,348,0
LadyElizabethAryaStark,3,blue,arab,1,9,no,lshift,655,0
LadyElizabethAryaStark,3,blue,arab,1,3,no,lshift,427,0
LadyElizabethAryaStark,3,blue,arab,1,4,no,lshift,504,0
LadyElizabethAryaStark,3,blue,arab,1,8,no,lshift,484,0
LadyElizabethAryaStark,3,red,arab,1,2,no,rshift,499,0
LadyElizabethAryaStark,3,blue,arab,1,7,no,lshift,415,0
LadyElizabethAryaStark,3,red,arab,1,4,no,rshift,412,0
LadyElizabethAryaStark,3,red,arab,1,2,no,rshift,398,0
LadyElizabethAryaStark,3,red,arab,1,7,no,rshift,404,0
LadyElizabethAryaStark,3,blue,arab,1,4,no,lshift,432,0
LadyElizabethAryaStark,3,blue,arab,1,1,no,lshift,619,0
LadyElizabethAryaStark,3,red,arab,1,4,no,rshift,463,0
LadyElizabethAryaStark,3,red,arab,1,4,no,rshift,385,0
LadyElizabethAryaStark,3,red,arab,1,8,no,rshift,332,0
LadyElizabethAryaStark,3,blue,arab,1,9,no,lshift,456,0
LadyElizabethAryaStark,3,blue,arab,1,8,no,lshift,406,0
LadyElizabethAryaStark,3,red,arab,1,9,no,rshift,475,0
LadyElizabethAryaStark,3,red,arab,1,9,no,rshift,463,0
LadyElizabethAryaStark,3,blue,arab,1,4,no,lshift,430,0
LadyElizabethAryaStark,3,red,arab,1,7,no,rshift,507,0
LadyElizabethAryaStark,3,blue,arab,1,6,no,lshift,495,0
LadyElizabethAryaStark,3,red,arab,1,2,no,rshift,392,0
LadyElizabethAryaStark,3,blue,arab,1,1,no,lshift,618,0
LadyElizabethAryaStark,3,blue,arab,1,8,no,lshift,500,0
LadyElizabethAryaStark,3,red,arab,1,9,no,rshift,455,0
LadyElizabethAryaStark,3,red,arab,1,8,no,rshift,374,0
LadyElizabethAryaStark,3,red,arab,1,8,no,rshift,343,0
LadyElizabethAryaStark,0,red,dot,1,3,yes,rshift,479,0
LadyElizabethAryaStark,0,blue,dot,1,2,yes,lshift,320,0
LadyElizabethAryaStark,0,blue,dot,1,9,yes,lshift,449,0
LadyElizabethAryaStark,0,blue,dot,1,6,yes,lshift,387,0
LadyElizabethAryaStark,0,red,dot,1,9,yes,rshift,327,0
LadyElizabethAryaStark,0,red,dot,1,7,yes,rshift,387,0
LadyElizabethAryaStark,0,blue,dot,1,1,yes,lshift,353,0
LadyElizabethAryaStark,0,red,dot,1,4,yes,rshift,330,0
LadyElizabethAryaStark,0,blue,dot,1,7,yes,lshift,379,0
LadyElizabethAryaStark,0,red,dot,1,1,yes,rshift,305,0
LadyElizabethAryaStark,0,red,dot,1,2,yes,rshift,517,0
LadyElizabethAryaStark,0,blue,dot,1,4,yes,lshift,343,0
LadyElizabethAryaStark,0,red,dot,1,8,yes,rshift,301,0
LadyElizabethAryaStark,0,blue,dot,1,3,yes,lshift,391,0
LadyElizabethAryaStark,0,red,dot,1,6,yes,rshift,283,0
LadyElizabethAryaStark,0,blue,dot,1,8,yes,lshift,389,0
LadyElizabethAryaStark,1,blue,dot,1,3,no,lshift,813,0
LadyElizabethAryaStark,1,red,dot,1,4,no,rshift,381,0
LadyElizabethAryaStark,1,red,dot,1,9,no,rshift,453,0
LadyElizabethAryaStark,1,red,dot,1,4,no,rshift,410,0
LadyElizabethAryaStark,1,red,dot,1,7,no,rshift,414,0
LadyElizabethAryaStark,1,blue,dot,1,8,no,lshift,268,0
LadyElizabethAryaStark,1,blue,dot,1,1,no,lshift,399,0
LadyElizabethAryaStark,1,red,dot,1,4,no,rshift,294,0
LadyElizabethAryaStark,1,blue,dot,1,7,no,lshift,389,0
LadyElizabethAryaStark,1,red,dot,1,3,no,rshift,434,0
LadyElizabethAryaStark,1,blue,dot,1,9,no,lshift,494,0
LadyElizabethAryaStark,1,red,dot,1,3,no,rshift,353,0
LadyElizabethAryaStark,1,red,dot,1,7,no,rshift,333,0
LadyElizabethAryaStark,1,red,dot,1,1,no,rshift,374,0
LadyElizabethAryaStark,1,red,dot,1,4,no,rshift,336,0
LadyElizabethAryaStark,1,red,dot,1,3,no,rshift,303,0
LadyElizabethAryaStark,1,red,dot,1,8,no,rshift,326,0
LadyElizabethAryaStark,1,blue,dot,1,9,no,lshift,325,0
LadyElizabethAryaStark,1,red,dot,1,4,no,rshift,303,0
LadyElizabethAryaStark,1,blue,dot,1,6,no,lshift,337,0
LadyElizabethAryaStark,1,blue,dot,1,1,no,lshift,343,0
LadyElizabethAryaStark,1,blue,dot,0,7,no,rshift,348,0
LadyElizabethAryaStark,1,red,dot,1,7,no,rshift,324,0
LadyElizabethAryaStark,1,red,dot,1,1,no,rshift,321,0
LadyElizabethAryaStark,1,blue,dot,1,7,no,lshift,392,0
LadyElizabethAryaStark,1,blue,dot,1,8,no,lshift,410,0
LadyElizabethAryaStark,1,blue,dot,1,8,no,lshift,360,0
LadyElizabethAryaStark,1,red,dot,1,2,no,rshift,409,0
LadyElizabethAryaStark,1,red,dot,1,9,no,rshift,357,0
LadyElizabethAryaStark,1,blue,dot,1,3,no,lshift,344,0
LadyElizabethAryaStark,1,blue,dot,1,8,no,lshift,366,0
LadyElizabethAryaStark,1,blue,dot,1,3,no,lshift,357,0
LadyElizabethAryaStark,1,red,dot,1,1,no,rshift,423,0
LadyElizabethAryaStark,1,blue,dot,1,4,no,lshift,372,0
LadyElizabethAryaStark,1,blue,dot,1,2,no,lshift,377,0
LadyElizabethAryaStark,1,blue,dot,1,3,no,lshift,328,0
LadyElizabethAryaStark,1,red,dot,1,2,no,rshift,434,0
LadyElizabethAryaStark,1,blue,dot,1,9,no,lshift,399,0
LadyElizabethAryaStark,1,red,dot,1,8,no,rshift,347,0
LadyElizabethAryaStark,1,red,dot,1,7,no,rshift,411,0
LadyElizabethAryaStark,1,blue,dot,1,4,no,lshift,357,0
LadyElizabethAryaStark,1,blue,dot,1,9,no,lshift,349,0
LadyElizabethAryaStark,1,blue,dot,1,7,no,lshift,408,0
LadyElizabethAryaStark,1,blue,dot,1,9,no,lshift,372,0
LadyElizabethAryaStark,1,red,dot,1,6,no,rshift,424,0
LadyElizabethAryaStark,1,blue,dot,1,4,no,lshift,358,0
LadyElizabethAryaStark,1,blue,dot,1,1,no,lshift,379,0
LadyElizabethAryaStark,1,red,dot,1,3,no,rshift,392,0
LadyElizabethAryaStark,1,blue,dot,1,3,no,lshift,371,0
LadyElizabethAryaStark,1,red,dot,1,1,no,rshift,335,0
LadyElizabethAryaStark,1,red,dot,1,8,no,rshift,390,0
LadyElizabethAryaStark,1,blue,dot,1,6,no,lshift,332,0
LadyElizabethAryaStark,1,red,dot,1,9,no,rshift,403,0
LadyElizabethAryaStark,1,blue,dot,1,6,no,lshift,384,0
LadyElizabethAryaStark,1,blue,dot,1,2,no,lshift,483,0
LadyElizabethAryaStark,1,red,dot,1,6,no,rshift,358,0
LadyElizabethAryaStark,1,red,dot,1,7,no,rshift,389,0
LadyElizabethAryaStark,1,red,dot,1,2,no,rshift,372,0
LadyElizabethAryaStark,1,red,dot,1,1,no,rshift,332,0
LadyElizabethAryaStark,1,blue,dot,1,6,no,lshift,330,0
LadyElizabethAryaStark,1,red,dot,1,3,no,rshift,311,0
LadyElizabethAryaStark,1,blue,dot,1,4,no,lshift,311,0
LadyElizabethAryaStark,1,blue,dot,1,1,no,lshift,300,0
LadyElizabethAryaStark,1,red,dot,1,6,no,rshift,461,0
LadyElizabethAryaStark,1,red,dot,1,2,no,rshift,340,0
LadyElizabethAryaStark,1,red,dot,1,9,no,rshift,353,0
LadyElizabethAryaStark,1,blue,dot,1,2,no,lshift,365,0
LadyElizabethAryaStark,1,blue,dot,1,1,no,lshift,423,0
LadyElizabethAryaStark,1,red,dot,1,2,no,rshift,329,0
LadyElizabethAryaStark,1,red,dot,1,8,no,rshift,326,0
LadyElizabethAryaStark,1,red,dot,1,2,no,rshift,345,0
LadyElizabethAryaStark,1,blue,dot,1,4,no,lshift,376,0
LadyElizabethAryaStark,1,red,dot,1,1,no,rshift,304,0
LadyElizabethAryaStark,1,blue,dot,1,6,no,lshift,366,0
LadyElizabethAryaStark,1,blue,dot,1,1,no,lshift,451,0
LadyElizabethAryaStark,1,blue,dot,1,7,no,lshift,327,0
LadyElizabethAryaStark,1,red,dot,1,3,no,rshift,445,0
LadyElizabethAryaStark,1,blue,dot,1,8,no,lshift,333,0
LadyElizabethAryaStark,1,blue,dot,1,6,no,lshift,331,0
LadyElizabethAryaStark,1,red,dot,1,1,no,rshift,356,0
LadyElizabethAryaStark,1,red,dot,1,7,no,rshift,346,0
LadyElizabethAryaStark,1,blue,dot,1,8,no,lshift,455,0
LadyElizabethAryaStark,1,blue,dot,1,9,no,lshift,311,0
LadyElizabethAryaStark,1,red,dot,1,6,no,rshift,450,0
LadyElizabethAryaStark,1,red,dot,1,4,no,rshift,486,0
LadyElizabethAryaStark,1,blue,dot,1,8,no,lshift,451,0
LadyElizabethAryaStark,1,blue,dot,1,3,no,lshift,399,0
LadyElizabethAryaStark,1,blue,dot,1,7,no,lshift,390,0
LadyElizabethAryaStark,1,red,dot,1,7,no,rshift,366,0
LadyElizabethAryaStark,1,red,dot,1,8,no,rshift,323,0
LadyElizabethAryaStark,1,red,dot,1,2,no,rshift,396,0
LadyElizabethAryaStark,1,blue,dot,1,4,no,lshift,347,0
LadyElizabethAryaStark,1,blue,dot,1,1,no,lshift,374,0
LadyElizabethAryaStark,1,red,dot,1,9,no,rshift,382,0
LadyElizabethAryaStark,1,red,dot,1,8,no,rshift,446,0
LadyElizabethAryaStark,1,blue,dot,1,6,no,lshift,420,0
LadyElizabethAryaStark,1,blue,dot,1,7,no,lshift,374,0
LadyElizabethAryaStark,1,red,dot,1,6,no,rshift,368,0
LadyElizabethAryaStark,1,blue,dot,1,8,no,lshift,418,0
LadyElizabethAryaStark,1,red,dot,1,1,no,rshift,360,0
LadyElizabethAryaStark,1,red,dot,1,8,no,rshift,425,0
LadyElizabethAryaStark,1,blue,dot,1,1,no,lshift,373,0
LadyElizabethAryaStark,1,blue,dot,1,1,no,lshift,458,0
LadyElizabethAryaStark,1,red,dot,1,9,no,rshift,462,0
LadyElizabethAryaStark,1,blue,dot,1,9,no,lshift,436,0
LadyElizabethAryaStark,1,red,dot,1,8,no,rshift,352,0
LadyElizabethAryaStark,1,red,dot,1,7,no,rshift,345,0
LadyElizabethAryaStark,1,blue,dot,1,3,no,lshift,358,0
LadyElizabethAryaStark,1,blue,dot,1,1,no,lshift,413,0
LadyElizabethAryaStark,1,red,dot,1,3,no,rshift,353,0
LadyElizabethAryaStark,1,blue,dot,1,2,no,lshift,381,0
LadyElizabethAryaStark,1,red,dot,1,6,no,rshift,409,0
LadyElizabethAryaStark,1,blue,dot,1,2,no,lshift,355,0
LadyElizabethAryaStark,1,blue,dot,1,4,no,lshift,353,0
LadyElizabethAryaStark,1,red,dot,1,9,no,rshift,340,0
LadyElizabethAryaStark,1,blue,dot,1,7,no,lshift,368,0
LadyElizabethAryaStark,1,blue,dot,1,2,no,lshift,352,0
LadyElizabethAryaStark,1,blue,dot,1,9,no,lshift,704,0
LadyElizabethAryaStark,1,blue,dot,1,3,no,lshift,365,0
LadyElizabethAryaStark,1,red,dot,1,4,no,rshift,293,0
LadyElizabethAryaStark,1,red,dot,1,8,no,rshift,429,0
LadyElizabethAryaStark,1,red,dot,1,6,no,rshift,453,0
LadyElizabethAryaStark,1,blue,dot,1,8,no,lshift,301,0
LadyElizabethAryaStark,1,red,dot,1,7,no,rshift,445,0
LadyElizabethAryaStark,1,blue,dot,1,9,no,lshift,388,0
LadyElizabethAryaStark,1,blue,dot,1,8,no,lshift,396,0
LadyElizabethAryaStark,1,red,dot,1,9,no,rshift,385,0
LadyElizabethAryaStark,1,blue,dot,1,2,no,lshift,316,0
LadyElizabethAryaStark,1,blue,dot,1,7,no,lshift,379,0
LadyElizabethAryaStark,1,blue,dot,1,9,no,lshift,341,0
LadyElizabethAryaStark,1,red,dot,1,2,no,rshift,389,0
LadyElizabethAryaStark,1,blue,dot,1,6,no,lshift,380,0
LadyElizabethAryaStark,1,red,dot,1,3,no,rshift,379,0
LadyElizabethAryaStark,1,blue,dot,1,3,no,lshift,354,0
LadyElizabethAryaStark,1,red,dot,1,7,no,rshift,443,0
LadyElizabethAryaStark,1,blue,dot,1,4,no,lshift,442,0
LadyElizabethAryaStark,1,red,dot,1,6,no,rshift,381,0
LadyElizabethAryaStark,1,red,dot,1,6,no,rshift,478,0
LadyElizabethAryaStark,1,blue,dot,1,7,no,lshift,435,0
LadyElizabethAryaStark,1,red,dot,1,8,no,rshift,426,0
LadyElizabethAryaStark,1,red,dot,1,3,no,rshift,331,0
LadyElizabethAryaStark,1,red,dot,1,1,no,rshift,330,0
LadyElizabethAryaStark,1,blue,dot,1,6,no,lshift,391,0
LadyElizabethAryaStark,1,red,dot,1,9,no,rshift,355,0
LadyElizabethAryaStark,1,blue,dot,1,2,no,lshift,423,0
LadyElizabethAryaStark,1,blue,dot,1,3,no,lshift,430,0
LadyElizabethAryaStark,1,red,dot,1,6,no,rshift,399,0
LadyElizabethAryaStark,1,blue,dot,1,4,no,lshift,331,0
LadyElizabethAryaStark,1,blue,dot,1,2,no,lshift,379,0
LadyElizabethAryaStark,1,red,dot,1,1,no,rshift,749,0
LadyElizabethAryaStark,1,blue,dot,1,6,no,lshift,398,0
LadyElizabethAryaStark,1,blue,dot,1,4,no,lshift,335,0
LadyElizabethAryaStark,1,red,dot,1,3,no,rshift,415,0
LadyElizabethAryaStark,1,red,dot,1,4,no,rshift,327,0
LadyElizabethAryaStark,1,red,dot,1,4,no,rshift,329,0
LadyElizabethAryaStark,1,red,dot,1,2,no,rshift,417,0
LadyElizabethAryaStark,1,red,dot,1,9,no,rshift,331,0
LadyElizabethAryaStark,1,red,dot,1,2,no,rshift,339,0
LadyElizabethAryaStark,1,red,dot,1,4,no,rshift,416,0
LadyElizabethAryaStark,1,blue,dot,1,2,no,lshift,269,0
LadyElizabethAryaStark,2,red,dot,1,3,no,rshift,413,0
LadyElizabethAryaStark,2,blue,dot,1,4,no,lshift,359,0
LadyElizabethAryaStark,2,blue,dot,1,2,no,lshift,429,0
LadyElizabethAryaStark,2,red,dot,1,3,no,rshift,362,0
LadyElizabethAryaStark,2,blue,dot,1,6,no,lshift,391,0
LadyElizabethAryaStark,2,blue,dot,1,6,no,lshift,313,0
LadyElizabethAryaStark,2,red,dot,1,3,no,rshift,424,0
LadyElizabethAryaStark,2,red,dot,1,6,no,rshift,367,0
LadyElizabethAryaStark,2,red,dot,1,4,no,rshift,331,0
LadyElizabethAryaStark,2,red,dot,1,9,no,rshift,311,0
LadyElizabethAryaStark,2,blue,dot,1,3,no,lshift,344,0
LadyElizabethAryaStark,2,red,dot,1,9,no,rshift,279,0
LadyElizabethAryaStark,2,blue,dot,1,2,no,lshift,378,0
LadyElizabethAryaStark,2,blue,dot,1,3,no,lshift,462,0
LadyElizabethAryaStark,2,blue,dot,1,4,no,lshift,374,0
LadyElizabethAryaStark,2,red,dot,1,1,no,rshift,356,0
LadyElizabethAryaStark,2,blue,dot,1,4,no,lshift,326,0
LadyElizabethAryaStark,2,blue,dot,1,4,no,lshift,269,0
LadyElizabethAryaStark,2,blue,dot,1,2,no,lshift,358,0
LadyElizabethAryaStark,2,blue,dot,1,3,no,lshift,322,0
LadyElizabethAryaStark,2,blue,dot,1,9,no,lshift,232,0
LadyElizabethAryaStark,2,blue,dot,1,9,no,lshift,342,0
LadyElizabethAryaStark,2,blue,dot,1,7,no,lshift,348,0
LadyElizabethAryaStark,2,red,dot,1,4,no,rshift,374,0
LadyElizabethAryaStark,2,blue,dot,1,1,no,lshift,269,0
LadyElizabethAryaStark,2,blue,dot,1,4,no,lshift,458,0
LadyElizabethAryaStark,2,blue,dot,1,7,no,lshift,293,0
LadyElizabethAryaStark,2,blue,dot,1,1,no,lshift,370,0
LadyElizabethAryaStark,2,red,dot,1,3,no,rshift,440,0
LadyElizabethAryaStark,2,red,dot,1,4,no,rshift,329,0
LadyElizabethAryaStark,2,blue,dot,1,6,no,lshift,399,0
LadyElizabethAryaStark,2,red,dot,1,8,no,rshift,437,0
LadyElizabethAryaStark,2,red,dot,1,8,no,rshift,416,0
LadyElizabethAryaStark,2,red,dot,1,9,no,rshift,356,0
LadyElizabethAryaStark,2,red,dot,1,9,no,rshift,325,0
LadyElizabethAryaStark,2,red,dot,1,9,no,rshift,371,0
LadyElizabethAryaStark,2,red,dot,1,1,no,rshift,424,0
LadyElizabethAryaStark,2,red,dot,1,1,no,rshift,359,0
LadyElizabethAryaStark,2,red,dot,1,9,no,rshift,320,0
LadyElizabethAryaStark,2,red,dot,1,1,no,rshift,356,0
LadyElizabethAryaStark,2,red,dot,1,8,no,rshift,309,0
LadyElizabethAryaStark,2,red,dot,1,9,no,rshift,394,0
LadyElizabethAryaStark,2,blue,dot,1,1,no,lshift,369,0
LadyElizabethAryaStark,2,blue,dot,1,7,no,lshift,424,0
LadyElizabethAryaStark,2,blue,dot,1,8,no,lshift,449,0
LadyElizabethAryaStark,2,blue,dot,1,1,no,lshift,388,0
LadyElizabethAryaStark,2,blue,dot,1,7,no,lshift,328,0
LadyElizabethAryaStark,2,red,dot,1,7,no,rshift,396,0
LadyElizabethAryaStark,2,blue,dot,1,8,no,lshift,376,0
LadyElizabethAryaStark,2,blue,dot,1,2,no,lshift,346,0
LadyElizabethAryaStark,2,red,dot,1,3,no,rshift,386,0
LadyElizabethAryaStark,2,blue,dot,1,2,no,lshift,382,0
LadyElizabethAryaStark,2,red,dot,0,7,no,lshift,295,0
LadyElizabethAryaStark,2,red,dot,1,6,no,rshift,338,0
LadyElizabethAryaStark,2,red,dot,1,9,no,rshift,361,0
LadyElizabethAryaStark,2,blue,dot,1,7,no,lshift,383,0
LadyElizabethAryaStark,2,red,dot,1,2,no,rshift,302,0
LadyElizabethAryaStark,2,blue,dot,1,8,no,lshift,347,0
LadyElizabethAryaStark,2,red,dot,1,6,no,rshift,324,0
LadyElizabethAryaStark,2,blue,dot,1,3,no,lshift,378,0
LadyElizabethAryaStark,2,blue,dot,1,2,no,lshift,350,0
LadyElizabethAryaStark,2,red,dot,1,2,no,rshift,395,0
LadyElizabethAryaStark,2,red,dot,1,3,no,rshift,421,0
LadyElizabethAryaStark,2,red,dot,1,6,no,rshift,421,0
LadyElizabethAryaStark,2,blue,dot,1,7,no,lshift,416,0
LadyElizabethAryaStark,2,blue,dot,1,6,no,lshift,372,0
LadyElizabethAryaStark,2,red,dot,1,4,no,rshift,377,0
LadyElizabethAryaStark,2,red,dot,1,6,no,rshift,380,0
LadyElizabethAryaStark,2,blue,dot,1,7,no,lshift,391,0
LadyElizabethAryaStark,2,blue,dot,1,1,no,lshift,374,0
LadyElizabethAryaStark,2,red,dot,1,8,no,rshift,419,0
LadyElizabethAryaStark,2,blue,dot,1,4,no,lshift,402,0
LadyElizabethAryaStark,2,blue,dot,1,7,no,lshift,391,0
LadyElizabethAryaStark,2,blue,dot,1,8,no,lshift,332,0
LadyElizabethAryaStark,2,red,dot,1,6,no,rshift,538,0
LadyElizabethAryaStark,2,blue,dot,1,7,no,lshift,371,0
LadyElizabethAryaStark,2,red,dot,1,7,no,rshift,390,0
LadyElizabethAryaStark,2,red,dot,1,7,no,rshift,398,0
LadyElizabethAryaStark,2,blue,dot,1,9,no,lshift,405,0
LadyElizabethAryaStark,2,red,dot,1,4,no,rshift,489,0
LadyElizabethAryaStark,2,blue,dot,1,6,no,lshift,417,0
LadyElizabethAryaStark,2,blue,dot,1,1,no,lshift,367,0
LadyElizabethAryaStark,2,red,dot,1,8,no,rshift,357,0
LadyElizabethAryaStark,2,blue,dot,1,9,no,lshift,368,0
LadyElizabethAryaStark,2,blue,dot,1,6,no,lshift,315,0
LadyElizabethAryaStark,2,blue,dot,1,3,no,lshift,360,0
LadyElizabethAryaStark,2,blue,dot,1,9,no,lshift,391,0
LadyElizabethAryaStark,2,red,dot,1,9,no,rshift,365,0
LadyElizabethAryaStark,2,red,dot,1,1,no,rshift,368,0
LadyElizabethAryaStark,2,red,dot,1,2,no,rshift,383,0
LadyElizabethAryaStark,2,blue,dot,1,4,no,lshift,403,0
LadyElizabethAryaStark,2,blue,dot,1,4,no,lshift,425,0
LadyElizabethAryaStark,2,blue,dot,1,2,no,lshift,384,0
LadyElizabethAryaStark,2,blue,dot,1,8,no,lshift,332,0
LadyElizabethAryaStark,2,red,dot,1,7,no,rshift,455,0
LadyElizabethAryaStark,2,red,dot,1,6,no,rshift,396,0
LadyElizabethAryaStark,2,red,dot,1,3,no,rshift,317,0
LadyElizabethAryaStark,2,red,dot,1,6,no,rshift,305,0
LadyElizabethAryaStark,2,red,dot,1,4,no,rshift,295,0
LadyElizabethAryaStark,2,red,dot,1,2,no,rshift,326,0
LadyElizabethAryaStark,2,blue,dot,1,3,no,lshift,417,0
LadyElizabethAryaStark,2,red,dot,1,1,no,rshift,366,0
LadyElizabethAryaStark,2,red,dot,1,7,no,rshift,305,0
LadyElizabethAryaStark,2,red,dot,1,8,no,rshift,325,0
LadyElizabethAryaStark,2,blue,dot,1,6,no,lshift,372,0
LadyElizabethAryaStark,2,red,dot,1,8,no,rshift,307,0
LadyElizabethAryaStark,2,blue,dot,1,1,no,lshift,315,0
LadyElizabethAryaStark,2,red,dot,1,4,no,rshift,344,0
LadyElizabethAryaStark,2,blue,dot,1,9,no,lshift,367,0
LadyElizabethAryaStark,2,blue,dot,1,1,no,lshift,420,0
LadyElizabethAryaStark,2,blue,dot,1,8,no,lshift,405,0
LadyElizabethAryaStark,2,blue,dot,1,3,no,lshift,366,0
LadyElizabethAryaStark,2,red,dot,1,1,no,rshift,409,0
LadyElizabethAryaStark,2,blue,dot,1,3,no,lshift,397,0
LadyElizabethAryaStark,2,red,dot,1,7,no,rshift,389,0
LadyElizabethAryaStark,2,red,dot,1,2,no,rshift,344,0
LadyElizabethAryaStark,2,blue,dot,1,2,no,lshift,358,0
LadyElizabethAryaStark,2,red,dot,1,3,no,rshift,334,0
LadyElizabethAryaStark,2,red,dot,1,7,no,rshift,322,0
LadyElizabethAryaStark,2,red,dot,1,2,no,rshift,315,0
LadyElizabethAryaStark,2,blue,dot,1,9,no,lshift,414,0
LadyElizabethAryaStark,2,red,dot,1,2,no,rshift,252,0
LadyElizabethAryaStark,2,red,dot,1,2,no,rshift,349,0
LadyElizabethAryaStark,2,red,dot,1,2,no,rshift,287,0
LadyElizabethAryaStark,2,red,dot,1,4,no,rshift,310,0
LadyElizabethAryaStark,2,red,dot,1,3,no,rshift,326,0
LadyElizabethAryaStark,2,blue,dot,1,6,no,lshift,348,0
LadyElizabethAryaStark,2,blue,dot,1,3,no,lshift,422,0
LadyElizabethAryaStark,2,blue,dot,1,2,no,lshift,246,0
LadyElizabethAryaStark,2,red,dot,1,1,no,rshift,330,0
LadyElizabethAryaStark,2,red,dot,0,4,no,lshift,334,0
LadyElizabethAryaStark,2,blue,dot,1,4,no,lshift,613,0
LadyElizabethAryaStark,2,blue,dot,1,9,no,lshift,465,0
LadyElizabethAryaStark,2,blue,dot,1,3,no,lshift,453,0
LadyElizabethAryaStark,2,red,dot,1,8,no,rshift,454,0
LadyElizabethAryaStark,2,blue,dot,1,6,no,lshift,408,0
LadyElizabethAryaStark,2,blue,dot,1,1,no,lshift,377,0
LadyElizabethAryaStark,2,blue,dot,1,1,no,lshift,398,0
LadyElizabethAryaStark,2,red,dot,1,8,no,rshift,346,0
LadyElizabethAryaStark,2,red,dot,1,1,no,rshift,414,0
LadyElizabethAryaStark,2,blue,dot,1,8,no,lshift,402,0
LadyElizabethAryaStark,2,blue,dot,1,9,no,lshift,397,0
LadyElizabethAryaStark,2,red,dot,1,9,no,rshift,323,0
LadyElizabethAryaStark,2,blue,dot,1,8,no,lshift,797,0
LadyElizabethAryaStark,2,blue,dot,1,6,no,lshift,373,0
LadyElizabethAryaStark,2,red,dot,1,7,no,rshift,376,0
LadyElizabethAryaStark,2,red,dot,1,8,no,rshift,459,0
LadyElizabethAryaStark,2,blue,dot,1,2,no,lshift,357,0
LadyElizabethAryaStark,2,red,dot,1,4,no,rshift,498,0
LadyElizabethAryaStark,2,blue,dot,1,4,no,lshift,365,0
LadyElizabethAryaStark,2,blue,dot,1,9,no,lshift,413,0
LadyElizabethAryaStark,2,red,dot,1,3,no,rshift,386,0
LadyElizabethAryaStark,2,blue,dot,1,8,no,lshift,362,0
LadyElizabethAryaStark,2,blue,dot,1,8,no,lshift,359,0
LadyElizabethAryaStark,2,red,dot,1,1,no,rshift,337,0
LadyElizabethAryaStark,2,red,dot,1,6,no,rshift,351,0
LadyElizabethAryaStark,2,red,dot,1,2,no,rshift,322,0
LadyElizabethAryaStark,2,red,dot,1,7,no,rshift,337,0
LadyElizabethAryaStark,2,red,dot,1,6,no,rshift,332,0
LadyElizabethAryaStark,2,blue,dot,1,7,no,lshift,564,0
LadyElizabethAryaStark,3,red,dot,1,7,no,rshift,610,0
LadyElizabethAryaStark,3,blue,dot,1,1,no,lshift,319,0
LadyElizabethAryaStark,3,red,dot,1,6,no,rshift,351,0
LadyElizabethAryaStark,3,red,dot,1,6,no,rshift,317,0
LadyElizabethAryaStark,3,red,dot,1,3,no,rshift,344,0
LadyElizabethAryaStark,3,blue,dot,1,2,no,lshift,309,0
LadyElizabethAryaStark,3,blue,dot,1,9,no,lshift,351,0
LadyElizabethAryaStark,3,blue,dot,1,2,no,lshift,312,0
LadyElizabethAryaStark,3,red,dot,1,2,no,rshift,378,0
LadyElizabethAryaStark,3,blue,dot,1,6,no,lshift,397,0
LadyElizabethAryaStark,3,red,dot,1,4,no,rshift,303,0
LadyElizabethAryaStark,3,red,dot,1,3,no,rshift,342,0
LadyElizabethAryaStark,3,red,dot,1,9,no,rshift,318,0
LadyElizabethAryaStark,3,blue,dot,1,1,no,lshift,362,0
LadyElizabethAryaStark,3,blue,dot,1,7,no,lshift,461,0
LadyElizabethAryaStark,3,blue,dot,1,3,no,lshift,396,0
LadyElizabethAryaStark,3,red,dot,1,6,no,rshift,370,0
LadyElizabethAryaStark,3,red,dot,1,4,no,rshift,292,0
LadyElizabethAryaStark,3,red,dot,1,1,no,rshift,267,0
LadyElizabethAryaStark,3,blue,dot,1,7,no,lshift,327,0
LadyElizabethAryaStark,3,blue,dot,1,8,no,lshift,401,0
LadyElizabethAryaStark,3,blue,dot,1,3,no,lshift,350,0
LadyElizabethAryaStark,3,blue,dot,1,3,no,lshift,302,0
LadyElizabethAryaStark,3,red,dot,1,4,no,rshift,387,0
LadyElizabethAryaStark,3,red,dot,1,8,no,rshift,320,0
LadyElizabethAryaStark,3,red,dot,1,2,no,rshift,325,0
LadyElizabethAryaStark,3,red,dot,1,1,no,rshift,297,0
LadyElizabethAryaStark,3,red,dot,1,1,no,rshift,304,0
LadyElizabethAryaStark,3,blue,dot,1,9,no,lshift,411,0
LadyElizabethAryaStark,3,blue,dot,1,3,no,lshift,618,0
LadyElizabethAryaStark,3,red,dot,1,3,no,rshift,254,0
LadyElizabethAryaStark,3,blue,dot,1,2,no,lshift,387,0
LadyElizabethAryaStark,3,blue,dot,1,3,no,lshift,294,0
LadyElizabethAryaStark,3,red,dot,1,1,no,rshift,284,0
LadyElizabethAryaStark,3,blue,dot,1,1,no,lshift,393,0
LadyElizabethAryaStark,3,red,dot,1,3,no,rshift,268,0
LadyElizabethAryaStark,3,red,dot,1,8,no,rshift,228,0
LadyElizabethAryaStark,3,red,dot,1,1,no,rshift,293,0
LadyElizabethAryaStark,3,blue,dot,1,7,no,lshift,403,0
LadyElizabethAryaStark,3,blue,dot,1,4,no,lshift,421,0
LadyElizabethAryaStark,3,red,dot,0,3,no,lshift,285,0
LadyElizabethAryaStark,3,red,dot,1,7,no,rshift,309,0
LadyElizabethAryaStark,3,red,dot,1,7,no,rshift,494,0
LadyElizabethAryaStark,3,red,dot,1,8,no,rshift,365,0
LadyElizabethAryaStark,3,red,dot,1,2,no,rshift,318,0
LadyElizabethAryaStark,3,red,dot,1,7,no,rshift,311,0
LadyElizabethAryaStark,3,red,dot,1,9,no,rshift,304,0
LadyElizabethAryaStark,3,red,dot,1,1,no,rshift,288,0
LadyElizabethAryaStark,3,blue,dot,1,8,no,lshift,374,0
LadyElizabethAryaStark,3,blue,dot,1,8,no,lshift,300,0
LadyElizabethAryaStark,3,blue,dot,1,7,no,lshift,314,0
LadyElizabethAryaStark,3,red,dot,1,2,no,rshift,393,0
LadyElizabethAryaStark,3,red,dot,1,7,no,rshift,371,0
LadyElizabethAryaStark,3,red,dot,1,8,no,rshift,296,0
LadyElizabethAryaStark,3,blue,dot,1,6,no,lshift,441,0
LadyElizabethAryaStark,3,red,dot,1,2,no,rshift,250,0
LadyElizabethAryaStark,3,blue,dot,1,7,no,lshift,378,0
LadyElizabethAryaStark,3,red,dot,1,9,no,rshift,310,0
LadyElizabethAryaStark,3,blue,dot,1,3,no,lshift,392,0
LadyElizabethAryaStark,3,blue,dot,1,3,no,lshift,405,0
LadyElizabethAryaStark,3,red,dot,1,4,no,rshift,331,0
LadyElizabethAryaStark,3,red,dot,1,1,no,rshift,287,0
LadyElizabethAryaStark,3,blue,dot,1,6,no,lshift,347,0
LadyElizabethAryaStark,3,red,dot,1,4,no,rshift,374,0
LadyElizabethAryaStark,3,blue,dot,1,8,no,lshift,347,0
LadyElizabethAryaStark,3,blue,dot,1,6,no,lshift,284,0
LadyElizabethAryaStark,3,red,dot,0,8,no,lshift,260,0
LadyElizabethAryaStark,3,red,dot,1,6,no,rshift,336,0
LadyElizabethAryaStark,3,blue,dot,1,1,no,lshift,345,0
LadyElizabethAryaStark,3,red,dot,1,9,no,rshift,361,0
LadyElizabethAryaStark,3,red,dot,1,4,no,rshift,316,0
LadyElizabethAryaStark,3,blue,dot,1,8,no,lshift,391,0
LadyElizabethAryaStark,3,red,dot,1,4,no,rshift,329,0
LadyElizabethAryaStark,3,red,dot,1,3,no,rshift,334,0
LadyElizabethAryaStark,3,red,dot,1,8,no,rshift,348,0
LadyElizabethAryaStark,3,blue,dot,1,2,no,lshift,329,0
LadyElizabethAryaStark,3,blue,dot,0,7,no,rshift,281,0
LadyElizabethAryaStark,3,blue,dot,1,4,no,lshift,403,0
LadyElizabethAryaStark,3,red,dot,1,4,no,rshift,378,0
LadyElizabethAryaStark,3,red,dot,1,2,no,rshift,285,0
LadyElizabethAryaStark,3,red,dot,1,6,no,rshift,326,0
LadyElizabethAryaStark,3,blue,dot,1,8,no,lshift,333,0
LadyElizabethAryaStark,3,blue,dot,1,9,no,lshift,289,0
LadyElizabethAryaStark,3,blue,dot,1,9,no,lshift,331,0
LadyElizabethAryaStark,3,blue,dot,1,6,no,lshift,310,0
LadyElizabethAryaStark,3,blue,dot,1,4,no,lshift,376,0
LadyElizabethAryaStark,3,blue,dot,1,6,no,lshift,366,0
LadyElizabethAryaStark,3,blue,dot,1,3,no,lshift,333,0
LadyElizabethAryaStark,3,blue,dot,1,6,no,lshift,349,0
LadyElizabethAryaStark,3,red,dot,1,3,no,rshift,286,0
LadyElizabethAryaStark,3,blue,dot,1,4,no,lshift,341,0
LadyElizabethAryaStark,3,red,dot,1,6,no,rshift,407,0
LadyElizabethAryaStark,3,red,dot,1,7,no,rshift,361,0
LadyElizabethAryaStark,3,red,dot,1,9,no,rshift,368,0
LadyElizabethAryaStark,3,red,dot,1,1,no,rshift,325,0
LadyElizabethAryaStark,3,blue,dot,1,6,no,lshift,432,0
LadyElizabethAryaStark,3,blue,dot,1,6,no,lshift,302,0
LadyElizabethAryaStark,3,blue,dot,1,4,no,lshift,271,0
LadyElizabethAryaStark,3,blue,dot,1,4,no,lshift,375,0
LadyElizabethAryaStark,3,blue,dot,1,9,no,lshift,315,0
LadyElizabethAryaStark,3,blue,dot,1,4,no,lshift,296,0
LadyElizabethAryaStark,3,blue,dot,1,2,no,lshift,266,0
LadyElizabethAryaStark,3,red,dot,0,8,no,lshift,288,0
LadyElizabethAryaStark,3,red,dot,1,6,no,rshift,364,0
LadyElizabethAryaStark,3,blue,dot,1,1,no,lshift,385,0
LadyElizabethAryaStark,3,red,dot,1,4,no,rshift,374,0
LadyElizabethAryaStark,3,blue,dot,1,9,no,lshift,436,0
LadyElizabethAryaStark,3,blue,dot,1,4,no,lshift,400,0
LadyElizabethAryaStark,3,blue,dot,1,4,no,lshift,383,0
LadyElizabethAryaStark,3,red,dot,1,3,no,rshift,381,0
LadyElizabethAryaStark,3,blue,dot,1,7,no,lshift,336,0
LadyElizabethAryaStark,3,blue,dot,1,2,no,lshift,398,0
LadyElizabethAryaStark,3,blue,dot,1,1,no,lshift,362,0
LadyElizabethAryaStark,3,red,dot,1,7,no,rshift,357,0
LadyElizabethAryaStark,3,red,dot,1,1,no,rshift,291,0
LadyElizabethAryaStark,3,blue,dot,1,3,no,lshift,437,0
LadyElizabethAryaStark,3,red,dot,1,9,no,rshift,346,0
LadyElizabethAryaStark,3,red,dot,1,6,no,rshift,429,0
LadyElizabethAryaStark,3,blue,dot,1,7,no,lshift,366,0
LadyElizabethAryaStark,3,blue,dot,1,3,no,lshift,374,0
LadyElizabethAryaStark,3,red,dot,1,2,no,rshift,364,0
LadyElizabethAryaStark,3,blue,dot,1,8,no,lshift,403,0
LadyElizabethAryaStark,3,red,dot,1,7,no,rshift,358,0
LadyElizabethAryaStark,3,blue,dot,1,4,no,lshift,296,0
LadyElizabethAryaStark,3,blue,dot,1,2,no,lshift,422,0
LadyElizabethAryaStark,3,red,dot,1,7,no,rshift,388,0
LadyElizabethAryaStark,3,blue,dot,1,1,no,lshift,354,0
LadyElizabethAryaStark,3,blue,dot,1,9,no,lshift,405,0
LadyElizabethAryaStark,3,blue,dot,1,1,no,lshift,345,0
LadyElizabethAryaStark,3,red,dot,1,9,no,rshift,383,0
LadyElizabethAryaStark,3,red,dot,1,9,no,rshift,351,0
LadyElizabethAryaStark,3,blue,dot,1,2,no,lshift,343,0
LadyElizabethAryaStark,3,blue,dot,1,8,no,lshift,377,0
LadyElizabethAryaStark,3,red,dot,1,2,no,rshift,359,0
LadyElizabethAryaStark,3,blue,dot,1,8,no,lshift,336,0
LadyElizabethAryaStark,3,blue,dot,1,1,no,lshift,367,0
LadyElizabethAryaStark,3,red,dot,1,8,no,rshift,392,0
LadyElizabethAryaStark,3,blue,dot,1,9,no,lshift,317,0
LadyElizabethAryaStark,3,blue,dot,1,2,no,lshift,343,0
LadyElizabethAryaStark,3,red,dot,1,4,no,rshift,363,0
LadyElizabethAryaStark,3,red,dot,1,9,no,rshift,381,0
LadyElizabethAryaStark,3,blue,dot,1,7,no,lshift,358,0
LadyElizabethAryaStark,3,blue,dot,1,9,no,lshift,392,0
LadyElizabethAryaStark,3,red,dot,1,8,no,rshift,412,0
LadyElizabethAryaStark,3,red,dot,1,6,no,rshift,334,0
LadyElizabethAryaStark,3,red,dot,1,8,no,rshift,355,0
LadyElizabethAryaStark,3,blue,dot,1,7,no,lshift,370,0
LadyElizabethAryaStark,3,blue,dot,1,8,no,lshift,404,0
LadyElizabethAryaStark,3,blue,dot,1,6,no,lshift,390,0
LadyElizabethAryaStark,3,red,dot,1,2,no,rshift,367,0
LadyElizabethAryaStark,3,red,dot,1,9,no,rshift,371,0
LadyElizabethAryaStark,3,red,dot,1,7,no,rshift,326,0
LadyElizabethAryaStark,3,red,dot,1,1,no,rshift,360,0
LadyElizabethAryaStark,3,red,dot,1,3,no,rshift,348,0
LadyElizabethAryaStark,3,blue,dot,1,1,no,lshift,391,0
LadyElizabethAryaStark,3,red,dot,1,3,no,rshift,322,0
LadyElizabethAryaStark,3,blue,dot,1,9,no,lshift,410,0
LadyElizabethAryaStark,3,blue,dot,1,2,no,lshift,388,0
LadyElizabethAryaStark,3,red,dot,1,6,no,rshift,375,0
LadyElizabethAryaStark,3,red,dot,1,2,no,rshift,554,0
LadyElizabethAryaStark,0,red,classic,1,2,yes,lshift,4263,0
LadyElizabethAryaStark,0,red,classic,1,3,yes,rshift,457,0
LadyElizabethAryaStark,0,red,classic,1,6,yes,lshift,655,0
LadyElizabethAryaStark,0,red,classic,1,4,yes,lshift,855,0
LadyElizabethAryaStark,0,red,classic,1,1,yes,rshift,579,0
LadyElizabethAryaStark,0,red,classic,1,9,yes,rshift,561,0
LadyElizabethAryaStark,0,red,classic,1,8,yes,lshift,646,0
LadyElizabethAryaStark,0,red,classic,1,7,yes,rshift,489,0
LadyElizabethAryaStark,1,red,classic,1,4,yes,rshift,518,0
LadyElizabethAryaStark,1,red,classic,1,6,yes,rshift,462,0
LadyElizabethAryaStark,1,red,classic,1,3,yes,lshift,716,0
LadyElizabethAryaStark,1,red,classic,1,9,yes,lshift,596,0
LadyElizabethAryaStark,1,red,classic,1,2,yes,rshift,393,0
LadyElizabethAryaStark,1,red,classic,1,7,yes,lshift,724,0
LadyElizabethAryaStark,1,red,classic,1,1,yes,lshift,2347,0
LadyElizabethAryaStark,1,red,classic,1,8,yes,rshift,371,0
LadyElizabethAryaStark,2,red,classic,1,2,no,lshift,1591,0
LadyElizabethAryaStark,2,red,classic,1,9,no,rshift,497,0
LadyElizabethAryaStark,2,red,classic,1,8,no,lshift,859,0
LadyElizabethAryaStark,2,red,classic,1,2,no,lshift,758,0
LadyElizabethAryaStark,2,red,classic,1,8,no,lshift,378,0
LadyElizabethAryaStark,2,red,classic,1,6,no,lshift,467,0
LadyElizabethAryaStark,2,red,classic,1,6,no,lshift,400,0
LadyElizabethAryaStark,2,red,classic,1,6,no,lshift,423,0
LadyElizabethAryaStark,2,red,classic,1,8,no,lshift,893,0
LadyElizabethAryaStark,2,red,classic,1,6,no,lshift,602,0
LadyElizabethAryaStark,2,red,classic,1,9,no,rshift,505,0
LadyElizabethAryaStark,2,red,classic,1,7,no,rshift,420,0
LadyElizabethAryaStark,2,red,classic,1,1,no,rshift,456,0
LadyElizabethAryaStark,2,red,classic,1,8,no,lshift,570,0
LadyElizabethAryaStark,2,red,classic,1,9,no,rshift,537,0
LadyElizabethAryaStark,2,red,classic,1,1,no,rshift,380,0
LadyElizabethAryaStark,2,red,classic,1,8,no,lshift,650,0
LadyElizabethAryaStark,2,red,classic,1,3,no,rshift,371,0
LadyElizabethAryaStark,2,red,classic,1,1,no,rshift,385,0
LadyElizabethAryaStark,2,red,classic,1,1,no,rshift,369,0
LadyElizabethAryaStark,2,red,classic,1,3,no,rshift,397,0
LadyElizabethAryaStark,2,red,classic,1,3,no,rshift,332,0
LadyElizabethAryaStark,2,red,classic,1,8,no,lshift,612,0
LadyElizabethAryaStark,2,red,classic,1,1,no,rshift,427,0
LadyElizabethAryaStark,2,red,classic,1,3,no,rshift,362,0
LadyElizabethAryaStark,2,red,classic,1,4,no,lshift,751,0
LadyElizabethAryaStark,2,red,classic,1,1,no,rshift,741,0
LadyElizabethAryaStark,2,red,classic,1,6,no,lshift,579,0
LadyElizabethAryaStark,2,red,classic,1,1,no,rshift,704,0
LadyElizabethAryaStark,2,red,classic,1,6,no,lshift,537,0
LadyElizabethAryaStark,2,red,classic,1,9,no,rshift,481,0
LadyElizabethAryaStark,2,red,classic,1,6,no,lshift,836,0
LadyElizabethAryaStark,2,red,classic,1,2,no,lshift,658,0
LadyElizabethAryaStark,2,red,classic,1,9,no,rshift,813,0
LadyElizabethAryaStark,2,red,classic,1,8,no,lshift,1269,0
LadyElizabethAryaStark,2,red,classic,1,4,no,lshift,480,0
LadyElizabethAryaStark,2,red,classic,1,4,no,lshift,400,0
LadyElizabethAryaStark,2,red,classic,1,8,no,lshift,630,0
LadyElizabethAryaStark,2,red,classic,1,7,no,rshift,650,0
LadyElizabethAryaStark,2,red,classic,1,9,no,rshift,425,0
LadyElizabethAryaStark,2,red,classic,1,8,no,lshift,575,0
LadyElizabethAryaStark,2,red,classic,1,8,no,lshift,705,0
LadyElizabethAryaStark,2,red,classic,1,1,no,rshift,565,0
LadyElizabethAryaStark,2,red,classic,1,2,no,lshift,601,0
LadyElizabethAryaStark,2,red,classic,1,2,no,lshift,617,0
LadyElizabethAryaStark,2,red,classic,1,1,no,rshift,783,0
LadyElizabethAryaStark,2,red,classic,1,4,no,lshift,543,0
LadyElizabethAryaStark,2,red,classic,1,9,no,rshift,562,0
LadyElizabethAryaStark,2,red,classic,1,2,no,lshift,1094,0
LadyElizabethAryaStark,2,red,classic,1,3,no,rshift,480,0
LadyElizabethAryaStark,2,red,classic,1,7,no,rshift,470,0
LadyElizabethAryaStark,2,red,classic,1,3,no,rshift,423,0
LadyElizabethAryaStark,2,red,classic,1,9,no,rshift,455,0
LadyElizabethAryaStark,2,red,classic,1,1,no,rshift,511,0
LadyElizabethAryaStark,2,red,classic,1,1,no,rshift,347,0
LadyElizabethAryaStark,2,red,classic,1,4,no,lshift,825,0
LadyElizabethAryaStark,2,red,classic,1,1,no,rshift,388,0
LadyElizabethAryaStark,2,red,classic,1,3,no,rshift,367,0
LadyElizabethAryaStark,2,red,classic,1,8,no,lshift,590,0
LadyElizabethAryaStark,2,red,classic,1,3,no,rshift,545,0
LadyElizabethAryaStark,2,red,classic,1,9,no,rshift,482,0
LadyElizabethAryaStark,2,red,classic,1,7,no,rshift,377,0
LadyElizabethAryaStark,2,red,classic,1,9,no,rshift,375,0
LadyElizabethAryaStark,2,red,classic,0,2,no,rshift,445,0
LadyElizabethAryaStark,2,red,classic,1,4,no,lshift,633,0
LadyElizabethAryaStark,2,red,classic,1,7,no,rshift,517,0
LadyElizabethAryaStark,2,red,classic,1,7,no,rshift,402,0
LadyElizabethAryaStark,2,red,classic,1,4,no,lshift,603,0
LadyElizabethAryaStark,2,red,classic,1,3,no,rshift,423,0
LadyElizabethAryaStark,2,red,classic,1,8,no,lshift,545,0
LadyElizabethAryaStark,2,red,classic,1,6,no,lshift,677,0
LadyElizabethAryaStark,2,red,classic,1,9,no,rshift,529,0
LadyElizabethAryaStark,2,red,classic,1,2,no,lshift,564,0
LadyElizabethAryaStark,2,red,classic,0,9,no,lshift,426,0
LadyElizabethAryaStark,2,red,classic,1,7,no,rshift,729,0
LadyElizabethAryaStark,2,red,classic,1,7,no,rshift,395,0
LadyElizabethAryaStark,2,red,classic,1,4,no,lshift,691,0
LadyElizabethAryaStark,2,red,classic,1,3,no,rshift,432,0
LadyElizabethAryaStark,2,red,classic,1,8,no,lshift,609,0
LadyElizabethAryaStark,2,red,classic,1,7,no,rshift,516,0
LadyElizabethAryaStark,2,red,classic,1,2,no,lshift,492,0
LadyElizabethAryaStark,2,red,classic,1,4,no,lshift,639,0
LadyElizabethAryaStark,2,red,classic,1,7,no,rshift,444,0
LadyElizabethAryaStark,2,red,classic,1,2,no,lshift,537,0
LadyElizabethAryaStark,2,red,classic,1,2,no,lshift,454,0
LadyElizabethAryaStark,2,red,classic,1,4,no,lshift,386,0
LadyElizabethAryaStark,2,red,classic,1,3,no,rshift,677,0
LadyElizabethAryaStark,2,red,classic,1,6,no,lshift,719,0
LadyElizabethAryaStark,2,red,classic,1,6,no,lshift,438,0
LadyElizabethAryaStark,2,red,classic,1,2,no,lshift,744,0
LadyElizabethAryaStark,2,red,classic,1,2,no,lshift,506,0
LadyElizabethAryaStark,2,red,classic,1,4,no,lshift,371,0
LadyElizabethAryaStark,2,red,classic,1,3,no,rshift,530,0
LadyElizabethAryaStark,2,red,classic,1,6,no,lshift,704,0
LadyElizabethAryaStark,2,red,classic,1,1,no,rshift,434,0
LadyElizabethAryaStark,2,red,classic,1,9,no,rshift,368,0
LadyElizabethAryaStark,2,red,classic,1,2,no,lshift,657,0
LadyElizabethAryaStark,2,red,classic,1,7,no,rshift,383,0
LadyElizabethAryaStark,2,red,classic,1,6,no,lshift,680,0
LadyElizabethAryaStark,2,red,classic,1,7,no,rshift,433,0
LadyElizabethAryaStark,2,red,classic,1,8,no,lshift,563,0
LadyElizabethAryaStark,2,red,classic,0,7,no,lshift,450,0
LadyElizabethAryaStark,2,red,classic,1,9,no,rshift,533,0
LadyElizabethAryaStark,2,red,classic,1,7,no,rshift,415,0
LadyElizabethAryaStark,2,red,classic,1,4,no,lshift,633,0
LadyElizabethAryaStark,2,red,classic,1,3,no,rshift,482,0
LadyElizabethAryaStark,2,red,classic,1,3,no,rshift,351,0
LadyElizabethAryaStark,2,red,classic,1,4,no,lshift,489,0
LadyElizabethAryaStark,2,red,classic,1,6,no,lshift,485,0
LadyElizabethAryaStark,2,red,classic,1,6,no,lshift,371,0
LadyElizabethAryaStark,2,red,classic,1,1,no,rshift,522,0
LadyElizabethAryaStark,2,red,classic,1,4,no,lshift,554,0
LadyElizabethAryaStark,3,red,classic,1,8,no,rshift,421,0
LadyElizabethAryaStark,3,red,classic,1,9,no,lshift,540,0
LadyElizabethAryaStark,3,red,classic,1,9,no,lshift,477,0
LadyElizabethAryaStark,3,red,classic,1,2,no,rshift,555,0
LadyElizabethAryaStark,3,red,classic,1,1,no,lshift,641,0
LadyElizabethAryaStark,3,red,classic,1,7,no,lshift,532,0
LadyElizabethAryaStark,3,red,classic,1,6,no,rshift,380,0
LadyElizabethAryaStark,3,red,classic,1,7,no,lshift,523,0
LadyElizabethAryaStark,3,red,classic,1,1,no,lshift,361,0
LadyElizabethAryaStark,3,red,classic,1,9,no,lshift,441,0
LadyElizabethAryaStark,3,red,classic,1,8,no,rshift,511,0
LadyElizabethAryaStark,3,red,classic,1,6,no,rshift,382,0
LadyElizabethAryaStark,3,red,classic,1,7,no,lshift,501,0
LadyElizabethAryaStark,3,red,classic,1,9,no,lshift,455,0
LadyElizabethAryaStark,3,red,classic,1,4,no,rshift,461,0
LadyElizabethAryaStark,3,red,classic,1,1,no,lshift,632,0
LadyElizabethAryaStark,3,red,classic,1,7,no,lshift,715,0
LadyElizabethAryaStark,3,red,classic,1,2,no,rshift,525,0
LadyElizabethAryaStark,3,red,classic,1,6,no,rshift,423,0
LadyElizabethAryaStark,3,red,classic,1,3,no,lshift,514,0
LadyElizabethAryaStark,3,red,classic,1,3,no,lshift,383,0
LadyElizabethAryaStark,3,red,classic,0,2,no,lshift,376,0
LadyElizabethAryaStark,3,red,classic,1,7,no,lshift,635,0
LadyElizabethAryaStark,3,red,classic,1,1,no,lshift,412,0
LadyElizabethAryaStark,3,red,classic,1,9,no,lshift,419,0
LadyElizabethAryaStark,3,red,classic,1,9,no,lshift,371,0
LadyElizabethAryaStark,3,red,classic,1,9,no,lshift,368,0
LadyElizabethAryaStark,3,red,classic,1,8,no,rshift,531,0
LadyElizabethAryaStark,3,red,classic,1,3,no,lshift,689,0
LadyElizabethAryaStark,3,red,classic,1,6,no,rshift,433,0
LadyElizabethAryaStark,3,red,classic,1,7,no,lshift,537,0
LadyElizabethAryaStark,3,red,classic,1,4,no,rshift,485,0
LadyElizabethAryaStark,3,red,classic,1,4,no,rshift,403,0
LadyElizabethAryaStark,3,red,classic,1,3,no,lshift,540,0
LadyElizabethAryaStark,3,red,classic,1,7,no,lshift,485,0
LadyElizabethAryaStark,3,red,classic,1,7,no,lshift,371,0
LadyElizabethAryaStark,3,red,classic,1,4,no,rshift,477,0
LadyElizabethAryaStark,3,red,classic,1,3,no,lshift,502,0
LadyElizabethAryaStark,3,red,classic,1,9,no,lshift,756,0
LadyElizabethAryaStark,3,red,classic,1,4,no,rshift,406,0
LadyElizabethAryaStark,3,red,classic,1,4,no,rshift,373,0
LadyElizabethAryaStark,3,red,classic,1,8,no,rshift,363,0
LadyElizabethAryaStark,3,red,classic,1,1,no,lshift,513,0
LadyElizabethAryaStark,3,red,classic,1,8,no,rshift,342,0
LadyElizabethAryaStark,3,red,classic,0,2,no,lshift,456,0
LadyElizabethAryaStark,3,red,classic,1,3,no,lshift,641,0
LadyElizabethAryaStark,3,red,classic,1,8,no,rshift,395,0
LadyElizabethAryaStark,3,red,classic,1,2,no,rshift,374,0
LadyElizabethAryaStark,3,red,classic,1,2,no,rshift,367,0
LadyElizabethAryaStark,3,red,classic,1,9,no,lshift,505,0
LadyElizabethAryaStark,3,red,classic,1,1,no,lshift,580,0
LadyElizabethAryaStark,3,red,classic,1,8,no,rshift,396,0
LadyElizabethAryaStark,3,red,classic,1,1,no,lshift,706,0
LadyElizabethAryaStark,3,red,classic,1,2,no,rshift,383,0
LadyElizabethAryaStark,3,red,classic,0,9,no,rshift,470,0
LadyElizabethAryaStark,3,red,classic,1,1,no,lshift,567,0
LadyElizabethAryaStark,3,red,classic,1,6,no,rshift,493,0
LadyElizabethAryaStark,3,red,classic,1,2,no,rshift,456,0
LadyElizabethAryaStark,3,red,classic,1,6,no,rshift,567,0
LadyElizabethAryaStark,3,red,classic,1,8,no,rshift,389,0
LadyElizabethAryaStark,3,red,classic,1,8,no,rshift,409,0
LadyElizabethAryaStark,3,red,classic,1,6,no,rshift,413,0
LadyElizabethAryaStark,3,red,classic,1,4,no,rshift,407,0
LadyElizabethAryaStark,3,red,classic,1,2,no,rshift,499,0
LadyElizabethAryaStark,3,red,classic,1,4,no,rshift,417,0
LadyElizabethAryaStark,3,red,classic,1,7,no,lshift,588,0
LadyElizabethAryaStark,3,red,classic,1,6,no,rshift,553,0
LadyElizabethAryaStark,3,red,classic,1,8,no,rshift,509,0
LadyElizabethAryaStark,3,red,classic,1,2,no,rshift,373,0
LadyElizabethAryaStark,3,red,classic,1,3,no,lshift,655,0
LadyElizabethAryaStark,3,red,classic,1,2,no,rshift,479,0
LadyElizabethAryaStark,3,red,classic,1,4,no,rshift,441,0
LadyElizabethAryaStark,3,red,classic,1,3,no,lshift,632,0
LadyElizabethAryaStark,3,red,classic,1,8,no,rshift,430,0
LadyElizabethAryaStark,3,red,classic,1,3,no,lshift,574,0
LadyElizabethAryaStark,3,red,classic,1,6,no,rshift,464,0
LadyElizabethAryaStark,3,red,classic,1,7,no,lshift,737,0
LadyElizabethAryaStark,3,red,classic,1,3,no,lshift,606,0
LadyElizabethAryaStark,3,red,classic,1,2,no,rshift,670,0
LadyElizabethAryaStark,3,red,classic,1,8,no,rshift,392,0
LadyElizabethAryaStark,3,red,classic,1,7,no,lshift,531,0
LadyElizabethAryaStark,3,red,classic,1,4,no,rshift,407,0
LadyElizabethAryaStark,3,red,classic,1,1,no,lshift,464,0
LadyElizabethAryaStark,3,red,classic,1,2,no,rshift,492,0
LadyElizabethAryaStark,3,red,classic,1,6,no,rshift,450,0
LadyElizabethAryaStark,3,red,classic,1,7,no,lshift,591,0
LadyElizabethAryaStark,3,red,classic,1,8,no,rshift,503,0
LadyElizabethAryaStark,3,red,classic,1,1,no,lshift,455,0
LadyElizabethAryaStark,3,red,classic,1,3,no,lshift,506,0
LadyElizabethAryaStark,3,red,classic,1,1,no,lshift,395,0
LadyElizabethAryaStark,3,red,classic,1,8,no,rshift,501,0
LadyElizabethAryaStark,3,red,classic,1,1,no,lshift,496,0
LadyElizabethAryaStark,3,red,classic,1,3,no,lshift,480,0
LadyElizabethAryaStark,3,red,classic,1,6,no,rshift,414,0
LadyElizabethAryaStark,3,red,classic,1,4,no,rshift,491,0
LadyElizabethAryaStark,3,red,classic,1,4,no,rshift,422,0
LadyElizabethAryaStark,3,red,classic,0,9,no,rshift,408,0
LadyElizabethAryaStark,3,red,classic,1,6,no,rshift,346,0
LadyElizabethAryaStark,3,red,classic,1,6,no,rshift,371,0
LadyElizabethAryaStark,3,red,classic,1,1,no,lshift,573,0
LadyElizabethAryaStark,3,red,classic,1,9,no,lshift,734,0
LadyElizabethAryaStark,3,red,classic,1,9,no,lshift,551,0
LadyElizabethAryaStark,3,red,classic,1,4,no,rshift,603,0
LadyElizabethAryaStark,3,red,classic,1,7,no,lshift,740,0
LadyElizabethAryaStark,3,red,classic,1,1,no,lshift,462,0
LadyElizabethAryaStark,3,red,classic,1,4,no,rshift,393,0
LadyElizabethAryaStark,3,red,classic,1,7,no,lshift,395,0
LadyElizabethAryaStark,3,red,classic,1,9,no,lshift,709,0
LadyElizabethAryaStark,3,red,classic,1,3,no,lshift,537,0
LadyElizabethAryaStark,3,red,classic,1,6,no,rshift,561,0
LadyElizabethAryaStark,3,red,classic,1,3,no,lshift,980,0
LadyElizabethAryaStark,3,red,classic,1,2,no,rshift,498,0
