ID_name,block,color,condition,correct_keyboard_response,number,practice,response_keyboard_response,response_time_keyboard_response,subject_nr
Szilvás,0,blue,arab,1,3,yes,lshift,636,1
Szilvás,0,red,arab,1,8,yes,rshift,499,1
Szilvás,0,blue,arab,1,9,yes,lshift,465,1
Szilvás,0,blue,arab,1,1,yes,lshift,464,1
Szilvás,0,red,arab,1,6,yes,rshift,472,1
Szilvás,0,blue,arab,1,6,yes,lshift,470,1
Szilvás,0,blue,arab,1,4,yes,lshift,477,1
Szilvás,0,blue,arab,1,8,yes,lshift,501,1
Szilvás,0,red,arab,1,3,yes,rshift,425,1
Szilvás,0,red,arab,1,9,yes,rshift,369,1
Szilvás,0,blue,arab,1,7,yes,lshift,396,1
Szilvás,0,red,arab,1,4,yes,rshift,414,1
Szilvás,0,blue,arab,0,2,yes,rshift,390,1
Szilvás,0,red,arab,1,2,yes,rshift,485,1
Szilvás,0,red,arab,1,7,yes,rshift,436,1
Szilvás,0,red,arab,1,1,yes,rshift,388,1
Szilvás,1,blue,arab,1,4,no,lshift,580,1
Szilvás,1,red,arab,1,4,no,rshift,400,1
Szilvás,1,red,arab,1,2,no,rshift,338,1
Szilvás,1,blue,arab,1,9,no,lshift,373,1
Szilvás,1,red,arab,1,9,no,rshift,336,1
Szilvás,1,red,arab,1,4,no,rshift,435,1
Szilvás,1,red,arab,1,2,no,rshift,331,1
Szilvás,1,blue,arab,1,6,no,lshift,414,1
Szilvás,1,blue,arab,1,3,no,lshift,457,1
Szilvás,1,blue,arab,1,8,no,lshift,344,1
Szilvás,1,blue,arab,1,2,no,lshift,301,1
Szilvás,1,red,arab,1,1,no,rshift,425,1
Szilvás,1,red,arab,1,7,no,rshift,440,1
Szilvás,1,blue,arab,1,3,no,lshift,434,1
Szilvás,1,red,arab,1,6,no,rshift,402,1
Szilvás,1,red,arab,1,2,no,rshift,474,1
Szilvás,1,red,arab,1,7,no,rshift,433,1
Szilvás,1,red,arab,1,9,no,rshift,376,1
Szilvás,1,blue,arab,1,2,no,lshift,397,1
Szilvás,1,red,arab,1,4,no,rshift,390,1
Szilvás,1,red,arab,1,6,no,rshift,319,1
Szilvás,1,red,arab,1,2,no,rshift,332,1
Szilvás,1,red,arab,1,4,no,rshift,329,1
Szilvás,1,red,arab,1,8,no,rshift,309,1
Szilvás,1,blue,arab,1,4,no,lshift,411,1
Szilvás,1,blue,arab,1,6,no,lshift,412,1
Szilvás,1,red,arab,1,1,no,rshift,476,1
Szilvás,1,blue,arab,1,4,no,lshift,340,1
Szilvás,1,blue,arab,1,2,no,lshift,392,1
Szilvás,1,blue,arab,1,3,no,lshift,394,1
Szilvás,1,red,arab,1,3,no,rshift,419,1
Szilvás,1,blue,arab,1,2,no,lshift,507,1
Szilvás,1,blue,arab,1,8,no,lshift,385,1
Szilvás,1,red,arab,1,8,no,rshift,380,1
Szilvás,1,red,arab,0,9,no,lshift,390,1
Szilvás,1,red,arab,1,8,no,rshift,575,1
Szilvás,1,red,arab,1,7,no,rshift,435,1
Szilvás,1,blue,arab,1,2,no,lshift,370,1
Szilvás,1,blue,arab,1,7,no,lshift,397,1
Szilvás,1,red,arab,1,6,no,rshift,422,1
Szilvás,1,blue,arab,1,8,no,lshift,487,1
Szilvás,1,red,arab,1,1,no,rshift,445,1
Szilvás,1,blue,arab,1,3,no,lshift,445,1
Szilvás,1,blue,arab,1,4,no,lshift,454,1
Szilvás,1,red,arab,1,6,no,rshift,436,1
Szilvás,1,blue,arab,1,1,no,lshift,444,1
Szilvás,1,blue,arab,1,8,no,lshift,420,1
Szilvás,1,blue,arab,1,7,no,lshift,302,1
Szilvás,1,blue,arab,1,7,no,lshift,330,1
Szilvás,1,red,arab,1,3,no,rshift,406,1
Szilvás,1,red,arab,1,3,no,rshift,463,1
Szilvás,1,blue,arab,1,1,no,lshift,407,1
Szilvás,1,red,arab,1,6,no,rshift,449,1
Szilvás,1,red,arab,1,8,no,rshift,409,1
Szilvás,1,blue,arab,1,7,no,lshift,369,1
Szilvás,1,blue,arab,1,3,no,lshift,363,1
Szilvás,1,blue,arab,1,9,no,lshift,367,1
Szilvás,1,blue,arab,1,3,no,lshift,569,1
Szilvás,1,red,arab,1,3,no,rshift,452,1
Szilvás,1,blue,arab,1,9,no,lshift,459,1
Szilvás,1,red,arab,1,6,no,rshift,466,1
Szilvás,1,red,arab,1,1,no,rshift,451,1
Szilvás,1,blue,arab,1,7,no,lshift,449,1
Szilvás,1,red,arab,1,1,no,rshift,337,1
Szilvás,1,blue,arab,1,2,no,lshift,421,1
Szilvás,1,red,arab,1,7,no,rshift,397,1
Szilvás,1,red,arab,1,6,no,rshift,385,1
Szilvás,1,blue,arab,1,4,no,lshift,394,1
Szilvás,1,red,arab,1,9,no,rshift,403,1
Szilvás,1,blue,arab,1,6,no,lshift,404,1
Szilvás,1,red,arab,1,7,no,rshift,438,1
Szilvás,1,blue,arab,1,6,no,lshift,437,1
Szilvás,1,blue,arab,1,2,no,lshift,341,1
Szilvás,1,blue,arab,1,8,no,lshift,393,1
Szilvás,1,blue,arab,1,4,no,lshift,394,1
Szilvás,1,red,arab,1,8,no,rshift,397,1
Szilvás,1,blue,arab,1,9,no,lshift,367,1
Szilvás,1,red,arab,1,1,no,rshift,457,1
Szilvás,1,blue,arab,1,4,no,lshift,408,1
Szilvás,1,red,arab,1,9,no,rshift,378,1
Szilvás,1,red,arab,1,9,no,rshift,437,1
Szilvás,1,red,arab,1,4,no,rshift,356,1
Szilvás,1,blue,arab,1,1,no,lshift,422,1
Szilvás,1,red,arab,1,4,no,rshift,360,1
Szilvás,1,blue,arab,1,6,no,lshift,332,1
Szilvás,1,blue,arab,1,7,no,lshift,353,1
Szilvás,1,blue,arab,1,2,no,lshift,389,1
Szilvás,1,red,arab,1,9,no,rshift,367,1
Szilvás,1,red,arab,1,4,no,rshift,376,1
Szilvás,1,red,arab,1,2,no,rshift,363,1
Szilvás,1,red,arab,1,2,no,rshift,384,1
Szilvás,1,red,arab,1,9,no,rshift,402,1
Szilvás,1,red,arab,1,6,no,rshift,378,1
Szilvás,1,red,arab,1,9,no,rshift,501,1
Szilvás,1,red,arab,1,4,no,rshift,466,1
Szilvás,1,blue,arab,1,3,no,lshift,353,1
Szilvás,1,blue,arab,1,7,no,lshift,420,1
Szilvás,1,blue,arab,1,1,no,lshift,389,1
Szilvás,1,red,arab,1,1,no,rshift,423,1
Szilvás,1,blue,arab,1,1,no,lshift,471,1
Szilvás,1,blue,arab,1,8,no,lshift,654,1
Szilvás,1,red,arab,1,2,no,rshift,468,1
Szilvás,1,red,arab,1,7,no,rshift,396,1
Szilvás,1,red,arab,1,3,no,rshift,366,1
Szilvás,1,red,arab,1,6,no,rshift,393,1
Szilvás,1,blue,arab,1,1,no,lshift,452,1
Szilvás,1,red,arab,1,7,no,rshift,410,1
Szilvás,1,blue,arab,1,6,no,lshift,418,1
Szilvás,1,blue,arab,1,8,no,lshift,412,1
Szilvás,1,blue,arab,1,4,no,lshift,348,1
Szilvás,1,blue,arab,1,7,no,lshift,361,1
Szilvás,1,red,arab,1,7,no,rshift,420,1
Szilvás,1,red,arab,1,8,no,rshift,333,1
Szilvás,1,blue,arab,1,9,no,lshift,392,1
Szilvás,1,blue,arab,1,6,no,lshift,338,1
Szilvás,1,blue,arab,1,1,no,lshift,382,1
Szilvás,1,red,arab,0,1,no,lshift,345,1
Szilvás,1,red,arab,1,9,no,rshift,405,1
Szilvás,1,blue,arab,1,8,no,lshift,430,1
Szilvás,1,red,arab,1,8,no,rshift,455,1
Szilvás,1,blue,arab,1,3,no,lshift,374,1
Szilvás,1,red,arab,1,3,no,rshift,376,1
Szilvás,1,blue,arab,1,8,no,lshift,420,1
Szilvás,1,red,arab,1,4,no,rshift,379,1
Szilvás,1,red,arab,1,2,no,rshift,414,1
Szilvás,1,blue,arab,1,9,no,lshift,415,1
Szilvás,1,red,arab,1,3,no,rshift,488,1
Szilvás,1,blue,arab,1,3,no,lshift,415,1
Szilvás,1,blue,arab,1,9,no,lshift,442,1
Szilvás,1,blue,arab,1,6,no,lshift,399,1
Szilvás,1,red,arab,1,2,no,rshift,481,1
Szilvás,1,blue,arab,1,8,no,lshift,408,1
Szilvás,1,red,arab,1,4,no,rshift,434,1
Szilvás,1,blue,arab,0,6,no,rshift,465,1
Szilvás,1,red,arab,1,6,no,rshift,439,1
Szilvás,1,red,arab,0,1,no,lshift,359,1
Szilvás,1,blue,arab,1,6,no,lshift,939,1
Szilvás,1,red,arab,1,3,no,rshift,431,1
Szilvás,1,blue,arab,1,9,no,lshift,615,1
Szilvás,1,blue,arab,1,7,no,lshift,521,1
Szilvás,1,blue,arab,1,9,no,lshift,381,1
Szilvás,1,blue,arab,1,1,no,lshift,368,1
Szilvás,1,blue,arab,1,3,no,lshift,378,1
Szilvás,1,blue,arab,1,4,no,lshift,381,1
Szilvás,1,blue,arab,1,1,no,lshift,471,1
Szilvás,1,blue,arab,1,7,no,lshift,421,1
Szilvás,1,red,arab,1,3,no,rshift,414,1
Szilvás,1,blue,arab,1,4,no,lshift,407,1
Szilvás,1,red,arab,1,3,no,rshift,520,1
Szilvás,1,red,arab,1,8,no,rshift,388,1
Szilvás,1,blue,arab,1,2,no,lshift,447,1
Szilvás,1,red,arab,1,1,no,rshift,470,1
Szilvás,1,blue,arab,1,2,no,lshift,470,1
Szilvás,1,red,arab,1,7,no,rshift,476,1
Szilvás,1,blue,arab,1,9,no,lshift,539,1
Szilvás,1,red,arab,1,7,no,rshift,526,1
Szilvás,1,red,arab,1,8,no,rshift,492,1
Szilvás,1,red,arab,1,8,no,rshift,440,1
Szilvás,1,blue,arab,1,1,no,lshift,497,1
Szilvás,1,red,arab,1,2,no,rshift,495,1
Szilvás,2,blue,arab,1,7,no,lshift,420,1
Szilvás,2,red,arab,1,6,no,rshift,412,1
Szilvás,2,blue,arab,1,7,no,lshift,350,1
Szilvás,2,red,arab,1,2,no,rshift,506,1
Szilvás,2,blue,arab,1,4,no,lshift,326,1
Szilvás,2,red,arab,1,4,no,rshift,443,1
Szilvás,2,blue,arab,1,7,no,lshift,339,1
Szilvás,2,blue,arab,1,8,no,lshift,407,1
Szilvás,2,red,arab,1,4,no,rshift,521,1
Szilvás,2,blue,arab,1,3,no,lshift,398,1
Szilvás,2,red,arab,1,3,no,rshift,462,1
Szilvás,2,blue,arab,1,6,no,lshift,422,1
Szilvás,2,blue,arab,1,7,no,lshift,502,1
Szilvás,2,blue,arab,1,8,no,lshift,379,1
Szilvás,2,red,arab,1,2,no,rshift,486,1
Szilvás,2,blue,arab,1,9,no,lshift,427,1
Szilvás,2,red,arab,1,6,no,rshift,469,1
Szilvás,2,red,arab,1,2,no,rshift,427,1
Szilvás,2,red,arab,1,4,no,rshift,452,1
Szilvás,2,blue,arab,1,8,no,lshift,428,1
Szilvás,2,blue,arab,1,7,no,lshift,475,1
Szilvás,2,red,arab,1,7,no,rshift,436,1
Szilvás,2,blue,arab,1,1,no,lshift,489,1
Szilvás,2,red,arab,1,8,no,rshift,504,1
Szilvás,2,red,arab,1,6,no,rshift,412,1
Szilvás,2,blue,arab,1,9,no,lshift,430,1
Szilvás,2,blue,arab,1,6,no,lshift,511,1
Szilvás,2,blue,arab,1,9,no,lshift,403,1
Szilvás,2,red,arab,1,9,no,rshift,461,1
Szilvás,2,blue,arab,1,7,no,lshift,389,1
Szilvás,2,blue,arab,1,2,no,lshift,309,1
Szilvás,2,blue,arab,1,9,no,lshift,451,1
Szilvás,2,blue,arab,1,1,no,lshift,370,1
Szilvás,2,blue,arab,1,8,no,lshift,342,1
Szilvás,2,blue,arab,1,8,no,lshift,338,1
Szilvás,2,red,arab,1,2,no,rshift,390,1
Szilvás,2,red,arab,1,3,no,rshift,586,1
Szilvás,2,red,arab,1,2,no,rshift,465,1
Szilvás,2,red,arab,1,3,no,rshift,385,1
Szilvás,2,red,arab,1,3,no,rshift,386,1
Szilvás,2,blue,arab,1,4,no,lshift,446,1
Szilvás,2,blue,arab,1,6,no,lshift,460,1
Szilvás,2,red,arab,1,4,no,rshift,452,1
Szilvás,2,red,arab,1,6,no,rshift,426,1
Szilvás,2,blue,arab,1,9,no,lshift,412,1
Szilvás,2,blue,arab,1,2,no,lshift,340,1
Szilvás,2,blue,arab,1,4,no,lshift,425,1
Szilvás,2,red,arab,0,6,no,lshift,400,1
Szilvás,2,blue,arab,1,3,no,lshift,442,1
Szilvás,2,red,arab,1,7,no,rshift,499,1
Szilvás,2,red,arab,1,8,no,rshift,416,1
Szilvás,2,red,arab,1,7,no,rshift,401,1
Szilvás,2,blue,arab,1,3,no,lshift,418,1
Szilvás,2,red,arab,1,4,no,rshift,388,1
Szilvás,2,red,arab,1,6,no,rshift,390,1
Szilvás,2,red,arab,1,9,no,rshift,585,1
Szilvás,2,blue,arab,1,3,no,lshift,409,1
Szilvás,2,red,arab,1,7,no,rshift,460,1
Szilvás,2,blue,arab,1,7,no,lshift,443,1
Szilvás,2,red,arab,1,2,no,rshift,410,1
Szilvás,2,blue,arab,1,7,no,lshift,394,1
Szilvás,2,blue,arab,1,1,no,lshift,429,1
Szilvás,2,red,arab,1,9,no,rshift,437,1
Szilvás,2,blue,arab,1,4,no,lshift,334,1
Szilvás,2,blue,arab,1,8,no,lshift,370,1
Szilvás,2,blue,arab,1,4,no,lshift,501,1
Szilvás,2,blue,arab,1,3,no,lshift,386,1
Szilvás,2,red,arab,1,9,no,rshift,444,1
Szilvás,2,red,arab,1,4,no,rshift,444,1
Szilvás,2,blue,arab,1,2,no,lshift,453,1
Szilvás,2,red,arab,1,1,no,rshift,451,1
Szilvás,2,blue,arab,1,3,no,lshift,626,1
Szilvás,2,blue,arab,1,1,no,lshift,443,1
Szilvás,2,blue,arab,1,2,no,lshift,419,1
Szilvás,2,red,arab,1,1,no,rshift,468,1
Szilvás,2,blue,arab,1,6,no,lshift,330,1
Szilvás,2,blue,arab,1,9,no,lshift,423,1
Szilvás,2,red,arab,1,9,no,rshift,449,1
Szilvás,2,red,arab,1,6,no,rshift,376,1
Szilvás,2,red,arab,1,9,no,rshift,411,1
Szilvás,2,red,arab,1,2,no,rshift,388,1
Szilvás,2,red,arab,1,3,no,rshift,423,1
Szilvás,2,red,arab,1,2,no,rshift,359,1
Szilvás,2,red,arab,1,1,no,rshift,378,1
Szilvás,2,red,arab,1,8,no,rshift,381,1
Szilvás,2,red,arab,1,8,no,rshift,416,1
Szilvás,2,blue,arab,1,6,no,lshift,496,1
Szilvás,2,red,arab,1,8,no,rshift,479,1
Szilvás,2,blue,arab,1,9,no,lshift,421,1
Szilvás,2,blue,arab,1,9,no,lshift,486,1
Szilvás,2,red,arab,1,2,no,rshift,588,1
Szilvás,2,blue,arab,1,8,no,lshift,422,1
Szilvás,2,red,arab,1,7,no,rshift,430,1
Szilvás,2,blue,arab,1,6,no,lshift,630,1
Szilvás,2,red,arab,1,4,no,rshift,416,1
Szilvás,2,red,arab,1,9,no,rshift,328,1
Szilvás,2,red,arab,1,3,no,rshift,469,1
Szilvás,2,blue,arab,1,1,no,lshift,468,1
Szilvás,2,blue,arab,1,1,no,lshift,402,1
Szilvás,2,red,arab,1,7,no,rshift,443,1
Szilvás,2,red,arab,1,1,no,rshift,435,1
Szilvás,2,red,arab,1,7,no,rshift,362,1
Szilvás,2,red,arab,1,1,no,rshift,407,1
Szilvás,2,red,arab,1,7,no,rshift,369,1
Szilvás,2,blue,arab,1,1,no,lshift,425,1
Szilvás,2,blue,arab,1,4,no,lshift,594,1
Szilvás,2,red,arab,1,8,no,rshift,428,1
Szilvás,2,blue,arab,1,3,no,lshift,535,1
Szilvás,2,blue,arab,1,7,no,lshift,330,1
Szilvás,2,red,arab,1,8,no,rshift,366,1
Szilvás,2,red,arab,1,3,no,rshift,400,1
Szilvás,2,red,arab,1,6,no,rshift,434,1
Szilvás,2,red,arab,1,1,no,rshift,482,1
Szilvás,2,blue,arab,1,4,no,lshift,457,1
Szilvás,2,red,arab,1,4,no,rshift,402,1
Szilvás,2,red,arab,1,9,no,rshift,361,1
Szilvás,2,blue,arab,1,1,no,lshift,436,1
Szilvás,2,blue,arab,1,1,no,lshift,412,1
Szilvás,2,red,arab,1,6,no,rshift,429,1
Szilvás,2,blue,arab,1,6,no,lshift,421,1
Szilvás,2,blue,arab,1,3,no,lshift,430,1
Szilvás,2,blue,arab,1,3,no,lshift,352,1
Szilvás,2,blue,arab,1,4,no,lshift,362,1
Szilvás,2,blue,arab,1,9,no,lshift,261,1
Szilvás,2,red,arab,1,8,no,rshift,421,1
Szilvás,2,red,arab,1,8,no,rshift,445,1
Szilvás,2,red,arab,1,1,no,rshift,486,1
Szilvás,2,blue,arab,1,2,no,lshift,452,1
Szilvás,2,blue,arab,1,6,no,lshift,362,1
Szilvás,2,blue,arab,1,9,no,lshift,335,1
Szilvás,2,red,arab,1,1,no,rshift,409,1
Szilvás,2,blue,arab,1,6,no,lshift,402,1
Szilvás,2,blue,arab,1,8,no,lshift,340,1
Szilvás,2,red,arab,1,1,no,rshift,511,1
Szilvás,2,blue,arab,1,8,no,lshift,263,1
Szilvás,2,red,arab,1,9,no,rshift,396,1
Szilvás,2,red,arab,1,7,no,rshift,430,1
Szilvás,2,blue,arab,1,2,no,lshift,343,1
Szilvás,2,red,arab,1,3,no,rshift,388,1
Szilvás,2,blue,arab,0,4,no,rshift,388,1
Szilvás,2,red,arab,1,4,no,rshift,511,1
Szilvás,2,red,arab,1,3,no,rshift,436,1
Szilvás,2,blue,arab,1,2,no,lshift,404,1
Szilvás,2,red,arab,1,7,no,rshift,437,1
Szilvás,2,blue,arab,1,1,no,lshift,444,1
Szilvás,2,red,arab,1,3,no,rshift,493,1
Szilvás,2,blue,arab,1,3,no,lshift,435,1
Szilvás,2,blue,arab,1,2,no,lshift,379,1
Szilvás,2,red,arab,1,8,no,rshift,438,1
Szilvás,2,red,arab,1,9,no,rshift,432,1
Szilvás,2,blue,arab,1,6,no,lshift,390,1
Szilvás,2,red,arab,1,6,no,rshift,432,1
Szilvás,2,blue,arab,1,8,no,lshift,409,1
Szilvás,2,red,arab,1,4,no,rshift,402,1
Szilvás,2,red,arab,1,1,no,rshift,458,1
Szilvás,2,blue,arab,1,2,no,lshift,442,1
Szilvás,2,blue,arab,1,7,no,lshift,362,1
Szilvás,2,blue,arab,1,2,no,lshift,463,1
Szilvás,2,blue,arab,1,4,no,lshift,453,1
Szilvás,2,red,arab,1,2,no,rshift,452,1
Szilvás,3,blue,arab,1,9,no,lshift,934,1
Szilvás,3,blue,arab,1,8,no,lshift,442,1
Szilvás,3,red,arab,1,4,no,rshift,394,1
Szilvás,3,red,arab,1,9,no,rshift,372,1
Szilvás,3,red,arab,1,8,no,rshift,519,1
Szilvás,3,blue,arab,1,2,no,lshift,468,1
Szilvás,3,blue,arab,1,6,no,lshift,395,1
Szilvás,3,blue,arab,1,1,no,lshift,380,1
Szilvás,3,red,arab,1,6,no,rshift,430,1
Szilvás,3,blue,arab,0,8,no,rshift,470,1
Szilvás,3,blue,arab,1,6,no,lshift,478,1
Szilvás,3,red,arab,1,8,no,rshift,420,1
Szilvás,3,red,arab,1,6,no,rshift,389,1
Szilvás,3,red,arab,1,4,no,rshift,368,1
Szilvás,3,blue,arab,1,9,no,lshift,425,1
Szilvás,3,blue,arab,1,2,no,lshift,409,1
Szilvás,3,red,arab,1,4,no,rshift,467,1
Szilvás,3,blue,arab,1,7,no,lshift,442,1
Szilvás,3,blue,arab,1,8,no,lshift,402,1
Szilvás,3,blue,arab,1,1,no,lshift,412,1
Szilvás,3,blue,arab,1,7,no,lshift,412,1
Szilvás,3,blue,arab,1,7,no,lshift,437,1
Szilvás,3,red,arab,1,4,no,rshift,405,1
Szilvás,3,blue,arab,1,8,no,lshift,632,1
Szilvás,3,blue,arab,1,2,no,lshift,344,1
Szilvás,3,red,arab,1,6,no,rshift,372,1
Szilvás,3,red,arab,1,9,no,rshift,669,1
Szilvás,3,red,arab,1,7,no,rshift,485,1
Szilvás,3,blue,arab,1,3,no,lshift,498,1
Szilvás,3,blue,arab,1,8,no,lshift,344,1
Szilvás,3,blue,arab,1,4,no,lshift,412,1
Szilvás,3,blue,arab,1,6,no,lshift,382,1
Szilvás,3,red,arab,1,7,no,rshift,418,1
Szilvás,3,blue,arab,1,3,no,lshift,466,1
Szilvás,3,blue,arab,1,1,no,lshift,393,1
Szilvás,3,red,arab,1,2,no,rshift,403,1
Szilvás,3,blue,arab,1,1,no,lshift,540,1
Szilvás,3,blue,arab,1,9,no,lshift,478,1
Szilvás,3,blue,arab,1,7,no,lshift,453,1
Szilvás,3,red,arab,1,4,no,rshift,380,1
Szilvás,3,blue,arab,1,7,no,lshift,463,1
Szilvás,3,blue,arab,1,6,no,lshift,424,1
Szilvás,3,red,arab,1,7,no,rshift,424,1
Szilvás,3,blue,arab,1,7,no,lshift,369,1
Szilvás,3,blue,arab,1,9,no,lshift,332,1
Szilvás,3,red,arab,1,6,no,rshift,409,1
Szilvás,3,red,arab,1,7,no,rshift,489,1
Szilvás,3,blue,arab,1,4,no,lshift,471,1
Szilvás,3,blue,arab,1,8,no,lshift,351,1
Szilvás,3,blue,arab,1,4,no,lshift,370,1
Szilvás,3,blue,arab,1,6,no,lshift,460,1
Szilvás,3,blue,arab,1,4,no,lshift,490,1
Szilvás,3,blue,arab,1,9,no,lshift,394,1
Szilvás,3,blue,arab,1,9,no,lshift,364,1
Szilvás,3,red,arab,1,8,no,rshift,439,1
Szilvás,3,blue,arab,1,7,no,lshift,423,1
Szilvás,3,red,arab,1,2,no,rshift,519,1
Szilvás,3,red,arab,1,9,no,rshift,547,1
Szilvás,3,red,arab,1,3,no,rshift,352,1
Szilvás,3,red,arab,1,3,no,rshift,355,1
Szilvás,3,red,arab,1,2,no,rshift,373,1
Szilvás,3,red,arab,1,2,no,rshift,392,1
Szilvás,3,red,arab,1,1,no,rshift,419,1
Szilvás,3,red,arab,1,4,no,rshift,330,1
Szilvás,3,red,arab,1,4,no,rshift,353,1
Szilvás,3,blue,arab,1,7,no,lshift,466,1
Szilvás,3,red,arab,1,1,no,rshift,473,1
Szilvás,3,blue,arab,1,1,no,lshift,448,1
Szilvás,3,red,arab,1,2,no,rshift,425,1
Szilvás,3,red,arab,1,9,no,rshift,436,1
Szilvás,3,red,arab,1,2,no,rshift,402,1
Szilvás,3,blue,arab,1,6,no,lshift,691,1
Szilvás,3,blue,arab,1,3,no,lshift,418,1
Szilvás,3,blue,arab,1,3,no,lshift,369,1
Szilvás,3,blue,arab,1,3,no,lshift,460,1
Szilvás,3,red,arab,1,9,no,rshift,475,1
Szilvás,3,red,arab,1,3,no,rshift,402,1
Szilvás,3,blue,arab,1,8,no,lshift,699,1
Szilvás,3,blue,arab,1,3,no,lshift,537,1
Szilvás,3,blue,arab,1,9,no,lshift,407,1
Szilvás,3,blue,arab,1,9,no,lshift,445,1
Szilvás,3,red,arab,1,7,no,rshift,431,1
Szilvás,3,red,arab,1,7,no,rshift,384,1
Szilvás,3,red,arab,1,7,no,rshift,618,1
Szilvás,3,blue,arab,1,1,no,lshift,419,1
Szilvás,3,blue,arab,1,6,no,lshift,410,1
Szilvás,3,red,arab,1,4,no,rshift,412,1
Szilvás,3,red,arab,1,3,no,rshift,364,1
Szilvás,3,blue,arab,1,4,no,lshift,455,1
Szilvás,3,red,arab,1,8,no,rshift,343,1
Szilvás,3,red,arab,1,6,no,rshift,370,1
Szilvás,3,red,arab,1,3,no,rshift,349,1
Szilvás,3,red,arab,1,2,no,rshift,346,1
Szilvás,3,red,arab,1,6,no,rshift,358,1
Szilvás,3,red,arab,1,7,no,rshift,402,1
Szilvás,3,red,arab,1,1,no,rshift,386,1
Szilvás,3,blue,arab,0,4,no,rshift,277,1
Szilvás,3,red,arab,1,8,no,rshift,426,1
Szilvás,3,red,arab,1,9,no,rshift,308,1
Szilvás,3,red,arab,1,8,no,rshift,410,1
Szilvás,3,blue,arab,1,2,no,lshift,418,1
Szilvás,3,red,arab,1,1,no,rshift,436,1
Szilvás,3,red,arab,1,9,no,rshift,331,1
Szilvás,3,red,arab,1,9,no,rshift,343,1
Szilvás,3,red,arab,1,8,no,rshift,372,1
Szilvás,3,red,arab,1,1,no,rshift,437,1
Szilvás,3,red,arab,1,3,no,rshift,390,1
Szilvás,3,blue,arab,1,6,no,lshift,472,1
Szilvás,3,red,arab,1,7,no,rshift,463,1
Szilvás,3,red,arab,1,2,no,rshift,374,1
Szilvás,3,red,arab,1,8,no,rshift,385,1
Szilvás,3,blue,arab,1,3,no,lshift,482,1
Szilvás,3,red,arab,1,3,no,rshift,417,1
Szilvás,3,red,arab,1,6,no,rshift,368,1
Szilvás,3,red,arab,1,6,no,rshift,324,1
Szilvás,3,blue,arab,1,7,no,lshift,440,1
Szilvás,3,red,arab,1,1,no,rshift,440,1
Szilvás,3,red,arab,1,2,no,rshift,392,1
Szilvás,3,red,arab,1,8,no,rshift,370,1
Szilvás,3,red,arab,1,6,no,rshift,398,1
Szilvás,3,red,arab,1,9,no,rshift,351,1
Szilvás,3,blue,arab,1,2,no,lshift,492,1
Szilvás,3,blue,arab,0,6,no,rshift,369,1
Szilvás,3,red,arab,1,3,no,rshift,1061,1
Szilvás,3,blue,arab,1,8,no,lshift,428,1
Szilvás,3,red,arab,1,1,no,rshift,444,1
Szilvás,3,red,arab,1,8,no,rshift,500,1
Szilvás,3,blue,arab,1,9,no,lshift,905,1
Szilvás,3,blue,arab,1,6,no,lshift,679,1
Szilvás,3,red,arab,1,3,no,rshift,484,1
Szilvás,3,blue,arab,1,4,no,lshift,635,1
Szilvás,3,blue,arab,1,8,no,lshift,795,1
Szilvás,3,blue,arab,1,8,no,lshift,438,1
Szilvás,3,blue,arab,1,3,no,lshift,525,1
Szilvás,3,blue,arab,1,2,no,lshift,441,1
Szilvás,3,blue,arab,1,3,no,lshift,593,1
Szilvás,3,blue,arab,1,1,no,lshift,572,1
Szilvás,3,red,arab,1,7,no,rshift,461,1
Szilvás,3,red,arab,1,9,no,rshift,654,1
Szilvás,3,red,arab,1,6,no,rshift,389,1
Szilvás,3,blue,arab,1,4,no,lshift,407,1
Szilvás,3,blue,arab,1,3,no,lshift,385,1
Szilvás,3,red,arab,1,1,no,rshift,490,1
Szilvás,3,blue,arab,1,4,no,lshift,391,1
Szilvás,3,red,arab,1,4,no,rshift,459,1
Szilvás,3,red,arab,1,1,no,rshift,386,1
Szilvás,3,blue,arab,1,9,no,lshift,387,1
Szilvás,3,blue,arab,1,1,no,lshift,421,1
Szilvás,3,red,arab,1,4,no,rshift,446,1
Szilvás,3,blue,arab,1,2,no,lshift,366,1
Szilvás,3,blue,arab,1,2,no,lshift,409,1
Szilvás,3,blue,arab,1,7,no,lshift,411,1
Szilvás,3,blue,arab,1,2,no,lshift,292,1
Szilvás,3,red,arab,1,3,no,rshift,418,1
Szilvás,3,red,arab,1,2,no,rshift,434,1
Szilvás,3,blue,arab,1,4,no,lshift,353,1
Szilvás,3,blue,arab,1,2,no,lshift,157,1
Szilvás,3,blue,arab,1,1,no,lshift,328,1
Szilvás,3,red,arab,1,1,no,rshift,773,1
Szilvás,3,blue,arab,1,1,no,lshift,352,1
Szilvás,0,red,dot,1,2,yes,rshift,563,1
Szilvás,0,red,dot,1,9,yes,rshift,488,1
Szilvás,0,blue,dot,1,3,yes,lshift,357,1
Szilvás,0,blue,dot,1,4,yes,lshift,506,1
Szilvás,0,red,dot,1,6,yes,rshift,367,1
Szilvás,0,blue,dot,1,9,yes,lshift,410,1
Szilvás,0,blue,dot,1,7,yes,lshift,307,1
Szilvás,0,red,dot,1,7,yes,rshift,351,1
Szilvás,0,red,dot,1,4,yes,rshift,339,1
Szilvás,0,blue,dot,1,8,yes,lshift,390,1
Szilvás,0,red,dot,1,3,yes,rshift,391,1
Szilvás,0,blue,dot,1,1,yes,lshift,363,1
Szilvás,0,red,dot,1,1,yes,rshift,352,1
Szilvás,0,blue,dot,1,6,yes,lshift,306,1
Szilvás,0,blue,dot,1,2,yes,lshift,327,1
Szilvás,0,red,dot,1,8,yes,rshift,474,1
Szilvás,1,red,dot,1,1,no,rshift,379,1
Szilvás,1,blue,dot,1,8,no,lshift,324,1
Szilvás,1,blue,dot,1,1,no,lshift,314,1
Szilvás,1,red,dot,1,2,no,rshift,374,1
Szilvás,1,blue,dot,1,7,no,lshift,457,1
Szilvás,1,blue,dot,1,9,no,lshift,318,1
Szilvás,1,red,dot,1,6,no,rshift,355,1
Szilvás,1,red,dot,0,9,no,lshift,320,1
Szilvás,1,red,dot,1,4,no,rshift,477,1
Szilvás,1,blue,dot,1,4,no,lshift,397,1
Szilvás,1,red,dot,1,4,no,rshift,302,1
Szilvás,1,blue,dot,1,6,no,lshift,378,1
Szilvás,1,blue,dot,1,2,no,lshift,388,1
Szilvás,1,blue,dot,1,8,no,lshift,496,1
Szilvás,1,red,dot,1,9,no,rshift,429,1
Szilvás,1,red,dot,1,1,no,rshift,368,1
Szilvás,1,red,dot,1,4,no,rshift,368,1
Szilvás,1,red,dot,1,8,no,rshift,346,1
Szilvás,1,red,dot,1,1,no,rshift,358,1
Szilvás,1,blue,dot,1,2,no,lshift,418,1
Szilvás,1,red,dot,1,3,no,rshift,355,1
Szilvás,1,blue,dot,1,6,no,lshift,398,1
Szilvás,1,red,dot,1,7,no,rshift,334,1
Szilvás,1,blue,dot,0,4,no,rshift,411,1
Szilvás,1,red,dot,1,9,no,rshift,428,1
Szilvás,1,blue,dot,1,1,no,lshift,367,1
Szilvás,1,blue,dot,1,3,no,lshift,358,1
Szilvás,1,red,dot,0,7,no,lshift,348,1
Szilvás,1,red,dot,1,2,no,rshift,431,1
Szilvás,1,blue,dot,1,8,no,lshift,424,1
Szilvás,1,blue,dot,1,7,no,lshift,369,1
Szilvás,1,red,dot,1,8,no,rshift,419,1
Szilvás,1,red,dot,1,8,no,rshift,395,1
Szilvás,1,blue,dot,1,6,no,lshift,364,1
Szilvás,1,red,dot,1,8,no,rshift,440,1
Szilvás,1,blue,dot,1,2,no,lshift,400,1
Szilvás,1,red,dot,1,4,no,rshift,424,1
Szilvás,1,red,dot,1,9,no,rshift,488,1
Szilvás,1,blue,dot,1,7,no,lshift,386,1
Szilvás,1,blue,dot,1,3,no,lshift,353,1
Szilvás,1,blue,dot,1,9,no,lshift,371,1
Szilvás,1,red,dot,1,2,no,rshift,368,1
Szilvás,1,red,dot,1,9,no,rshift,481,1
Szilvás,1,red,dot,1,8,no,rshift,463,1
Szilvás,1,red,dot,1,2,no,rshift,464,1
Szilvás,1,blue,dot,1,1,no,lshift,415,1
Szilvás,1,red,dot,1,6,no,rshift,441,1
Szilvás,1,blue,dot,1,6,no,lshift,416,1
Szilvás,1,blue,dot,1,3,no,lshift,368,1
Szilvás,1,blue,dot,1,3,no,lshift,379,1
Szilvás,1,blue,dot,1,4,no,lshift,357,1
Szilvás,1,blue,dot,1,4,no,lshift,362,1
Szilvás,1,red,dot,1,6,no,rshift,389,1
Szilvás,1,red,dot,1,1,no,rshift,439,1
Szilvás,1,red,dot,1,3,no,rshift,406,1
Szilvás,1,blue,dot,1,2,no,lshift,375,1
Szilvás,1,red,dot,1,1,no,rshift,379,1
Szilvás,1,red,dot,1,3,no,rshift,388,1
Szilvás,1,red,dot,1,7,no,rshift,433,1
Szilvás,1,blue,dot,1,2,no,lshift,390,1
Szilvás,1,blue,dot,1,3,no,lshift,361,1
Szilvás,1,red,dot,1,9,no,rshift,397,1
Szilvás,1,red,dot,1,2,no,rshift,375,1
Szilvás,1,blue,dot,1,9,no,lshift,402,1
Szilvás,1,blue,dot,1,8,no,lshift,349,1
Szilvás,1,red,dot,1,1,no,rshift,368,1
Szilvás,1,blue,dot,1,1,no,lshift,394,1
Szilvás,1,red,dot,1,6,no,rshift,412,1
Szilvás,1,red,dot,1,3,no,rshift,381,1
Szilvás,1,blue,dot,1,6,no,lshift,343,1
Szilvás,1,red,dot,1,8,no,rshift,411,1
Szilvás,1,blue,dot,1,8,no,lshift,396,1
Szilvás,1,blue,dot,1,2,no,lshift,342,1
Szilvás,1,blue,dot,1,8,no,lshift,363,1
Szilvás,1,blue,dot,1,7,no,lshift,380,1
Szilvás,1,blue,dot,1,9,no,lshift,311,1
Szilvás,1,blue,dot,1,9,no,lshift,351,1
Szilvás,1,blue,dot,1,9,no,lshift,337,1
Szilvás,1,blue,dot,1,6,no,lshift,364,1
Szilvás,1,blue,dot,1,3,no,lshift,336,1
Szilvás,1,blue,dot,1,3,no,lshift,301,1
Szilvás,1,red,dot,1,4,no,rshift,489,1
Szilvás,1,red,dot,1,3,no,rshift,398,1
Szilvás,1,blue,dot,1,8,no,lshift,360,1
Szilvás,1,red,dot,1,1,no,rshift,309,1
Szilvás,1,blue,dot,1,3,no,lshift,856,1
Szilvás,1,red,dot,1,4,no,rshift,352,1
Szilvás,1,red,dot,1,8,no,rshift,348,1
Szilvás,1,red,dot,1,4,no,rshift,385,1
Szilvás,1,blue,dot,1,6,no,lshift,465,1
Szilvás,1,blue,dot,1,1,no,lshift,409,1
Szilvás,1,red,dot,1,7,no,rshift,435,1
Szilvás,1,blue,dot,1,7,no,lshift,394,1
Szilvás,1,red,dot,1,1,no,rshift,379,1
Szilvás,1,blue,dot,1,8,no,lshift,389,1
Szilvás,1,blue,dot,1,1,no,lshift,376,1
Szilvás,1,red,dot,1,2,no,rshift,377,1
Szilvás,1,blue,dot,1,9,no,lshift,340,1
Szilvás,1,blue,dot,1,4,no,lshift,474,1
Szilvás,1,blue,dot,1,7,no,lshift,352,1
Szilvás,1,red,dot,1,7,no,rshift,363,1
Szilvás,1,blue,dot,1,1,no,lshift,381,1
Szilvás,1,red,dot,1,2,no,rshift,488,1
Szilvás,1,blue,dot,1,7,no,lshift,414,1
Szilvás,1,blue,dot,1,2,no,lshift,422,1
Szilvás,1,red,dot,1,3,no,rshift,454,1
Szilvás,1,red,dot,1,4,no,rshift,391,1
Szilvás,1,red,dot,1,2,no,rshift,401,1
Szilvás,1,red,dot,1,8,no,rshift,378,1
Szilvás,1,blue,dot,1,3,no,lshift,405,1
Szilvás,1,red,dot,1,8,no,rshift,438,1
Szilvás,1,red,dot,1,4,no,rshift,493,1
Szilvás,1,red,dot,1,3,no,rshift,474,1
Szilvás,1,blue,dot,1,4,no,lshift,578,1
Szilvás,1,blue,dot,1,8,no,lshift,519,1
Szilvás,1,blue,dot,1,1,no,lshift,401,1
Szilvás,1,blue,dot,1,3,no,lshift,484,1
Szilvás,1,red,dot,1,1,no,rshift,447,1
Szilvás,1,blue,dot,1,9,no,lshift,432,1
Szilvás,1,blue,dot,1,9,no,lshift,424,1
Szilvás,1,red,dot,1,9,no,rshift,400,1
Szilvás,1,red,dot,1,6,no,rshift,395,1
Szilvás,1,red,dot,1,9,no,rshift,443,1
Szilvás,1,blue,dot,1,4,no,lshift,468,1
Szilvás,1,red,dot,1,7,no,rshift,395,1
Szilvás,1,blue,dot,1,7,no,lshift,389,1
Szilvás,1,blue,dot,1,7,no,lshift,446,1
Szilvás,1,red,dot,1,8,no,rshift,422,1
Szilvás,1,blue,dot,1,9,no,lshift,422,1
Szilvás,1,blue,dot,1,1,no,lshift,541,1
Szilvás,1,blue,dot,1,4,no,lshift,426,1
Szilvás,1,blue,dot,1,6,no,lshift,378,1
Szilvás,1,blue,dot,1,2,no,lshift,352,1
Szilvás,1,red,dot,1,6,no,rshift,377,1
Szilvás,1,red,dot,1,6,no,rshift,452,1
Szilvás,1,red,dot,1,2,no,rshift,404,1
Szilvás,1,blue,dot,1,1,no,lshift,365,1
Szilvás,1,blue,dot,1,6,no,lshift,464,1
Szilvás,1,red,dot,1,7,no,rshift,455,1
Szilvás,1,red,dot,1,4,no,rshift,486,1
Szilvás,1,blue,dot,1,4,no,lshift,362,1
Szilvás,1,blue,dot,1,7,no,lshift,343,1
Szilvás,1,red,dot,1,6,no,rshift,395,1
Szilvás,1,red,dot,1,3,no,rshift,341,1
Szilvás,1,blue,dot,1,6,no,lshift,368,1
Szilvás,1,blue,dot,1,2,no,lshift,436,1
Szilvás,1,blue,dot,1,4,no,lshift,370,1
Szilvás,1,red,dot,1,6,no,rshift,478,1
Szilvás,1,red,dot,0,9,no,lshift,301,1
Szilvás,1,red,dot,1,7,no,rshift,426,1
Szilvás,1,red,dot,1,1,no,rshift,373,1
Szilvás,1,red,dot,1,6,no,rshift,367,1
Szilvás,1,blue,dot,1,2,no,lshift,418,1
Szilvás,1,red,dot,1,3,no,rshift,392,1
Szilvás,1,blue,dot,1,8,no,lshift,411,1
Szilvás,1,red,dot,1,9,no,rshift,427,1
Szilvás,1,red,dot,1,2,no,rshift,324,1
Szilvás,1,red,dot,1,3,no,rshift,345,1
Szilvás,1,red,dot,1,7,no,rshift,356,1
Szilvás,1,red,dot,1,7,no,rshift,335,1
Szilvás,2,red,dot,1,7,no,rshift,583,1
Szilvás,2,blue,dot,1,6,no,lshift,434,1
Szilvás,2,blue,dot,1,6,no,lshift,312,1
Szilvás,2,red,dot,1,2,no,rshift,422,1
Szilvás,2,red,dot,1,9,no,rshift,375,1
Szilvás,2,red,dot,1,3,no,rshift,330,1
Szilvás,2,blue,dot,1,1,no,lshift,302,1
Szilvás,2,blue,dot,1,2,no,lshift,414,1
Szilvás,2,red,dot,1,9,no,rshift,437,1
Szilvás,2,blue,dot,1,2,no,lshift,358,1
Szilvás,2,blue,dot,1,6,no,lshift,433,1
Szilvás,2,blue,dot,1,1,no,lshift,377,1
Szilvás,2,red,dot,1,1,no,rshift,420,1
Szilvás,2,blue,dot,1,7,no,lshift,420,1
Szilvás,2,red,dot,1,6,no,rshift,452,1
Szilvás,2,blue,dot,1,8,no,lshift,426,1
Szilvás,2,red,dot,1,8,no,rshift,433,1
Szilvás,2,red,dot,1,3,no,rshift,388,1
Szilvás,2,red,dot,1,3,no,rshift,368,1
Szilvás,2,blue,dot,1,9,no,lshift,401,1
Szilvás,2,red,dot,1,1,no,rshift,387,1
Szilvás,2,red,dot,1,2,no,rshift,405,1
Szilvás,2,blue,dot,1,7,no,lshift,352,1
Szilvás,2,red,dot,1,3,no,rshift,745,1
Szilvás,2,blue,dot,1,8,no,lshift,493,1
Szilvás,2,red,dot,1,8,no,rshift,450,1
Szilvás,2,red,dot,1,9,no,rshift,379,1
Szilvás,2,red,dot,1,1,no,rshift,519,1
Szilvás,2,blue,dot,1,7,no,lshift,530,1
Szilvás,2,red,dot,1,8,no,rshift,470,1
Szilvás,2,blue,dot,1,8,no,lshift,451,1
Szilvás,2,blue,dot,1,9,no,lshift,402,1
Szilvás,2,blue,dot,1,1,no,lshift,404,1
Szilvás,2,red,dot,1,6,no,rshift,438,1
Szilvás,2,red,dot,1,8,no,rshift,389,1
Szilvás,2,blue,dot,1,4,no,lshift,391,1
Szilvás,2,blue,dot,1,7,no,lshift,489,1
Szilvás,2,blue,dot,1,4,no,lshift,423,1
Szilvás,2,blue,dot,1,1,no,lshift,391,1
Szilvás,2,red,dot,1,9,no,rshift,457,1
Szilvás,2,blue,dot,1,8,no,lshift,448,1
Szilvás,2,blue,dot,1,4,no,lshift,368,1
Szilvás,2,blue,dot,1,4,no,lshift,435,1
Szilvás,2,blue,dot,1,3,no,lshift,364,1
Szilvás,2,blue,dot,1,6,no,lshift,325,1
Szilvás,2,blue,dot,1,3,no,lshift,370,1
Szilvás,2,blue,dot,1,9,no,lshift,325,1
Szilvás,2,red,dot,0,2,no,lshift,258,1
Szilvás,2,red,dot,1,7,no,rshift,386,1
Szilvás,2,blue,dot,1,2,no,lshift,347,1
Szilvás,2,red,dot,1,9,no,rshift,391,1
Szilvás,2,red,dot,1,1,no,rshift,336,1
Szilvás,2,blue,dot,1,6,no,lshift,428,1
Szilvás,2,red,dot,1,4,no,rshift,543,1
Szilvás,2,red,dot,1,2,no,rshift,377,1
Szilvás,2,red,dot,1,7,no,rshift,388,1
Szilvás,2,red,dot,1,7,no,rshift,414,1
Szilvás,2,blue,dot,1,2,no,lshift,391,1
Szilvás,2,blue,dot,1,2,no,lshift,367,1
Szilvás,2,blue,dot,1,4,no,lshift,523,1
Szilvás,2,red,dot,1,4,no,rshift,448,1
Szilvás,2,red,dot,1,3,no,rshift,352,1
Szilvás,2,blue,dot,1,9,no,lshift,411,1
Szilvás,2,red,dot,1,2,no,rshift,371,1
Szilvás,2,blue,dot,0,3,no,rshift,661,1
Szilvás,2,red,dot,1,4,no,rshift,438,1
Szilvás,2,blue,dot,1,9,no,lshift,406,1
Szilvás,2,blue,dot,1,1,no,lshift,398,1
Szilvás,2,red,dot,1,3,no,rshift,440,1
Szilvás,2,red,dot,1,6,no,rshift,376,1
Szilvás,2,red,dot,1,9,no,rshift,379,1
Szilvás,2,red,dot,1,4,no,rshift,335,1
Szilvás,2,red,dot,1,1,no,rshift,418,1
Szilvás,2,red,dot,1,7,no,rshift,346,1
Szilvás,2,blue,dot,1,6,no,lshift,344,1
Szilvás,2,red,dot,1,2,no,rshift,442,1
Szilvás,2,blue,dot,1,2,no,lshift,407,1
Szilvás,2,red,dot,1,1,no,rshift,396,1
Szilvás,2,blue,dot,1,3,no,lshift,388,1
Szilvás,2,blue,dot,1,6,no,lshift,400,1
Szilvás,2,blue,dot,1,8,no,lshift,289,1
Szilvás,2,blue,dot,1,7,no,lshift,391,1
Szilvás,2,red,dot,1,3,no,rshift,417,1
Szilvás,2,red,dot,1,7,no,rshift,377,1
Szilvás,2,red,dot,1,1,no,rshift,365,1
Szilvás,2,blue,dot,1,2,no,lshift,446,1
Szilvás,2,blue,dot,1,1,no,lshift,367,1
Szilvás,2,blue,dot,1,8,no,lshift,287,1
Szilvás,2,red,dot,1,8,no,rshift,439,1
Szilvás,2,blue,dot,1,7,no,lshift,327,1
Szilvás,2,blue,dot,1,3,no,lshift,387,1
Szilvás,2,red,dot,1,1,no,rshift,461,1
Szilvás,2,red,dot,1,4,no,rshift,436,1
Szilvás,2,red,dot,1,6,no,rshift,434,1
Szilvás,2,red,dot,1,8,no,rshift,380,1
Szilvás,2,red,dot,1,4,no,rshift,374,1
Szilvás,2,blue,dot,1,4,no,lshift,338,1
Szilvás,2,blue,dot,1,9,no,lshift,573,1
Szilvás,2,red,dot,1,9,no,rshift,529,1
Szilvás,2,red,dot,1,6,no,rshift,486,1
Szilvás,2,red,dot,1,4,no,rshift,500,1
Szilvás,2,blue,dot,1,9,no,lshift,418,1
Szilvás,2,blue,dot,1,1,no,lshift,353,1
Szilvás,2,red,dot,1,8,no,rshift,459,1
Szilvás,2,red,dot,1,9,no,rshift,397,1
Szilvás,2,blue,dot,1,1,no,lshift,420,1
Szilvás,2,red,dot,1,1,no,rshift,445,1
Szilvás,2,red,dot,1,2,no,rshift,428,1
Szilvás,2,red,dot,1,7,no,rshift,493,1
Szilvás,2,blue,dot,1,9,no,lshift,451,1
Szilvás,2,red,dot,1,2,no,rshift,657,1
Szilvás,2,red,dot,1,4,no,rshift,451,1
Szilvás,2,blue,dot,1,7,no,lshift,377,1
Szilvás,2,red,dot,0,6,no,lshift,357,1
Szilvás,2,red,dot,1,2,no,rshift,368,1
Szilvás,2,blue,dot,1,2,no,lshift,481,1
Szilvás,2,blue,dot,1,4,no,lshift,537,1
Szilvás,2,red,dot,1,2,no,rshift,604,1
Szilvás,2,red,dot,1,3,no,rshift,461,1
Szilvás,2,blue,dot,1,1,no,lshift,388,1
Szilvás,2,blue,dot,1,2,no,lshift,353,1
Szilvás,2,blue,dot,1,6,no,lshift,418,1
Szilvás,2,blue,dot,1,4,no,lshift,305,1
Szilvás,2,blue,dot,1,8,no,lshift,383,1
Szilvás,2,red,dot,1,8,no,rshift,500,1
Szilvás,2,red,dot,1,6,no,rshift,369,1
Szilvás,2,blue,dot,1,6,no,lshift,425,1
Szilvás,2,blue,dot,1,7,no,lshift,305,1
Szilvás,2,blue,dot,1,4,no,lshift,359,1
Szilvás,2,red,dot,1,9,no,rshift,523,1
Szilvás,2,blue,dot,1,3,no,lshift,400,1
Szilvás,2,red,dot,1,4,no,rshift,409,1
Szilvás,2,blue,dot,1,9,no,lshift,418,1
Szilvás,2,blue,dot,1,1,no,lshift,371,1
Szilvás,2,blue,dot,1,3,no,lshift,371,1
Szilvás,2,red,dot,1,9,no,rshift,414,1
Szilvás,2,blue,dot,1,3,no,lshift,401,1
Szilvás,2,red,dot,1,1,no,rshift,370,1
Szilvás,2,red,dot,1,7,no,rshift,493,1
Szilvás,2,blue,dot,1,7,no,lshift,371,1
Szilvás,2,red,dot,1,7,no,rshift,347,1
Szilvás,2,red,dot,1,8,no,rshift,409,1
Szilvás,2,blue,dot,1,7,no,lshift,362,1
Szilvás,2,red,dot,1,6,no,rshift,422,1
Szilvás,2,red,dot,1,3,no,rshift,438,1
Szilvás,2,blue,dot,1,3,no,lshift,398,1
Szilvás,2,blue,dot,1,6,no,lshift,423,1
Szilvás,2,blue,dot,1,3,no,lshift,407,1
Szilvás,2,red,dot,1,6,no,rshift,432,1
Szilvás,2,blue,dot,1,8,no,lshift,360,1
Szilvás,2,blue,dot,1,8,no,lshift,443,1
Szilvás,2,blue,dot,1,9,no,lshift,436,1
Szilvás,2,blue,dot,1,8,no,lshift,420,1
Szilvás,2,red,dot,1,7,no,rshift,420,1
Szilvás,2,red,dot,1,6,no,rshift,430,1
Szilvás,2,blue,dot,1,4,no,lshift,384,1
Szilvás,2,red,dot,0,8,no,lshift,383,1
Szilvás,2,red,dot,1,4,no,rshift,417,1
Szilvás,2,blue,dot,1,2,no,lshift,419,1
Szilvás,2,red,dot,1,3,no,rshift,411,1
Szilvás,3,red,dot,1,3,no,rshift,899,1
Szilvás,3,red,dot,1,7,no,rshift,407,1
Szilvás,3,red,dot,1,4,no,rshift,452,1
Szilvás,3,blue,dot,1,7,no,lshift,1781,1
Szilvás,3,blue,dot,1,1,no,lshift,662,1
Szilvás,3,red,dot,1,8,no,rshift,453,1
Szilvás,3,blue,dot,1,2,no,lshift,381,1
Szilvás,3,red,dot,1,6,no,rshift,527,1
Szilvás,3,red,dot,0,6,no,lshift,300,1
Szilvás,3,blue,dot,0,3,no,rshift,400,1
Szilvás,3,red,dot,1,3,no,rshift,514,1
Szilvás,3,red,dot,1,9,no,rshift,407,1
Szilvás,3,red,dot,1,3,no,rshift,426,1
Szilvás,3,red,dot,1,7,no,rshift,385,1
Szilvás,3,blue,dot,1,6,no,lshift,386,1
Szilvás,3,red,dot,1,1,no,rshift,389,1
Szilvás,3,blue,dot,1,7,no,lshift,400,1
Szilvás,3,blue,dot,1,6,no,lshift,392,1
Szilvás,3,red,dot,1,8,no,rshift,482,1
Szilvás,3,blue,dot,1,1,no,lshift,344,1
Szilvás,3,blue,dot,1,2,no,lshift,389,1
Szilvás,3,red,dot,1,9,no,rshift,413,1
Szilvás,3,red,dot,1,4,no,rshift,655,1
Szilvás,3,red,dot,1,1,no,rshift,385,1
Szilvás,3,blue,dot,1,1,no,lshift,401,1
Szilvás,3,red,dot,1,4,no,rshift,432,1
Szilvás,3,blue,dot,1,2,no,lshift,473,1
Szilvás,3,red,dot,1,6,no,rshift,480,1
Szilvás,3,red,dot,1,2,no,rshift,432,1
Szilvás,3,red,dot,1,4,no,rshift,464,1
Szilvás,3,blue,dot,1,4,no,lshift,424,1
Szilvás,3,blue,dot,1,2,no,lshift,1088,1
Szilvás,3,red,dot,1,6,no,rshift,495,1
Szilvás,3,blue,dot,1,4,no,lshift,396,1
Szilvás,3,red,dot,1,3,no,rshift,406,1
Szilvás,3,red,dot,1,1,no,rshift,423,1
Szilvás,3,blue,dot,1,4,no,lshift,439,1
Szilvás,3,blue,dot,1,3,no,lshift,432,1
Szilvás,3,red,dot,1,6,no,rshift,368,1
Szilvás,3,red,dot,1,8,no,rshift,442,1
Szilvás,3,blue,dot,1,3,no,lshift,394,1
Szilvás,3,blue,dot,1,8,no,lshift,460,1
Szilvás,3,blue,dot,1,4,no,lshift,811,1
Szilvás,3,red,dot,1,1,no,rshift,429,1
Szilvás,3,red,dot,1,4,no,rshift,366,1
Szilvás,3,red,dot,1,7,no,rshift,433,1
Szilvás,3,blue,dot,1,7,no,lshift,376,1
Szilvás,3,red,dot,1,6,no,rshift,916,1
Szilvás,3,blue,dot,1,8,no,lshift,456,1
Szilvás,3,red,dot,1,9,no,rshift,910,1
Szilvás,3,red,dot,1,9,no,rshift,436,1
Szilvás,3,blue,dot,1,8,no,lshift,446,1
Szilvás,3,blue,dot,1,4,no,lshift,428,1
Szilvás,3,red,dot,1,4,no,rshift,438,1
Szilvás,3,red,dot,1,1,no,rshift,404,1
Szilvás,3,blue,dot,1,6,no,lshift,342,1
Szilvás,3,blue,dot,1,9,no,lshift,482,1
Szilvás,3,blue,dot,1,7,no,lshift,406,1
Szilvás,3,blue,dot,1,2,no,lshift,434,1
Szilvás,3,blue,dot,1,4,no,lshift,400,1
Szilvás,3,red,dot,1,9,no,rshift,426,1
Szilvás,3,blue,dot,1,3,no,lshift,402,1
Szilvás,3,red,dot,1,7,no,rshift,451,1
Szilvás,3,red,dot,1,9,no,rshift,419,1
Szilvás,3,red,dot,1,9,no,rshift,419,1
Szilvás,3,red,dot,1,8,no,rshift,451,1
Szilvás,3,blue,dot,1,9,no,lshift,461,1
Szilvás,3,blue,dot,1,6,no,lshift,386,1
Szilvás,3,red,dot,1,1,no,rshift,525,1
Szilvás,3,red,dot,1,4,no,rshift,451,1
Szilvás,3,red,dot,1,3,no,rshift,458,1
Szilvás,3,blue,dot,1,9,no,lshift,512,1
Szilvás,3,blue,dot,1,6,no,lshift,340,1
Szilvás,3,red,dot,1,7,no,rshift,424,1
Szilvás,3,blue,dot,1,1,no,lshift,530,1
Szilvás,3,red,dot,1,6,no,rshift,509,1
Szilvás,3,blue,dot,1,3,no,lshift,443,1
Szilvás,3,blue,dot,1,7,no,lshift,442,1
Szilvás,3,red,dot,1,3,no,rshift,516,1
Szilvás,3,blue,dot,1,2,no,lshift,374,1
Szilvás,3,red,dot,1,2,no,rshift,474,1
Szilvás,3,red,dot,1,3,no,rshift,406,1
Szilvás,3,blue,dot,1,6,no,lshift,251,1
Szilvás,3,blue,dot,1,8,no,lshift,369,1
Szilvás,3,red,dot,1,3,no,rshift,444,1
Szilvás,3,red,dot,1,2,no,rshift,420,1
Szilvás,3,red,dot,1,9,no,rshift,381,1
Szilvás,3,blue,dot,1,9,no,lshift,373,1
Szilvás,3,blue,dot,1,4,no,lshift,393,1
Szilvás,3,red,dot,1,1,no,rshift,469,1
Szilvás,3,red,dot,1,4,no,rshift,464,1
Szilvás,3,red,dot,1,7,no,rshift,698,1
Szilvás,3,blue,dot,1,1,no,lshift,422,1
Szilvás,3,red,dot,1,6,no,rshift,486,1
Szilvás,3,blue,dot,1,2,no,lshift,772,1
Szilvás,3,blue,dot,1,9,no,lshift,416,1
Szilvás,3,red,dot,1,3,no,rshift,442,1
Szilvás,3,red,dot,1,7,no,rshift,408,1
Szilvás,3,red,dot,1,6,no,rshift,465,1
Szilvás,3,blue,dot,1,2,no,lshift,368,1
Szilvás,3,blue,dot,1,9,no,lshift,346,1
Szilvás,3,blue,dot,1,8,no,lshift,550,1
Szilvás,3,red,dot,1,8,no,rshift,434,1
Szilvás,3,blue,dot,1,8,no,lshift,352,1
Szilvás,3,red,dot,1,8,no,rshift,452,1
Szilvás,3,blue,dot,1,8,no,lshift,524,1
Szilvás,3,blue,dot,1,1,no,lshift,346,1
Szilvás,3,red,dot,1,2,no,rshift,484,1
Szilvás,3,blue,dot,1,4,no,lshift,347,1
Szilvás,3,red,dot,1,2,no,rshift,750,1
Szilvás,3,red,dot,1,1,no,rshift,426,1
Szilvás,3,blue,dot,1,3,no,lshift,426,1
Szilvás,3,red,dot,1,8,no,rshift,441,1
Szilvás,3,red,dot,1,4,no,rshift,402,1
Szilvás,3,blue,dot,1,3,no,lshift,347,1
Szilvás,3,red,dot,1,3,no,rshift,487,1
Szilvás,3,blue,dot,1,7,no,lshift,343,1
Szilvás,3,red,dot,1,2,no,rshift,410,1
Szilvás,3,blue,dot,1,7,no,lshift,493,1
Szilvás,3,blue,dot,1,4,no,lshift,516,1
Szilvás,3,red,dot,1,2,no,rshift,464,1
Szilvás,3,red,dot,1,1,no,rshift,344,1
Szilvás,3,red,dot,1,7,no,rshift,428,1
Szilvás,3,blue,dot,1,7,no,lshift,388,1
Szilvás,3,blue,dot,1,9,no,lshift,453,1
Szilvás,3,red,dot,1,9,no,rshift,541,1
Szilvás,3,red,dot,1,8,no,rshift,392,1
Szilvás,3,blue,dot,1,8,no,lshift,362,1
Szilvás,3,blue,dot,1,3,no,lshift,318,1
Szilvás,3,blue,dot,1,6,no,lshift,442,1
Szilvás,3,blue,dot,1,7,no,lshift,354,1
Szilvás,3,blue,dot,0,9,no,rshift,367,1
Szilvás,3,blue,dot,1,8,no,lshift,417,1
Szilvás,3,red,dot,1,7,no,rshift,434,1
Szilvás,3,red,dot,1,8,no,rshift,426,1
Szilvás,3,red,dot,1,6,no,rshift,337,1
Szilvás,3,blue,dot,1,1,no,lshift,341,1
Szilvás,3,red,dot,1,8,no,rshift,465,1
Szilvás,3,blue,dot,1,7,no,lshift,433,1
Szilvás,3,blue,dot,1,3,no,lshift,359,1
Szilvás,3,blue,dot,1,6,no,lshift,451,1
Szilvás,3,blue,dot,1,2,no,lshift,275,1
Szilvás,3,blue,dot,1,1,no,lshift,347,1
Szilvás,3,red,dot,1,7,no,rshift,477,1
Szilvás,3,red,dot,1,2,no,rshift,467,1
Szilvás,3,blue,dot,1,2,no,lshift,659,1
Szilvás,3,blue,dot,1,9,no,lshift,376,1
Szilvás,3,blue,dot,1,6,no,lshift,340,1
Szilvás,3,red,dot,1,9,no,rshift,489,1
Szilvás,3,red,dot,1,4,no,rshift,495,1
Szilvás,3,red,dot,1,2,no,rshift,420,1
Szilvás,3,blue,dot,1,8,no,lshift,366,1
Szilvás,3,blue,dot,1,3,no,lshift,335,1
Szilvás,3,blue,dot,1,4,no,lshift,302,1
Szilvás,3,red,dot,1,2,no,rshift,440,1
Szilvás,3,red,dot,1,1,no,rshift,330,1
Szilvás,3,blue,dot,1,9,no,lshift,518,1
Szilvás,3,blue,dot,1,1,no,lshift,387,1
Szilvás,3,blue,dot,1,1,no,lshift,358,1
Szilvás,3,blue,dot,1,6,no,lshift,281,1
Szilvás,0,blue,classic,1,4,yes,lshift,705,1
Szilvás,0,blue,classic,1,3,yes,rshift,559,1
Szilvás,0,blue,classic,1,6,yes,lshift,1068,1
Szilvás,0,blue,classic,1,9,yes,rshift,659,1
Szilvás,0,blue,classic,1,1,yes,rshift,681,1
Szilvás,0,blue,classic,0,7,yes,lshift,393,1
Szilvás,0,blue,classic,1,2,yes,lshift,506,1
Szilvás,0,blue,classic,1,8,yes,lshift,832,1
Szilvás,1,blue,classic,1,9,yes,lshift,881,1
Szilvás,1,blue,classic,1,6,yes,rshift,647,1
Szilvás,1,blue,classic,1,3,yes,lshift,641,1
Szilvás,1,blue,classic,1,7,yes,lshift,537,1
Szilvás,1,blue,classic,1,8,yes,rshift,469,1
Szilvás,1,blue,classic,1,4,yes,rshift,685,1
Szilvás,1,blue,classic,1,2,yes,rshift,555,1
Szilvás,1,blue,classic,0,1,yes,rshift,607,1
Szilvás,2,blue,classic,1,3,no,rshift,738,1
Szilvás,2,blue,classic,1,1,no,rshift,607,1
Szilvás,2,blue,classic,1,3,no,rshift,498,1
Szilvás,2,blue,classic,1,4,no,lshift,624,1
Szilvás,2,blue,classic,1,4,no,lshift,418,1
Szilvás,2,blue,classic,1,1,no,rshift,731,1
Szilvás,2,blue,classic,1,1,no,rshift,455,1
Szilvás,2,blue,classic,1,9,no,rshift,560,1
Szilvás,2,blue,classic,1,1,no,rshift,523,1
Szilvás,2,blue,classic,1,9,no,rshift,529,1
Szilvás,2,blue,classic,1,8,no,lshift,428,1
Szilvás,2,blue,classic,1,1,no,rshift,590,1
Szilvás,2,blue,classic,1,6,no,lshift,689,1
Szilvás,2,blue,classic,1,4,no,lshift,496,1
Szilvás,2,blue,classic,1,8,no,lshift,464,1
Szilvás,2,blue,classic,0,9,no,lshift,391,1
Szilvás,2,blue,classic,1,3,no,rshift,657,1
Szilvás,2,blue,classic,1,6,no,lshift,553,1
Szilvás,2,blue,classic,1,9,no,rshift,733,1
Szilvás,2,blue,classic,1,3,no,rshift,458,1
Szilvás,2,blue,classic,1,7,no,rshift,563,1
Szilvás,2,blue,classic,0,6,no,rshift,423,1
Szilvás,2,blue,classic,1,7,no,rshift,487,1
Szilvás,2,blue,classic,1,3,no,rshift,646,1
Szilvás,2,blue,classic,1,3,no,rshift,462,1
Szilvás,2,blue,classic,1,9,no,rshift,631,1
Szilvás,2,blue,classic,1,4,no,lshift,800,1
Szilvás,2,blue,classic,1,3,no,rshift,651,1
Szilvás,2,blue,classic,1,9,no,rshift,673,1
Szilvás,2,blue,classic,1,7,no,rshift,465,1
Szilvás,2,blue,classic,1,9,no,rshift,620,1
Szilvás,2,blue,classic,1,1,no,rshift,514,1
Szilvás,2,blue,classic,1,7,no,rshift,481,1
Szilvás,2,blue,classic,1,6,no,lshift,464,1
Szilvás,2,blue,classic,1,4,no,lshift,456,1
Szilvás,2,blue,classic,1,2,no,lshift,424,1
Szilvás,2,blue,classic,1,2,no,lshift,465,1
Szilvás,2,blue,classic,1,8,no,lshift,513,1
Szilvás,2,blue,classic,1,2,no,lshift,399,1
Szilvás,2,blue,classic,1,8,no,lshift,426,1
Szilvás,2,blue,classic,1,7,no,rshift,506,1
Szilvás,2,blue,classic,1,7,no,rshift,528,1
Szilvás,2,blue,classic,0,4,no,rshift,430,1
Szilvás,2,blue,classic,1,1,no,rshift,655,1
Szilvás,2,blue,classic,1,6,no,lshift,752,1
Szilvás,2,blue,classic,1,6,no,lshift,514,1
Szilvás,2,blue,classic,1,8,no,lshift,448,1
Szilvás,2,blue,classic,1,3,no,rshift,602,1
Szilvás,2,blue,classic,1,6,no,lshift,531,1
Szilvás,2,blue,classic,1,6,no,lshift,407,1
Szilvás,2,blue,classic,1,6,no,lshift,441,1
Szilvás,2,blue,classic,1,6,no,lshift,435,1
Szilvás,2,blue,classic,1,2,no,lshift,482,1
Szilvás,2,blue,classic,1,2,no,lshift,426,1
Szilvás,2,blue,classic,1,4,no,lshift,460,1
Szilvás,2,blue,classic,0,1,no,lshift,484,1
Szilvás,2,blue,classic,1,8,no,lshift,689,1
Szilvás,2,blue,classic,1,9,no,rshift,536,1
Szilvás,2,blue,classic,1,3,no,rshift,461,1
Szilvás,2,blue,classic,1,3,no,rshift,413,1
Szilvás,2,blue,classic,1,4,no,lshift,511,1
Szilvás,2,blue,classic,1,6,no,lshift,692,1
Szilvás,2,blue,classic,1,1,no,rshift,699,1
Szilvás,2,blue,classic,1,7,no,rshift,425,1
Szilvás,2,blue,classic,1,8,no,lshift,564,1
Szilvás,2,blue,classic,1,4,no,lshift,479,1
Szilvás,2,blue,classic,1,4,no,lshift,454,1
Szilvás,2,blue,classic,1,7,no,rshift,598,1
Szilvás,2,blue,classic,1,4,no,lshift,577,1
Szilvás,2,blue,classic,1,7,no,rshift,486,1
Szilvás,2,blue,classic,1,3,no,rshift,452,1
Szilvás,2,blue,classic,1,2,no,lshift,707,1
Szilvás,2,blue,classic,1,9,no,rshift,496,1
Szilvás,2,blue,classic,1,2,no,lshift,583,1
Szilvás,2,blue,classic,1,9,no,rshift,514,1
Szilvás,2,blue,classic,1,7,no,rshift,560,1
Szilvás,2,blue,classic,1,4,no,lshift,516,1
Szilvás,2,blue,classic,1,2,no,lshift,483,1
Szilvás,2,blue,classic,1,2,no,lshift,425,1
Szilvás,2,blue,classic,1,7,no,rshift,653,1
Szilvás,2,blue,classic,1,8,no,lshift,539,1
Szilvás,2,blue,classic,1,2,no,lshift,544,1
Szilvás,2,blue,classic,1,2,no,lshift,468,1
Szilvás,2,blue,classic,1,7,no,rshift,492,1
Szilvás,2,blue,classic,1,8,no,lshift,1002,1
Szilvás,2,blue,classic,0,1,no,lshift,492,1
Szilvás,2,blue,classic,1,2,no,lshift,554,1
Szilvás,2,blue,classic,1,3,no,rshift,526,1
Szilvás,2,blue,classic,1,9,no,rshift,628,1
Szilvás,2,blue,classic,1,6,no,lshift,622,1
Szilvás,2,blue,classic,1,3,no,rshift,655,1
Szilvás,2,blue,classic,1,4,no,lshift,559,1
Szilvás,2,blue,classic,0,8,no,rshift,849,1
Szilvás,2,blue,classic,1,9,no,rshift,594,1
Szilvás,2,blue,classic,1,2,no,lshift,749,1
Szilvás,2,blue,classic,1,7,no,rshift,545,1
Szilvás,2,blue,classic,1,8,no,lshift,551,1
Szilvás,2,blue,classic,1,9,no,rshift,507,1
Szilvás,2,blue,classic,1,6,no,lshift,624,1
Szilvás,2,blue,classic,1,2,no,lshift,641,1
Szilvás,2,blue,classic,1,9,no,rshift,521,1
Szilvás,2,blue,classic,1,8,no,lshift,598,1
Szilvás,2,blue,classic,1,3,no,rshift,577,1
Szilvás,2,blue,classic,1,7,no,rshift,588,1
Szilvás,2,blue,classic,1,1,no,rshift,518,1
Szilvás,2,blue,classic,1,8,no,lshift,652,1
Szilvás,2,blue,classic,1,4,no,lshift,460,1
Szilvás,2,blue,classic,0,1,no,lshift,532,1
Szilvás,2,blue,classic,1,1,no,rshift,538,1
Szilvás,2,blue,classic,1,1,no,rshift,391,1
Szilvás,2,blue,classic,0,6,no,rshift,393,1
Szilvás,2,blue,classic,1,8,no,lshift,595,1
Szilvás,3,blue,classic,0,2,no,lshift,721,1
Szilvás,3,blue,classic,1,4,no,rshift,822,1
Szilvás,3,blue,classic,1,4,no,rshift,528,1
Szilvás,3,blue,classic,1,8,no,rshift,612,1
Szilvás,3,blue,classic,1,2,no,rshift,486,1
Szilvás,3,blue,classic,1,8,no,rshift,525,1
Szilvás,3,blue,classic,1,6,no,rshift,458,1
Szilvás,3,blue,classic,1,6,no,rshift,786,1
Szilvás,3,blue,classic,1,9,no,lshift,613,1
Szilvás,3,blue,classic,1,1,no,lshift,502,1
Szilvás,3,blue,classic,1,4,no,rshift,597,1
Szilvás,3,blue,classic,1,1,no,lshift,645,1
Szilvás,3,blue,classic,0,6,no,lshift,488,1
Szilvás,3,blue,classic,1,7,no,lshift,774,1
Szilvás,3,blue,classic,1,6,no,rshift,666,1
Szilvás,3,blue,classic,1,1,no,lshift,665,1
Szilvás,3,blue,classic,1,2,no,rshift,449,1
Szilvás,3,blue,classic,1,1,no,lshift,907,1
Szilvás,3,blue,classic,1,3,no,lshift,570,1
Szilvás,3,blue,classic,1,8,no,rshift,595,1
Szilvás,3,blue,classic,1,8,no,rshift,671,1
Szilvás,3,blue,classic,1,3,no,lshift,582,1
Szilvás,3,blue,classic,1,3,no,lshift,441,1
Szilvás,3,blue,classic,1,7,no,lshift,651,1
Szilvás,3,blue,classic,1,7,no,lshift,450,1
Szilvás,3,blue,classic,1,1,no,lshift,497,1
Szilvás,3,blue,classic,1,3,no,lshift,462,1
Szilvás,3,blue,classic,0,2,no,lshift,472,1
Szilvás,3,blue,classic,1,6,no,rshift,623,1
Szilvás,3,blue,classic,1,9,no,lshift,736,1
Szilvás,3,blue,classic,1,4,no,rshift,782,1
Szilvás,3,blue,classic,1,8,no,rshift,496,1
Szilvás,3,blue,classic,1,1,no,lshift,591,1
Szilvás,3,blue,classic,1,2,no,rshift,489,1
Szilvás,3,blue,classic,1,4,no,rshift,632,1
Szilvás,3,blue,classic,1,4,no,rshift,489,1
Szilvás,3,blue,classic,1,4,no,rshift,448,1
Szilvás,3,blue,classic,1,4,no,rshift,465,1
Szilvás,3,blue,classic,1,9,no,lshift,576,1
Szilvás,3,blue,classic,1,8,no,rshift,507,1
Szilvás,3,blue,classic,1,8,no,rshift,530,1
Szilvás,3,blue,classic,1,9,no,lshift,544,1
Szilvás,3,blue,classic,1,9,no,lshift,492,1
Szilvás,3,blue,classic,1,8,no,rshift,403,1
Szilvás,3,blue,classic,1,1,no,lshift,604,1
Szilvás,3,blue,classic,1,7,no,lshift,535,1
Szilvás,3,blue,classic,1,3,no,lshift,524,1
Szilvás,3,blue,classic,1,1,no,lshift,552,1
Szilvás,3,blue,classic,1,2,no,rshift,476,1
Szilvás,3,blue,classic,1,3,no,lshift,539,1
Szilvás,3,blue,classic,1,6,no,rshift,585,1
Szilvás,3,blue,classic,1,3,no,lshift,529,1
Szilvás,3,blue,classic,1,6,no,rshift,569,1
Szilvás,3,blue,classic,1,2,no,rshift,546,1
Szilvás,3,blue,classic,1,1,no,lshift,551,1
Szilvás,3,blue,classic,1,7,no,lshift,547,1
Szilvás,3,blue,classic,1,6,no,rshift,647,1
Szilvás,3,blue,classic,1,3,no,lshift,440,1
Szilvás,3,blue,classic,1,9,no,lshift,480,1
Szilvás,3,blue,classic,0,2,no,lshift,416,1
Szilvás,3,blue,classic,1,3,no,lshift,481,1
Szilvás,3,blue,classic,1,4,no,rshift,603,1
Szilvás,3,blue,classic,1,9,no,lshift,603,1
Szilvás,3,blue,classic,1,7,no,lshift,518,1
Szilvás,3,blue,classic,1,8,no,rshift,754,1
Szilvás,3,blue,classic,0,2,no,lshift,494,1
Szilvás,3,blue,classic,1,2,no,rshift,564,1
Szilvás,3,blue,classic,1,7,no,lshift,601,1
Szilvás,3,blue,classic,1,4,no,rshift,563,1
Szilvás,3,blue,classic,1,3,no,lshift,543,1
Szilvás,3,blue,classic,1,8,no,rshift,485,1
Szilvás,3,blue,classic,1,1,no,lshift,514,1
Szilvás,3,blue,classic,1,4,no,rshift,536,1
Szilvás,3,blue,classic,1,4,no,rshift,628,1
Szilvás,3,blue,classic,1,8,no,rshift,430,1
Szilvás,3,blue,classic,1,3,no,lshift,585,1
Szilvás,3,blue,classic,1,7,no,lshift,522,1
Szilvás,3,blue,classic,1,1,no,lshift,511,1
Szilvás,3,blue,classic,1,8,no,rshift,525,1
Szilvás,3,blue,classic,1,4,no,rshift,426,1
Szilvás,3,blue,classic,1,1,no,lshift,517,1
Szilvás,3,blue,classic,0,9,no,rshift,464,1
Szilvás,3,blue,classic,1,7,no,lshift,657,1
Szilvás,3,blue,classic,1,9,no,lshift,991,1
Szilvás,3,blue,classic,1,1,no,lshift,707,1
Szilvás,3,blue,classic,1,6,no,rshift,506,1
Szilvás,3,blue,classic,1,7,no,lshift,678,1
Szilvás,3,blue,classic,1,6,no,rshift,470,1
Szilvás,3,blue,classic,1,3,no,lshift,429,1
Szilvás,3,blue,classic,1,4,no,rshift,512,1
Szilvás,3,blue,classic,1,7,no,lshift,535,1
Szilvás,3,blue,classic,1,2,no,rshift,666,1
Szilvás,3,blue,classic,1,6,no,rshift,586,1
Szilvás,3,blue,classic,1,9,no,lshift,517,1
Szilvás,3,blue,classic,1,2,no,rshift,635,1
Szilvás,3,blue,classic,1,1,no,lshift,594,1
Szilvás,3,blue,classic,0,9,no,rshift,517,1
Szilvás,3,blue,classic,1,9,no,lshift,675,1
Szilvás,3,blue,classic,1,3,no,lshift,897,1
Szilvás,3,blue,classic,1,8,no,rshift,488,1
Szilvás,3,blue,classic,1,9,no,lshift,655,1
Szilvás,3,blue,classic,1,6,no,rshift,1110,1
Szilvás,3,blue,classic,1,3,no,lshift,604,1
Szilvás,3,blue,classic,1,6,no,rshift,862,1
Szilvás,3,blue,classic,1,8,no,rshift,590,1
Szilvás,3,blue,classic,1,7,no,lshift,561,1
Szilvás,3,blue,classic,1,6,no,rshift,965,1
Szilvás,3,blue,classic,1,7,no,lshift,745,1
Szilvás,3,blue,classic,1,2,no,rshift,702,1
Szilvás,3,blue,classic,1,9,no,lshift,555,1
Szilvás,3,blue,classic,1,2,no,rshift,535,1
Szilvás,3,blue,classic,1,7,no,lshift,732,1
