ID_name,block,color,condition,correct_keyboard_response,number,practice,response_keyboard_response,response_time_keyboard_response,subject_nr
cskvr,0,blue,dot,1,1,yes,rshift,1386,1
cskvr,0,blue,dot,1,4,yes,rshift,807,1
cskvr,0,red,dot,1,3,yes,lshift,546,1
cskvr,0,blue,dot,1,9,yes,rshift,564,1
cskvr,0,red,dot,1,2,yes,lshift,518,1
cskvr,0,blue,dot,1,3,yes,rshift,484,1
cskvr,0,blue,dot,1,2,yes,rshift,635,1
cskvr,0,blue,dot,1,6,yes,rshift,515,1
cskvr,0,red,dot,1,7,yes,lshift,597,1
cskvr,0,red,dot,1,1,yes,lshift,574,1
cskvr,0,red,dot,1,9,yes,lshift,494,1
cskvr,0,red,dot,1,8,yes,lshift,588,1
cskvr,0,red,dot,1,4,yes,lshift,548,1
cskvr,0,blue,dot,1,8,yes,rshift,6880,1
cskvr,0,blue,dot,1,7,yes,rshift,737,1
cskvr,0,red,dot,1,6,yes,lshift,597,1
cskvr,1,red,dot,1,7,no,lshift,825,1
cskvr,1,red,dot,1,7,no,lshift,516,1
cskvr,1,red,dot,1,3,no,lshift,495,1
cskvr,1,red,dot,1,3,no,lshift,492,1
cskvr,1,red,dot,1,2,no,lshift,437,1
cskvr,1,red,dot,1,1,no,lshift,5608,1
cskvr,1,blue,dot,1,4,no,rshift,751,1
cskvr,1,red,dot,1,3,no,lshift,557,1
cskvr,1,blue,dot,1,2,no,rshift,604,1
cskvr,1,red,dot,1,8,no,lshift,673,1
cskvr,1,blue,dot,1,2,no,rshift,694,1
cskvr,1,red,dot,1,1,no,lshift,612,1
cskvr,1,red,dot,1,3,no,lshift,714,1
cskvr,1,red,dot,1,2,no,lshift,605,1
cskvr,1,red,dot,1,2,no,lshift,493,1
cskvr,1,blue,dot,1,8,no,rshift,520,1
cskvr,1,blue,dot,1,7,no,rshift,512,1
cskvr,1,blue,dot,1,4,no,rshift,497,1
cskvr,1,red,dot,1,8,no,lshift,608,1
cskvr,1,blue,dot,1,6,no,rshift,620,1
cskvr,1,blue,dot,1,7,no,rshift,487,1
cskvr,1,red,dot,1,6,no,lshift,654,1
cskvr,1,red,dot,1,1,no,lshift,707,1
cskvr,1,blue,dot,1,6,no,rshift,476,1
cskvr,1,blue,dot,1,2,no,rshift,509,1
cskvr,1,blue,dot,1,6,no,rshift,497,1
cskvr,1,red,dot,1,7,no,lshift,481,1
cskvr,1,blue,dot,1,7,no,rshift,610,1
cskvr,1,blue,dot,1,3,no,rshift,558,1
cskvr,1,red,dot,1,9,no,lshift,590,1
cskvr,1,blue,dot,1,6,no,rshift,561,1
cskvr,1,red,dot,1,4,no,lshift,905,1
cskvr,1,blue,dot,1,3,no,rshift,525,1
cskvr,1,blue,dot,1,3,no,rshift,727,1
cskvr,1,red,dot,1,9,no,lshift,502,1
cskvr,1,blue,dot,1,8,no,rshift,664,1
cskvr,1,red,dot,1,9,no,lshift,663,1
cskvr,1,red,dot,1,4,no,lshift,477,1
cskvr,1,blue,dot,1,7,no,rshift,541,1
cskvr,1,red,dot,1,6,no,lshift,454,1
cskvr,1,blue,dot,1,7,no,rshift,558,1
cskvr,1,red,dot,1,1,no,lshift,616,1
cskvr,1,blue,dot,1,1,no,rshift,617,1
cskvr,1,blue,dot,1,6,no,rshift,533,1
cskvr,1,blue,dot,1,9,no,rshift,491,1
cskvr,1,blue,dot,1,8,no,rshift,473,1
cskvr,1,red,dot,1,7,no,lshift,455,1
cskvr,1,blue,dot,1,9,no,rshift,508,1
cskvr,1,blue,dot,1,6,no,rshift,604,1
cskvr,1,red,dot,1,1,no,lshift,530,1
cskvr,1,red,dot,1,4,no,lshift,510,1
cskvr,1,blue,dot,1,1,no,rshift,557,1
cskvr,1,red,dot,1,9,no,lshift,619,1
cskvr,1,red,dot,1,6,no,lshift,726,1
cskvr,1,blue,dot,1,4,no,rshift,561,1
cskvr,1,blue,dot,1,6,no,rshift,574,1
cskvr,1,blue,dot,1,6,no,rshift,553,1
cskvr,1,red,dot,1,9,no,lshift,484,1
cskvr,1,red,dot,1,6,no,lshift,570,1
cskvr,1,blue,dot,1,4,no,rshift,540,1
cskvr,1,blue,dot,1,3,no,rshift,448,1
cskvr,1,red,dot,1,8,no,lshift,504,1
cskvr,1,blue,dot,1,8,no,rshift,535,1
cskvr,1,blue,dot,1,1,no,rshift,599,1
cskvr,1,red,dot,1,7,no,lshift,616,1
cskvr,1,red,dot,1,9,no,lshift,550,1
cskvr,1,blue,dot,1,1,no,rshift,436,1
cskvr,1,red,dot,1,7,no,lshift,600,1
cskvr,1,red,dot,1,3,no,lshift,602,1
cskvr,1,blue,dot,1,1,no,rshift,527,1
cskvr,1,blue,dot,1,8,no,rshift,604,1
cskvr,1,red,dot,1,8,no,lshift,556,1
cskvr,1,blue,dot,1,7,no,rshift,638,1
cskvr,1,blue,dot,1,2,no,rshift,473,1
cskvr,1,blue,dot,1,9,no,rshift,645,1
cskvr,1,blue,dot,1,3,no,rshift,458,1
cskvr,1,red,dot,1,3,no,lshift,521,1
cskvr,1,blue,dot,1,1,no,rshift,550,1
cskvr,1,red,dot,1,8,no,lshift,501,1
cskvr,1,blue,dot,1,9,no,rshift,533,1
cskvr,1,red,dot,1,9,no,lshift,524,1
cskvr,1,blue,dot,1,2,no,rshift,565,1
cskvr,1,red,dot,1,9,no,lshift,676,1
cskvr,1,blue,dot,1,4,no,rshift,1147,1
cskvr,1,red,dot,1,1,no,lshift,477,1
cskvr,1,red,dot,1,3,no,lshift,532,1
cskvr,1,blue,dot,1,7,no,rshift,455,1
cskvr,1,blue,dot,1,1,no,rshift,460,1
cskvr,1,red,dot,1,8,no,lshift,528,1
cskvr,1,blue,dot,1,4,no,rshift,674,1
cskvr,1,blue,dot,1,1,no,rshift,469,1
cskvr,1,blue,dot,1,2,no,rshift,444,1
cskvr,1,blue,dot,1,3,no,rshift,408,1
cskvr,1,red,dot,1,8,no,lshift,602,1
cskvr,1,blue,dot,1,3,no,rshift,458,1
cskvr,1,blue,dot,1,2,no,rshift,533,1
cskvr,1,red,dot,1,4,no,lshift,497,1
cskvr,1,red,dot,1,7,no,lshift,548,1
cskvr,1,red,dot,1,4,no,lshift,466,1
cskvr,1,red,dot,1,2,no,lshift,446,1
cskvr,1,red,dot,1,9,no,lshift,472,1
cskvr,1,blue,dot,1,1,no,rshift,883,1
cskvr,1,blue,dot,1,9,no,rshift,492,1
cskvr,1,red,dot,1,4,no,lshift,624,1
cskvr,1,blue,dot,1,6,no,rshift,773,1
cskvr,1,blue,dot,1,9,no,rshift,593,1
cskvr,1,red,dot,1,3,no,lshift,644,1
cskvr,1,blue,dot,1,8,no,rshift,634,1
cskvr,1,blue,dot,1,1,no,rshift,502,1
cskvr,1,red,dot,1,7,no,lshift,515,1
cskvr,1,blue,dot,1,4,no,rshift,488,1
cskvr,1,red,dot,1,2,no,lshift,542,1
cskvr,1,red,dot,1,2,no,lshift,444,1
cskvr,1,red,dot,1,1,no,lshift,478,1
cskvr,1,red,dot,1,2,no,lshift,465,1
cskvr,1,red,dot,1,1,no,lshift,500,1
cskvr,1,red,dot,1,2,no,lshift,669,1
cskvr,1,red,dot,1,4,no,lshift,427,1
cskvr,1,blue,dot,1,4,no,rshift,507,1
cskvr,1,red,dot,1,3,no,lshift,554,1
cskvr,1,red,dot,1,6,no,lshift,474,1
cskvr,1,blue,dot,1,2,no,rshift,459,1
cskvr,1,red,dot,1,9,no,lshift,470,1
cskvr,1,red,dot,1,4,no,lshift,456,1
cskvr,1,red,dot,1,4,no,lshift,498,1
cskvr,1,blue,dot,1,3,no,rshift,536,1
cskvr,1,blue,dot,1,4,no,rshift,477,1
cskvr,1,red,dot,1,6,no,lshift,451,1
cskvr,1,blue,dot,1,8,no,rshift,563,1
cskvr,1,red,dot,1,4,no,lshift,503,1
cskvr,1,blue,dot,1,4,no,rshift,616,1
cskvr,1,blue,dot,1,9,no,rshift,537,1
cskvr,1,red,dot,1,1,no,lshift,596,1
cskvr,1,blue,dot,1,2,no,rshift,912,1
cskvr,1,blue,dot,1,8,no,rshift,565,1
cskvr,1,blue,dot,1,6,no,rshift,474,1
cskvr,1,blue,dot,1,9,no,rshift,504,1
cskvr,1,blue,dot,1,9,no,rshift,577,1
cskvr,1,red,dot,1,6,no,lshift,834,1
cskvr,1,blue,dot,1,9,no,rshift,570,1
cskvr,1,red,dot,1,8,no,lshift,757,1
cskvr,1,blue,dot,1,7,no,rshift,515,1
cskvr,1,blue,dot,1,3,no,rshift,561,1
cskvr,1,red,dot,1,2,no,lshift,579,1
cskvr,1,blue,dot,1,2,no,rshift,932,1
cskvr,1,red,dot,1,6,no,lshift,908,1
cskvr,1,red,dot,1,6,no,lshift,746,1
cskvr,1,red,dot,1,8,no,lshift,507,1
cskvr,1,red,dot,1,2,no,lshift,480,1
cskvr,1,red,dot,1,3,no,lshift,699,1
cskvr,1,blue,dot,1,3,no,rshift,1953,1
cskvr,1,red,dot,1,6,no,lshift,584,1
cskvr,1,blue,dot,1,8,no,rshift,586,1
cskvr,1,red,dot,1,7,no,lshift,610,1
cskvr,1,blue,dot,1,7,no,rshift,588,1
cskvr,1,red,dot,1,8,no,lshift,451,1
cskvr,1,blue,dot,1,8,no,rshift,525,1
cskvr,1,blue,dot,1,7,no,rshift,1106,1
cskvr,1,red,dot,1,7,no,lshift,518,1
cskvr,1,red,dot,1,1,no,lshift,549,1
cskvr,2,red,dot,1,7,no,lshift,755,1
cskvr,2,red,dot,1,1,no,lshift,470,1
cskvr,2,blue,dot,1,7,no,rshift,425,1
cskvr,2,blue,dot,1,4,no,rshift,471,1
cskvr,2,red,dot,1,7,no,lshift,544,1
cskvr,2,blue,dot,1,6,no,rshift,481,1
cskvr,2,red,dot,1,7,no,lshift,585,1
cskvr,2,red,dot,1,8,no,lshift,398,1
cskvr,2,blue,dot,1,6,no,rshift,415,1
cskvr,2,blue,dot,1,6,no,rshift,397,1
cskvr,2,red,dot,1,1,no,lshift,420,1
cskvr,2,red,dot,1,9,no,lshift,540,1
cskvr,2,blue,dot,1,1,no,rshift,460,1
cskvr,2,red,dot,1,8,no,lshift,517,1
cskvr,2,red,dot,1,7,no,lshift,399,1
cskvr,2,blue,dot,1,2,no,rshift,448,1
cskvr,2,red,dot,1,2,no,lshift,851,1
cskvr,2,blue,dot,1,7,no,rshift,474,1
cskvr,2,red,dot,1,1,no,lshift,497,1
cskvr,2,red,dot,1,3,no,lshift,423,1
cskvr,2,blue,dot,1,3,no,rshift,467,1
cskvr,2,blue,dot,1,6,no,rshift,498,1
cskvr,2,blue,dot,1,7,no,rshift,437,1
cskvr,2,red,dot,1,2,no,lshift,435,1
cskvr,2,blue,dot,1,3,no,rshift,428,1
cskvr,2,blue,dot,1,7,no,rshift,926,1
cskvr,2,red,dot,1,4,no,lshift,410,1
cskvr,2,blue,dot,1,4,no,rshift,570,1
cskvr,2,blue,dot,1,8,no,rshift,535,1
cskvr,2,red,dot,1,2,no,lshift,578,1
cskvr,2,blue,dot,1,2,no,rshift,465,1
cskvr,2,blue,dot,1,8,no,rshift,536,1
cskvr,2,red,dot,1,8,no,lshift,560,1
cskvr,2,red,dot,1,2,no,lshift,379,1
cskvr,2,blue,dot,1,7,no,rshift,443,1
cskvr,2,blue,dot,1,6,no,rshift,398,1
cskvr,2,blue,dot,1,2,no,rshift,448,1
cskvr,2,red,dot,1,7,no,lshift,424,1
cskvr,2,blue,dot,1,7,no,rshift,483,1
cskvr,2,red,dot,1,4,no,lshift,460,1
cskvr,2,blue,dot,1,4,no,rshift,650,1
cskvr,2,blue,dot,1,2,no,rshift,458,1
cskvr,2,blue,dot,1,1,no,rshift,533,1
cskvr,2,red,dot,1,7,no,lshift,459,1
cskvr,2,red,dot,1,3,no,lshift,547,1
cskvr,2,blue,dot,1,9,no,rshift,549,1
cskvr,2,red,dot,1,4,no,lshift,535,1
cskvr,2,red,dot,1,3,no,lshift,758,1
cskvr,2,blue,dot,1,2,no,rshift,869,1
cskvr,2,red,dot,1,2,no,lshift,511,1
cskvr,2,red,dot,1,9,no,lshift,629,1
cskvr,2,red,dot,1,3,no,lshift,440,1
cskvr,2,blue,dot,1,4,no,rshift,489,1
cskvr,2,blue,dot,1,8,no,rshift,635,1
cskvr,2,blue,dot,1,6,no,rshift,595,1
cskvr,2,red,dot,1,1,no,lshift,422,1
cskvr,2,blue,dot,1,4,no,rshift,485,1
cskvr,2,blue,dot,1,2,no,rshift,400,1
cskvr,2,blue,dot,1,8,no,rshift,513,1
cskvr,2,red,dot,1,7,no,lshift,424,1
cskvr,2,red,dot,1,8,no,lshift,469,1
cskvr,2,red,dot,1,6,no,lshift,520,1
cskvr,2,blue,dot,1,7,no,rshift,479,1
cskvr,2,red,dot,1,2,no,lshift,1049,1
cskvr,2,red,dot,1,6,no,lshift,527,1
cskvr,2,blue,dot,1,1,no,rshift,515,1
cskvr,2,blue,dot,1,3,no,rshift,499,1
cskvr,2,blue,dot,1,6,no,rshift,517,1
cskvr,2,blue,dot,1,9,no,rshift,448,1
cskvr,2,blue,dot,1,7,no,rshift,421,1
cskvr,2,red,dot,1,9,no,lshift,682,1
cskvr,2,red,dot,1,4,no,lshift,881,1
cskvr,2,red,dot,1,9,no,lshift,548,1
cskvr,2,blue,dot,1,3,no,rshift,489,1
cskvr,2,red,dot,1,2,no,lshift,529,1
cskvr,2,red,dot,1,2,no,lshift,668,1
cskvr,2,blue,dot,1,6,no,rshift,556,1
cskvr,2,red,dot,1,1,no,lshift,505,1
cskvr,2,red,dot,1,7,no,lshift,499,1
cskvr,2,red,dot,1,9,no,lshift,471,1
cskvr,2,red,dot,1,1,no,lshift,693,1
cskvr,2,blue,dot,1,1,no,rshift,434,1
cskvr,2,blue,dot,1,9,no,rshift,460,1
cskvr,2,red,dot,1,8,no,lshift,435,1
cskvr,2,red,dot,1,6,no,lshift,379,1
cskvr,2,blue,dot,1,9,no,rshift,468,1
cskvr,2,blue,dot,1,9,no,rshift,451,1
cskvr,2,red,dot,1,8,no,lshift,523,1
cskvr,2,red,dot,1,6,no,lshift,405,1
cskvr,2,red,dot,1,7,no,lshift,641,1
cskvr,2,blue,dot,1,6,no,rshift,540,1
cskvr,2,red,dot,1,6,no,lshift,665,1
cskvr,2,red,dot,1,9,no,lshift,429,1
cskvr,2,blue,dot,1,1,no,rshift,409,1
cskvr,2,red,dot,1,4,no,lshift,468,1
cskvr,2,blue,dot,1,4,no,rshift,915,1
cskvr,2,red,dot,1,7,no,lshift,424,1
cskvr,2,red,dot,1,1,no,lshift,709,1
cskvr,2,blue,dot,1,2,no,rshift,451,1
cskvr,2,blue,dot,1,9,no,rshift,687,1
cskvr,2,red,dot,1,9,no,lshift,432,1
cskvr,2,red,dot,1,4,no,lshift,497,1
cskvr,2,blue,dot,1,9,no,rshift,549,1
cskvr,2,red,dot,1,9,no,lshift,807,1
cskvr,2,red,dot,1,3,no,lshift,502,1
cskvr,2,blue,dot,1,8,no,rshift,398,1
cskvr,2,red,dot,1,6,no,lshift,941,1
cskvr,2,red,dot,1,8,no,lshift,518,1
cskvr,2,red,dot,1,4,no,lshift,462,1
cskvr,2,blue,dot,1,2,no,rshift,732,1
cskvr,2,red,dot,1,6,no,lshift,754,1
cskvr,2,blue,dot,1,8,no,rshift,515,1
cskvr,2,blue,dot,1,1,no,rshift,476,1
cskvr,2,red,dot,1,4,no,lshift,951,1
cskvr,2,red,dot,1,1,no,lshift,373,1
cskvr,2,blue,dot,1,1,no,rshift,459,1
cskvr,2,blue,dot,1,7,no,rshift,970,1
cskvr,2,blue,dot,1,2,no,rshift,353,1
cskvr,2,red,dot,1,8,no,lshift,436,1
cskvr,2,blue,dot,1,9,no,rshift,469,1
cskvr,2,red,dot,1,4,no,lshift,869,1
cskvr,2,blue,dot,1,3,no,rshift,495,1
cskvr,2,red,dot,1,1,no,lshift,700,1
cskvr,2,blue,dot,1,1,no,rshift,468,1
cskvr,2,blue,dot,1,3,no,rshift,453,1
cskvr,2,blue,dot,1,8,no,rshift,484,1
cskvr,2,blue,dot,1,2,no,rshift,636,1
cskvr,2,red,dot,1,1,no,lshift,400,1
cskvr,2,blue,dot,1,8,no,rshift,462,1
cskvr,2,blue,dot,1,1,no,rshift,443,1
cskvr,2,blue,dot,1,7,no,rshift,428,1
cskvr,2,blue,dot,1,4,no,rshift,436,1
cskvr,2,red,dot,1,6,no,lshift,458,1
cskvr,2,blue,dot,1,1,no,rshift,396,1
cskvr,2,blue,dot,1,3,no,rshift,370,1
cskvr,2,blue,dot,1,9,no,rshift,396,1
cskvr,2,red,dot,1,2,no,lshift,402,1
cskvr,2,red,dot,1,6,no,lshift,387,1
cskvr,2,blue,dot,1,8,no,rshift,414,1
cskvr,2,red,dot,1,3,no,lshift,399,1
cskvr,2,red,dot,1,9,no,lshift,377,1
cskvr,2,red,dot,1,3,no,lshift,654,1
cskvr,2,red,dot,1,9,no,lshift,1615,1
cskvr,2,blue,dot,1,9,no,rshift,523,1
cskvr,2,red,dot,1,8,no,lshift,432,1
cskvr,2,blue,dot,1,4,no,rshift,513,1
cskvr,2,blue,dot,1,8,no,rshift,543,1
cskvr,2,blue,dot,1,6,no,rshift,431,1
cskvr,2,blue,dot,1,4,no,rshift,458,1
cskvr,2,blue,dot,1,4,no,rshift,410,1
cskvr,2,red,dot,1,3,no,lshift,664,1
cskvr,2,blue,dot,1,3,no,rshift,608,1
cskvr,2,red,dot,1,3,no,lshift,1022,1
cskvr,2,red,dot,1,3,no,lshift,572,1
cskvr,2,blue,dot,1,3,no,rshift,1465,1
cskvr,2,red,dot,1,8,no,lshift,483,1
cskvr,2,blue,dot,1,3,no,rshift,530,1
cskvr,2,red,dot,1,4,no,lshift,402,1
cskvr,2,red,dot,1,2,no,lshift,860,1
cskvr,2,red,dot,1,6,no,lshift,447,1
cskvr,3,red,dot,1,7,no,lshift,686,1
cskvr,3,red,dot,1,7,no,lshift,438,1
cskvr,3,red,dot,1,9,no,lshift,528,1
cskvr,3,blue,dot,1,7,no,rshift,548,1
cskvr,3,red,dot,1,3,no,lshift,451,1
cskvr,3,red,dot,1,8,no,lshift,537,1
cskvr,3,red,dot,1,6,no,lshift,437,1
cskvr,3,blue,dot,1,6,no,rshift,520,1
cskvr,3,red,dot,1,4,no,lshift,647,1
cskvr,3,red,dot,1,6,no,lshift,536,1
cskvr,3,red,dot,1,1,no,lshift,519,1
cskvr,3,blue,dot,1,6,no,rshift,523,1
cskvr,3,blue,dot,1,9,no,rshift,444,1
cskvr,3,red,dot,1,2,no,lshift,440,1
cskvr,3,blue,dot,1,1,no,rshift,605,1
cskvr,3,red,dot,1,2,no,lshift,822,1
cskvr,3,blue,dot,1,7,no,rshift,1095,1
cskvr,3,red,dot,1,2,no,lshift,479,1
cskvr,3,blue,dot,1,7,no,rshift,1048,1
cskvr,3,blue,dot,1,3,no,rshift,506,1
cskvr,3,blue,dot,1,7,no,rshift,449,1
cskvr,3,blue,dot,1,8,no,rshift,461,1
cskvr,3,blue,dot,1,4,no,rshift,466,1
cskvr,3,blue,dot,1,4,no,rshift,906,1
cskvr,3,blue,dot,1,7,no,rshift,441,1
cskvr,3,red,dot,1,3,no,lshift,545,1
cskvr,3,red,dot,1,1,no,lshift,1089,1
cskvr,3,blue,dot,1,1,no,rshift,455,1
cskvr,3,red,dot,1,7,no,lshift,769,1
cskvr,3,blue,dot,1,3,no,rshift,575,1
cskvr,3,blue,dot,1,8,no,rshift,570,1
cskvr,3,red,dot,1,6,no,lshift,498,1
cskvr,3,red,dot,0,1,no,rshift,972,1
cskvr,3,red,dot,1,7,no,lshift,617,1
cskvr,3,red,dot,1,9,no,lshift,536,1
cskvr,3,blue,dot,1,8,no,rshift,505,1
cskvr,3,red,dot,1,1,no,lshift,635,1
cskvr,3,blue,dot,1,3,no,rshift,568,1
cskvr,3,blue,dot,1,9,no,rshift,482,1
cskvr,3,red,dot,1,8,no,lshift,585,1
cskvr,3,blue,dot,1,1,no,rshift,732,1
cskvr,3,red,dot,1,2,no,lshift,505,1
cskvr,3,red,dot,1,1,no,lshift,470,1
cskvr,3,blue,dot,1,1,no,rshift,536,1
cskvr,3,blue,dot,1,6,no,rshift,1071,1
cskvr,3,blue,dot,1,2,no,rshift,486,1
cskvr,3,blue,dot,1,2,no,rshift,473,1
cskvr,3,blue,dot,1,6,no,rshift,1178,1
cskvr,3,red,dot,1,9,no,lshift,835,1
cskvr,3,blue,dot,1,9,no,rshift,779,1
cskvr,3,blue,dot,1,1,no,rshift,1174,1
cskvr,3,red,dot,1,8,no,lshift,789,1
cskvr,3,blue,dot,1,8,no,rshift,1015,1
cskvr,3,blue,dot,1,4,no,rshift,671,1
cskvr,3,blue,dot,1,3,no,rshift,465,1
cskvr,3,blue,dot,1,1,no,rshift,445,1
cskvr,3,blue,dot,1,9,no,rshift,451,1
cskvr,3,red,dot,1,9,no,lshift,706,1
cskvr,3,red,dot,1,8,no,lshift,481,1
cskvr,3,blue,dot,1,4,no,rshift,521,1
cskvr,3,blue,dot,1,6,no,rshift,798,1
cskvr,3,red,dot,1,1,no,lshift,585,1
cskvr,3,red,dot,1,6,no,lshift,427,1
cskvr,3,blue,dot,1,3,no,rshift,461,1
cskvr,3,blue,dot,1,7,no,rshift,641,1
cskvr,3,blue,dot,1,2,no,rshift,506,1
cskvr,3,red,dot,1,1,no,lshift,560,1
cskvr,3,blue,dot,1,2,no,rshift,480,1
cskvr,3,blue,dot,1,7,no,rshift,623,1
cskvr,3,red,dot,1,3,no,lshift,569,1
cskvr,3,red,dot,1,4,no,lshift,517,1
cskvr,3,red,dot,1,2,no,lshift,526,1
cskvr,3,blue,dot,1,9,no,rshift,1015,1
cskvr,3,blue,dot,1,1,no,rshift,409,1
cskvr,3,blue,dot,1,8,no,rshift,501,1
cskvr,3,blue,dot,1,3,no,rshift,470,1
cskvr,3,blue,dot,1,7,no,rshift,464,1
cskvr,3,red,dot,1,9,no,lshift,730,1
cskvr,3,blue,dot,1,6,no,rshift,539,1
cskvr,3,blue,dot,1,8,no,rshift,768,1
cskvr,3,red,dot,1,6,no,lshift,503,1
cskvr,3,blue,dot,1,6,no,rshift,1025,1
cskvr,3,blue,dot,1,4,no,rshift,642,1
cskvr,3,blue,dot,1,7,no,rshift,478,1
cskvr,3,red,dot,1,9,no,lshift,563,1
cskvr,3,red,dot,1,4,no,lshift,486,1
cskvr,3,red,dot,1,6,no,lshift,440,1
cskvr,3,red,dot,1,4,no,lshift,433,1
cskvr,3,red,dot,1,8,no,lshift,419,1
cskvr,3,red,dot,1,2,no,lshift,568,1
cskvr,3,red,dot,1,8,no,lshift,722,1
cskvr,3,red,dot,1,6,no,lshift,484,1
cskvr,3,blue,dot,1,3,no,rshift,511,1
cskvr,3,red,dot,1,7,no,lshift,548,1
cskvr,3,blue,dot,1,4,no,rshift,533,1
cskvr,3,red,dot,1,4,no,lshift,494,1
cskvr,3,blue,dot,1,6,no,rshift,981,1
cskvr,3,red,dot,1,2,no,lshift,551,1
cskvr,3,blue,dot,1,9,no,rshift,595,1
cskvr,3,red,dot,1,9,no,lshift,1139,1
cskvr,3,blue,dot,1,3,no,rshift,516,1
cskvr,3,red,dot,1,4,no,lshift,938,1
cskvr,3,blue,dot,1,2,no,rshift,533,1
cskvr,3,blue,dot,1,4,no,rshift,557,1
cskvr,3,red,dot,1,9,no,lshift,739,1
cskvr,3,blue,dot,1,9,no,rshift,696,1
cskvr,3,blue,dot,1,8,no,rshift,875,1
cskvr,3,red,dot,1,7,no,lshift,476,1
cskvr,3,red,dot,1,8,no,lshift,535,1
cskvr,3,blue,dot,1,8,no,rshift,947,1
cskvr,3,red,dot,1,4,no,lshift,583,1
cskvr,3,red,dot,1,1,no,lshift,1401,1
cskvr,3,red,dot,1,7,no,lshift,2519,1
cskvr,3,blue,dot,1,3,no,rshift,590,1
cskvr,3,red,dot,1,7,no,lshift,622,1
cskvr,3,red,dot,1,1,no,lshift,504,1
cskvr,3,red,dot,1,3,no,lshift,425,1
cskvr,3,red,dot,1,3,no,lshift,402,1
cskvr,3,blue,dot,1,8,no,rshift,583,1
cskvr,3,red,dot,1,7,no,lshift,511,1
cskvr,3,red,dot,1,7,no,lshift,927,1
cskvr,3,blue,dot,1,2,no,rshift,619,1
cskvr,3,red,dot,1,6,no,lshift,1009,1
cskvr,3,red,dot,1,6,no,lshift,934,1
cskvr,3,blue,dot,1,8,no,rshift,460,1
cskvr,3,blue,dot,0,9,no,lshift,1209,1
cskvr,3,blue,dot,1,9,no,rshift,610,1
cskvr,3,blue,dot,1,3,no,rshift,393,1
cskvr,3,blue,dot,1,4,no,rshift,393,1
cskvr,3,red,dot,1,1,no,lshift,473,1
cskvr,3,red,dot,1,4,no,lshift,674,1
cskvr,3,red,dot,1,3,no,lshift,430,1
cskvr,3,red,dot,1,8,no,lshift,461,1
cskvr,3,red,dot,1,2,no,lshift,412,1
cskvr,3,red,dot,1,2,no,lshift,803,1
cskvr,3,red,dot,1,4,no,lshift,743,1
cskvr,3,blue,dot,1,9,no,rshift,411,1
cskvr,3,blue,dot,1,2,no,rshift,406,1
cskvr,3,blue,dot,1,6,no,rshift,440,1
cskvr,3,blue,dot,1,4,no,rshift,378,1
cskvr,3,red,dot,1,9,no,lshift,967,1
cskvr,3,red,dot,1,3,no,lshift,519,1
cskvr,3,blue,dot,1,4,no,rshift,667,1
cskvr,3,red,dot,1,6,no,lshift,651,1
cskvr,3,red,dot,1,8,no,lshift,588,1
cskvr,3,blue,dot,1,2,no,rshift,538,1
cskvr,3,blue,dot,1,1,no,rshift,993,1
cskvr,3,blue,dot,1,1,no,rshift,498,1
cskvr,3,red,dot,1,8,no,lshift,441,1
cskvr,3,blue,dot,1,6,no,rshift,582,1
cskvr,3,red,dot,1,2,no,lshift,538,1
cskvr,3,red,dot,1,3,no,lshift,485,1
cskvr,3,red,dot,1,9,no,lshift,615,1
cskvr,3,red,dot,1,3,no,lshift,468,1
cskvr,3,blue,dot,1,1,no,rshift,693,1
cskvr,3,blue,dot,1,2,no,rshift,520,1
cskvr,3,blue,dot,1,2,no,rshift,544,1
cskvr,3,red,dot,1,4,no,lshift,1331,1
cskvr,3,blue,dot,1,7,no,rshift,1463,1
cskvr,3,red,dot,1,3,no,lshift,568,1
cskvr,0,blue,arab,1,3,yes,rshift,2922,1
cskvr,0,blue,arab,1,6,yes,rshift,769,1
cskvr,0,blue,arab,1,9,yes,rshift,852,1
cskvr,0,blue,arab,1,7,yes,rshift,589,1
cskvr,0,red,arab,0,8,yes,rshift,732,1
cskvr,0,red,arab,1,7,yes,lshift,26143,1
cskvr,0,blue,arab,1,1,yes,rshift,671,1
cskvr,0,red,arab,1,3,yes,lshift,1225,1
cskvr,0,red,arab,1,2,yes,lshift,446,1
cskvr,0,blue,arab,1,4,yes,rshift,391,1
cskvr,0,blue,arab,1,8,yes,rshift,683,1
cskvr,0,red,arab,1,1,yes,lshift,857,1
cskvr,0,blue,arab,1,2,yes,rshift,564,1
cskvr,0,red,arab,1,6,yes,lshift,856,1
cskvr,0,red,arab,1,9,yes,lshift,526,1
cskvr,0,red,arab,1,4,yes,lshift,1254,1
cskvr,1,red,arab,1,2,no,lshift,726,1
cskvr,1,blue,arab,1,7,no,rshift,392,1
cskvr,1,blue,arab,1,4,no,rshift,371,1
cskvr,1,blue,arab,1,3,no,rshift,373,1
cskvr,1,blue,arab,1,1,no,rshift,441,1
cskvr,1,blue,arab,1,4,no,rshift,376,1
cskvr,1,red,arab,1,2,no,lshift,2136,1
cskvr,1,red,arab,1,7,no,lshift,587,1
cskvr,1,blue,arab,1,3,no,rshift,489,1
cskvr,1,red,arab,1,4,no,lshift,782,1
cskvr,1,red,arab,1,1,no,lshift,456,1
cskvr,1,red,arab,1,9,no,lshift,510,1
cskvr,1,red,arab,1,9,no,lshift,357,1
cskvr,1,blue,arab,1,6,no,rshift,427,1
cskvr,1,red,arab,1,8,no,lshift,489,1
cskvr,1,blue,arab,1,2,no,rshift,522,1
cskvr,1,red,arab,1,1,no,lshift,475,1
cskvr,1,blue,arab,1,3,no,rshift,450,1
cskvr,1,blue,arab,1,3,no,rshift,402,1
cskvr,1,blue,arab,1,9,no,rshift,359,1
cskvr,1,red,arab,1,2,no,lshift,368,1
cskvr,1,red,arab,1,1,no,lshift,343,1
cskvr,1,red,arab,1,6,no,lshift,342,1
cskvr,1,blue,arab,1,6,no,rshift,386,1
cskvr,1,red,arab,1,3,no,lshift,479,1
cskvr,1,red,arab,1,8,no,lshift,1045,1
cskvr,1,red,arab,1,6,no,lshift,567,1
cskvr,1,red,arab,1,7,no,lshift,537,1
cskvr,1,red,arab,1,9,no,lshift,461,1
cskvr,1,blue,arab,1,2,no,rshift,516,1
cskvr,1,red,arab,1,3,no,lshift,400,1
cskvr,1,red,arab,1,2,no,lshift,516,1
cskvr,1,blue,arab,1,9,no,rshift,683,1
cskvr,1,blue,arab,1,8,no,rshift,652,1
cskvr,1,blue,arab,1,3,no,rshift,416,1
cskvr,1,red,arab,1,6,no,lshift,352,1
cskvr,1,blue,arab,1,4,no,rshift,472,1
cskvr,1,red,arab,1,6,no,lshift,871,1
cskvr,1,red,arab,1,4,no,lshift,432,1
cskvr,1,red,arab,1,3,no,lshift,382,1
cskvr,1,blue,arab,1,3,no,rshift,476,1
cskvr,1,red,arab,1,6,no,lshift,467,1
cskvr,1,red,arab,1,4,no,lshift,398,1
cskvr,1,red,arab,1,9,no,lshift,367,1
cskvr,1,blue,arab,1,7,no,rshift,363,1
cskvr,1,blue,arab,1,4,no,rshift,470,1
cskvr,1,blue,arab,1,2,no,rshift,485,1
cskvr,1,blue,arab,1,6,no,rshift,406,1
cskvr,1,red,arab,1,3,no,lshift,310,1
cskvr,1,blue,arab,1,8,no,rshift,430,1
cskvr,1,red,arab,1,8,no,lshift,566,1
cskvr,1,blue,arab,1,2,no,rshift,1017,1
cskvr,1,red,arab,1,1,no,lshift,492,1
cskvr,1,red,arab,1,9,no,lshift,739,1
cskvr,1,red,arab,1,9,no,lshift,370,1
cskvr,1,red,arab,1,8,no,lshift,682,1
cskvr,1,blue,arab,1,3,no,rshift,440,1
cskvr,1,blue,arab,1,1,no,rshift,604,1
cskvr,1,blue,arab,1,7,no,rshift,492,1
cskvr,1,red,arab,1,3,no,lshift,714,1
cskvr,1,blue,arab,1,7,no,rshift,946,1
cskvr,1,blue,arab,1,4,no,rshift,574,1
cskvr,1,blue,arab,1,4,no,rshift,474,1
cskvr,1,red,arab,1,6,no,lshift,394,1
cskvr,1,red,arab,1,4,no,lshift,533,1
cskvr,1,blue,arab,1,8,no,rshift,670,1
cskvr,1,blue,arab,1,1,no,rshift,506,1
cskvr,1,blue,arab,1,9,no,rshift,460,1
cskvr,1,blue,arab,1,4,no,rshift,477,1
cskvr,1,red,arab,1,4,no,lshift,507,1
cskvr,1,blue,arab,1,3,no,rshift,576,1
cskvr,1,red,arab,1,8,no,lshift,1102,1
cskvr,1,red,arab,1,9,no,lshift,407,1
cskvr,1,red,arab,1,7,no,lshift,481,1
cskvr,1,red,arab,1,8,no,lshift,376,1
cskvr,1,blue,arab,1,9,no,rshift,377,1
cskvr,1,blue,arab,1,6,no,rshift,567,1
cskvr,1,blue,arab,1,3,no,rshift,627,1
cskvr,1,blue,arab,1,2,no,rshift,1007,1
cskvr,1,blue,arab,1,8,no,rshift,530,1
cskvr,1,red,arab,1,6,no,lshift,2952,1
cskvr,1,red,arab,1,2,no,lshift,466,1
cskvr,1,blue,arab,1,7,no,rshift,1240,1
cskvr,1,red,arab,1,1,no,lshift,430,1
cskvr,1,blue,arab,1,7,no,rshift,602,1
cskvr,1,red,arab,1,6,no,lshift,1177,1
cskvr,1,red,arab,1,2,no,lshift,534,1
cskvr,1,red,arab,1,6,no,lshift,713,1
cskvr,1,red,arab,1,3,no,lshift,854,1
cskvr,1,red,arab,1,9,no,lshift,1074,1
cskvr,1,red,arab,1,4,no,lshift,474,1
cskvr,1,red,arab,1,7,no,lshift,902,1
cskvr,1,blue,arab,1,6,no,rshift,892,1
cskvr,1,red,arab,1,2,no,lshift,1610,1
cskvr,1,blue,arab,1,1,no,rshift,547,1
cskvr,1,blue,arab,1,1,no,rshift,669,1
cskvr,1,blue,arab,1,1,no,rshift,489,1
cskvr,1,blue,arab,1,2,no,rshift,491,1
cskvr,1,blue,arab,1,6,no,rshift,484,1
cskvr,1,red,arab,1,7,no,lshift,425,1
cskvr,1,blue,arab,0,3,no,lshift,365,1
cskvr,1,blue,arab,1,9,no,rshift,537,1
cskvr,1,red,arab,1,8,no,lshift,732,1
cskvr,1,blue,arab,1,7,no,rshift,489,1
cskvr,1,red,arab,1,6,no,lshift,436,1
cskvr,1,red,arab,1,2,no,lshift,944,1
cskvr,1,blue,arab,1,1,no,rshift,544,1
cskvr,1,blue,arab,1,4,no,rshift,647,1
cskvr,1,red,arab,1,8,no,lshift,680,1
cskvr,1,red,arab,1,4,no,lshift,727,1
cskvr,1,blue,arab,1,1,no,rshift,590,1
cskvr,1,blue,arab,1,9,no,rshift,1186,1
cskvr,1,blue,arab,1,6,no,rshift,951,1
cskvr,1,blue,arab,1,2,no,rshift,511,1
cskvr,1,red,arab,1,1,no,lshift,391,1
cskvr,1,red,arab,1,3,no,lshift,684,1
cskvr,1,blue,arab,1,6,no,rshift,592,1
cskvr,1,red,arab,1,9,no,lshift,1393,1
cskvr,1,blue,arab,1,9,no,rshift,1358,1
cskvr,1,blue,arab,1,7,no,rshift,537,1
cskvr,1,red,arab,1,1,no,lshift,529,1
cskvr,1,blue,arab,1,8,no,rshift,587,1
cskvr,1,blue,arab,1,9,no,rshift,1063,1
cskvr,1,blue,arab,1,7,no,rshift,968,1
cskvr,1,blue,arab,1,2,no,rshift,455,1
cskvr,1,blue,arab,1,8,no,rshift,904,1
cskvr,1,blue,arab,1,7,no,rshift,881,1
cskvr,1,red,arab,1,1,no,lshift,502,1
cskvr,1,red,arab,1,4,no,lshift,1161,1
cskvr,1,red,arab,1,7,no,lshift,529,1
cskvr,1,red,arab,1,3,no,lshift,903,1
cskvr,1,blue,arab,1,8,no,rshift,552,1
cskvr,1,blue,arab,1,6,no,rshift,944,1
cskvr,1,blue,arab,1,1,no,rshift,973,1
cskvr,1,red,arab,1,2,no,lshift,587,1
cskvr,1,blue,arab,1,4,no,rshift,970,1
cskvr,1,red,arab,1,7,no,lshift,890,1
cskvr,1,blue,arab,1,4,no,rshift,1024,1
cskvr,1,blue,arab,1,8,no,rshift,502,1
cskvr,1,blue,arab,1,1,no,rshift,1388,1
cskvr,1,red,arab,1,3,no,lshift,571,1
cskvr,1,red,arab,1,7,no,lshift,459,1
cskvr,1,blue,arab,1,9,no,rshift,614,1
cskvr,1,red,arab,1,8,no,lshift,527,1
cskvr,1,blue,arab,1,9,no,rshift,794,1
cskvr,1,red,arab,1,3,no,lshift,1288,1
cskvr,1,red,arab,1,7,no,lshift,1627,1
cskvr,1,red,arab,1,9,no,lshift,533,1
cskvr,1,blue,arab,1,6,no,rshift,924,1
cskvr,1,blue,arab,1,2,no,rshift,1308,1
cskvr,1,red,arab,1,8,no,lshift,559,1
cskvr,1,blue,arab,1,2,no,rshift,1555,1
cskvr,1,red,arab,1,7,no,lshift,487,1
cskvr,1,blue,arab,1,8,no,rshift,1173,1
cskvr,1,red,arab,1,1,no,lshift,1757,1
cskvr,1,red,arab,1,4,no,lshift,1691,1
cskvr,1,red,arab,1,4,no,lshift,459,1
cskvr,1,red,arab,1,2,no,lshift,729,1
cskvr,1,red,arab,1,1,no,lshift,513,1
cskvr,1,blue,arab,1,8,no,rshift,1607,1
cskvr,2,red,arab,1,1,no,lshift,1245,1
cskvr,2,blue,arab,1,1,no,rshift,518,1
cskvr,2,blue,arab,1,6,no,rshift,567,1
cskvr,2,blue,arab,1,4,no,rshift,575,1
cskvr,2,blue,arab,1,9,no,rshift,443,1
cskvr,2,blue,arab,1,8,no,rshift,562,1
cskvr,2,red,arab,1,8,no,lshift,584,1
cskvr,2,blue,arab,1,4,no,rshift,484,1
cskvr,2,red,arab,1,3,no,lshift,717,1
cskvr,2,red,arab,1,6,no,lshift,434,1
cskvr,2,blue,arab,1,1,no,rshift,607,1
cskvr,2,red,arab,1,1,no,lshift,751,1
cskvr,2,blue,arab,1,1,no,rshift,868,1
cskvr,2,red,arab,1,6,no,lshift,1006,1
cskvr,2,red,arab,1,6,no,lshift,1568,1
cskvr,2,blue,arab,1,3,no,rshift,550,1
cskvr,2,red,arab,1,9,no,lshift,1206,1
cskvr,2,red,arab,1,6,no,lshift,938,1
cskvr,2,red,arab,1,8,no,lshift,742,1
cskvr,2,blue,arab,1,7,no,rshift,681,1
cskvr,2,red,arab,1,2,no,lshift,618,1
cskvr,2,blue,arab,1,4,no,rshift,588,1
cskvr,2,blue,arab,1,8,no,rshift,522,1
cskvr,2,red,arab,1,3,no,lshift,366,1
cskvr,2,blue,arab,1,2,no,rshift,457,1
cskvr,2,blue,arab,1,9,no,rshift,468,1
cskvr,2,blue,arab,1,8,no,rshift,507,1
cskvr,2,red,arab,1,2,no,lshift,1150,1
cskvr,2,red,arab,1,9,no,lshift,351,1
cskvr,2,blue,arab,1,8,no,rshift,511,1
cskvr,2,red,arab,1,2,no,lshift,464,1
cskvr,2,blue,arab,1,9,no,rshift,393,1
cskvr,2,red,arab,1,2,no,lshift,384,1
cskvr,2,red,arab,1,3,no,lshift,707,1
cskvr,2,blue,arab,1,9,no,rshift,490,1
cskvr,2,blue,arab,1,6,no,rshift,610,1
cskvr,2,red,arab,1,7,no,lshift,448,1
cskvr,2,blue,arab,1,7,no,rshift,651,1
cskvr,2,red,arab,1,9,no,lshift,523,1
cskvr,2,red,arab,1,7,no,lshift,487,1
cskvr,2,blue,arab,1,6,no,rshift,434,1
cskvr,2,blue,arab,1,4,no,rshift,821,1
cskvr,2,red,arab,1,1,no,lshift,453,1
cskvr,2,blue,arab,1,2,no,rshift,760,1
cskvr,2,red,arab,1,7,no,lshift,1988,1
cskvr,2,blue,arab,1,9,no,rshift,1107,1
cskvr,2,red,arab,1,8,no,lshift,1805,1
cskvr,2,blue,arab,1,6,no,rshift,1144,1
cskvr,2,red,arab,1,1,no,lshift,661,1
cskvr,2,red,arab,1,8,no,lshift,758,1
cskvr,2,red,arab,1,8,no,lshift,1345,1
cskvr,2,blue,arab,1,2,no,rshift,651,1
cskvr,2,red,arab,1,2,no,lshift,1298,1
cskvr,2,blue,arab,1,4,no,rshift,552,1
cskvr,2,blue,arab,1,1,no,rshift,516,1
cskvr,2,red,arab,1,7,no,lshift,756,1
cskvr,2,blue,arab,1,8,no,rshift,783,1
cskvr,2,blue,arab,1,1,no,rshift,787,1
cskvr,2,red,arab,1,4,no,lshift,533,1
cskvr,2,red,arab,1,4,no,lshift,653,1
cskvr,2,red,arab,1,3,no,lshift,410,1
cskvr,2,blue,arab,1,4,no,rshift,578,1
cskvr,2,red,arab,1,4,no,lshift,474,1
cskvr,2,red,arab,1,3,no,lshift,1891,1
cskvr,2,red,arab,1,8,no,lshift,580,1
cskvr,2,red,arab,1,6,no,lshift,537,1
cskvr,2,red,arab,1,6,no,lshift,479,1
cskvr,2,blue,arab,1,8,no,rshift,1064,1
cskvr,2,red,arab,1,1,no,lshift,590,1
cskvr,2,red,arab,1,6,no,lshift,842,1
cskvr,2,blue,arab,1,2,no,rshift,467,1
cskvr,2,blue,arab,1,9,no,rshift,844,1
cskvr,2,blue,arab,1,6,no,rshift,1818,1
cskvr,2,red,arab,1,9,no,lshift,1110,1
cskvr,2,blue,arab,1,4,no,rshift,490,1
cskvr,2,blue,arab,1,7,no,rshift,1804,1
cskvr,2,blue,arab,1,3,no,rshift,717,1
cskvr,2,blue,arab,1,9,no,rshift,567,1
cskvr,2,blue,arab,1,6,no,rshift,510,1
cskvr,2,blue,arab,1,3,no,rshift,933,1
cskvr,2,blue,arab,1,4,no,rshift,772,1
cskvr,2,red,arab,1,8,no,lshift,626,1
cskvr,2,red,arab,1,9,no,lshift,812,1
cskvr,2,blue,arab,1,4,no,rshift,446,1
cskvr,2,blue,arab,1,4,no,rshift,403,1
cskvr,2,red,arab,1,9,no,lshift,448,1
cskvr,2,red,arab,1,6,no,lshift,356,1
cskvr,2,red,arab,1,4,no,lshift,677,1
cskvr,2,blue,arab,1,9,no,rshift,1983,1
cskvr,2,blue,arab,1,2,no,rshift,488,1
cskvr,2,blue,arab,1,1,no,rshift,774,1
cskvr,2,red,arab,1,9,no,lshift,478,1
cskvr,2,blue,arab,1,1,no,rshift,575,1
cskvr,2,red,arab,1,7,no,lshift,1335,1
cskvr,2,blue,arab,1,3,no,rshift,493,1
cskvr,2,blue,arab,1,6,no,rshift,1159,1
cskvr,2,red,arab,1,6,no,lshift,577,1
cskvr,2,blue,arab,1,8,no,rshift,417,1
cskvr,2,blue,arab,1,6,no,rshift,2005,1
cskvr,2,red,arab,1,2,no,lshift,1796,1
cskvr,2,red,arab,1,9,no,lshift,441,1
cskvr,2,blue,arab,1,8,no,rshift,1550,1
cskvr,2,blue,arab,1,2,no,rshift,706,1
cskvr,2,red,arab,1,3,no,lshift,512,1
cskvr,2,blue,arab,1,7,no,rshift,533,1
cskvr,2,red,arab,1,3,no,lshift,1554,1
cskvr,2,blue,arab,1,2,no,rshift,1934,1
cskvr,2,blue,arab,1,7,no,rshift,1765,1
cskvr,2,red,arab,1,7,no,lshift,507,1
cskvr,2,blue,arab,1,7,no,rshift,2076,1
cskvr,2,red,arab,1,2,no,lshift,509,1
cskvr,2,blue,arab,1,7,no,rshift,390,1
cskvr,2,red,arab,1,7,no,lshift,850,1
cskvr,2,red,arab,1,7,no,lshift,756,1
cskvr,2,blue,arab,1,2,no,rshift,480,1
cskvr,2,red,arab,1,1,no,lshift,724,1
cskvr,2,red,arab,1,1,no,lshift,749,1
cskvr,2,blue,arab,1,3,no,rshift,1154,1
cskvr,2,blue,arab,1,9,no,rshift,1446,1
cskvr,2,red,arab,1,3,no,lshift,1493,1
cskvr,2,red,arab,1,1,no,lshift,636,1
cskvr,2,red,arab,1,2,no,lshift,1240,1
cskvr,2,blue,arab,1,7,no,rshift,1869,1
cskvr,2,red,arab,1,3,no,lshift,761,1
cskvr,2,blue,arab,1,6,no,rshift,599,1
cskvr,2,red,arab,1,2,no,lshift,1940,1
cskvr,2,blue,arab,1,7,no,rshift,551,1
cskvr,2,red,arab,1,6,no,lshift,2077,1
cskvr,2,red,arab,1,1,no,lshift,2521,1
cskvr,2,red,arab,1,7,no,lshift,985,1
cskvr,2,red,arab,1,9,no,lshift,789,1
cskvr,2,red,arab,1,1,no,lshift,427,1
cskvr,2,red,arab,1,4,no,lshift,438,1
cskvr,2,red,arab,1,7,no,lshift,776,1
cskvr,2,blue,arab,1,3,no,rshift,381,1
cskvr,2,blue,arab,1,7,no,rshift,409,1
cskvr,2,blue,arab,1,2,no,rshift,1581,1
cskvr,2,blue,arab,1,3,no,rshift,3920,1
cskvr,2,blue,arab,1,3,no,rshift,587,1
cskvr,2,red,arab,1,4,no,lshift,562,1
cskvr,2,blue,arab,1,1,no,rshift,639,1
cskvr,2,red,arab,1,4,no,lshift,1507,1
cskvr,2,blue,arab,1,9,no,rshift,2819,1
cskvr,2,red,arab,1,3,no,lshift,2978,1
cskvr,2,blue,arab,1,2,no,rshift,1506,1
cskvr,2,red,arab,1,2,no,lshift,442,1
cskvr,2,blue,arab,1,3,no,rshift,2730,1
cskvr,2,blue,arab,1,1,no,rshift,4336,1
cskvr,2,red,arab,1,8,no,lshift,633,1
cskvr,2,red,arab,1,9,no,lshift,958,1
cskvr,2,blue,arab,1,8,no,rshift,492,1
cskvr,2,blue,arab,1,3,no,rshift,454,1
cskvr,2,blue,arab,1,6,no,rshift,745,1
cskvr,2,blue,arab,1,1,no,rshift,380,1
cskvr,2,red,arab,1,8,no,lshift,750,1
cskvr,2,blue,arab,1,8,no,rshift,878,1
cskvr,2,red,arab,1,8,no,lshift,373,1
cskvr,2,red,arab,1,4,no,lshift,710,1
cskvr,2,red,arab,1,4,no,lshift,518,1
cskvr,2,red,arab,1,4,no,lshift,913,1
cskvr,3,blue,arab,1,4,no,rshift,922,1
cskvr,3,blue,arab,1,6,no,rshift,511,1
cskvr,3,blue,arab,1,8,no,rshift,451,1
cskvr,3,blue,arab,1,3,no,rshift,478,1
cskvr,3,red,arab,1,4,no,lshift,484,1
cskvr,3,red,arab,1,4,no,lshift,389,1
cskvr,3,blue,arab,1,7,no,rshift,524,1
cskvr,3,red,arab,1,8,no,lshift,601,1
cskvr,3,blue,arab,1,4,no,rshift,527,1
cskvr,3,red,arab,1,8,no,lshift,607,1
cskvr,3,blue,arab,1,2,no,rshift,1206,1
cskvr,3,red,arab,1,7,no,lshift,1709,1
cskvr,3,red,arab,1,7,no,lshift,368,1
cskvr,3,red,arab,1,8,no,lshift,885,1
cskvr,3,blue,arab,1,7,no,rshift,472,1
cskvr,3,red,arab,1,8,no,lshift,376,1
cskvr,3,blue,arab,1,4,no,rshift,725,1
cskvr,3,blue,arab,1,8,no,rshift,346,1
cskvr,3,blue,arab,1,8,no,rshift,436,1
cskvr,3,red,arab,1,4,no,lshift,689,1
cskvr,3,blue,arab,1,9,no,rshift,907,1
cskvr,3,blue,arab,1,1,no,rshift,442,1
cskvr,3,red,arab,1,9,no,lshift,492,1
cskvr,3,red,arab,1,6,no,lshift,971,1
cskvr,3,red,arab,1,1,no,lshift,430,1
cskvr,3,blue,arab,1,7,no,rshift,461,1
cskvr,3,red,arab,1,3,no,lshift,587,1
cskvr,3,blue,arab,1,8,no,rshift,1124,1
cskvr,3,blue,arab,1,7,no,rshift,3067,1
cskvr,3,red,arab,1,3,no,lshift,535,1
cskvr,3,red,arab,1,1,no,lshift,1151,1
cskvr,3,blue,arab,1,9,no,rshift,533,1
cskvr,3,red,arab,1,8,no,lshift,1206,1
cskvr,3,blue,arab,1,3,no,rshift,826,1
cskvr,3,blue,arab,1,7,no,rshift,691,1
cskvr,3,blue,arab,1,1,no,rshift,1055,1
cskvr,3,red,arab,1,9,no,lshift,591,1
cskvr,3,blue,arab,1,2,no,rshift,1810,1
cskvr,3,blue,arab,1,8,no,rshift,2389,1
cskvr,3,blue,arab,1,7,no,rshift,437,1
cskvr,3,red,arab,1,8,no,lshift,427,1
cskvr,3,blue,arab,1,4,no,rshift,574,1
cskvr,3,blue,arab,1,8,no,rshift,1978,1
cskvr,3,red,arab,1,3,no,lshift,857,1
cskvr,3,red,arab,1,3,no,lshift,411,1
cskvr,3,red,arab,1,7,no,lshift,501,1
cskvr,3,blue,arab,1,9,no,rshift,337,1
cskvr,3,blue,arab,1,9,no,rshift,504,1
cskvr,3,red,arab,1,6,no,lshift,383,1
cskvr,3,blue,arab,1,6,no,rshift,686,1
cskvr,3,blue,arab,1,8,no,rshift,571,1
cskvr,3,red,arab,1,1,no,lshift,880,1
cskvr,3,red,arab,1,2,no,lshift,2870,1
cskvr,3,blue,arab,1,3,no,rshift,2164,1
cskvr,3,red,arab,1,7,no,lshift,1633,1
cskvr,3,blue,arab,1,1,no,rshift,1899,1
cskvr,3,red,arab,1,4,no,lshift,1532,1
cskvr,3,blue,arab,1,2,no,rshift,507,1
cskvr,3,red,arab,1,9,no,lshift,477,1
cskvr,3,blue,arab,1,1,no,rshift,826,1
cskvr,3,red,arab,1,3,no,lshift,1511,1
cskvr,3,red,arab,1,4,no,lshift,1958,1
cskvr,3,red,arab,1,9,no,lshift,691,1
cskvr,3,blue,arab,1,2,no,rshift,386,1
cskvr,3,red,arab,1,4,no,lshift,642,1
cskvr,3,blue,arab,1,6,no,rshift,395,1
cskvr,3,red,arab,1,6,no,lshift,400,1
cskvr,3,red,arab,1,9,no,lshift,1018,1
cskvr,3,blue,arab,1,2,no,rshift,856,1
cskvr,3,red,arab,1,2,no,lshift,462,1
cskvr,3,blue,arab,1,7,no,rshift,678,1
cskvr,3,red,arab,1,8,no,lshift,1663,1
cskvr,3,red,arab,1,3,no,lshift,2681,1
cskvr,3,red,arab,1,2,no,lshift,874,1
cskvr,3,red,arab,1,8,no,lshift,343,1
cskvr,3,red,arab,1,8,no,lshift,440,1
cskvr,3,red,arab,1,9,no,lshift,446,1
cskvr,3,blue,arab,1,6,no,rshift,706,1
cskvr,3,blue,arab,1,6,no,rshift,391,1
cskvr,3,blue,arab,1,3,no,rshift,429,1
cskvr,3,red,arab,1,1,no,lshift,800,1
cskvr,3,blue,arab,1,6,no,rshift,586,1
cskvr,3,red,arab,1,3,no,lshift,1406,1
cskvr,3,red,arab,1,3,no,lshift,2467,1
cskvr,3,red,arab,1,4,no,lshift,455,1
cskvr,3,red,arab,1,6,no,lshift,1159,1
cskvr,3,red,arab,1,7,no,lshift,424,1
cskvr,3,red,arab,1,6,no,lshift,366,1
cskvr,3,blue,arab,1,2,no,rshift,409,1
cskvr,3,red,arab,1,1,no,lshift,370,1
cskvr,3,blue,arab,1,9,no,rshift,701,1
cskvr,3,blue,arab,1,2,no,rshift,779,1
cskvr,3,blue,arab,1,8,no,rshift,473,1
cskvr,3,blue,arab,1,4,no,rshift,455,1
cskvr,3,blue,arab,1,1,no,rshift,775,1
cskvr,3,blue,arab,1,4,no,rshift,760,1
cskvr,3,blue,arab,1,8,no,rshift,1114,1
cskvr,3,blue,arab,1,9,no,rshift,506,1
cskvr,3,red,arab,1,9,no,lshift,477,1
cskvr,3,blue,arab,1,9,no,rshift,863,1
cskvr,3,red,arab,1,1,no,lshift,434,1
cskvr,3,red,arab,1,7,no,lshift,1379,1
cskvr,3,red,arab,1,7,no,lshift,635,1
cskvr,3,blue,arab,1,7,no,rshift,384,1
cskvr,3,blue,arab,1,6,no,rshift,969,1
cskvr,3,red,arab,1,9,no,lshift,1186,1
cskvr,3,blue,arab,1,3,no,rshift,1827,1
cskvr,3,red,arab,1,7,no,lshift,1300,1
cskvr,3,blue,arab,1,3,no,rshift,513,1
cskvr,3,red,arab,1,1,no,lshift,620,1
cskvr,3,blue,arab,1,3,no,rshift,407,1
cskvr,3,red,arab,1,9,no,lshift,807,1
cskvr,3,red,arab,1,2,no,lshift,534,1
cskvr,3,blue,arab,1,7,no,rshift,535,1
cskvr,3,blue,arab,1,1,no,rshift,524,1
cskvr,3,blue,arab,0,9,no,lshift,586,1
cskvr,3,red,arab,1,6,no,lshift,503,1
cskvr,3,blue,arab,1,2,no,rshift,458,1
cskvr,3,blue,arab,1,6,no,rshift,1111,1
cskvr,3,red,arab,1,1,no,lshift,360,1
cskvr,3,blue,arab,1,4,no,rshift,1012,1
cskvr,3,red,arab,1,2,no,lshift,852,1
cskvr,3,blue,arab,1,4,no,rshift,449,1
cskvr,3,red,arab,1,1,no,lshift,444,1
cskvr,3,red,arab,1,6,no,lshift,792,1
cskvr,3,red,arab,1,6,no,lshift,335,1
cskvr,3,blue,arab,1,9,no,rshift,455,1
cskvr,3,red,arab,1,7,no,lshift,885,1
cskvr,3,red,arab,1,2,no,lshift,788,1
cskvr,3,red,arab,1,4,no,lshift,507,1
cskvr,3,red,arab,1,2,no,lshift,441,1
cskvr,3,red,arab,1,3,no,lshift,521,1
cskvr,3,red,arab,1,2,no,lshift,361,1
cskvr,3,red,arab,1,4,no,lshift,541,1
cskvr,3,blue,arab,1,3,no,rshift,406,1
cskvr,3,blue,arab,1,4,no,rshift,387,1
cskvr,3,blue,arab,1,3,no,rshift,446,1
cskvr,3,red,arab,1,3,no,lshift,558,1
cskvr,3,blue,arab,1,1,no,rshift,406,1
cskvr,3,red,arab,1,4,no,lshift,564,1
cskvr,3,red,arab,1,2,no,lshift,656,1
cskvr,3,blue,arab,1,8,no,rshift,565,1
cskvr,3,blue,arab,1,4,no,rshift,428,1
cskvr,3,blue,arab,1,1,no,rshift,520,1
cskvr,3,red,arab,1,9,no,lshift,1134,1
cskvr,3,blue,arab,1,9,no,rshift,410,1
cskvr,3,red,arab,1,6,no,lshift,545,1
cskvr,3,red,arab,1,8,no,lshift,1015,1
cskvr,3,blue,arab,1,2,no,rshift,705,1
cskvr,3,blue,arab,1,6,no,rshift,575,1
cskvr,3,blue,arab,1,7,no,rshift,565,1
cskvr,3,blue,arab,1,3,no,rshift,487,1
cskvr,3,red,arab,1,7,no,lshift,865,1
cskvr,3,blue,arab,1,2,no,rshift,408,1
cskvr,3,red,arab,1,1,no,lshift,828,1
cskvr,3,red,arab,1,2,no,lshift,416,1
cskvr,3,blue,arab,1,6,no,rshift,918,1
cskvr,3,blue,arab,1,1,no,rshift,536,1
cskvr,3,blue,arab,1,1,no,rshift,1795,1
cskvr,3,red,arab,1,6,no,lshift,400,1
cskvr,0,red,classic,1,6,yes,lshift,1862,1
cskvr,0,red,classic,1,8,yes,lshift,771,1
cskvr,0,red,classic,1,7,yes,rshift,659,1
cskvr,0,red,classic,1,9,yes,rshift,809,1
cskvr,0,red,classic,1,2,yes,lshift,681,1
cskvr,0,red,classic,1,4,yes,lshift,1044,1
cskvr,0,red,classic,1,3,yes,rshift,720,1
cskvr,0,red,classic,1,1,yes,rshift,1319,1
cskvr,1,red,classic,1,6,yes,rshift,736,1
cskvr,1,red,classic,1,4,yes,rshift,551,1
cskvr,1,red,classic,1,3,yes,lshift,4235,1
cskvr,1,red,classic,1,1,yes,lshift,728,1
cskvr,1,red,classic,1,8,yes,rshift,1357,1
cskvr,1,red,classic,1,7,yes,lshift,1023,1
cskvr,1,red,classic,1,9,yes,lshift,598,1
cskvr,1,red,classic,1,2,yes,rshift,566,1
cskvr,2,red,classic,1,4,no,lshift,712,1
cskvr,2,red,classic,1,4,no,lshift,517,1
cskvr,2,red,classic,1,1,no,rshift,620,1
cskvr,2,red,classic,1,8,no,lshift,653,1
cskvr,2,red,classic,1,6,no,lshift,566,1
cskvr,2,red,classic,1,4,no,lshift,574,1
cskvr,2,red,classic,1,4,no,lshift,383,1
cskvr,2,red,classic,1,1,no,rshift,792,1
cskvr,2,red,classic,1,2,no,lshift,633,1
cskvr,2,red,classic,1,6,no,lshift,582,1
cskvr,2,red,classic,1,6,no,lshift,577,1
cskvr,2,red,classic,1,3,no,rshift,545,1
cskvr,2,red,classic,1,9,no,rshift,561,1
cskvr,2,red,classic,1,9,no,rshift,474,1
cskvr,2,red,classic,1,9,no,rshift,399,1
cskvr,2,red,classic,1,3,no,rshift,722,1
cskvr,2,red,classic,1,6,no,lshift,6067,1
cskvr,2,red,classic,1,7,no,rshift,610,1
cskvr,2,red,classic,1,4,no,lshift,833,1
cskvr,2,red,classic,1,8,no,lshift,746,1
cskvr,2,red,classic,1,3,no,rshift,593,1
cskvr,2,red,classic,1,2,no,lshift,630,1
cskvr,2,red,classic,1,7,no,rshift,937,1
cskvr,2,red,classic,1,2,no,lshift,921,1
cskvr,2,red,classic,1,2,no,lshift,479,1
cskvr,2,red,classic,1,2,no,lshift,976,1
cskvr,2,red,classic,1,9,no,rshift,584,1
cskvr,2,red,classic,1,3,no,rshift,853,1
cskvr,2,red,classic,1,8,no,lshift,1522,1
cskvr,2,red,classic,1,8,no,lshift,495,1
cskvr,2,red,classic,1,8,no,lshift,494,1
cskvr,2,red,classic,1,4,no,lshift,549,1
cskvr,2,red,classic,1,6,no,lshift,535,1
cskvr,2,red,classic,1,7,no,rshift,2285,1
cskvr,2,red,classic,1,9,no,rshift,679,1
cskvr,2,red,classic,1,9,no,rshift,454,1
cskvr,2,red,classic,1,6,no,lshift,605,1
cskvr,2,red,classic,1,2,no,lshift,548,1
cskvr,2,red,classic,1,7,no,rshift,605,1
cskvr,2,red,classic,1,7,no,rshift,516,1
cskvr,2,red,classic,1,9,no,rshift,589,1
cskvr,2,red,classic,1,2,no,lshift,692,1
cskvr,2,red,classic,0,1,no,lshift,520,1
cskvr,2,red,classic,1,8,no,lshift,740,1
cskvr,2,red,classic,1,3,no,rshift,544,1
cskvr,2,red,classic,1,4,no,lshift,794,1
cskvr,2,red,classic,1,8,no,lshift,844,1
cskvr,2,red,classic,1,2,no,lshift,816,1
cskvr,2,red,classic,1,3,no,rshift,654,1
cskvr,2,red,classic,1,7,no,rshift,670,1
cskvr,2,red,classic,1,7,no,rshift,493,1
cskvr,2,red,classic,1,1,no,rshift,750,1
cskvr,2,red,classic,1,1,no,rshift,497,1
cskvr,2,red,classic,1,1,no,rshift,1003,1
cskvr,2,red,classic,1,8,no,lshift,644,1
cskvr,2,red,classic,1,6,no,lshift,779,1
cskvr,2,red,classic,1,3,no,rshift,642,1
cskvr,2,red,classic,1,9,no,rshift,862,1
cskvr,2,red,classic,1,1,no,rshift,779,1
cskvr,2,red,classic,1,9,no,rshift,434,1
cskvr,2,red,classic,1,1,no,rshift,496,1
cskvr,2,red,classic,1,7,no,rshift,727,1
cskvr,2,red,classic,1,4,no,lshift,644,1
cskvr,2,red,classic,1,9,no,rshift,908,1
cskvr,2,red,classic,1,3,no,rshift,1300,1
cskvr,2,red,classic,1,6,no,lshift,593,1
cskvr,2,red,classic,1,4,no,lshift,762,1
cskvr,2,red,classic,1,6,no,lshift,727,1
cskvr,2,red,classic,1,8,no,lshift,555,1
cskvr,2,red,classic,1,8,no,lshift,462,1
cskvr,2,red,classic,1,1,no,rshift,996,1
cskvr,2,red,classic,1,7,no,rshift,719,1
cskvr,2,red,classic,1,7,no,rshift,414,1
cskvr,2,red,classic,1,4,no,lshift,730,1
cskvr,2,red,classic,1,7,no,rshift,693,1
cskvr,2,red,classic,0,1,no,lshift,663,1
cskvr,2,red,classic,1,2,no,lshift,541,1
cskvr,2,red,classic,1,1,no,rshift,619,1
cskvr,2,red,classic,1,2,no,lshift,982,1
cskvr,2,red,classic,1,6,no,lshift,614,1
cskvr,2,red,classic,1,4,no,lshift,841,1
cskvr,2,red,classic,1,3,no,rshift,609,1
cskvr,2,red,classic,1,2,no,lshift,629,1
cskvr,2,red,classic,1,2,no,lshift,488,1
cskvr,2,red,classic,1,9,no,rshift,538,1
cskvr,2,red,classic,1,6,no,lshift,591,1
cskvr,2,red,classic,1,3,no,rshift,528,1
cskvr,2,red,classic,1,7,no,rshift,558,1
cskvr,2,red,classic,1,8,no,lshift,699,1
cskvr,2,red,classic,1,1,no,rshift,699,1
cskvr,2,red,classic,1,2,no,lshift,580,1
cskvr,2,red,classic,1,1,no,rshift,1948,1
cskvr,2,red,classic,1,4,no,lshift,701,1
cskvr,2,red,classic,1,8,no,lshift,2045,1
cskvr,2,red,classic,1,3,no,rshift,1816,1
cskvr,2,red,classic,1,4,no,lshift,1628,1
cskvr,2,red,classic,1,6,no,lshift,842,1
cskvr,2,red,classic,1,1,no,rshift,593,1
cskvr,2,red,classic,1,8,no,lshift,567,1
cskvr,2,red,classic,1,7,no,rshift,3439,1
cskvr,2,red,classic,1,6,no,lshift,471,1
cskvr,2,red,classic,1,6,no,lshift,571,1
cskvr,2,red,classic,1,8,no,lshift,622,1
cskvr,2,red,classic,1,9,no,rshift,2367,1
cskvr,2,red,classic,1,9,no,rshift,466,1
cskvr,2,red,classic,1,3,no,rshift,399,1
cskvr,2,red,classic,1,4,no,lshift,601,1
cskvr,2,red,classic,1,3,no,rshift,1084,1
cskvr,2,red,classic,1,9,no,rshift,606,1
cskvr,2,red,classic,1,7,no,rshift,2095,1
cskvr,2,red,classic,1,3,no,rshift,535,1
cskvr,2,red,classic,1,2,no,lshift,763,1
cskvr,3,red,classic,1,8,no,rshift,572,1
cskvr,3,red,classic,1,7,no,lshift,442,1
cskvr,3,red,classic,1,4,no,rshift,500,1
cskvr,3,red,classic,1,2,no,rshift,459,1
cskvr,3,red,classic,1,3,no,lshift,516,1
cskvr,3,red,classic,1,8,no,rshift,462,1
cskvr,3,red,classic,1,4,no,rshift,773,1
cskvr,3,red,classic,1,2,no,rshift,536,1
cskvr,3,red,classic,1,4,no,rshift,572,1
cskvr,3,red,classic,1,1,no,lshift,714,1
cskvr,3,red,classic,1,8,no,rshift,490,1
cskvr,3,red,classic,1,8,no,rshift,457,1
cskvr,3,red,classic,1,1,no,lshift,514,1
cskvr,3,red,classic,1,9,no,lshift,639,1
cskvr,3,red,classic,1,8,no,rshift,512,1
cskvr,3,red,classic,1,9,no,lshift,648,1
cskvr,3,red,classic,1,7,no,lshift,751,1
cskvr,3,red,classic,1,8,no,rshift,668,1
cskvr,3,red,classic,1,8,no,rshift,424,1
cskvr,3,red,classic,1,9,no,lshift,603,1
cskvr,3,red,classic,1,1,no,lshift,678,1
cskvr,3,red,classic,1,6,no,rshift,590,1
cskvr,3,red,classic,1,8,no,rshift,1612,1
cskvr,3,red,classic,1,4,no,rshift,552,1
cskvr,3,red,classic,1,3,no,lshift,574,1
cskvr,3,red,classic,1,1,no,lshift,535,1
cskvr,3,red,classic,1,2,no,rshift,604,1
cskvr,3,red,classic,1,3,no,lshift,519,1
cskvr,3,red,classic,1,7,no,lshift,834,1
cskvr,3,red,classic,1,3,no,lshift,817,1
cskvr,3,red,classic,1,1,no,lshift,710,1
cskvr,3,red,classic,1,2,no,rshift,1117,1
cskvr,3,red,classic,1,9,no,lshift,2088,1
cskvr,3,red,classic,1,2,no,rshift,510,1
cskvr,3,red,classic,1,1,no,lshift,454,1
cskvr,3,red,classic,1,1,no,lshift,508,1
cskvr,3,red,classic,1,2,no,rshift,604,1
cskvr,3,red,classic,1,9,no,lshift,3349,1
cskvr,3,red,classic,1,2,no,rshift,591,1
cskvr,3,red,classic,1,4,no,rshift,555,1
cskvr,3,red,classic,1,2,no,rshift,389,1
cskvr,3,red,classic,1,3,no,lshift,513,1
cskvr,3,red,classic,1,7,no,lshift,870,1
cskvr,3,red,classic,1,7,no,lshift,505,1
cskvr,3,red,classic,1,1,no,lshift,744,1
cskvr,3,red,classic,1,9,no,lshift,997,1
cskvr,3,red,classic,1,2,no,rshift,916,1
cskvr,3,red,classic,1,2,no,rshift,434,1
cskvr,3,red,classic,1,9,no,lshift,513,1
cskvr,3,red,classic,1,6,no,rshift,616,1
cskvr,3,red,classic,1,2,no,rshift,769,1
cskvr,3,red,classic,1,7,no,lshift,751,1
cskvr,3,red,classic,1,6,no,rshift,481,1
cskvr,3,red,classic,1,6,no,rshift,481,1
cskvr,3,red,classic,1,4,no,rshift,583,1
cskvr,3,red,classic,1,9,no,lshift,474,1
cskvr,3,red,classic,1,8,no,rshift,761,1
cskvr,3,red,classic,1,9,no,lshift,744,1
cskvr,3,red,classic,1,3,no,lshift,629,1
cskvr,3,red,classic,0,1,no,rshift,533,1
cskvr,3,red,classic,1,4,no,rshift,500,1
cskvr,3,red,classic,1,6,no,rshift,1044,1
cskvr,3,red,classic,1,4,no,rshift,679,1
cskvr,3,red,classic,1,7,no,lshift,521,1
cskvr,3,red,classic,1,1,no,lshift,828,1
cskvr,3,red,classic,1,3,no,lshift,684,1
cskvr,3,red,classic,1,3,no,lshift,524,1
cskvr,3,red,classic,1,7,no,lshift,950,1
cskvr,3,red,classic,1,3,no,lshift,466,1
cskvr,3,red,classic,1,4,no,rshift,565,1
cskvr,3,red,classic,1,3,no,lshift,637,1
cskvr,3,red,classic,1,6,no,rshift,725,1
cskvr,3,red,classic,1,1,no,lshift,618,1
cskvr,3,red,classic,1,3,no,lshift,589,1
cskvr,3,red,classic,1,4,no,rshift,723,1
cskvr,3,red,classic,1,9,no,lshift,1217,1
cskvr,3,red,classic,1,2,no,rshift,544,1
cskvr,3,red,classic,1,8,no,rshift,553,1
cskvr,3,red,classic,1,3,no,lshift,1235,1
cskvr,3,red,classic,1,4,no,rshift,649,1
cskvr,3,red,classic,1,2,no,rshift,484,1
cskvr,3,red,classic,1,9,no,lshift,900,1
cskvr,3,red,classic,1,9,no,lshift,580,1
cskvr,3,red,classic,1,1,no,lshift,535,1
cskvr,3,red,classic,1,6,no,rshift,584,1
cskvr,3,red,classic,1,6,no,rshift,456,1
cskvr,3,red,classic,1,8,no,rshift,706,1
cskvr,3,red,classic,1,1,no,lshift,834,1
cskvr,3,red,classic,1,6,no,rshift,719,1
cskvr,3,red,classic,1,6,no,rshift,466,1
cskvr,3,red,classic,1,4,no,rshift,523,1
cskvr,3,red,classic,1,7,no,lshift,540,1
cskvr,3,red,classic,1,2,no,rshift,1350,1
cskvr,3,red,classic,1,3,no,lshift,569,1
cskvr,3,red,classic,1,6,no,rshift,668,1
cskvr,3,red,classic,1,8,no,rshift,679,1
cskvr,3,red,classic,1,8,no,rshift,551,1
cskvr,3,red,classic,1,7,no,lshift,753,1
cskvr,3,red,classic,1,6,no,rshift,514,1
cskvr,3,red,classic,1,9,no,lshift,802,1
cskvr,3,red,classic,1,6,no,rshift,601,1
cskvr,3,red,classic,1,9,no,lshift,968,1
cskvr,3,red,classic,1,3,no,lshift,618,1
cskvr,3,red,classic,1,4,no,rshift,485,1
cskvr,3,red,classic,1,7,no,lshift,1355,1
cskvr,3,red,classic,1,7,no,lshift,484,1
cskvr,3,red,classic,1,4,no,rshift,741,1
cskvr,3,red,classic,1,1,no,lshift,808,1
cskvr,3,red,classic,1,7,no,lshift,856,1
cskvr,3,red,classic,1,6,no,rshift,501,1
cskvr,3,red,classic,1,8,no,rshift,678,1
cskvr,3,red,classic,0,7,no,rshift,506,1
