ID_name,block,color,condition,correct_keyboard_response,number,practice,response_keyboard_response,response_time_keyboard_response,subject_nr
Greenballs,0,blue,dot,1,6,yes,rshift,1605,1
Greenballs,0,blue,dot,1,4,yes,rshift,469,1
Greenballs,0,blue,dot,0,7,yes,lshift,144,1
Greenballs,0,blue,dot,1,8,yes,rshift,586,1
Greenballs,0,red,dot,1,8,yes,lshift,475,1
Greenballs,0,red,dot,1,2,yes,lshift,567,1
Greenballs,0,blue,dot,1,3,yes,rshift,460,1
Greenballs,0,red,dot,1,7,yes,lshift,555,1
Greenballs,0,red,dot,1,6,yes,lshift,418,1
Greenballs,0,red,dot,1,4,yes,lshift,385,1
Greenballs,0,blue,dot,1,9,yes,rshift,470,1
Greenballs,0,blue,dot,1,2,yes,rshift,524,1
Greenballs,0,red,dot,1,1,yes,lshift,452,1
Greenballs,0,red,dot,1,9,yes,lshift,738,1
Greenballs,0,blue,dot,1,1,yes,rshift,387,1
Greenballs,0,red,dot,1,3,yes,lshift,691,1
Greenballs,1,blue,dot,1,6,no,rshift,377,1
Greenballs,1,blue,dot,1,7,no,rshift,141,1
Greenballs,1,blue,dot,0,3,no,lshift,234,1
Greenballs,1,blue,dot,1,9,no,rshift,475,1
Greenballs,1,red,dot,1,3,no,lshift,356,1
Greenballs,1,blue,dot,1,4,no,rshift,430,1
Greenballs,1,red,dot,1,8,no,lshift,343,1
Greenballs,1,red,dot,1,3,no,lshift,308,1
Greenballs,1,red,dot,1,1,no,lshift,259,1
Greenballs,1,red,dot,1,6,no,lshift,351,1
Greenballs,1,red,dot,1,9,no,lshift,358,1
Greenballs,1,blue,dot,1,9,no,rshift,4019,1
Greenballs,1,blue,dot,1,6,no,rshift,530,1
Greenballs,1,blue,dot,1,7,no,rshift,393,1
Greenballs,1,red,dot,1,2,no,lshift,400,1
Greenballs,1,red,dot,1,1,no,lshift,379,1
Greenballs,1,blue,dot,1,2,no,rshift,448,1
Greenballs,1,blue,dot,1,2,no,rshift,463,1
Greenballs,1,blue,dot,1,9,no,rshift,985,1
Greenballs,1,blue,dot,1,9,no,rshift,428,1
Greenballs,1,blue,dot,1,2,no,rshift,397,1
Greenballs,1,red,dot,1,1,no,lshift,7340,1
Greenballs,1,red,dot,1,3,no,lshift,3192,1
Greenballs,1,red,dot,1,3,no,lshift,1092,1
Greenballs,1,red,dot,1,4,no,lshift,1162,1
Greenballs,1,blue,dot,1,1,no,rshift,473,1
Greenballs,1,red,dot,0,6,no,rshift,607,1
Greenballs,1,blue,dot,1,4,no,rshift,436,1
Greenballs,1,blue,dot,1,2,no,rshift,419,1
Greenballs,1,blue,dot,1,7,no,rshift,8277,1
Greenballs,1,red,dot,1,1,no,lshift,364,1
Greenballs,1,blue,dot,1,3,no,rshift,446,1
Greenballs,1,blue,dot,1,9,no,rshift,696,1
Greenballs,1,red,dot,1,8,no,lshift,436,1
Greenballs,1,red,dot,1,1,no,lshift,421,1
Greenballs,1,blue,dot,1,7,no,rshift,527,1
Greenballs,1,red,dot,1,9,no,lshift,454,1
Greenballs,1,blue,dot,1,8,no,rshift,429,1
Greenballs,1,red,dot,1,1,no,lshift,453,1
Greenballs,1,red,dot,1,7,no,lshift,436,1
Greenballs,1,blue,dot,1,8,no,rshift,450,1
Greenballs,1,blue,dot,1,8,no,rshift,416,1
Greenballs,1,red,dot,1,1,no,lshift,319,1
Greenballs,1,red,dot,1,7,no,lshift,282,1
Greenballs,1,red,dot,1,4,no,lshift,354,1
Greenballs,1,red,dot,1,2,no,lshift,363,1
Greenballs,1,red,dot,1,4,no,lshift,423,1
Greenballs,1,red,dot,1,2,no,lshift,2131,1
Greenballs,1,blue,dot,1,7,no,rshift,375,1
Greenballs,1,blue,dot,1,1,no,rshift,319,1
Greenballs,1,red,dot,1,8,no,lshift,459,1
Greenballs,1,blue,dot,1,3,no,rshift,394,1
Greenballs,1,red,dot,1,9,no,lshift,498,1
Greenballs,1,red,dot,1,7,no,lshift,367,1
Greenballs,1,red,dot,1,4,no,lshift,330,1
Greenballs,1,red,dot,1,6,no,lshift,374,1
Greenballs,1,blue,dot,1,8,no,rshift,382,1
Greenballs,1,red,dot,1,9,no,lshift,474,1
Greenballs,1,red,dot,0,6,no,rshift,553,1
Greenballs,1,red,dot,1,8,no,lshift,590,1
Greenballs,1,red,dot,1,7,no,lshift,381,1
Greenballs,1,blue,dot,1,1,no,rshift,1883,1
Greenballs,1,red,dot,1,9,no,lshift,390,1
Greenballs,1,blue,dot,1,7,no,rshift,531,1
Greenballs,1,red,dot,1,6,no,lshift,262,1
Greenballs,1,blue,dot,0,4,no,lshift,190,1
Greenballs,1,blue,dot,1,9,no,rshift,401,1
Greenballs,1,red,dot,1,3,no,lshift,440,1
Greenballs,1,blue,dot,1,6,no,rshift,462,1
Greenballs,1,blue,dot,1,6,no,rshift,429,1
Greenballs,1,blue,dot,1,6,no,rshift,421,1
Greenballs,1,red,dot,1,4,no,lshift,490,1
Greenballs,1,blue,dot,1,9,no,rshift,570,1
Greenballs,1,red,dot,1,7,no,lshift,427,1
Greenballs,1,red,dot,1,2,no,lshift,470,1
Greenballs,1,red,dot,1,9,no,lshift,446,1
Greenballs,1,blue,dot,1,2,no,rshift,476,1
Greenballs,1,blue,dot,0,8,no,lshift,372,1
Greenballs,1,blue,dot,1,4,no,rshift,493,1
Greenballs,1,blue,dot,1,4,no,rshift,747,1
Greenballs,1,blue,dot,1,6,no,rshift,674,1
Greenballs,1,blue,dot,1,7,no,rshift,430,1
Greenballs,1,red,dot,1,4,no,lshift,471,1
Greenballs,1,red,dot,0,3,no,rshift,415,1
Greenballs,1,blue,dot,1,8,no,rshift,495,1
Greenballs,1,blue,dot,1,1,no,rshift,411,1
Greenballs,1,red,dot,1,7,no,lshift,981,1
Greenballs,1,red,dot,1,2,no,lshift,521,1
Greenballs,1,blue,dot,1,8,no,rshift,388,1
Greenballs,1,red,dot,1,8,no,lshift,375,1
Greenballs,1,blue,dot,1,2,no,rshift,397,1
Greenballs,1,red,dot,1,8,no,lshift,675,1
Greenballs,1,red,dot,1,1,no,lshift,341,1
Greenballs,1,red,dot,1,4,no,lshift,675,1
Greenballs,1,blue,dot,1,4,no,rshift,668,1
Greenballs,1,red,dot,1,4,no,lshift,402,1
Greenballs,1,blue,dot,1,9,no,rshift,574,1
Greenballs,1,blue,dot,1,1,no,rshift,402,1
Greenballs,1,red,dot,1,1,no,lshift,352,1
Greenballs,1,red,dot,1,7,no,lshift,389,1
Greenballs,1,blue,dot,1,3,no,rshift,247,1
Greenballs,1,red,dot,1,2,no,lshift,437,1
Greenballs,1,blue,dot,1,1,no,rshift,392,1
Greenballs,1,red,dot,1,7,no,lshift,547,1
Greenballs,1,red,dot,0,3,no,rshift,483,1
Greenballs,1,red,dot,1,9,no,lshift,699,1
Greenballs,1,blue,dot,1,4,no,rshift,400,1
Greenballs,1,blue,dot,1,3,no,rshift,421,1
Greenballs,1,red,dot,1,3,no,lshift,495,1
Greenballs,1,blue,dot,1,4,no,rshift,415,1
Greenballs,1,blue,dot,1,3,no,rshift,395,1
Greenballs,1,blue,dot,1,1,no,rshift,360,1
Greenballs,1,blue,dot,1,8,no,rshift,417,1
Greenballs,1,red,dot,0,3,no,rshift,264,1
Greenballs,1,red,dot,1,7,no,lshift,2439,1
Greenballs,1,red,dot,1,6,no,lshift,326,1
Greenballs,1,blue,dot,1,1,no,rshift,464,1
Greenballs,1,blue,dot,1,2,no,rshift,356,1
Greenballs,1,red,dot,1,4,no,lshift,589,1
Greenballs,1,red,dot,1,4,no,lshift,390,1
Greenballs,1,blue,dot,1,4,no,rshift,385,1
Greenballs,1,blue,dot,1,8,no,rshift,572,1
Greenballs,1,blue,dot,1,3,no,rshift,327,1
Greenballs,1,red,dot,1,1,no,lshift,286,1
Greenballs,1,red,dot,1,6,no,lshift,336,1
Greenballs,1,red,dot,1,9,no,lshift,289,1
Greenballs,1,red,dot,1,2,no,lshift,380,1
Greenballs,1,blue,dot,1,9,no,rshift,2655,1
Greenballs,1,red,dot,0,8,no,rshift,363,1
Greenballs,1,red,dot,1,8,no,lshift,374,1
Greenballs,1,red,dot,1,6,no,lshift,304,1
Greenballs,1,red,dot,1,2,no,lshift,361,1
Greenballs,1,red,dot,1,6,no,lshift,429,1
Greenballs,1,red,dot,1,7,no,lshift,422,1
Greenballs,1,red,dot,1,3,no,lshift,531,1
Greenballs,1,red,dot,1,9,no,lshift,315,1
Greenballs,1,blue,dot,1,4,no,rshift,326,1
Greenballs,1,blue,dot,1,2,no,rshift,575,1
Greenballs,1,red,dot,1,9,no,lshift,949,1
Greenballs,1,blue,dot,1,9,no,rshift,307,1
Greenballs,1,red,dot,1,8,no,lshift,344,1
Greenballs,1,blue,dot,1,3,no,rshift,467,1
Greenballs,1,blue,dot,0,6,no,lshift,366,1
Greenballs,1,blue,dot,1,6,no,rshift,441,1
Greenballs,1,red,dot,1,6,no,lshift,495,1
Greenballs,1,blue,dot,1,2,no,rshift,621,1
Greenballs,1,blue,dot,1,3,no,rshift,422,1
Greenballs,1,blue,dot,1,7,no,rshift,471,1
Greenballs,1,red,dot,1,2,no,lshift,412,1
Greenballs,1,red,dot,1,2,no,lshift,358,1
Greenballs,1,blue,dot,1,6,no,rshift,422,1
Greenballs,1,blue,dot,1,7,no,rshift,363,1
Greenballs,1,blue,dot,1,1,no,rshift,323,1
Greenballs,1,blue,dot,1,6,no,rshift,338,1
Greenballs,1,blue,dot,1,1,no,rshift,303,1
Greenballs,1,blue,dot,1,2,no,rshift,899,1
Greenballs,1,blue,dot,1,7,no,rshift,230,1
Greenballs,1,blue,dot,1,8,no,rshift,256,1
Greenballs,1,blue,dot,1,3,no,rshift,201,1
Greenballs,1,red,dot,0,8,no,rshift,198,1
Greenballs,2,red,dot,1,3,no,lshift,1063,1
Greenballs,2,red,dot,1,9,no,lshift,770,1
Greenballs,2,red,dot,1,7,no,lshift,243,1
Greenballs,2,red,dot,1,7,no,lshift,275,1
Greenballs,2,red,dot,1,9,no,lshift,411,1
Greenballs,2,blue,dot,1,9,no,rshift,1267,1
Greenballs,2,blue,dot,1,2,no,rshift,265,1
Greenballs,2,red,dot,1,2,no,lshift,544,1
Greenballs,2,red,dot,1,4,no,lshift,725,1
Greenballs,2,red,dot,1,1,no,lshift,410,1
Greenballs,2,red,dot,1,4,no,lshift,399,1
Greenballs,2,blue,dot,1,4,no,rshift,361,1
Greenballs,2,red,dot,1,8,no,lshift,333,1
Greenballs,2,blue,dot,0,7,no,lshift,376,1
Greenballs,2,red,dot,1,6,no,lshift,476,1
Greenballs,2,red,dot,1,8,no,lshift,555,1
Greenballs,2,red,dot,1,6,no,lshift,327,1
Greenballs,2,blue,dot,1,1,no,rshift,1770,1
Greenballs,2,blue,dot,1,6,no,rshift,401,1
Greenballs,2,blue,dot,0,8,no,lshift,318,1
Greenballs,2,blue,dot,1,6,no,rshift,429,1
Greenballs,2,red,dot,1,7,no,lshift,370,1
Greenballs,2,blue,dot,1,1,no,rshift,654,1
Greenballs,2,blue,dot,1,2,no,rshift,442,1
Greenballs,2,red,dot,1,6,no,lshift,386,1
Greenballs,2,red,dot,1,9,no,lshift,353,1
Greenballs,2,red,dot,1,2,no,lshift,517,1
Greenballs,2,red,dot,1,4,no,lshift,347,1
Greenballs,2,blue,dot,1,6,no,rshift,362,1
Greenballs,2,blue,dot,1,9,no,rshift,309,1
Greenballs,2,blue,dot,1,7,no,rshift,279,1
Greenballs,2,blue,dot,1,2,no,rshift,265,1
Greenballs,2,blue,dot,0,3,no,lshift,88,1
Greenballs,2,blue,dot,1,3,no,rshift,580,1
Greenballs,2,red,dot,1,2,no,lshift,414,1
Greenballs,2,blue,dot,1,1,no,rshift,377,1
Greenballs,2,red,dot,1,6,no,lshift,547,1
Greenballs,2,red,dot,1,8,no,lshift,479,1
Greenballs,2,blue,dot,1,9,no,rshift,485,1
Greenballs,2,red,dot,1,2,no,lshift,617,1
Greenballs,2,blue,dot,1,4,no,rshift,370,1
Greenballs,2,red,dot,1,8,no,lshift,454,1
Greenballs,2,blue,dot,1,9,no,rshift,406,1
Greenballs,2,blue,dot,1,3,no,rshift,396,1
Greenballs,2,red,dot,1,1,no,lshift,335,1
Greenballs,2,blue,dot,1,6,no,rshift,1024,1
Greenballs,2,blue,dot,1,8,no,rshift,843,1
Greenballs,2,red,dot,1,8,no,lshift,508,1
Greenballs,2,red,dot,1,3,no,lshift,508,1
Greenballs,2,blue,dot,1,6,no,rshift,417,1
Greenballs,2,blue,dot,1,1,no,rshift,466,1
Greenballs,2,red,dot,1,9,no,lshift,338,1
Greenballs,2,red,dot,1,2,no,lshift,379,1
Greenballs,2,red,dot,1,2,no,lshift,358,1
Greenballs,2,blue,dot,1,8,no,rshift,380,1
Greenballs,2,blue,dot,1,7,no,rshift,362,1
Greenballs,2,red,dot,1,6,no,lshift,810,1
Greenballs,2,blue,dot,1,9,no,rshift,492,1
Greenballs,2,blue,dot,1,8,no,rshift,387,1
Greenballs,2,red,dot,1,6,no,lshift,394,1
Greenballs,2,red,dot,1,3,no,lshift,357,1
Greenballs,2,red,dot,1,8,no,lshift,502,1
Greenballs,2,blue,dot,1,4,no,rshift,494,1
Greenballs,2,blue,dot,1,7,no,rshift,481,1
Greenballs,2,red,dot,1,6,no,lshift,860,1
Greenballs,2,red,dot,1,9,no,lshift,340,1
Greenballs,2,red,dot,1,8,no,lshift,329,1
Greenballs,2,red,dot,1,2,no,lshift,378,1
Greenballs,2,red,dot,1,2,no,lshift,552,1
Greenballs,2,red,dot,1,9,no,lshift,788,1
Greenballs,2,red,dot,1,9,no,lshift,474,1
Greenballs,2,red,dot,1,1,no,lshift,395,1
Greenballs,2,red,dot,0,3,no,rshift,144,1
Greenballs,2,blue,dot,1,7,no,rshift,523,1
Greenballs,2,blue,dot,1,7,no,rshift,245,1
Greenballs,2,blue,dot,1,3,no,rshift,217,1
Greenballs,2,blue,dot,0,1,no,lshift,106,1
Greenballs,2,blue,dot,1,3,no,rshift,504,1
Greenballs,2,blue,dot,1,3,no,rshift,324,1
Greenballs,2,blue,dot,1,3,no,rshift,355,1
Greenballs,2,blue,dot,0,6,no,lshift,166,1
Greenballs,2,red,dot,1,3,no,lshift,256,1
Greenballs,2,red,dot,1,4,no,lshift,215,1
Greenballs,2,red,dot,1,7,no,lshift,267,1
Greenballs,2,blue,dot,1,8,no,rshift,365,1
Greenballs,2,red,dot,1,1,no,lshift,970,1
Greenballs,2,blue,dot,1,6,no,rshift,662,1
Greenballs,2,blue,dot,1,7,no,rshift,345,1
Greenballs,2,red,dot,1,3,no,lshift,901,1
Greenballs,2,blue,dot,1,7,no,rshift,442,1
Greenballs,2,blue,dot,1,9,no,rshift,395,1
Greenballs,2,red,dot,1,8,no,lshift,306,1
Greenballs,2,blue,dot,1,8,no,rshift,647,1
Greenballs,2,blue,dot,1,2,no,rshift,363,1
Greenballs,2,blue,dot,1,1,no,rshift,523,1
Greenballs,2,red,dot,1,1,no,lshift,370,1
Greenballs,2,red,dot,1,4,no,lshift,532,1
Greenballs,2,blue,dot,1,8,no,rshift,322,1
Greenballs,2,blue,dot,1,4,no,rshift,720,1
Greenballs,2,red,dot,1,3,no,lshift,368,1
Greenballs,2,red,dot,1,4,no,lshift,371,1
Greenballs,2,blue,dot,1,4,no,rshift,554,1
Greenballs,2,blue,dot,1,6,no,rshift,376,1
Greenballs,2,blue,dot,1,4,no,rshift,330,1
Greenballs,2,red,dot,1,8,no,lshift,340,1
Greenballs,2,red,dot,0,3,no,rshift,369,1
Greenballs,2,blue,dot,1,6,no,rshift,405,1
Greenballs,2,blue,dot,1,6,no,rshift,359,1
Greenballs,2,blue,dot,1,3,no,rshift,568,1
Greenballs,2,red,dot,1,1,no,lshift,378,1
Greenballs,2,blue,dot,1,2,no,rshift,382,1
Greenballs,2,blue,dot,1,4,no,rshift,411,1
Greenballs,2,blue,dot,1,8,no,rshift,372,1
Greenballs,2,blue,dot,1,1,no,rshift,357,1
Greenballs,2,red,dot,1,1,no,lshift,1052,1
Greenballs,2,blue,dot,1,4,no,rshift,508,1
Greenballs,2,red,dot,0,4,no,rshift,318,1
Greenballs,2,red,dot,1,4,no,lshift,500,1
Greenballs,2,blue,dot,1,2,no,rshift,343,1
Greenballs,2,blue,dot,1,8,no,rshift,280,1
Greenballs,2,blue,dot,1,2,no,rshift,410,1
Greenballs,2,blue,dot,0,1,no,lshift,322,1
Greenballs,2,red,dot,1,4,no,lshift,345,1
Greenballs,2,red,dot,1,1,no,lshift,366,1
Greenballs,2,red,dot,1,8,no,lshift,362,1
Greenballs,2,red,dot,1,9,no,lshift,599,1
Greenballs,2,blue,dot,1,7,no,rshift,651,1
Greenballs,2,red,dot,1,7,no,lshift,579,1
Greenballs,2,red,dot,0,2,no,rshift,698,1
Greenballs,2,blue,dot,1,9,no,rshift,347,1
Greenballs,2,blue,dot,1,1,no,rshift,289,1
Greenballs,2,blue,dot,1,9,no,rshift,351,1
Greenballs,2,red,dot,1,9,no,lshift,362,1
Greenballs,2,blue,dot,1,8,no,rshift,658,1
Greenballs,2,red,dot,1,7,no,lshift,364,1
Greenballs,2,blue,dot,1,4,no,rshift,524,1
Greenballs,2,red,dot,0,3,no,rshift,430,1
Greenballs,2,red,dot,1,7,no,lshift,423,1
Greenballs,2,red,dot,1,7,no,lshift,416,1
Greenballs,2,red,dot,1,3,no,lshift,276,1
Greenballs,2,blue,dot,1,4,no,rshift,361,1
Greenballs,2,red,dot,1,1,no,lshift,271,1
Greenballs,2,blue,dot,1,1,no,rshift,879,1
Greenballs,2,red,dot,1,1,no,lshift,683,1
Greenballs,2,red,dot,1,6,no,lshift,2032,1
Greenballs,2,blue,dot,1,9,no,rshift,2981,1
Greenballs,2,blue,dot,1,3,no,rshift,419,1
Greenballs,2,red,dot,1,9,no,lshift,308,1
Greenballs,2,red,dot,1,2,no,lshift,223,1
Greenballs,2,red,dot,1,6,no,lshift,383,1
Greenballs,2,red,dot,1,6,no,lshift,284,1
Greenballs,2,blue,dot,1,2,no,rshift,339,1
Greenballs,2,red,dot,1,7,no,lshift,596,1
Greenballs,2,blue,dot,1,7,no,rshift,422,1
Greenballs,2,blue,dot,1,9,no,rshift,358,1
Greenballs,2,blue,dot,1,2,no,rshift,323,1
Greenballs,2,blue,dot,1,3,no,rshift,391,1
Greenballs,2,red,dot,1,7,no,lshift,364,1
Greenballs,2,red,dot,1,4,no,lshift,355,1
Greenballs,2,blue,dot,1,2,no,rshift,644,1
Greenballs,3,blue,dot,1,9,no,rshift,305,1
Greenballs,3,blue,dot,1,6,no,rshift,310,1
Greenballs,3,blue,dot,1,9,no,rshift,529,1
Greenballs,3,red,dot,1,8,no,lshift,645,1
Greenballs,3,red,dot,1,2,no,lshift,354,1
Greenballs,3,red,dot,1,3,no,lshift,393,1
Greenballs,3,blue,dot,1,6,no,rshift,544,1
Greenballs,3,red,dot,1,2,no,lshift,340,1
Greenballs,3,blue,dot,1,7,no,rshift,394,1
Greenballs,3,blue,dot,1,6,no,rshift,301,1
Greenballs,3,blue,dot,1,8,no,rshift,299,1
Greenballs,3,blue,dot,1,1,no,rshift,330,1
Greenballs,3,red,dot,1,6,no,lshift,341,1
Greenballs,3,blue,dot,1,4,no,rshift,543,1
Greenballs,3,blue,dot,1,2,no,rshift,398,1
Greenballs,3,red,dot,1,4,no,lshift,359,1
Greenballs,3,red,dot,1,6,no,lshift,400,1
Greenballs,3,red,dot,1,6,no,lshift,430,1
Greenballs,3,red,dot,1,8,no,lshift,478,1
Greenballs,3,blue,dot,1,9,no,rshift,764,1
Greenballs,3,red,dot,1,1,no,lshift,319,1
Greenballs,3,red,dot,1,3,no,lshift,523,1
Greenballs,3,blue,dot,1,4,no,rshift,379,1
Greenballs,3,blue,dot,1,3,no,rshift,460,1
Greenballs,3,red,dot,1,8,no,lshift,829,1
Greenballs,3,red,dot,1,2,no,lshift,333,1
Greenballs,3,blue,dot,1,1,no,rshift,514,1
Greenballs,3,blue,dot,1,8,no,rshift,624,1
Greenballs,3,red,dot,1,3,no,lshift,1451,1
Greenballs,3,blue,dot,1,1,no,rshift,517,1
Greenballs,3,blue,dot,1,8,no,rshift,339,1
Greenballs,3,red,dot,1,7,no,lshift,349,1
Greenballs,3,red,dot,1,4,no,lshift,305,1
Greenballs,3,red,dot,1,1,no,lshift,320,1
Greenballs,3,red,dot,1,2,no,lshift,350,1
Greenballs,3,blue,dot,1,2,no,rshift,320,1
Greenballs,3,blue,dot,1,8,no,rshift,433,1
Greenballs,3,red,dot,1,9,no,lshift,379,1
Greenballs,3,blue,dot,1,2,no,rshift,426,1
Greenballs,3,red,dot,1,3,no,lshift,347,1
Greenballs,3,blue,dot,1,6,no,rshift,294,1
Greenballs,3,blue,dot,1,7,no,rshift,504,1
Greenballs,3,red,dot,1,6,no,lshift,478,1
Greenballs,3,red,dot,1,3,no,lshift,781,1
Greenballs,3,blue,dot,1,2,no,rshift,354,1
Greenballs,3,red,dot,1,1,no,lshift,680,1
Greenballs,3,red,dot,1,6,no,lshift,806,1
Greenballs,3,blue,dot,1,7,no,rshift,403,1
Greenballs,3,red,dot,1,2,no,lshift,405,1
Greenballs,3,red,dot,1,4,no,lshift,468,1
Greenballs,3,red,dot,1,3,no,lshift,430,1
Greenballs,3,blue,dot,1,2,no,rshift,591,1
Greenballs,3,blue,dot,1,8,no,rshift,438,1
Greenballs,3,blue,dot,1,7,no,rshift,430,1
Greenballs,3,blue,dot,1,7,no,rshift,552,1
Greenballs,3,blue,dot,1,2,no,rshift,360,1
Greenballs,3,blue,dot,1,4,no,rshift,802,1
Greenballs,3,blue,dot,1,3,no,rshift,453,1
Greenballs,3,red,dot,1,7,no,lshift,415,1
Greenballs,3,red,dot,1,9,no,lshift,962,1
Greenballs,3,red,dot,1,7,no,lshift,713,1
Greenballs,3,red,dot,1,7,no,lshift,391,1
Greenballs,3,red,dot,1,1,no,lshift,399,1
Greenballs,3,red,dot,1,6,no,lshift,925,1
Greenballs,3,red,dot,1,9,no,lshift,336,1
Greenballs,3,red,dot,0,1,no,rshift,357,1
Greenballs,3,blue,dot,1,6,no,rshift,381,1
Greenballs,3,red,dot,1,6,no,lshift,1046,1
Greenballs,3,blue,dot,1,9,no,rshift,754,1
Greenballs,3,red,dot,1,7,no,lshift,1587,1
Greenballs,3,red,dot,1,4,no,lshift,3157,1
Greenballs,3,blue,dot,1,3,no,rshift,1972,1
Greenballs,3,red,dot,1,6,no,lshift,732,1
Greenballs,3,blue,dot,1,4,no,rshift,1041,1
Greenballs,3,red,dot,1,2,no,lshift,340,1
Greenballs,3,blue,dot,1,1,no,rshift,513,1
Greenballs,3,red,dot,1,3,no,lshift,875,1
Greenballs,3,red,dot,1,1,no,lshift,310,1
Greenballs,3,blue,dot,1,9,no,rshift,509,1
Greenballs,3,blue,dot,1,6,no,rshift,591,1
Greenballs,3,blue,dot,1,1,no,rshift,552,1
Greenballs,3,red,dot,0,2,no,rshift,186,1
Greenballs,3,red,dot,1,2,no,lshift,829,1
Greenballs,3,blue,dot,1,6,no,rshift,412,1
Greenballs,3,blue,dot,1,4,no,rshift,446,1
Greenballs,3,blue,dot,0,8,no,lshift,489,1
Greenballs,3,blue,dot,1,6,no,rshift,395,1
Greenballs,3,blue,dot,1,6,no,rshift,383,1
Greenballs,3,blue,dot,0,1,no,lshift,242,1
Greenballs,3,blue,dot,1,2,no,rshift,209,1
Greenballs,3,blue,dot,1,7,no,rshift,393,1
Greenballs,3,blue,dot,1,7,no,rshift,232,1
Greenballs,3,red,dot,1,8,no,lshift,391,1
Greenballs,3,red,dot,0,4,no,rshift,283,1
Greenballs,3,red,dot,1,4,no,lshift,441,1
Greenballs,3,red,dot,1,8,no,lshift,439,1
Greenballs,3,red,dot,1,7,no,lshift,724,1
Greenballs,3,blue,dot,1,8,no,rshift,555,1
Greenballs,3,red,dot,1,8,no,lshift,421,1
Greenballs,3,blue,dot,0,8,no,lshift,351,1
Greenballs,3,red,dot,1,9,no,lshift,428,1
Greenballs,3,red,dot,1,8,no,lshift,309,1
Greenballs,3,red,dot,1,7,no,lshift,249,1
Greenballs,3,blue,dot,1,3,no,rshift,617,1
Greenballs,3,blue,dot,1,3,no,rshift,381,1
Greenballs,3,red,dot,1,1,no,lshift,488,1
Greenballs,3,red,dot,1,1,no,lshift,312,1
Greenballs,3,blue,dot,1,8,no,rshift,341,1
Greenballs,3,blue,dot,0,9,no,lshift,333,1
Greenballs,3,blue,dot,1,4,no,rshift,451,1
Greenballs,3,blue,dot,1,9,no,rshift,354,1
Greenballs,3,red,dot,1,3,no,lshift,373,1
Greenballs,3,red,dot,0,8,no,rshift,424,1
Greenballs,3,blue,dot,1,8,no,rshift,450,1
Greenballs,3,blue,dot,1,1,no,rshift,470,1
Greenballs,3,red,dot,1,4,no,lshift,458,1
Greenballs,3,blue,dot,1,1,no,rshift,495,1
Greenballs,3,blue,dot,1,3,no,rshift,627,1
Greenballs,3,blue,dot,1,2,no,rshift,419,1
Greenballs,3,red,dot,1,9,no,lshift,963,1
Greenballs,3,blue,dot,1,9,no,rshift,340,1
Greenballs,3,blue,dot,1,1,no,rshift,414,1
Greenballs,3,red,dot,1,6,no,lshift,300,1
Greenballs,3,red,dot,1,1,no,lshift,438,1
Greenballs,3,blue,dot,1,3,no,rshift,345,1
Greenballs,3,red,dot,1,4,no,lshift,566,1
Greenballs,3,red,dot,0,2,no,rshift,394,1
Greenballs,3,red,dot,1,4,no,lshift,450,1
Greenballs,3,blue,dot,1,4,no,rshift,431,1
Greenballs,3,red,dot,1,8,no,lshift,1122,1
Greenballs,3,blue,dot,1,4,no,rshift,697,1
Greenballs,3,red,dot,1,1,no,lshift,838,1
Greenballs,3,red,dot,1,4,no,lshift,1011,1
Greenballs,3,red,dot,1,2,no,lshift,652,1
Greenballs,3,blue,dot,1,4,no,rshift,225,1
Greenballs,3,red,dot,1,3,no,lshift,364,1
Greenballs,3,red,dot,1,8,no,lshift,260,1
Greenballs,3,blue,dot,0,2,no,lshift,133,1
Greenballs,3,blue,dot,1,7,no,rshift,387,1
Greenballs,3,blue,dot,1,7,no,rshift,365,1
Greenballs,3,blue,dot,1,3,no,rshift,365,1
Greenballs,3,blue,dot,1,9,no,rshift,250,1
Greenballs,3,red,dot,1,7,no,lshift,256,1
Greenballs,3,red,dot,1,7,no,lshift,344,1
Greenballs,3,blue,dot,1,9,no,rshift,382,1
Greenballs,3,blue,dot,1,2,no,rshift,300,1
Greenballs,3,blue,dot,1,3,no,rshift,367,1
Greenballs,3,blue,dot,1,6,no,rshift,406,1
Greenballs,3,blue,dot,1,1,no,rshift,326,1
Greenballs,3,red,dot,1,3,no,lshift,503,1
Greenballs,3,red,dot,1,9,no,lshift,271,1
Greenballs,3,red,dot,1,9,no,lshift,311,1
Greenballs,3,red,dot,1,6,no,lshift,334,1
Greenballs,3,red,dot,1,9,no,lshift,371,1
Greenballs,3,blue,dot,1,3,no,rshift,332,1
Greenballs,3,blue,dot,1,4,no,rshift,282,1
Greenballs,3,red,dot,1,9,no,lshift,430,1
Greenballs,3,red,dot,1,9,no,lshift,576,1
Greenballs,3,red,dot,1,7,no,lshift,315,1
Greenballs,3,blue,dot,1,7,no,rshift,381,1
Greenballs,0,blue,arab,1,2,yes,rshift,569,1
Greenballs,0,red,arab,0,3,yes,rshift,258,1
Greenballs,0,blue,arab,1,9,yes,rshift,453,1
Greenballs,0,blue,arab,1,1,yes,rshift,503,1
Greenballs,0,red,arab,1,7,yes,lshift,343,1
Greenballs,0,blue,arab,1,4,yes,rshift,394,1
Greenballs,0,blue,arab,1,3,yes,rshift,449,1
Greenballs,0,blue,arab,1,6,yes,rshift,775,1
Greenballs,0,blue,arab,1,7,yes,rshift,303,1
Greenballs,0,red,arab,1,9,yes,lshift,307,1
Greenballs,0,red,arab,1,4,yes,lshift,271,1
Greenballs,0,red,arab,1,8,yes,lshift,358,1
Greenballs,0,blue,arab,0,8,yes,lshift,447,1
Greenballs,0,red,arab,1,6,yes,lshift,359,1
Greenballs,0,red,arab,1,1,yes,lshift,653,1
Greenballs,0,red,arab,1,2,yes,lshift,342,1
Greenballs,1,blue,arab,1,4,no,rshift,867,1
Greenballs,1,blue,arab,1,9,no,rshift,350,1
Greenballs,1,blue,arab,1,4,no,rshift,245,1
Greenballs,1,red,arab,1,2,no,lshift,317,1
Greenballs,1,blue,arab,1,9,no,rshift,410,1
Greenballs,1,red,arab,0,9,no,rshift,234,1
Greenballs,1,red,arab,1,3,no,lshift,312,1
Greenballs,1,red,arab,1,8,no,lshift,315,1
Greenballs,1,red,arab,1,8,no,lshift,281,1
Greenballs,1,blue,arab,0,2,no,lshift,118,1
Greenballs,1,blue,arab,1,6,no,rshift,101,1
Greenballs,1,red,arab,0,3,no,rshift,117,1
Greenballs,1,blue,arab,0,3,no,lshift,196,1
Greenballs,1,red,arab,1,1,no,lshift,327,1
Greenballs,1,blue,arab,1,4,no,rshift,309,1
Greenballs,1,blue,arab,1,3,no,rshift,233,1
Greenballs,1,blue,arab,1,1,no,rshift,89,1
Greenballs,1,blue,arab,1,8,no,rshift,120,1
Greenballs,1,blue,arab,0,6,no,lshift,123,1
Greenballs,1,red,arab,1,6,no,lshift,175,1
Greenballs,1,red,arab,0,6,no,rshift,131,1
Greenballs,1,blue,arab,1,3,no,rshift,569,1
Greenballs,1,red,arab,0,6,no,rshift,207,1
Greenballs,1,blue,arab,0,1,no,lshift,361,1
Greenballs,1,red,arab,1,9,no,lshift,470,1
Greenballs,1,blue,arab,1,8,no,rshift,502,1
Greenballs,1,blue,arab,1,4,no,rshift,401,1
Greenballs,1,blue,arab,1,3,no,rshift,200,1
Greenballs,1,red,arab,1,7,no,lshift,381,1
Greenballs,1,red,arab,1,8,no,lshift,563,1
Greenballs,1,red,arab,1,3,no,lshift,151,1
Greenballs,1,red,arab,1,7,no,lshift,171,1
Greenballs,1,red,arab,1,8,no,lshift,68,1
Greenballs,1,blue,arab,1,9,no,rshift,801,1
Greenballs,1,red,arab,0,2,no,rshift,192,1
Greenballs,1,red,arab,1,3,no,lshift,422,1
Greenballs,1,red,arab,1,1,no,lshift,120,1
Greenballs,1,blue,arab,1,7,no,rshift,268,1
Greenballs,1,red,arab,0,4,no,rshift,221,1
Greenballs,1,blue,arab,1,2,no,rshift,339,1
Greenballs,1,red,arab,1,4,no,lshift,229,1
Greenballs,1,blue,arab,0,7,no,lshift,227,1
Greenballs,1,red,arab,0,9,no,rshift,175,1
Greenballs,1,blue,arab,1,9,no,rshift,218,1
Greenballs,1,blue,arab,1,6,no,rshift,156,1
Greenballs,1,red,arab,0,2,no,rshift,130,1
Greenballs,1,red,arab,1,7,no,lshift,351,1
Greenballs,1,blue,arab,0,7,no,lshift,135,1
Greenballs,1,blue,arab,0,2,no,lshift,237,1
Greenballs,1,red,arab,1,8,no,lshift,183,1
Greenballs,1,blue,arab,1,4,no,rshift,210,1
Greenballs,1,red,arab,1,1,no,lshift,669,1
Greenballs,1,red,arab,1,7,no,lshift,272,1
Greenballs,1,blue,arab,0,7,no,lshift,259,1
Greenballs,1,blue,arab,1,4,no,rshift,535,1
Greenballs,1,red,arab,0,2,no,rshift,320,1
Greenballs,1,red,arab,0,2,no,rshift,242,1
Greenballs,1,blue,arab,1,1,no,rshift,388,1
Greenballs,1,blue,arab,1,8,no,rshift,209,1
Greenballs,1,blue,arab,1,2,no,rshift,1298,1
Greenballs,1,red,arab,0,6,no,rshift,223,1
Greenballs,1,blue,arab,1,9,no,rshift,296,1
Greenballs,1,red,arab,1,1,no,lshift,426,1
Greenballs,1,blue,arab,1,3,no,rshift,644,1
Greenballs,1,red,arab,1,9,no,lshift,362,1
Greenballs,1,red,arab,1,6,no,lshift,275,1
Greenballs,1,red,arab,1,3,no,lshift,317,1
Greenballs,1,red,arab,1,7,no,lshift,391,1
Greenballs,1,blue,arab,1,8,no,rshift,392,1
Greenballs,1,blue,arab,1,8,no,rshift,367,1
Greenballs,1,blue,arab,1,9,no,rshift,340,1
Greenballs,1,red,arab,1,1,no,lshift,245,1
Greenballs,1,blue,arab,0,6,no,lshift,388,1
Greenballs,1,red,arab,0,9,no,rshift,408,1
Greenballs,1,blue,arab,1,2,no,rshift,637,1
Greenballs,1,red,arab,1,3,no,lshift,383,1
Greenballs,1,blue,arab,1,4,no,rshift,376,1
Greenballs,1,blue,arab,1,9,no,rshift,299,1
Greenballs,1,blue,arab,1,7,no,rshift,254,1
Greenballs,1,red,arab,1,7,no,lshift,373,1
Greenballs,1,red,arab,1,1,no,lshift,195,1
Greenballs,1,red,arab,1,9,no,lshift,206,1
Greenballs,1,red,arab,1,3,no,lshift,455,1
Greenballs,1,red,arab,1,6,no,lshift,390,1
Greenballs,1,blue,arab,1,6,no,rshift,569,1
Greenballs,1,red,arab,1,7,no,lshift,312,1
Greenballs,1,red,arab,1,4,no,lshift,301,1
Greenballs,1,blue,arab,1,9,no,rshift,406,1
Greenballs,1,red,arab,1,6,no,lshift,269,1
Greenballs,1,blue,arab,1,8,no,rshift,293,1
Greenballs,1,red,arab,1,7,no,lshift,344,1
Greenballs,1,blue,arab,0,1,no,lshift,370,1
Greenballs,1,red,arab,1,9,no,lshift,242,1
Greenballs,1,red,arab,1,3,no,lshift,467,1
Greenballs,1,red,arab,0,2,no,rshift,203,1
Greenballs,1,blue,arab,0,6,no,lshift,331,1
Greenballs,1,blue,arab,0,3,no,lshift,248,1
Greenballs,1,red,arab,0,8,no,rshift,233,1
Greenballs,1,red,arab,1,8,no,lshift,882,1
Greenballs,1,red,arab,1,2,no,lshift,659,1
Greenballs,1,blue,arab,1,8,no,rshift,394,1
Greenballs,1,red,arab,1,4,no,lshift,940,1
Greenballs,1,red,arab,1,2,no,lshift,745,1
Greenballs,1,blue,arab,1,9,no,rshift,306,1
Greenballs,1,red,arab,1,8,no,lshift,1110,1
Greenballs,1,blue,arab,1,6,no,rshift,330,1
Greenballs,1,blue,arab,1,7,no,rshift,407,1
Greenballs,1,red,arab,1,4,no,lshift,1037,1
Greenballs,1,blue,arab,1,7,no,rshift,597,1
Greenballs,1,red,arab,1,4,no,lshift,1107,1
Greenballs,1,blue,arab,1,3,no,rshift,448,1
Greenballs,1,blue,arab,1,6,no,rshift,538,1
Greenballs,1,red,arab,1,1,no,lshift,1048,1
Greenballs,1,blue,arab,1,2,no,rshift,314,1
Greenballs,1,red,arab,1,4,no,lshift,468,1
Greenballs,1,red,arab,1,9,no,lshift,367,1
Greenballs,1,red,arab,1,2,no,lshift,400,1
Greenballs,1,red,arab,1,6,no,lshift,346,1
Greenballs,1,red,arab,1,9,no,lshift,246,1
Greenballs,1,blue,arab,1,2,no,rshift,472,1
Greenballs,1,red,arab,0,6,no,rshift,250,1
Greenballs,1,blue,arab,1,7,no,rshift,359,1
Greenballs,1,blue,arab,0,8,no,lshift,154,1
Greenballs,1,red,arab,1,8,no,lshift,352,1
Greenballs,1,blue,arab,1,7,no,rshift,592,1
Greenballs,1,red,arab,1,4,no,lshift,398,1
Greenballs,1,red,arab,1,3,no,lshift,424,1
Greenballs,1,red,arab,1,8,no,lshift,401,1
Greenballs,1,blue,arab,0,1,no,lshift,355,1
Greenballs,1,red,arab,1,9,no,lshift,530,1
Greenballs,1,red,arab,1,1,no,lshift,308,1
Greenballs,1,blue,arab,1,4,no,rshift,241,1
Greenballs,1,blue,arab,1,3,no,rshift,693,1
Greenballs,1,red,arab,1,6,no,lshift,417,1
Greenballs,1,blue,arab,1,6,no,rshift,426,1
Greenballs,1,blue,arab,1,9,no,rshift,309,1
Greenballs,1,blue,arab,1,1,no,rshift,363,1
Greenballs,1,red,arab,1,1,no,lshift,383,1
Greenballs,1,blue,arab,0,1,no,lshift,264,1
Greenballs,1,blue,arab,1,4,no,rshift,214,1
Greenballs,1,red,arab,1,1,no,lshift,324,1
Greenballs,1,blue,arab,1,2,no,rshift,376,1
Greenballs,1,blue,arab,1,2,no,rshift,222,1
Greenballs,1,blue,arab,1,6,no,rshift,395,1
Greenballs,1,blue,arab,1,8,no,rshift,576,1
Greenballs,1,blue,arab,1,8,no,rshift,312,1
Greenballs,1,blue,arab,1,1,no,rshift,408,1
Greenballs,1,blue,arab,1,3,no,rshift,207,1
Greenballs,1,red,arab,1,2,no,lshift,463,1
Greenballs,1,red,arab,1,7,no,lshift,341,1
Greenballs,1,red,arab,1,3,no,lshift,762,1
Greenballs,1,blue,arab,1,1,no,rshift,361,1
Greenballs,1,blue,arab,1,7,no,rshift,381,1
Greenballs,1,blue,arab,1,1,no,rshift,353,1
Greenballs,1,blue,arab,1,3,no,rshift,446,1
Greenballs,1,red,arab,0,4,no,rshift,338,1
Greenballs,1,red,arab,1,7,no,lshift,2445,1
Greenballs,1,red,arab,1,4,no,lshift,255,1
Greenballs,1,blue,arab,0,2,no,lshift,194,1
Greenballs,1,blue,arab,1,4,no,rshift,341,1
Greenballs,2,red,arab,1,6,no,lshift,839,1
Greenballs,2,red,arab,1,7,no,lshift,340,1
Greenballs,2,blue,arab,1,4,no,rshift,460,1
Greenballs,2,red,arab,1,1,no,lshift,370,1
Greenballs,2,red,arab,1,6,no,lshift,547,1
Greenballs,2,blue,arab,0,2,no,lshift,237,1
Greenballs,2,blue,arab,1,3,no,rshift,273,1
Greenballs,2,blue,arab,1,9,no,rshift,325,1
Greenballs,2,red,arab,0,8,no,rshift,207,1
Greenballs,2,red,arab,1,2,no,lshift,381,1
Greenballs,2,blue,arab,1,1,no,rshift,387,1
Greenballs,2,red,arab,1,2,no,lshift,415,1
Greenballs,2,blue,arab,0,3,no,lshift,284,1
Greenballs,2,blue,arab,0,3,no,lshift,232,1
Greenballs,2,blue,arab,1,7,no,rshift,250,1
Greenballs,2,blue,arab,1,7,no,rshift,215,1
Greenballs,2,blue,arab,1,3,no,rshift,384,1
Greenballs,2,red,arab,1,6,no,lshift,309,1
Greenballs,2,blue,arab,1,4,no,rshift,838,1
Greenballs,2,red,arab,1,8,no,lshift,484,1
Greenballs,2,red,arab,1,9,no,lshift,311,1
Greenballs,2,blue,arab,1,6,no,rshift,360,1
Greenballs,2,red,arab,0,8,no,rshift,293,1
Greenballs,2,blue,arab,1,1,no,rshift,355,1
Greenballs,2,blue,arab,1,2,no,rshift,314,1
Greenballs,2,red,arab,1,7,no,lshift,513,1
Greenballs,2,red,arab,1,7,no,lshift,482,1
Greenballs,2,red,arab,1,6,no,lshift,250,1
Greenballs,2,red,arab,1,1,no,lshift,170,1
Greenballs,2,red,arab,1,9,no,lshift,308,1
Greenballs,2,red,arab,1,8,no,lshift,302,1
Greenballs,2,blue,arab,0,6,no,lshift,221,1
Greenballs,2,blue,arab,1,6,no,rshift,323,1
Greenballs,2,blue,arab,1,3,no,rshift,336,1
Greenballs,2,blue,arab,1,6,no,rshift,346,1
Greenballs,2,blue,arab,1,7,no,rshift,179,1
Greenballs,2,red,arab,1,2,no,lshift,443,1
Greenballs,2,blue,arab,1,9,no,rshift,260,1
Greenballs,2,red,arab,0,4,no,rshift,299,1
Greenballs,2,blue,arab,0,9,no,lshift,325,1
Greenballs,2,red,arab,1,1,no,lshift,587,1
Greenballs,2,blue,arab,1,2,no,rshift,321,1
Greenballs,2,blue,arab,1,2,no,rshift,640,1
Greenballs,2,red,arab,1,1,no,lshift,360,1
Greenballs,2,red,arab,1,8,no,lshift,435,1
Greenballs,2,blue,arab,1,7,no,rshift,419,1
Greenballs,2,red,arab,1,9,no,lshift,358,1
Greenballs,2,blue,arab,1,9,no,rshift,1133,1
Greenballs,2,red,arab,1,4,no,lshift,480,1
Greenballs,2,blue,arab,1,6,no,rshift,467,1
Greenballs,2,red,arab,1,2,no,lshift,395,1
Greenballs,2,red,arab,1,1,no,lshift,497,1
Greenballs,2,red,arab,1,3,no,lshift,297,1
Greenballs,2,red,arab,0,2,no,rshift,298,1
Greenballs,2,blue,arab,1,1,no,rshift,625,1
Greenballs,2,blue,arab,1,9,no,rshift,273,1
Greenballs,2,red,arab,1,9,no,lshift,490,1
Greenballs,2,red,arab,1,6,no,lshift,416,1
Greenballs,2,red,arab,1,8,no,lshift,284,1
Greenballs,2,red,arab,1,6,no,lshift,275,1
Greenballs,2,red,arab,1,4,no,lshift,263,1
Greenballs,2,red,arab,1,3,no,lshift,336,1
Greenballs,2,red,arab,1,7,no,lshift,213,1
Greenballs,2,red,arab,1,7,no,lshift,281,1
Greenballs,2,red,arab,1,6,no,lshift,272,1
Greenballs,2,blue,arab,0,4,no,lshift,195,1
Greenballs,2,red,arab,1,9,no,lshift,315,1
Greenballs,2,blue,arab,1,4,no,rshift,825,1
Greenballs,2,blue,arab,0,4,no,lshift,286,1
Greenballs,2,blue,arab,0,2,no,lshift,203,1
Greenballs,2,blue,arab,1,6,no,rshift,941,1
Greenballs,2,red,arab,1,1,no,lshift,376,1
Greenballs,2,blue,arab,1,1,no,rshift,424,1
Greenballs,2,red,arab,1,7,no,lshift,401,1
Greenballs,2,blue,arab,1,3,no,rshift,449,1
Greenballs,2,red,arab,0,3,no,rshift,405,1
Greenballs,2,blue,arab,1,9,no,rshift,339,1
Greenballs,2,blue,arab,1,8,no,rshift,669,1
Greenballs,2,blue,arab,1,8,no,rshift,502,1
Greenballs,2,blue,arab,1,7,no,rshift,310,1
Greenballs,2,red,arab,1,4,no,lshift,455,1
Greenballs,2,blue,arab,1,7,no,rshift,428,1
Greenballs,2,red,arab,1,4,no,lshift,411,1
Greenballs,2,red,arab,1,9,no,lshift,417,1
Greenballs,2,blue,arab,1,8,no,rshift,575,1
Greenballs,2,red,arab,1,8,no,lshift,458,1
Greenballs,2,blue,arab,0,3,no,lshift,787,1
Greenballs,2,blue,arab,0,8,no,lshift,418,1
Greenballs,2,blue,arab,1,1,no,rshift,448,1
Greenballs,2,blue,arab,0,6,no,lshift,366,1
Greenballs,2,blue,arab,1,2,no,rshift,334,1
Greenballs,2,red,arab,0,4,no,rshift,260,1
Greenballs,2,blue,arab,1,3,no,rshift,404,1
Greenballs,2,red,arab,0,1,no,rshift,323,1
Greenballs,2,red,arab,1,3,no,lshift,436,1
Greenballs,2,blue,arab,1,6,no,rshift,360,1
Greenballs,2,blue,arab,1,8,no,rshift,401,1
Greenballs,2,red,arab,1,9,no,lshift,376,1
Greenballs,2,red,arab,1,2,no,lshift,638,1
Greenballs,2,blue,arab,1,3,no,rshift,954,1
Greenballs,2,blue,arab,0,4,no,lshift,245,1
Greenballs,2,blue,arab,1,8,no,rshift,284,1
Greenballs,2,red,arab,1,7,no,lshift,361,1
Greenballs,2,red,arab,0,8,no,rshift,344,1
Greenballs,2,red,arab,0,9,no,rshift,334,1
Greenballs,2,red,arab,1,3,no,lshift,346,1
Greenballs,2,red,arab,1,3,no,lshift,292,1
Greenballs,2,blue,arab,1,9,no,rshift,450,1
Greenballs,2,red,arab,1,9,no,lshift,322,1
Greenballs,2,red,arab,1,3,no,lshift,320,1
Greenballs,2,red,arab,1,2,no,lshift,267,1
Greenballs,2,blue,arab,1,7,no,rshift,411,1
Greenballs,2,red,arab,1,3,no,lshift,1413,1
Greenballs,2,red,arab,1,1,no,lshift,563,1
Greenballs,2,blue,arab,1,6,no,rshift,377,1
Greenballs,2,red,arab,1,4,no,lshift,334,1
Greenballs,2,red,arab,1,6,no,lshift,354,1
Greenballs,2,blue,arab,1,7,no,rshift,409,1
Greenballs,2,red,arab,0,6,no,rshift,329,1
Greenballs,2,blue,arab,1,9,no,rshift,450,1
Greenballs,2,blue,arab,0,7,no,lshift,319,1
Greenballs,2,red,arab,1,1,no,lshift,338,1
Greenballs,2,blue,arab,1,9,no,rshift,418,1
Greenballs,2,blue,arab,1,7,no,rshift,327,1
Greenballs,2,red,arab,1,8,no,lshift,373,1
Greenballs,2,blue,arab,1,2,no,rshift,372,1
Greenballs,2,red,arab,1,2,no,lshift,358,1
Greenballs,2,red,arab,1,7,no,lshift,377,1
Greenballs,2,red,arab,1,2,no,lshift,444,1
Greenballs,2,red,arab,1,8,no,lshift,364,1
Greenballs,2,blue,arab,0,9,no,lshift,373,1
Greenballs,2,red,arab,0,9,no,rshift,231,1
Greenballs,2,red,arab,1,7,no,lshift,914,1
Greenballs,2,red,arab,1,2,no,lshift,949,1
Greenballs,2,red,arab,1,4,no,lshift,280,1
Greenballs,2,blue,arab,1,4,no,rshift,801,1
Greenballs,2,blue,arab,1,2,no,rshift,442,1
Greenballs,2,red,arab,1,3,no,lshift,552,1
Greenballs,2,red,arab,1,1,no,lshift,968,1
Greenballs,2,blue,arab,1,1,no,rshift,460,1
Greenballs,2,blue,arab,1,8,no,rshift,584,1
Greenballs,2,blue,arab,1,8,no,rshift,280,1
Greenballs,2,blue,arab,1,4,no,rshift,593,1
Greenballs,2,red,arab,1,3,no,lshift,494,1
Greenballs,2,blue,arab,0,3,no,lshift,410,1
Greenballs,2,red,arab,0,7,no,rshift,340,1
Greenballs,2,red,arab,1,6,no,lshift,501,1
Greenballs,2,blue,arab,0,8,no,lshift,415,1
Greenballs,2,blue,arab,0,1,no,lshift,406,1
Greenballs,2,blue,arab,1,4,no,rshift,274,1
Greenballs,2,blue,arab,1,6,no,rshift,427,1
Greenballs,2,blue,arab,1,4,no,rshift,306,1
Greenballs,2,red,arab,1,4,no,lshift,469,1
Greenballs,2,blue,arab,1,1,no,rshift,599,1
Greenballs,2,blue,arab,1,1,no,rshift,274,1
Greenballs,2,blue,arab,1,8,no,rshift,357,1
Greenballs,2,blue,arab,1,2,no,rshift,374,1
Greenballs,2,blue,arab,1,2,no,rshift,222,1
Greenballs,2,red,arab,1,4,no,lshift,665,1
Greenballs,2,blue,arab,1,1,no,rshift,294,1
Greenballs,3,red,arab,0,9,no,rshift,217,1
Greenballs,3,blue,arab,0,1,no,lshift,185,1
Greenballs,3,red,arab,1,9,no,lshift,235,1
Greenballs,3,blue,arab,1,7,no,rshift,257,1
Greenballs,3,red,arab,0,8,no,rshift,90,1
Greenballs,3,blue,arab,1,1,no,rshift,176,1
Greenballs,3,red,arab,0,9,no,rshift,218,1
Greenballs,3,red,arab,0,7,no,rshift,476,1
Greenballs,3,blue,arab,1,2,no,rshift,349,1
Greenballs,3,red,arab,0,6,no,rshift,334,1
Greenballs,3,red,arab,0,7,no,rshift,420,1
Greenballs,3,red,arab,1,8,no,lshift,264,1
Greenballs,3,red,arab,0,2,no,rshift,338,1
Greenballs,3,red,arab,1,9,no,lshift,969,1
Greenballs,3,red,arab,1,4,no,lshift,969,1
Greenballs,3,blue,arab,1,7,no,rshift,640,1
Greenballs,3,blue,arab,1,9,no,rshift,712,1
Greenballs,3,red,arab,1,2,no,lshift,624,1
Greenballs,3,red,arab,1,2,no,lshift,3264,1
Greenballs,3,red,arab,1,7,no,lshift,687,1
Greenballs,3,red,arab,1,8,no,lshift,225,1
Greenballs,3,blue,arab,1,7,no,rshift,397,1
Greenballs,3,blue,arab,0,4,no,lshift,359,1
Greenballs,3,blue,arab,1,9,no,rshift,442,1
Greenballs,3,red,arab,1,1,no,lshift,403,1
Greenballs,3,red,arab,1,4,no,lshift,305,1
Greenballs,3,blue,arab,1,1,no,rshift,381,1
Greenballs,3,red,arab,1,2,no,lshift,383,1
Greenballs,3,red,arab,1,3,no,lshift,350,1
Greenballs,3,red,arab,1,1,no,lshift,375,1
Greenballs,3,blue,arab,1,8,no,rshift,542,1
Greenballs,3,red,arab,1,3,no,lshift,362,1
Greenballs,3,red,arab,1,4,no,lshift,366,1
Greenballs,3,blue,arab,0,3,no,lshift,225,1
Greenballs,3,blue,arab,1,3,no,rshift,383,1
Greenballs,3,blue,arab,1,1,no,rshift,345,1
Greenballs,3,red,arab,1,8,no,lshift,767,1
Greenballs,3,blue,arab,0,7,no,lshift,277,1
Greenballs,3,red,arab,0,7,no,rshift,408,1
Greenballs,3,blue,arab,1,3,no,rshift,447,1
Greenballs,3,red,arab,1,4,no,lshift,385,1
Greenballs,3,blue,arab,1,2,no,rshift,258,1
Greenballs,3,red,arab,1,7,no,lshift,352,1
Greenballs,3,blue,arab,1,2,no,rshift,370,1
Greenballs,3,blue,arab,1,1,no,rshift,284,1
Greenballs,3,blue,arab,1,3,no,rshift,305,1
Greenballs,3,blue,arab,1,4,no,rshift,296,1
Greenballs,3,blue,arab,1,7,no,rshift,429,1
Greenballs,3,blue,arab,1,7,no,rshift,262,1
Greenballs,3,blue,arab,1,1,no,rshift,513,1
Greenballs,3,red,arab,1,8,no,lshift,366,1
Greenballs,3,blue,arab,1,2,no,rshift,366,1
Greenballs,3,blue,arab,0,1,no,lshift,625,1
Greenballs,3,red,arab,1,4,no,lshift,418,1
Greenballs,3,red,arab,0,9,no,rshift,371,1
Greenballs,3,red,arab,1,6,no,lshift,329,1
Greenballs,3,red,arab,1,8,no,lshift,311,1
Greenballs,3,red,arab,1,7,no,lshift,310,1
Greenballs,3,blue,arab,1,3,no,rshift,539,1
Greenballs,3,blue,arab,1,4,no,rshift,25,1
Greenballs,3,red,arab,0,4,no,rshift,567,1
Greenballs,3,blue,arab,1,8,no,rshift,455,1
Greenballs,3,blue,arab,1,2,no,rshift,445,1
Greenballs,3,red,arab,1,4,no,lshift,361,1
Greenballs,3,red,arab,1,6,no,lshift,340,1
Greenballs,3,red,arab,0,6,no,rshift,275,1
Greenballs,3,red,arab,0,1,no,rshift,327,1
Greenballs,3,blue,arab,1,6,no,rshift,421,1
Greenballs,3,blue,arab,1,3,no,rshift,454,1
Greenballs,3,red,arab,1,9,no,lshift,753,1
Greenballs,3,red,arab,1,2,no,lshift,508,1
Greenballs,3,blue,arab,1,8,no,rshift,457,1
Greenballs,3,red,arab,1,3,no,lshift,577,1
Greenballs,3,blue,arab,1,9,no,rshift,400,1
Greenballs,3,red,arab,0,1,no,rshift,284,1
Greenballs,3,blue,arab,0,8,no,lshift,354,1
Greenballs,3,blue,arab,0,2,no,lshift,240,1
Greenballs,3,red,arab,1,7,no,lshift,430,1
Greenballs,3,red,arab,0,3,no,rshift,228,1
Greenballs,3,blue,arab,1,6,no,rshift,261,1
Greenballs,3,red,arab,1,3,no,lshift,274,1
Greenballs,3,red,arab,1,2,no,lshift,407,1
Greenballs,3,red,arab,0,6,no,rshift,292,1
Greenballs,3,red,arab,1,2,no,lshift,357,1
Greenballs,3,red,arab,1,8,no,lshift,407,1
Greenballs,3,blue,arab,1,8,no,rshift,376,1
Greenballs,3,red,arab,1,1,no,lshift,1029,1
Greenballs,3,blue,arab,0,4,no,lshift,267,1
Greenballs,3,blue,arab,0,6,no,lshift,405,1
Greenballs,3,red,arab,1,8,no,lshift,333,1
Greenballs,3,blue,arab,1,9,no,rshift,551,1
Greenballs,3,blue,arab,1,3,no,rshift,331,1
Greenballs,3,red,arab,0,3,no,rshift,214,1
Greenballs,3,blue,arab,1,4,no,rshift,372,1
Greenballs,3,blue,arab,1,9,no,rshift,426,1
Greenballs,3,red,arab,1,3,no,lshift,273,1
Greenballs,3,red,arab,1,6,no,lshift,224,1
Greenballs,3,red,arab,1,3,no,lshift,263,1
Greenballs,3,blue,arab,0,7,no,lshift,197,1
Greenballs,3,red,arab,1,9,no,lshift,423,1
Greenballs,3,blue,arab,1,4,no,rshift,394,1
Greenballs,3,red,arab,1,1,no,lshift,351,1
Greenballs,3,red,arab,0,1,no,rshift,407,1
Greenballs,3,blue,arab,1,9,no,rshift,616,1
Greenballs,3,blue,arab,1,6,no,rshift,420,1
Greenballs,3,red,arab,1,9,no,lshift,838,1
Greenballs,3,red,arab,1,6,no,lshift,401,1
Greenballs,3,blue,arab,0,6,no,lshift,420,1
Greenballs,3,blue,arab,1,6,no,rshift,582,1
Greenballs,3,red,arab,1,7,no,lshift,364,1
Greenballs,3,red,arab,1,4,no,lshift,339,1
Greenballs,3,blue,arab,1,9,no,rshift,580,1
Greenballs,3,blue,arab,0,9,no,lshift,322,1
Greenballs,3,blue,arab,1,1,no,rshift,329,1
Greenballs,3,red,arab,1,6,no,lshift,601,1
Greenballs,3,red,arab,1,9,no,lshift,487,1
Greenballs,3,red,arab,1,8,no,lshift,323,1
Greenballs,3,red,arab,1,6,no,lshift,711,1
Greenballs,3,red,arab,1,3,no,lshift,241,1
Greenballs,3,blue,arab,1,8,no,rshift,531,1
Greenballs,3,blue,arab,1,4,no,rshift,378,1
Greenballs,3,red,arab,0,6,no,rshift,238,1
Greenballs,3,blue,arab,1,8,no,rshift,507,1
Greenballs,3,red,arab,1,7,no,lshift,576,1
Greenballs,3,blue,arab,0,8,no,lshift,434,1
Greenballs,3,blue,arab,1,9,no,rshift,630,1
Greenballs,3,blue,arab,1,1,no,rshift,562,1
Greenballs,3,blue,arab,1,2,no,rshift,592,1
Greenballs,3,red,arab,1,1,no,lshift,393,1
Greenballs,3,red,arab,1,1,no,lshift,497,1
Greenballs,3,blue,arab,1,3,no,rshift,414,1
Greenballs,3,red,arab,1,7,no,lshift,563,1
Greenballs,3,blue,arab,1,8,no,rshift,428,1
Greenballs,3,red,arab,1,8,no,lshift,380,1
Greenballs,3,blue,arab,1,7,no,rshift,432,1
Greenballs,3,blue,arab,1,9,no,rshift,630,1
Greenballs,3,red,arab,1,2,no,lshift,448,1
Greenballs,3,red,arab,1,1,no,lshift,408,1
Greenballs,3,blue,arab,1,1,no,rshift,518,1
Greenballs,3,blue,arab,0,6,no,lshift,377,1
Greenballs,3,red,arab,1,2,no,lshift,408,1
Greenballs,3,blue,arab,1,2,no,rshift,508,1
Greenballs,3,blue,arab,1,3,no,rshift,292,1
Greenballs,3,blue,arab,1,8,no,rshift,328,1
Greenballs,3,blue,arab,1,4,no,rshift,390,1
Greenballs,3,blue,arab,1,4,no,rshift,476,1
Greenballs,3,blue,arab,1,3,no,rshift,244,1
Greenballs,3,red,arab,0,9,no,rshift,148,1
Greenballs,3,blue,arab,1,6,no,rshift,295,1
Greenballs,3,blue,arab,1,7,no,rshift,451,1
Greenballs,3,blue,arab,1,6,no,rshift,271,1
Greenballs,3,blue,arab,1,6,no,rshift,409,1
Greenballs,3,red,arab,1,3,no,lshift,418,1
Greenballs,3,red,arab,1,4,no,lshift,415,1
Greenballs,3,red,arab,1,4,no,lshift,380,1
Greenballs,3,blue,arab,1,4,no,rshift,502,1
Greenballs,3,blue,arab,1,7,no,rshift,371,1
Greenballs,3,blue,arab,1,2,no,rshift,354,1
Greenballs,3,red,arab,1,2,no,lshift,580,1
Greenballs,3,blue,arab,0,2,no,lshift,407,1
Greenballs,0,blue,classic,0,2,yes,rshift,1390,1
Greenballs,0,blue,classic,1,9,yes,rshift,599,1
Greenballs,0,blue,classic,0,3,yes,lshift,846,1
Greenballs,0,blue,classic,1,7,yes,rshift,844,1
Greenballs,0,blue,classic,1,4,yes,lshift,587,1
Greenballs,0,blue,classic,0,1,yes,lshift,573,1
Greenballs,0,blue,classic,0,6,yes,rshift,657,1
Greenballs,0,blue,classic,1,8,yes,lshift,1269,1
Greenballs,1,blue,classic,1,3,yes,lshift,527,1
Greenballs,1,blue,classic,1,9,yes,lshift,521,1
Greenballs,1,blue,classic,0,2,yes,lshift,365,1
Greenballs,1,blue,classic,1,7,yes,lshift,591,1
Greenballs,1,blue,classic,0,6,yes,lshift,779,1
Greenballs,1,blue,classic,1,4,yes,rshift,1100,1
Greenballs,1,blue,classic,1,8,yes,rshift,596,1
Greenballs,1,blue,classic,1,1,yes,lshift,499,1
Greenballs,2,blue,classic,1,9,no,rshift,730,1
Greenballs,2,blue,classic,1,1,no,rshift,439,1
Greenballs,2,blue,classic,1,4,no,lshift,411,1
Greenballs,2,blue,classic,1,7,no,rshift,572,1
Greenballs,2,blue,classic,1,7,no,rshift,646,1
Greenballs,2,blue,classic,1,3,no,rshift,448,1
Greenballs,2,blue,classic,1,6,no,lshift,559,1
Greenballs,2,blue,classic,0,6,no,rshift,616,1
Greenballs,2,blue,classic,1,3,no,rshift,742,1
Greenballs,2,blue,classic,1,1,no,rshift,704,1
Greenballs,2,blue,classic,0,6,no,rshift,644,1
Greenballs,2,blue,classic,1,7,no,rshift,1137,1
Greenballs,2,blue,classic,0,2,no,rshift,734,1
Greenballs,2,blue,classic,1,9,no,rshift,613,1
Greenballs,2,blue,classic,1,3,no,rshift,569,1
Greenballs,2,blue,classic,0,9,no,lshift,638,1
Greenballs,2,blue,classic,1,4,no,lshift,420,1
Greenballs,2,blue,classic,1,3,no,rshift,560,1
Greenballs,2,blue,classic,1,9,no,rshift,467,1
Greenballs,2,blue,classic,1,2,no,lshift,417,1
Greenballs,2,blue,classic,1,2,no,lshift,506,1
Greenballs,2,blue,classic,0,8,no,rshift,537,1
Greenballs,2,blue,classic,1,7,no,rshift,874,1
Greenballs,2,blue,classic,0,3,no,lshift,748,1
Greenballs,2,blue,classic,0,8,no,rshift,805,1
Greenballs,2,blue,classic,1,9,no,rshift,675,1
Greenballs,2,blue,classic,1,4,no,lshift,850,1
Greenballs,2,blue,classic,0,1,no,lshift,658,1
Greenballs,2,blue,classic,0,4,no,rshift,704,1
Greenballs,2,blue,classic,1,8,no,lshift,1198,1
Greenballs,2,blue,classic,0,3,no,lshift,601,1
Greenballs,2,blue,classic,1,2,no,lshift,467,1
Greenballs,2,blue,classic,1,3,no,rshift,590,1
Greenballs,2,blue,classic,0,1,no,lshift,628,1
Greenballs,2,blue,classic,1,9,no,rshift,436,1
Greenballs,2,blue,classic,1,3,no,rshift,474,1
Greenballs,2,blue,classic,1,2,no,lshift,747,1
Greenballs,2,blue,classic,0,6,no,rshift,510,1
Greenballs,2,blue,classic,0,4,no,rshift,576,1
Greenballs,2,blue,classic,1,2,no,lshift,524,1
Greenballs,2,blue,classic,1,1,no,rshift,731,1
Greenballs,2,blue,classic,1,4,no,lshift,1619,1
Greenballs,2,blue,classic,1,2,no,lshift,514,1
Greenballs,2,blue,classic,1,9,no,rshift,786,1
Greenballs,2,blue,classic,1,2,no,lshift,437,1
Greenballs,2,blue,classic,0,4,no,rshift,639,1
Greenballs,2,blue,classic,0,6,no,rshift,435,1
Greenballs,2,blue,classic,1,8,no,lshift,529,1
Greenballs,2,blue,classic,1,8,no,lshift,443,1
Greenballs,2,blue,classic,1,9,no,rshift,525,1
Greenballs,2,blue,classic,1,1,no,rshift,710,1
Greenballs,2,blue,classic,1,1,no,rshift,581,1
Greenballs,2,blue,classic,1,8,no,lshift,572,1
Greenballs,2,blue,classic,1,3,no,rshift,754,1
Greenballs,2,blue,classic,1,8,no,lshift,799,1
Greenballs,2,blue,classic,1,6,no,lshift,727,1
Greenballs,2,blue,classic,0,1,no,lshift,825,1
Greenballs,2,blue,classic,0,2,no,rshift,634,1
Greenballs,2,blue,classic,1,7,no,rshift,1218,1
Greenballs,2,blue,classic,1,4,no,lshift,477,1
Greenballs,2,blue,classic,0,7,no,lshift,868,1
Greenballs,2,blue,classic,0,8,no,rshift,987,1
Greenballs,2,blue,classic,0,7,no,lshift,590,1
Greenballs,2,blue,classic,1,3,no,rshift,698,1
Greenballs,2,blue,classic,1,8,no,lshift,714,1
Greenballs,2,blue,classic,0,1,no,lshift,795,1
Greenballs,2,blue,classic,0,8,no,rshift,537,1
Greenballs,2,blue,classic,0,7,no,lshift,975,1
Greenballs,2,blue,classic,1,2,no,lshift,499,1
Greenballs,2,blue,classic,0,9,no,lshift,412,1
Greenballs,2,blue,classic,1,4,no,lshift,467,1
Greenballs,2,blue,classic,0,7,no,lshift,471,1
Greenballs,2,blue,classic,1,9,no,rshift,475,1
Greenballs,2,blue,classic,1,7,no,rshift,414,1
Greenballs,2,blue,classic,0,1,no,lshift,495,1
Greenballs,2,blue,classic,1,9,no,rshift,498,1
Greenballs,2,blue,classic,1,3,no,rshift,429,1
Greenballs,2,blue,classic,1,4,no,lshift,699,1
Greenballs,2,blue,classic,1,8,no,lshift,816,1
Greenballs,2,blue,classic,1,4,no,lshift,467,1
Greenballs,2,blue,classic,1,6,no,lshift,482,1
Greenballs,2,blue,classic,0,2,no,rshift,616,1
Greenballs,2,blue,classic,1,7,no,rshift,642,1
Greenballs,2,blue,classic,1,1,no,rshift,450,1
Greenballs,2,blue,classic,1,9,no,rshift,537,1
Greenballs,2,blue,classic,1,4,no,lshift,439,1
Greenballs,2,blue,classic,1,2,no,lshift,450,1
Greenballs,2,blue,classic,0,7,no,lshift,497,1
Greenballs,2,blue,classic,0,1,no,lshift,475,1
Greenballs,2,blue,classic,0,3,no,lshift,684,1
Greenballs,2,blue,classic,1,9,no,rshift,808,1
Greenballs,2,blue,classic,1,6,no,lshift,854,1
Greenballs,2,blue,classic,0,6,no,rshift,750,1
Greenballs,2,blue,classic,1,7,no,rshift,1468,1
Greenballs,2,blue,classic,1,6,no,lshift,522,1
Greenballs,2,blue,classic,0,8,no,rshift,561,1
Greenballs,2,blue,classic,1,6,no,lshift,722,1
Greenballs,2,blue,classic,1,2,no,lshift,536,1
Greenballs,2,blue,classic,1,3,no,rshift,523,1
Greenballs,2,blue,classic,0,8,no,rshift,722,1
Greenballs,2,blue,classic,1,6,no,lshift,577,1
Greenballs,2,blue,classic,1,4,no,lshift,612,1
Greenballs,2,blue,classic,0,3,no,lshift,546,1
Greenballs,2,blue,classic,1,6,no,lshift,577,1
Greenballs,2,blue,classic,0,1,no,lshift,548,1
Greenballs,2,blue,classic,1,7,no,rshift,756,1
Greenballs,2,blue,classic,0,2,no,rshift,621,1
Greenballs,2,blue,classic,1,8,no,lshift,1062,1
Greenballs,2,blue,classic,1,6,no,lshift,531,1
Greenballs,2,blue,classic,1,4,no,lshift,528,1
Greenballs,2,blue,classic,1,1,no,rshift,591,1
Greenballs,2,blue,classic,0,9,no,lshift,1060,1
Greenballs,3,blue,classic,1,6,no,rshift,526,1
Greenballs,3,blue,classic,1,1,no,lshift,394,1
Greenballs,3,blue,classic,1,6,no,rshift,447,1
Greenballs,3,blue,classic,1,4,no,rshift,495,1
Greenballs,3,blue,classic,1,8,no,rshift,402,1
Greenballs,3,blue,classic,1,2,no,rshift,452,1
Greenballs,3,blue,classic,1,8,no,rshift,418,1
Greenballs,3,blue,classic,1,7,no,lshift,527,1
Greenballs,3,blue,classic,1,9,no,lshift,757,1
Greenballs,3,blue,classic,1,4,no,rshift,396,1
Greenballs,3,blue,classic,1,8,no,rshift,476,1
Greenballs,3,blue,classic,1,2,no,rshift,642,1
Greenballs,3,blue,classic,1,6,no,rshift,800,1
Greenballs,3,blue,classic,1,4,no,rshift,512,1
Greenballs,3,blue,classic,0,9,no,rshift,392,1
Greenballs,3,blue,classic,1,6,no,rshift,601,1
Greenballs,3,blue,classic,1,6,no,rshift,383,1
Greenballs,3,blue,classic,1,3,no,lshift,507,1
Greenballs,3,blue,classic,1,7,no,lshift,512,1
Greenballs,3,blue,classic,1,3,no,lshift,551,1
Greenballs,3,blue,classic,1,2,no,rshift,537,1
Greenballs,3,blue,classic,1,3,no,lshift,835,1
Greenballs,3,blue,classic,0,6,no,lshift,402,1
Greenballs,3,blue,classic,1,3,no,lshift,534,1
Greenballs,3,blue,classic,1,7,no,lshift,452,1
Greenballs,3,blue,classic,1,3,no,lshift,427,1
Greenballs,3,blue,classic,1,2,no,rshift,447,1
Greenballs,3,blue,classic,1,1,no,lshift,739,1
Greenballs,3,blue,classic,0,9,no,rshift,550,1
Greenballs,3,blue,classic,0,4,no,lshift,499,1
Greenballs,3,blue,classic,1,1,no,lshift,566,1
Greenballs,3,blue,classic,1,1,no,lshift,406,1
Greenballs,3,blue,classic,1,8,no,rshift,448,1
Greenballs,3,blue,classic,1,2,no,rshift,579,1
Greenballs,3,blue,classic,1,9,no,lshift,632,1
Greenballs,3,blue,classic,1,9,no,lshift,483,1
Greenballs,3,blue,classic,1,1,no,lshift,420,1
Greenballs,3,blue,classic,1,3,no,lshift,455,1
Greenballs,3,blue,classic,0,7,no,rshift,422,1
Greenballs,3,blue,classic,1,7,no,lshift,457,1
Greenballs,3,blue,classic,1,3,no,lshift,548,1
Greenballs,3,blue,classic,1,7,no,lshift,561,1
Greenballs,3,blue,classic,1,7,no,lshift,532,1
Greenballs,3,blue,classic,1,9,no,lshift,495,1
Greenballs,3,blue,classic,1,8,no,rshift,472,1
Greenballs,3,blue,classic,1,4,no,rshift,476,1
Greenballs,3,blue,classic,1,1,no,lshift,430,1
Greenballs,3,blue,classic,1,2,no,rshift,619,1
Greenballs,3,blue,classic,1,6,no,rshift,523,1
Greenballs,3,blue,classic,1,6,no,rshift,424,1
Greenballs,3,blue,classic,1,4,no,rshift,797,1
Greenballs,3,blue,classic,1,4,no,rshift,505,1
Greenballs,3,blue,classic,1,6,no,rshift,370,1
Greenballs,3,blue,classic,1,4,no,rshift,475,1
Greenballs,3,blue,classic,1,3,no,lshift,389,1
Greenballs,3,blue,classic,1,3,no,lshift,490,1
Greenballs,3,blue,classic,1,4,no,rshift,454,1
Greenballs,3,blue,classic,1,2,no,rshift,533,1
Greenballs,3,blue,classic,1,4,no,rshift,401,1
Greenballs,3,blue,classic,1,6,no,rshift,424,1
Greenballs,3,blue,classic,1,1,no,lshift,527,1
Greenballs,3,blue,classic,1,8,no,rshift,422,1
Greenballs,3,blue,classic,0,4,no,lshift,576,1
Greenballs,3,blue,classic,1,1,no,lshift,500,1
Greenballs,3,blue,classic,0,7,no,rshift,471,1
Greenballs,3,blue,classic,1,7,no,lshift,772,1
Greenballs,3,blue,classic,1,2,no,rshift,530,1
Greenballs,3,blue,classic,0,9,no,rshift,580,1
Greenballs,3,blue,classic,1,6,no,rshift,573,1
Greenballs,3,blue,classic,1,3,no,lshift,512,1
Greenballs,3,blue,classic,0,4,no,lshift,558,1
Greenballs,3,blue,classic,1,1,no,lshift,528,1
Greenballs,3,blue,classic,1,2,no,rshift,537,1
Greenballs,3,blue,classic,1,8,no,rshift,729,1
Greenballs,3,blue,classic,1,7,no,lshift,614,1
Greenballs,3,blue,classic,1,9,no,lshift,590,1
Greenballs,3,blue,classic,0,2,no,lshift,477,1
Greenballs,3,blue,classic,0,4,no,lshift,496,1
Greenballs,3,blue,classic,1,2,no,rshift,1249,1
Greenballs,3,blue,classic,1,3,no,lshift,446,1
Greenballs,3,blue,classic,1,8,no,rshift,543,1
Greenballs,3,blue,classic,1,1,no,lshift,926,1
Greenballs,3,blue,classic,1,9,no,lshift,1441,1
Greenballs,3,blue,classic,1,8,no,rshift,523,1
Greenballs,3,blue,classic,1,1,no,lshift,1457,1
Greenballs,3,blue,classic,1,7,no,lshift,743,1
Greenballs,3,blue,classic,1,3,no,lshift,758,1
Greenballs,3,blue,classic,1,2,no,rshift,469,1
Greenballs,3,blue,classic,0,7,no,rshift,490,1
Greenballs,3,blue,classic,1,1,no,lshift,712,1
Greenballs,3,blue,classic,1,8,no,rshift,828,1
Greenballs,3,blue,classic,1,1,no,lshift,562,1
Greenballs,3,blue,classic,1,3,no,lshift,564,1
Greenballs,3,blue,classic,1,4,no,rshift,494,1
Greenballs,3,blue,classic,1,8,no,rshift,401,1
Greenballs,3,blue,classic,1,9,no,lshift,516,1
Greenballs,3,blue,classic,1,1,no,lshift,745,1
Greenballs,3,blue,classic,1,7,no,lshift,395,1
Greenballs,3,blue,classic,1,2,no,rshift,463,1
Greenballs,3,blue,classic,1,6,no,rshift,444,1
Greenballs,3,blue,classic,1,8,no,rshift,475,1
Greenballs,3,blue,classic,1,9,no,lshift,684,1
Greenballs,3,blue,classic,1,7,no,lshift,458,1
Greenballs,3,blue,classic,1,3,no,lshift,452,1
Greenballs,3,blue,classic,1,8,no,rshift,434,1
Greenballs,3,blue,classic,1,8,no,rshift,507,1
Greenballs,3,blue,classic,1,6,no,rshift,408,1
Greenballs,3,blue,classic,0,2,no,lshift,499,1
Greenballs,3,blue,classic,1,6,no,rshift,947,1
Greenballs,3,blue,classic,1,9,no,lshift,1023,1
Greenballs,3,blue,classic,0,9,no,rshift,467,1
Greenballs,3,blue,classic,1,9,no,lshift,1272,1
