ID_name,block,color,condition,correct_keyboard_response,number,practice,response_keyboard_response,response_time_keyboard_response,subject_nr
Bertalan1,0,red,dot,1,1,yes,lshift,546,0
Bertalan1,0,red,dot,1,3,yes,lshift,440,0
Bertalan1,0,blue,dot,1,8,yes,rshift,465,0
Bertalan1,0,blue,dot,1,1,yes,rshift,514,0
Bertalan1,0,blue,dot,1,2,yes,rshift,496,0
Bertalan1,0,red,dot,1,6,yes,lshift,395,0
Bertalan1,0,red,dot,1,7,yes,lshift,530,0
Bertalan1,0,blue,dot,1,4,yes,rshift,437,0
Bertalan1,0,blue,dot,1,9,yes,rshift,466,0
Bertalan1,0,blue,dot,1,7,yes,rshift,471,0
Bertalan1,0,blue,dot,1,3,yes,rshift,536,0
Bertalan1,0,red,dot,1,2,yes,lshift,373,0
Bertalan1,0,red,dot,1,8,yes,lshift,441,0
Bertalan1,0,blue,dot,1,6,yes,rshift,452,0
Bertalan1,0,red,dot,1,9,yes,lshift,394,0
Bertalan1,0,red,dot,1,4,yes,lshift,447,0
Bertalan1,1,blue,dot,1,4,no,rshift,435,0
Bertalan1,1,blue,dot,1,4,no,rshift,392,0
Bertalan1,1,red,dot,1,9,no,lshift,446,0
Bertalan1,1,red,dot,1,8,no,lshift,439,0
Bertalan1,1,red,dot,1,9,no,lshift,401,0
Bertalan1,1,blue,dot,1,2,no,rshift,455,0
Bertalan1,1,red,dot,1,1,no,lshift,483,0
Bertalan1,1,red,dot,1,7,no,lshift,433,0
Bertalan1,1,blue,dot,1,9,no,rshift,443,0
Bertalan1,1,red,dot,1,2,no,lshift,480,0
Bertalan1,1,red,dot,1,3,no,lshift,412,0
Bertalan1,1,red,dot,1,9,no,lshift,374,0
Bertalan1,1,red,dot,1,6,no,lshift,382,0
Bertalan1,1,blue,dot,1,6,no,rshift,487,0
Bertalan1,1,blue,dot,1,3,no,rshift,629,0
Bertalan1,1,blue,dot,1,7,no,rshift,418,0
Bertalan1,1,blue,dot,1,4,no,rshift,384,0
Bertalan1,1,blue,dot,1,3,no,rshift,420,0
Bertalan1,1,red,dot,1,3,no,lshift,9387,0
Bertalan1,1,blue,dot,1,9,no,rshift,473,0
Bertalan1,1,blue,dot,1,8,no,rshift,456,0
Bertalan1,1,blue,dot,1,1,no,rshift,427,0
Bertalan1,1,red,dot,1,8,no,lshift,458,0
Bertalan1,1,blue,dot,1,8,no,rshift,419,0
Bertalan1,1,red,dot,1,4,no,lshift,401,0
Bertalan1,1,blue,dot,1,8,no,rshift,468,0
Bertalan1,1,red,dot,1,6,no,lshift,395,0
Bertalan1,1,red,dot,1,2,no,lshift,470,0
Bertalan1,1,red,dot,1,4,no,lshift,405,0
Bertalan1,1,blue,dot,1,3,no,rshift,438,0
Bertalan1,1,red,dot,1,6,no,lshift,445,0
Bertalan1,1,blue,dot,1,8,no,rshift,426,0
Bertalan1,1,red,dot,1,9,no,lshift,422,0
Bertalan1,1,blue,dot,1,6,no,rshift,398,0
Bertalan1,1,blue,dot,1,9,no,rshift,524,0
Bertalan1,1,red,dot,1,7,no,lshift,362,0
Bertalan1,1,red,dot,1,9,no,lshift,345,0
Bertalan1,1,blue,dot,1,9,no,rshift,315,0
Bertalan1,1,blue,dot,1,7,no,rshift,400,0
Bertalan1,1,red,dot,1,2,no,lshift,393,0
Bertalan1,1,red,dot,1,4,no,lshift,346,0
Bertalan1,1,blue,dot,1,1,no,rshift,319,0
Bertalan1,1,red,dot,1,8,no,lshift,365,0
Bertalan1,1,blue,dot,1,6,no,rshift,333,0
Bertalan1,1,red,dot,1,9,no,lshift,346,0
Bertalan1,1,blue,dot,1,2,no,rshift,885,0
Bertalan1,1,blue,dot,1,7,no,rshift,398,0
Bertalan1,1,blue,dot,1,7,no,rshift,369,0
Bertalan1,1,blue,dot,1,8,no,rshift,369,0
Bertalan1,1,blue,dot,1,4,no,rshift,361,0
Bertalan1,1,red,dot,1,2,no,lshift,2961,0
Bertalan1,1,blue,dot,1,3,no,rshift,374,0
Bertalan1,1,red,dot,1,1,no,lshift,506,0
Bertalan1,1,blue,dot,1,7,no,rshift,383,0
Bertalan1,1,red,dot,1,3,no,lshift,328,0
Bertalan1,1,blue,dot,1,4,no,rshift,366,0
Bertalan1,1,red,dot,1,4,no,lshift,256,0
Bertalan1,1,red,dot,1,8,no,lshift,392,0
Bertalan1,1,blue,dot,1,3,no,rshift,366,0
Bertalan1,1,blue,dot,1,7,no,rshift,343,0
Bertalan1,1,blue,dot,1,2,no,rshift,498,0
Bertalan1,1,red,dot,1,1,no,lshift,276,0
Bertalan1,1,red,dot,1,1,no,lshift,277,0
Bertalan1,1,blue,dot,1,1,no,rshift,310,0
Bertalan1,1,blue,dot,1,9,no,rshift,405,0
Bertalan1,1,blue,dot,1,1,no,rshift,407,0
Bertalan1,1,red,dot,1,9,no,lshift,357,0
Bertalan1,1,red,dot,1,1,no,lshift,334,0
Bertalan1,1,red,dot,1,8,no,lshift,340,0
Bertalan1,1,red,dot,0,8,no,rshift,356,0
Bertalan1,1,red,dot,1,7,no,lshift,415,0
Bertalan1,1,blue,dot,1,3,no,rshift,463,0
Bertalan1,1,blue,dot,1,6,no,rshift,386,0
Bertalan1,1,blue,dot,1,8,no,rshift,393,0
Bertalan1,1,blue,dot,1,7,no,rshift,360,0
Bertalan1,1,blue,dot,1,1,no,rshift,434,0
Bertalan1,1,blue,dot,1,4,no,rshift,881,0
Bertalan1,1,red,dot,1,2,no,lshift,321,0
Bertalan1,1,blue,dot,1,6,no,rshift,416,0
Bertalan1,1,blue,dot,1,7,no,rshift,477,0
Bertalan1,1,red,dot,1,2,no,lshift,330,0
Bertalan1,1,blue,dot,1,1,no,rshift,423,0
Bertalan1,1,red,dot,1,6,no,lshift,454,0
Bertalan1,1,red,dot,1,8,no,lshift,398,0
Bertalan1,1,red,dot,1,1,no,lshift,380,0
Bertalan1,1,red,dot,1,3,no,lshift,392,0
Bertalan1,1,blue,dot,1,6,no,rshift,383,0
Bertalan1,1,blue,dot,1,4,no,rshift,423,0
Bertalan1,1,red,dot,1,7,no,lshift,321,0
Bertalan1,1,red,dot,1,4,no,lshift,373,0
Bertalan1,1,red,dot,1,8,no,lshift,381,0
Bertalan1,1,red,dot,1,7,no,lshift,392,0
Bertalan1,1,blue,dot,1,2,no,rshift,465,0
Bertalan1,1,blue,dot,1,2,no,rshift,389,0
Bertalan1,1,blue,dot,1,6,no,rshift,392,0
Bertalan1,1,red,dot,1,7,no,lshift,337,0
Bertalan1,1,red,dot,1,1,no,lshift,481,0
Bertalan1,1,red,dot,1,8,no,lshift,350,0
Bertalan1,1,blue,dot,1,8,no,rshift,330,0
Bertalan1,1,blue,dot,1,8,no,rshift,383,0
Bertalan1,1,blue,dot,1,2,no,rshift,394,0
Bertalan1,1,blue,dot,1,8,no,rshift,343,0
Bertalan1,1,blue,dot,0,1,no,lshift,313,0
Bertalan1,1,red,dot,1,7,no,lshift,316,0
Bertalan1,1,blue,dot,1,9,no,rshift,420,0
Bertalan1,1,blue,dot,1,1,no,rshift,425,0
Bertalan1,1,red,dot,1,3,no,lshift,503,0
Bertalan1,1,blue,dot,1,2,no,rshift,438,0
Bertalan1,1,blue,dot,1,2,no,rshift,437,0
Bertalan1,1,blue,dot,1,9,no,rshift,424,0
Bertalan1,1,red,dot,1,2,no,lshift,364,0
Bertalan1,1,red,dot,1,2,no,lshift,480,0
Bertalan1,1,red,dot,1,9,no,lshift,397,0
Bertalan1,1,blue,dot,1,6,no,rshift,366,0
Bertalan1,1,red,dot,1,6,no,lshift,472,0
Bertalan1,1,red,dot,1,4,no,lshift,395,0
Bertalan1,1,blue,dot,1,3,no,rshift,399,0
Bertalan1,1,blue,dot,1,3,no,rshift,441,0
Bertalan1,1,red,dot,1,7,no,lshift,351,0
Bertalan1,1,blue,dot,1,7,no,rshift,446,0
Bertalan1,1,blue,dot,1,3,no,rshift,489,0
Bertalan1,1,red,dot,1,4,no,lshift,412,0
Bertalan1,1,blue,dot,1,3,no,rshift,398,0
Bertalan1,1,red,dot,1,4,no,lshift,501,0
Bertalan1,1,blue,dot,1,7,no,rshift,392,0
Bertalan1,1,red,dot,1,1,no,lshift,402,0
Bertalan1,1,blue,dot,1,4,no,rshift,526,0
Bertalan1,1,blue,dot,1,2,no,rshift,481,0
Bertalan1,1,red,dot,1,3,no,lshift,437,0
Bertalan1,1,red,dot,1,1,no,lshift,390,0
Bertalan1,1,blue,dot,1,1,no,rshift,399,0
Bertalan1,1,red,dot,1,2,no,lshift,478,0
Bertalan1,1,red,dot,1,9,no,lshift,391,0
Bertalan1,1,red,dot,1,6,no,lshift,364,0
Bertalan1,1,blue,dot,1,8,no,rshift,432,0
Bertalan1,1,red,dot,1,4,no,lshift,412,0
Bertalan1,1,red,dot,1,9,no,lshift,384,0
Bertalan1,1,red,dot,1,3,no,lshift,370,0
Bertalan1,1,red,dot,1,3,no,lshift,390,0
Bertalan1,1,blue,dot,1,9,no,rshift,453,0
Bertalan1,1,blue,dot,1,9,no,rshift,457,0
Bertalan1,1,red,dot,1,7,no,lshift,356,0
Bertalan1,1,red,dot,1,6,no,lshift,338,0
Bertalan1,1,blue,dot,1,4,no,rshift,408,0
Bertalan1,1,blue,dot,1,1,no,rshift,401,0
Bertalan1,1,red,dot,1,3,no,lshift,387,0
Bertalan1,1,red,dot,1,3,no,lshift,586,0
Bertalan1,1,blue,dot,1,6,no,rshift,464,0
Bertalan1,1,red,dot,1,6,no,lshift,373,0
Bertalan1,1,red,dot,1,6,no,lshift,371,0
Bertalan1,1,blue,dot,1,6,no,rshift,336,0
Bertalan1,1,blue,dot,1,4,no,rshift,442,0
Bertalan1,1,blue,dot,1,9,no,rshift,390,0
Bertalan1,1,red,dot,1,7,no,lshift,349,0
Bertalan1,1,red,dot,1,2,no,lshift,376,0
Bertalan1,1,red,dot,1,1,no,lshift,295,0
Bertalan1,1,red,dot,1,6,no,lshift,379,0
Bertalan1,1,red,dot,1,4,no,lshift,351,0
Bertalan1,1,blue,dot,1,2,no,rshift,1881,0
Bertalan1,1,red,dot,1,8,no,lshift,371,0
Bertalan1,2,blue,dot,1,4,no,rshift,406,0
Bertalan1,2,blue,dot,1,1,no,rshift,372,0
Bertalan1,2,red,dot,1,9,no,lshift,371,0
Bertalan1,2,blue,dot,1,7,no,rshift,368,0
Bertalan1,2,red,dot,0,1,no,rshift,393,0
Bertalan1,2,red,dot,1,1,no,lshift,445,0
Bertalan1,2,red,dot,1,2,no,lshift,330,0
Bertalan1,2,blue,dot,1,1,no,rshift,486,0
Bertalan1,2,blue,dot,1,8,no,rshift,411,0
Bertalan1,2,blue,dot,1,6,no,rshift,469,0
Bertalan1,2,red,dot,1,1,no,lshift,333,0
Bertalan1,2,red,dot,1,6,no,lshift,421,0
Bertalan1,2,blue,dot,1,3,no,rshift,421,0
Bertalan1,2,red,dot,1,9,no,lshift,503,0
Bertalan1,2,red,dot,1,2,no,lshift,401,0
Bertalan1,2,blue,dot,1,1,no,rshift,379,0
Bertalan1,2,red,dot,1,8,no,lshift,350,0
Bertalan1,2,blue,dot,1,1,no,rshift,382,0
Bertalan1,2,red,dot,1,4,no,lshift,339,0
Bertalan1,2,blue,dot,1,2,no,rshift,334,0
Bertalan1,2,blue,dot,1,1,no,rshift,421,0
Bertalan1,2,red,dot,1,9,no,lshift,393,0
Bertalan1,2,blue,dot,1,4,no,rshift,392,0
Bertalan1,2,blue,dot,1,2,no,rshift,405,0
Bertalan1,2,red,dot,1,4,no,lshift,406,0
Bertalan1,2,red,dot,1,2,no,lshift,393,0
Bertalan1,2,red,dot,1,6,no,lshift,403,0
Bertalan1,2,red,dot,1,4,no,lshift,378,0
Bertalan1,2,red,dot,1,7,no,lshift,399,0
Bertalan1,2,blue,dot,1,8,no,rshift,1721,0
Bertalan1,2,blue,dot,1,4,no,rshift,452,0
Bertalan1,2,blue,dot,1,2,no,rshift,423,0
Bertalan1,2,blue,dot,1,2,no,rshift,447,0
Bertalan1,2,blue,dot,1,3,no,rshift,396,0
Bertalan1,2,blue,dot,1,3,no,rshift,11691,0
Bertalan1,2,red,dot,1,2,no,lshift,8396,0
Bertalan1,2,red,dot,1,8,no,lshift,2434,0
Bertalan1,2,red,dot,1,1,no,lshift,420,0
Bertalan1,2,blue,dot,1,4,no,rshift,427,0
Bertalan1,2,blue,dot,1,2,no,rshift,537,0
Bertalan1,2,red,dot,1,8,no,lshift,429,0
Bertalan1,2,red,dot,1,4,no,lshift,355,0
Bertalan1,2,red,dot,1,7,no,lshift,356,0
Bertalan1,2,blue,dot,1,9,no,rshift,398,0
Bertalan1,2,blue,dot,1,9,no,rshift,375,0
Bertalan1,2,red,dot,1,4,no,lshift,339,0
Bertalan1,2,red,dot,1,3,no,lshift,336,0
Bertalan1,2,red,dot,1,8,no,lshift,391,0
Bertalan1,2,red,dot,1,8,no,lshift,396,0
Bertalan1,2,red,dot,1,1,no,lshift,339,0
Bertalan1,2,red,dot,1,6,no,lshift,4226,0
Bertalan1,2,blue,dot,1,7,no,rshift,7748,0
Bertalan1,2,red,dot,1,3,no,lshift,553,0
Bertalan1,2,blue,dot,1,6,no,rshift,437,0
Bertalan1,2,red,dot,1,6,no,lshift,384,0
Bertalan1,2,red,dot,1,3,no,lshift,476,0
Bertalan1,2,red,dot,1,3,no,lshift,443,0
Bertalan1,2,red,dot,1,9,no,lshift,418,0
Bertalan1,2,blue,dot,1,2,no,rshift,380,0
Bertalan1,2,red,dot,1,3,no,lshift,334,0
Bertalan1,2,blue,dot,1,6,no,rshift,503,0
Bertalan1,2,blue,dot,1,3,no,rshift,543,0
Bertalan1,2,red,dot,1,1,no,lshift,599,0
Bertalan1,2,blue,dot,1,7,no,rshift,452,0
Bertalan1,2,red,dot,1,2,no,lshift,318,0
Bertalan1,2,blue,dot,1,2,no,rshift,361,0
Bertalan1,2,red,dot,1,7,no,lshift,380,0
Bertalan1,2,blue,dot,1,6,no,rshift,429,0
Bertalan1,2,blue,dot,1,1,no,rshift,492,0
Bertalan1,2,blue,dot,1,3,no,rshift,390,0
Bertalan1,2,blue,dot,1,7,no,rshift,416,0
Bertalan1,2,blue,dot,1,7,no,rshift,423,0
Bertalan1,2,red,dot,1,7,no,lshift,1622,0
Bertalan1,2,blue,dot,1,9,no,rshift,6211,0
Bertalan1,2,red,dot,1,7,no,lshift,482,0
Bertalan1,2,blue,dot,1,1,no,rshift,500,0
Bertalan1,2,red,dot,1,8,no,lshift,477,0
Bertalan1,2,red,dot,1,9,no,lshift,504,0
Bertalan1,2,red,dot,1,4,no,lshift,311,0
Bertalan1,2,blue,dot,1,8,no,rshift,379,0
Bertalan1,2,blue,dot,1,7,no,rshift,524,0
Bertalan1,2,red,dot,1,2,no,lshift,356,0
Bertalan1,2,red,dot,1,3,no,lshift,352,0
Bertalan1,2,red,dot,1,4,no,lshift,301,0
Bertalan1,2,blue,dot,1,6,no,rshift,401,0
Bertalan1,2,blue,dot,1,7,no,rshift,434,0
Bertalan1,2,red,dot,1,9,no,lshift,324,0
Bertalan1,2,red,dot,1,7,no,lshift,386,0
Bertalan1,2,red,dot,1,8,no,lshift,382,0
Bertalan1,2,blue,dot,1,1,no,rshift,333,0
Bertalan1,2,red,dot,1,6,no,lshift,354,0
Bertalan1,2,blue,dot,1,2,no,rshift,436,0
Bertalan1,2,red,dot,1,8,no,lshift,303,0
Bertalan1,2,red,dot,1,2,no,lshift,351,0
Bertalan1,2,red,dot,1,9,no,lshift,320,0
Bertalan1,2,red,dot,1,9,no,lshift,360,0
Bertalan1,2,red,dot,1,6,no,lshift,409,0
Bertalan1,2,blue,dot,1,8,no,rshift,2081,0
Bertalan1,2,red,dot,1,3,no,lshift,311,0
Bertalan1,2,red,dot,1,4,no,lshift,381,0
Bertalan1,2,red,dot,1,6,no,lshift,397,0
Bertalan1,2,blue,dot,1,9,no,rshift,426,0
Bertalan1,2,blue,dot,1,4,no,rshift,385,0
Bertalan1,2,blue,dot,1,3,no,rshift,311,0
Bertalan1,2,blue,dot,1,4,no,rshift,379,0
Bertalan1,2,red,dot,1,1,no,lshift,389,0
Bertalan1,2,blue,dot,1,3,no,rshift,434,0
Bertalan1,2,blue,dot,1,6,no,rshift,489,0
Bertalan1,2,blue,dot,1,4,no,rshift,357,0
Bertalan1,2,blue,dot,1,9,no,rshift,415,0
Bertalan1,2,blue,dot,1,1,no,rshift,450,0
Bertalan1,2,blue,dot,1,3,no,rshift,1749,0
Bertalan1,2,blue,dot,1,7,no,rshift,395,0
Bertalan1,2,red,dot,1,3,no,lshift,359,0
Bertalan1,2,blue,dot,1,8,no,rshift,369,0
Bertalan1,2,red,dot,1,8,no,lshift,359,0
Bertalan1,2,blue,dot,1,8,no,rshift,457,0
Bertalan1,2,red,dot,1,7,no,lshift,415,0
Bertalan1,2,red,dot,1,2,no,lshift,467,0
Bertalan1,2,red,dot,1,6,no,lshift,319,0
Bertalan1,2,blue,dot,1,6,no,rshift,423,0
Bertalan1,2,blue,dot,1,8,no,rshift,439,0
Bertalan1,2,blue,dot,1,7,no,rshift,421,0
Bertalan1,2,red,dot,1,7,no,lshift,450,0
Bertalan1,2,blue,dot,1,9,no,rshift,436,0
Bertalan1,2,blue,dot,1,2,no,rshift,386,0
Bertalan1,2,blue,dot,1,8,no,rshift,387,0
Bertalan1,2,blue,dot,1,2,no,rshift,324,0
Bertalan1,2,red,dot,1,7,no,lshift,458,0
Bertalan1,2,red,dot,1,9,no,lshift,384,0
Bertalan1,2,red,dot,1,2,no,lshift,317,0
Bertalan1,2,blue,dot,1,8,no,rshift,443,0
Bertalan1,2,blue,dot,1,8,no,rshift,490,0
Bertalan1,2,blue,dot,1,9,no,rshift,399,0
Bertalan1,2,red,dot,1,1,no,lshift,463,0
Bertalan1,2,blue,dot,1,1,no,rshift,501,0
Bertalan1,2,blue,dot,1,3,no,rshift,387,0
Bertalan1,2,blue,dot,1,6,no,rshift,373,0
Bertalan1,2,blue,dot,1,3,no,rshift,328,0
Bertalan1,2,blue,dot,1,6,no,rshift,420,0
Bertalan1,2,red,dot,1,4,no,lshift,1307,0
Bertalan1,2,blue,dot,1,9,no,rshift,373,0
Bertalan1,2,red,dot,1,4,no,lshift,472,0
Bertalan1,2,blue,dot,1,4,no,rshift,407,0
Bertalan1,2,red,dot,1,7,no,lshift,400,0
Bertalan1,2,red,dot,1,1,no,lshift,364,0
Bertalan1,2,red,dot,1,2,no,lshift,362,0
Bertalan1,2,blue,dot,1,4,no,rshift,417,0
Bertalan1,2,blue,dot,1,9,no,rshift,382,0
Bertalan1,2,red,dot,1,9,no,lshift,410,0
Bertalan1,2,blue,dot,1,4,no,rshift,385,0
Bertalan1,2,red,dot,1,3,no,lshift,427,0
Bertalan1,2,red,dot,1,8,no,lshift,384,0
Bertalan1,2,blue,dot,1,9,no,rshift,419,0
Bertalan1,2,red,dot,1,1,no,lshift,306,0
Bertalan1,2,red,dot,1,6,no,lshift,365,0
Bertalan1,2,red,dot,1,6,no,lshift,285,0
Bertalan1,2,blue,dot,1,7,no,rshift,365,0
Bertalan1,2,blue,dot,1,6,no,rshift,351,0
Bertalan1,2,red,dot,1,3,no,lshift,291,0
Bertalan1,3,blue,dot,1,8,no,rshift,399,0
Bertalan1,3,blue,dot,1,8,no,rshift,413,0
Bertalan1,3,red,dot,1,6,no,lshift,312,0
Bertalan1,3,red,dot,1,8,no,lshift,287,0
Bertalan1,3,red,dot,1,9,no,lshift,342,0
Bertalan1,3,red,dot,1,7,no,lshift,434,0
Bertalan1,3,red,dot,1,4,no,lshift,333,0
Bertalan1,3,blue,dot,1,6,no,rshift,475,0
Bertalan1,3,blue,dot,1,9,no,rshift,310,0
Bertalan1,3,blue,dot,1,3,no,rshift,430,0
Bertalan1,3,blue,dot,1,7,no,rshift,292,0
Bertalan1,3,red,dot,1,6,no,lshift,334,0
Bertalan1,3,blue,dot,1,2,no,rshift,329,0
Bertalan1,3,red,dot,1,1,no,lshift,327,0
Bertalan1,3,blue,dot,1,9,no,rshift,476,0
Bertalan1,3,blue,dot,1,1,no,rshift,379,0
Bertalan1,3,blue,dot,1,1,no,rshift,397,0
Bertalan1,3,red,dot,0,4,no,rshift,363,0
Bertalan1,3,red,dot,1,7,no,lshift,334,0
Bertalan1,3,blue,dot,1,6,no,rshift,330,0
Bertalan1,3,red,dot,1,9,no,lshift,329,0
Bertalan1,3,red,dot,1,7,no,lshift,400,0
Bertalan1,3,blue,dot,1,1,no,rshift,456,0
Bertalan1,3,red,dot,1,8,no,lshift,399,0
Bertalan1,3,blue,dot,1,9,no,rshift,391,0
Bertalan1,3,red,dot,1,6,no,lshift,373,0
Bertalan1,3,red,dot,1,2,no,lshift,383,0
Bertalan1,3,blue,dot,1,8,no,rshift,440,0
Bertalan1,3,blue,dot,1,7,no,rshift,381,0
Bertalan1,3,blue,dot,1,2,no,rshift,353,0
Bertalan1,3,red,dot,1,1,no,lshift,333,0
Bertalan1,3,blue,dot,1,4,no,rshift,395,0
Bertalan1,3,blue,dot,1,3,no,rshift,332,0
Bertalan1,3,blue,dot,1,9,no,rshift,417,0
Bertalan1,3,blue,dot,1,3,no,rshift,374,0
Bertalan1,3,blue,dot,1,1,no,rshift,354,0
Bertalan1,3,blue,dot,1,2,no,rshift,514,0
Bertalan1,3,red,dot,1,2,no,lshift,350,0
Bertalan1,3,red,dot,1,6,no,lshift,392,0
Bertalan1,3,blue,dot,1,4,no,rshift,379,0
Bertalan1,3,blue,dot,1,4,no,rshift,358,0
Bertalan1,3,blue,dot,1,1,no,rshift,349,0
Bertalan1,3,blue,dot,1,3,no,rshift,375,0
Bertalan1,3,blue,dot,1,3,no,rshift,393,0
Bertalan1,3,red,dot,1,1,no,lshift,349,0
Bertalan1,3,red,dot,1,6,no,lshift,370,0
Bertalan1,3,red,dot,1,7,no,lshift,327,0
Bertalan1,3,red,dot,1,4,no,lshift,376,0
Bertalan1,3,blue,dot,1,7,no,rshift,462,0
Bertalan1,3,blue,dot,1,7,no,rshift,389,0
Bertalan1,3,red,dot,1,3,no,lshift,368,0
Bertalan1,3,red,dot,1,9,no,lshift,336,0
Bertalan1,3,red,dot,1,8,no,lshift,325,0
Bertalan1,3,red,dot,1,7,no,lshift,415,0
Bertalan1,3,red,dot,1,1,no,lshift,457,0
Bertalan1,3,red,dot,1,3,no,lshift,564,0
Bertalan1,3,blue,dot,1,1,no,rshift,405,0
Bertalan1,3,red,dot,1,6,no,lshift,381,0
Bertalan1,3,blue,dot,1,4,no,rshift,413,0
Bertalan1,3,red,dot,1,9,no,lshift,483,0
Bertalan1,3,red,dot,1,6,no,lshift,362,0
Bertalan1,3,blue,dot,1,1,no,rshift,391,0
Bertalan1,3,red,dot,1,9,no,lshift,397,0
Bertalan1,3,blue,dot,1,9,no,rshift,455,0
Bertalan1,3,blue,dot,1,6,no,rshift,543,0
Bertalan1,3,blue,dot,1,6,no,rshift,421,0
Bertalan1,3,red,dot,1,8,no,lshift,389,0
Bertalan1,3,red,dot,1,2,no,lshift,328,0
Bertalan1,3,blue,dot,1,6,no,rshift,366,0
Bertalan1,3,red,dot,1,9,no,lshift,409,0
Bertalan1,3,blue,dot,1,8,no,rshift,380,0
Bertalan1,3,blue,dot,1,6,no,rshift,384,0
Bertalan1,3,blue,dot,1,6,no,rshift,369,0
Bertalan1,3,blue,dot,1,6,no,rshift,370,0
Bertalan1,3,red,dot,1,8,no,lshift,401,0
Bertalan1,3,blue,dot,1,2,no,rshift,634,0
Bertalan1,3,blue,dot,1,7,no,rshift,429,0
Bertalan1,3,red,dot,1,1,no,lshift,396,0
Bertalan1,3,blue,dot,1,1,no,rshift,384,0
Bertalan1,3,red,dot,1,3,no,lshift,360,0
Bertalan1,3,blue,dot,1,4,no,rshift,346,0
Bertalan1,3,blue,dot,1,8,no,rshift,372,0
Bertalan1,3,blue,dot,1,4,no,rshift,403,0
Bertalan1,3,blue,dot,1,9,no,rshift,339,0
Bertalan1,3,red,dot,1,4,no,lshift,449,0
Bertalan1,3,blue,dot,1,8,no,rshift,399,0
Bertalan1,3,blue,dot,1,7,no,rshift,376,0
Bertalan1,3,blue,dot,1,9,no,rshift,306,0
Bertalan1,3,blue,dot,1,2,no,rshift,342,0
Bertalan1,3,blue,dot,1,1,no,rshift,333,0
Bertalan1,3,red,dot,1,8,no,lshift,381,0
Bertalan1,3,red,dot,1,3,no,lshift,260,0
Bertalan1,3,blue,dot,1,8,no,rshift,333,0
Bertalan1,3,red,dot,1,3,no,lshift,385,0
Bertalan1,3,red,dot,1,1,no,lshift,312,0
Bertalan1,3,blue,dot,1,1,no,rshift,456,0
Bertalan1,3,blue,dot,1,9,no,rshift,398,0
Bertalan1,3,blue,dot,1,6,no,rshift,389,0
Bertalan1,3,blue,dot,1,3,no,rshift,376,0
Bertalan1,3,blue,dot,1,7,no,rshift,404,0
Bertalan1,3,red,dot,1,4,no,lshift,374,0
Bertalan1,3,red,dot,1,3,no,lshift,464,0
Bertalan1,3,red,dot,1,2,no,lshift,382,0
Bertalan1,3,blue,dot,1,7,no,rshift,320,0
Bertalan1,3,red,dot,1,3,no,lshift,360,0
Bertalan1,3,red,dot,1,8,no,lshift,353,0
Bertalan1,3,blue,dot,1,6,no,rshift,319,0
Bertalan1,3,red,dot,1,4,no,lshift,279,0
Bertalan1,3,red,dot,1,9,no,lshift,338,0
Bertalan1,3,red,dot,1,4,no,lshift,354,0
Bertalan1,3,blue,dot,1,2,no,rshift,413,0
Bertalan1,3,red,dot,1,8,no,lshift,406,0
Bertalan1,3,red,dot,1,9,no,lshift,274,0
Bertalan1,3,red,dot,1,8,no,lshift,316,0
Bertalan1,3,red,dot,1,6,no,lshift,316,0
Bertalan1,3,red,dot,1,7,no,lshift,337,0
Bertalan1,3,red,dot,1,7,no,lshift,673,0
Bertalan1,3,blue,dot,1,2,no,rshift,422,0
Bertalan1,3,blue,dot,1,7,no,rshift,385,0
Bertalan1,3,blue,dot,1,4,no,rshift,332,0
Bertalan1,3,red,dot,1,9,no,lshift,351,0
Bertalan1,3,blue,dot,1,8,no,rshift,384,0
Bertalan1,3,red,dot,1,7,no,lshift,388,0
Bertalan1,3,blue,dot,1,3,no,rshift,429,0
Bertalan1,3,red,dot,1,4,no,lshift,380,0
Bertalan1,3,blue,dot,1,8,no,rshift,381,0
Bertalan1,3,red,dot,1,1,no,lshift,330,0
Bertalan1,3,red,dot,1,4,no,lshift,350,0
Bertalan1,3,blue,dot,1,2,no,rshift,381,0
Bertalan1,3,blue,dot,1,8,no,rshift,318,0
Bertalan1,3,blue,dot,1,7,no,rshift,372,0
Bertalan1,3,blue,dot,1,9,no,rshift,336,0
Bertalan1,3,red,dot,1,4,no,lshift,406,0
Bertalan1,3,blue,dot,1,2,no,rshift,432,0
Bertalan1,3,blue,dot,1,3,no,rshift,416,0
Bertalan1,3,red,dot,1,1,no,lshift,419,0
Bertalan1,3,blue,dot,1,4,no,rshift,359,0
Bertalan1,3,red,dot,1,9,no,lshift,356,0
Bertalan1,3,red,dot,1,7,no,lshift,411,0
Bertalan1,3,red,dot,1,6,no,lshift,386,0
Bertalan1,3,red,dot,1,2,no,lshift,318,0
Bertalan1,3,red,dot,1,1,no,lshift,357,0
Bertalan1,3,red,dot,1,7,no,lshift,441,0
Bertalan1,3,red,dot,1,2,no,lshift,362,0
Bertalan1,3,blue,dot,1,4,no,rshift,363,0
Bertalan1,3,red,dot,1,8,no,lshift,467,0
Bertalan1,3,blue,dot,1,9,no,rshift,432,0
Bertalan1,3,red,dot,1,1,no,lshift,279,0
Bertalan1,3,blue,dot,1,3,no,rshift,288,0
Bertalan1,3,red,dot,1,2,no,lshift,394,0
Bertalan1,3,red,dot,1,3,no,lshift,240,0
Bertalan1,3,red,dot,1,3,no,lshift,389,0
Bertalan1,3,red,dot,1,6,no,lshift,328,0
Bertalan1,3,red,dot,1,2,no,lshift,382,0
Bertalan1,3,blue,dot,1,3,no,rshift,480,0
Bertalan1,3,blue,dot,1,2,no,rshift,342,0
Bertalan1,3,red,dot,1,2,no,lshift,345,0
Bertalan1,3,red,dot,1,3,no,lshift,316,0
Bertalan1,3,blue,dot,1,4,no,rshift,461,0
Bertalan1,3,red,dot,1,2,no,lshift,348,0
Bertalan1,0,red,arab,1,2,yes,lshift,750,0
Bertalan1,0,red,arab,1,7,yes,lshift,389,0
Bertalan1,0,blue,arab,1,3,yes,rshift,497,0
Bertalan1,0,blue,arab,1,2,yes,rshift,326,0
Bertalan1,0,blue,arab,1,8,yes,rshift,412,0
Bertalan1,0,blue,arab,1,7,yes,rshift,423,0
Bertalan1,0,blue,arab,1,6,yes,rshift,355,0
Bertalan1,0,red,arab,1,3,yes,lshift,19090,0
Bertalan1,0,red,arab,1,1,yes,lshift,423,0
Bertalan1,0,blue,arab,1,4,yes,rshift,375,0
Bertalan1,0,red,arab,0,6,yes,rshift,347,0
Bertalan1,0,blue,arab,1,1,yes,rshift,486,0
Bertalan1,0,blue,arab,1,9,yes,rshift,415,0
Bertalan1,0,red,arab,1,4,yes,lshift,305,0
Bertalan1,0,red,arab,1,9,yes,lshift,346,0
Bertalan1,0,red,arab,1,8,yes,lshift,411,0
Bertalan1,1,red,arab,1,1,no,lshift,342,0
Bertalan1,1,red,arab,1,6,no,lshift,348,0
Bertalan1,1,red,arab,1,4,no,lshift,407,0
Bertalan1,1,red,arab,1,4,no,lshift,468,0
Bertalan1,1,red,arab,1,4,no,lshift,397,0
Bertalan1,1,blue,arab,1,9,no,rshift,394,0
Bertalan1,1,blue,arab,1,8,no,rshift,359,0
Bertalan1,1,blue,arab,1,8,no,rshift,372,0
Bertalan1,1,blue,arab,1,4,no,rshift,351,0
Bertalan1,1,red,arab,1,8,no,lshift,385,0
Bertalan1,1,blue,arab,1,6,no,rshift,461,0
Bertalan1,1,blue,arab,1,9,no,rshift,429,0
Bertalan1,1,red,arab,1,3,no,lshift,413,0
Bertalan1,1,blue,arab,1,1,no,rshift,412,0
Bertalan1,1,red,arab,1,4,no,lshift,370,0
Bertalan1,1,blue,arab,1,3,no,rshift,380,0
Bertalan1,1,red,arab,1,7,no,lshift,429,0
Bertalan1,1,red,arab,1,8,no,lshift,321,0
Bertalan1,1,blue,arab,1,6,no,rshift,468,0
Bertalan1,1,red,arab,1,2,no,lshift,347,0
Bertalan1,1,blue,arab,1,2,no,rshift,433,0
Bertalan1,1,red,arab,1,9,no,lshift,363,0
Bertalan1,1,blue,arab,1,4,no,rshift,331,0
Bertalan1,1,blue,arab,0,9,no,lshift,412,0
Bertalan1,1,blue,arab,1,8,no,rshift,446,0
Bertalan1,1,red,arab,1,1,no,lshift,375,0
Bertalan1,1,blue,arab,1,6,no,rshift,359,0
Bertalan1,1,blue,arab,1,2,no,rshift,480,0
Bertalan1,1,blue,arab,1,9,no,rshift,459,0
Bertalan1,1,red,arab,1,9,no,lshift,375,0
Bertalan1,1,red,arab,1,9,no,lshift,396,0
Bertalan1,1,red,arab,1,1,no,lshift,411,0
Bertalan1,1,blue,arab,1,6,no,rshift,441,0
Bertalan1,1,red,arab,1,2,no,lshift,393,0
Bertalan1,1,red,arab,1,7,no,lshift,418,0
Bertalan1,1,red,arab,1,7,no,lshift,436,0
Bertalan1,1,red,arab,1,1,no,lshift,365,0
Bertalan1,1,blue,arab,1,3,no,rshift,446,0
Bertalan1,1,red,arab,1,8,no,lshift,462,0
Bertalan1,1,red,arab,1,8,no,lshift,378,0
Bertalan1,1,red,arab,1,6,no,lshift,386,0
Bertalan1,1,red,arab,1,9,no,lshift,425,0
Bertalan1,1,blue,arab,1,3,no,rshift,401,0
Bertalan1,1,blue,arab,1,6,no,rshift,415,0
Bertalan1,1,blue,arab,1,1,no,rshift,434,0
Bertalan1,1,red,arab,1,1,no,lshift,374,0
Bertalan1,1,blue,arab,1,4,no,rshift,533,0
Bertalan1,1,red,arab,1,6,no,lshift,338,0
Bertalan1,1,red,arab,1,1,no,lshift,342,0
Bertalan1,1,blue,arab,1,6,no,rshift,440,0
Bertalan1,1,red,arab,1,3,no,lshift,345,0
Bertalan1,1,blue,arab,1,9,no,rshift,381,0
Bertalan1,1,blue,arab,1,8,no,rshift,436,0
Bertalan1,1,blue,arab,1,3,no,rshift,330,0
Bertalan1,1,blue,arab,1,6,no,rshift,480,0
Bertalan1,1,red,arab,1,4,no,lshift,409,0
Bertalan1,1,red,arab,1,9,no,lshift,577,0
Bertalan1,1,red,arab,1,2,no,lshift,333,0
Bertalan1,1,blue,arab,1,7,no,rshift,379,0
Bertalan1,1,red,arab,1,8,no,lshift,450,0
Bertalan1,1,blue,arab,1,8,no,rshift,456,0
Bertalan1,1,blue,arab,1,2,no,rshift,350,0
Bertalan1,1,blue,arab,1,9,no,rshift,402,0
Bertalan1,1,red,arab,1,8,no,lshift,388,0
Bertalan1,1,blue,arab,1,2,no,rshift,440,0
Bertalan1,1,red,arab,1,6,no,lshift,384,0
Bertalan1,1,red,arab,1,2,no,lshift,335,0
Bertalan1,1,red,arab,1,3,no,lshift,383,0
Bertalan1,1,blue,arab,1,1,no,rshift,412,0
Bertalan1,1,blue,arab,1,4,no,rshift,458,0
Bertalan1,1,red,arab,1,4,no,lshift,421,0
Bertalan1,1,red,arab,0,7,no,rshift,439,0
Bertalan1,1,blue,arab,1,2,no,rshift,408,0
Bertalan1,1,red,arab,1,4,no,lshift,377,0
Bertalan1,1,blue,arab,1,8,no,rshift,444,0
Bertalan1,1,red,arab,1,4,no,lshift,378,0
Bertalan1,1,red,arab,1,4,no,lshift,430,0
Bertalan1,1,red,arab,1,6,no,lshift,352,0
Bertalan1,1,red,arab,1,9,no,lshift,475,0
Bertalan1,1,red,arab,1,8,no,lshift,443,0
Bertalan1,1,blue,arab,1,7,no,rshift,476,0
Bertalan1,1,red,arab,1,7,no,lshift,412,0
Bertalan1,1,red,arab,1,3,no,lshift,391,0
Bertalan1,1,red,arab,1,1,no,lshift,378,0
Bertalan1,1,red,arab,1,3,no,lshift,427,0
Bertalan1,1,blue,arab,1,4,no,rshift,401,0
Bertalan1,1,blue,arab,1,2,no,rshift,339,0
Bertalan1,1,blue,arab,1,1,no,rshift,437,0
Bertalan1,1,red,arab,1,8,no,lshift,415,0
Bertalan1,1,blue,arab,1,3,no,rshift,498,0
Bertalan1,1,red,arab,1,9,no,lshift,353,0
Bertalan1,1,blue,arab,1,6,no,rshift,586,0
Bertalan1,1,red,arab,1,2,no,lshift,405,0
Bertalan1,1,blue,arab,1,9,no,rshift,292,0
Bertalan1,1,red,arab,1,9,no,lshift,299,0
Bertalan1,1,blue,arab,1,3,no,rshift,321,0
Bertalan1,1,red,arab,1,6,no,lshift,344,0
Bertalan1,1,red,arab,1,2,no,lshift,347,0
Bertalan1,1,blue,arab,1,1,no,rshift,408,0
Bertalan1,1,red,arab,1,6,no,lshift,347,0
Bertalan1,1,blue,arab,1,7,no,rshift,355,0
Bertalan1,1,red,arab,1,7,no,lshift,434,0
Bertalan1,1,blue,arab,1,1,no,rshift,369,0
Bertalan1,1,blue,arab,1,3,no,rshift,431,0
Bertalan1,1,red,arab,1,1,no,lshift,414,0
Bertalan1,1,red,arab,1,7,no,lshift,507,0
Bertalan1,1,blue,arab,1,6,no,rshift,578,0
Bertalan1,1,red,arab,1,6,no,lshift,388,0
Bertalan1,1,red,arab,1,3,no,lshift,359,0
Bertalan1,1,red,arab,1,8,no,lshift,355,0
Bertalan1,1,blue,arab,1,8,no,rshift,405,0
Bertalan1,1,blue,arab,1,7,no,rshift,437,0
Bertalan1,1,blue,arab,1,8,no,rshift,429,0
Bertalan1,1,blue,arab,1,7,no,rshift,395,0
Bertalan1,1,red,arab,1,1,no,lshift,420,0
Bertalan1,1,blue,arab,1,9,no,rshift,398,0
Bertalan1,1,red,arab,1,7,no,lshift,466,0
Bertalan1,1,blue,arab,0,3,no,lshift,458,0
Bertalan1,1,blue,arab,1,1,no,rshift,446,0
Bertalan1,1,blue,arab,1,7,no,rshift,441,0
Bertalan1,1,blue,arab,1,4,no,rshift,466,0
Bertalan1,1,red,arab,1,7,no,lshift,422,0
Bertalan1,1,red,arab,1,1,no,lshift,428,0
Bertalan1,1,red,arab,1,9,no,lshift,408,0
Bertalan1,1,blue,arab,1,2,no,rshift,391,0
Bertalan1,1,blue,arab,1,7,no,rshift,380,0
Bertalan1,1,red,arab,1,4,no,lshift,395,0
Bertalan1,1,blue,arab,1,4,no,rshift,401,0
Bertalan1,1,blue,arab,1,3,no,rshift,385,0
Bertalan1,1,red,arab,1,3,no,lshift,405,0
Bertalan1,1,blue,arab,1,9,no,rshift,463,0
Bertalan1,1,blue,arab,1,9,no,rshift,424,0
Bertalan1,1,blue,arab,1,7,no,rshift,396,0
Bertalan1,1,blue,arab,1,7,no,rshift,467,0
Bertalan1,1,blue,arab,1,4,no,rshift,440,0
Bertalan1,1,blue,arab,1,2,no,rshift,459,0
Bertalan1,1,blue,arab,1,6,no,rshift,426,0
Bertalan1,1,red,arab,1,3,no,lshift,410,0
Bertalan1,1,blue,arab,1,3,no,rshift,406,0
Bertalan1,1,blue,arab,1,7,no,rshift,410,0
Bertalan1,1,red,arab,1,9,no,lshift,379,0
Bertalan1,1,red,arab,1,7,no,lshift,359,0
Bertalan1,1,blue,arab,1,1,no,rshift,393,0
Bertalan1,1,blue,arab,1,2,no,rshift,457,0
Bertalan1,1,red,arab,1,8,no,lshift,459,0
Bertalan1,1,blue,arab,1,4,no,rshift,351,0
Bertalan1,1,blue,arab,1,4,no,rshift,471,0
Bertalan1,1,red,arab,1,2,no,lshift,411,0
Bertalan1,1,blue,arab,1,8,no,rshift,358,0
Bertalan1,1,red,arab,1,6,no,lshift,447,0
Bertalan1,1,blue,arab,1,1,no,rshift,350,0
Bertalan1,1,red,arab,1,2,no,lshift,407,0
Bertalan1,1,red,arab,1,3,no,lshift,351,0
Bertalan1,1,red,arab,1,6,no,lshift,382,0
Bertalan1,1,blue,arab,1,2,no,rshift,399,0
Bertalan1,1,red,arab,1,2,no,lshift,376,0
Bertalan1,1,red,arab,1,3,no,lshift,372,0
Bertalan1,1,red,arab,1,2,no,lshift,369,0
Bertalan1,1,blue,arab,1,1,no,rshift,372,0
Bertalan1,1,blue,arab,1,8,no,rshift,418,0
Bertalan1,2,red,arab,1,8,no,lshift,409,0
Bertalan1,2,red,arab,1,6,no,lshift,385,0
Bertalan1,2,blue,arab,1,1,no,rshift,383,0
Bertalan1,2,red,arab,1,4,no,lshift,419,0
Bertalan1,2,red,arab,1,9,no,lshift,343,0
Bertalan1,2,red,arab,1,2,no,lshift,385,0
Bertalan1,2,red,arab,1,9,no,lshift,383,0
Bertalan1,2,blue,arab,1,9,no,rshift,351,0
Bertalan1,2,red,arab,1,9,no,lshift,410,0
Bertalan1,2,blue,arab,1,4,no,rshift,415,0
Bertalan1,2,blue,arab,1,8,no,rshift,473,0
Bertalan1,2,blue,arab,1,8,no,rshift,391,0
Bertalan1,2,blue,arab,1,7,no,rshift,412,0
Bertalan1,2,red,arab,1,1,no,lshift,335,0
Bertalan1,2,red,arab,1,7,no,lshift,349,0
Bertalan1,2,red,arab,1,3,no,lshift,376,0
Bertalan1,2,blue,arab,1,1,no,rshift,416,0
Bertalan1,2,red,arab,1,1,no,lshift,356,0
Bertalan1,2,red,arab,1,2,no,lshift,319,0
Bertalan1,2,red,arab,1,4,no,lshift,358,0
Bertalan1,2,red,arab,1,6,no,lshift,358,0
Bertalan1,2,blue,arab,1,9,no,rshift,362,0
Bertalan1,2,red,arab,1,1,no,lshift,414,0
Bertalan1,2,blue,arab,1,8,no,rshift,404,0
Bertalan1,2,red,arab,1,7,no,lshift,363,0
Bertalan1,2,blue,arab,1,8,no,rshift,402,0
Bertalan1,2,blue,arab,1,4,no,rshift,360,0
Bertalan1,2,red,arab,1,3,no,lshift,325,0
Bertalan1,2,red,arab,1,3,no,lshift,364,0
Bertalan1,2,blue,arab,1,1,no,rshift,373,0
Bertalan1,2,red,arab,0,7,no,rshift,407,0
Bertalan1,2,red,arab,1,8,no,lshift,478,0
Bertalan1,2,red,arab,1,6,no,lshift,444,0
Bertalan1,2,blue,arab,1,9,no,rshift,414,0
Bertalan1,2,red,arab,1,8,no,lshift,386,0
Bertalan1,2,red,arab,1,1,no,lshift,347,0
Bertalan1,2,blue,arab,1,4,no,rshift,342,0
Bertalan1,2,blue,arab,1,7,no,rshift,363,0
Bertalan1,2,red,arab,1,8,no,lshift,385,0
Bertalan1,2,red,arab,1,1,no,lshift,403,0
Bertalan1,2,red,arab,1,2,no,lshift,364,0
Bertalan1,2,red,arab,1,2,no,lshift,347,0
Bertalan1,2,red,arab,1,3,no,lshift,316,0
Bertalan1,2,blue,arab,1,6,no,rshift,336,0
Bertalan1,2,red,arab,1,6,no,lshift,388,0
Bertalan1,2,red,arab,1,9,no,lshift,564,0
Bertalan1,2,red,arab,1,9,no,lshift,361,0
Bertalan1,2,red,arab,1,4,no,lshift,522,0
Bertalan1,2,blue,arab,1,1,no,rshift,422,0
Bertalan1,2,red,arab,1,6,no,lshift,397,0
Bertalan1,2,blue,arab,1,8,no,rshift,312,0
Bertalan1,2,blue,arab,1,2,no,rshift,450,0
Bertalan1,2,blue,arab,1,9,no,rshift,459,0
Bertalan1,2,blue,arab,1,7,no,rshift,485,0
Bertalan1,2,blue,arab,1,6,no,rshift,467,0
Bertalan1,2,red,arab,1,6,no,lshift,339,0
Bertalan1,2,red,arab,1,6,no,lshift,321,0
Bertalan1,2,red,arab,1,4,no,lshift,348,0
Bertalan1,2,blue,arab,1,7,no,rshift,365,0
Bertalan1,2,red,arab,1,7,no,lshift,435,0
Bertalan1,2,blue,arab,1,1,no,rshift,385,0
Bertalan1,2,blue,arab,1,6,no,rshift,342,0
Bertalan1,2,blue,arab,1,3,no,rshift,330,0
Bertalan1,2,blue,arab,1,6,no,rshift,366,0
Bertalan1,2,blue,arab,1,4,no,rshift,373,0
Bertalan1,2,blue,arab,1,2,no,rshift,436,0
Bertalan1,2,blue,arab,1,2,no,rshift,422,0
Bertalan1,2,blue,arab,1,7,no,rshift,412,0
Bertalan1,2,blue,arab,1,7,no,rshift,370,0
Bertalan1,2,blue,arab,1,2,no,rshift,394,0
Bertalan1,2,red,arab,1,7,no,lshift,428,0
Bertalan1,2,blue,arab,1,8,no,rshift,410,0
Bertalan1,2,red,arab,1,8,no,lshift,444,0
Bertalan1,2,blue,arab,1,2,no,rshift,381,0
Bertalan1,2,blue,arab,1,9,no,rshift,409,0
Bertalan1,2,blue,arab,1,2,no,rshift,438,0
Bertalan1,2,blue,arab,1,8,no,rshift,394,0
Bertalan1,2,blue,arab,1,3,no,rshift,402,0
Bertalan1,2,blue,arab,1,3,no,rshift,317,0
Bertalan1,2,blue,arab,1,3,no,rshift,338,0
Bertalan1,2,red,arab,1,4,no,lshift,407,0
Bertalan1,2,red,arab,1,9,no,lshift,433,0
Bertalan1,2,blue,arab,1,3,no,rshift,380,0
Bertalan1,2,red,arab,1,1,no,lshift,361,0
Bertalan1,2,red,arab,1,8,no,lshift,336,0
Bertalan1,2,red,arab,1,1,no,lshift,352,0
Bertalan1,2,blue,arab,1,6,no,rshift,417,0
Bertalan1,2,red,arab,1,6,no,lshift,420,0
Bertalan1,2,blue,arab,1,4,no,rshift,403,0
Bertalan1,2,red,arab,1,6,no,lshift,408,0
Bertalan1,2,red,arab,1,7,no,lshift,357,0
Bertalan1,2,blue,arab,1,4,no,rshift,498,0
Bertalan1,2,blue,arab,1,2,no,rshift,498,0
Bertalan1,2,red,arab,1,4,no,lshift,425,0
Bertalan1,2,blue,arab,1,8,no,rshift,379,0
Bertalan1,2,blue,arab,1,3,no,rshift,487,0
Bertalan1,2,red,arab,1,3,no,lshift,527,0
Bertalan1,2,red,arab,1,3,no,lshift,326,0
Bertalan1,2,blue,arab,1,7,no,rshift,391,0
Bertalan1,2,red,arab,1,8,no,lshift,340,0
Bertalan1,2,blue,arab,1,1,no,rshift,541,0
Bertalan1,2,blue,arab,1,2,no,rshift,377,0
Bertalan1,2,red,arab,1,8,no,lshift,390,0
Bertalan1,2,blue,arab,1,7,no,rshift,365,0
Bertalan1,2,red,arab,1,8,no,lshift,398,0
Bertalan1,2,blue,arab,1,1,no,rshift,511,0
Bertalan1,2,red,arab,1,9,no,lshift,387,0
Bertalan1,2,blue,arab,1,6,no,rshift,334,0
Bertalan1,2,blue,arab,1,3,no,rshift,439,0
Bertalan1,2,red,arab,1,8,no,lshift,447,0
Bertalan1,2,blue,arab,1,9,no,rshift,347,0
Bertalan1,2,blue,arab,1,9,no,rshift,393,0
Bertalan1,2,blue,arab,1,1,no,rshift,444,0
Bertalan1,2,red,arab,1,1,no,lshift,362,0
Bertalan1,2,blue,arab,1,1,no,rshift,459,0
Bertalan1,2,red,arab,1,4,no,lshift,446,0
Bertalan1,2,blue,arab,1,4,no,rshift,639,0
Bertalan1,2,blue,arab,1,6,no,rshift,347,0
Bertalan1,2,red,arab,1,3,no,lshift,385,0
Bertalan1,2,red,arab,1,4,no,lshift,448,0
Bertalan1,2,blue,arab,1,8,no,rshift,392,0
Bertalan1,2,blue,arab,1,7,no,rshift,299,0
Bertalan1,2,red,arab,1,2,no,lshift,361,0
Bertalan1,2,red,arab,1,7,no,lshift,390,0
Bertalan1,2,red,arab,1,2,no,lshift,351,0
Bertalan1,2,blue,arab,1,9,no,rshift,369,0
Bertalan1,2,blue,arab,1,2,no,rshift,400,0
Bertalan1,2,red,arab,1,9,no,lshift,408,0
Bertalan1,2,red,arab,1,3,no,lshift,371,0
Bertalan1,2,blue,arab,1,3,no,rshift,402,0
Bertalan1,2,blue,arab,0,1,no,lshift,335,0
Bertalan1,2,red,arab,1,7,no,lshift,385,0
Bertalan1,2,red,arab,1,3,no,lshift,438,0
Bertalan1,2,blue,arab,1,3,no,rshift,381,0
Bertalan1,2,red,arab,1,9,no,lshift,409,0
Bertalan1,2,blue,arab,1,4,no,rshift,385,0
Bertalan1,2,blue,arab,1,9,no,rshift,482,0
Bertalan1,2,red,arab,1,1,no,lshift,343,0
Bertalan1,2,blue,arab,1,4,no,rshift,405,0
Bertalan1,2,red,arab,1,4,no,lshift,419,0
Bertalan1,2,red,arab,1,9,no,lshift,465,0
Bertalan1,2,blue,arab,1,6,no,rshift,356,0
Bertalan1,2,red,arab,1,7,no,lshift,436,0
Bertalan1,2,red,arab,1,2,no,lshift,417,0
Bertalan1,2,blue,arab,1,6,no,rshift,395,0
Bertalan1,2,blue,arab,1,3,no,rshift,390,0
Bertalan1,2,blue,arab,1,2,no,rshift,403,0
Bertalan1,2,blue,arab,1,9,no,rshift,434,0
Bertalan1,2,red,arab,1,2,no,lshift,343,0
Bertalan1,2,red,arab,0,7,no,rshift,400,0
Bertalan1,2,red,arab,1,2,no,lshift,366,0
Bertalan1,2,blue,arab,1,4,no,rshift,363,0
Bertalan1,2,red,arab,1,2,no,lshift,453,0
Bertalan1,2,red,arab,1,6,no,lshift,429,0
Bertalan1,2,red,arab,1,4,no,lshift,370,0
Bertalan1,2,blue,arab,1,7,no,rshift,398,0
Bertalan1,2,blue,arab,1,6,no,rshift,435,0
Bertalan1,2,red,arab,1,1,no,lshift,404,0
Bertalan1,2,blue,arab,1,8,no,rshift,412,0
Bertalan1,2,red,arab,1,3,no,lshift,431,0
Bertalan1,3,blue,arab,1,7,no,rshift,401,0
Bertalan1,3,blue,arab,1,4,no,rshift,467,0
Bertalan1,3,red,arab,1,9,no,lshift,311,0
Bertalan1,3,red,arab,1,1,no,lshift,434,0
Bertalan1,3,red,arab,1,7,no,lshift,398,0
Bertalan1,3,red,arab,1,2,no,lshift,347,0
Bertalan1,3,red,arab,1,9,no,lshift,394,0
Bertalan1,3,blue,arab,1,6,no,rshift,407,0
Bertalan1,3,red,arab,1,1,no,lshift,379,0
Bertalan1,3,red,arab,1,4,no,lshift,355,0
Bertalan1,3,blue,arab,1,1,no,rshift,381,0
Bertalan1,3,blue,arab,1,7,no,rshift,346,0
Bertalan1,3,blue,arab,0,1,no,lshift,358,0
Bertalan1,3,red,arab,1,8,no,lshift,517,0
Bertalan1,3,red,arab,1,8,no,lshift,423,0
Bertalan1,3,red,arab,1,2,no,lshift,483,0
Bertalan1,3,red,arab,1,3,no,lshift,431,0
Bertalan1,3,blue,arab,1,8,no,rshift,458,0
Bertalan1,3,blue,arab,1,2,no,rshift,419,0
Bertalan1,3,red,arab,1,9,no,lshift,520,0
Bertalan1,3,blue,arab,1,9,no,rshift,432,0
Bertalan1,3,red,arab,1,4,no,lshift,442,0
Bertalan1,3,red,arab,1,1,no,lshift,452,0
Bertalan1,3,red,arab,1,9,no,lshift,446,0
Bertalan1,3,red,arab,1,2,no,lshift,408,0
Bertalan1,3,blue,arab,1,4,no,rshift,350,0
Bertalan1,3,blue,arab,1,2,no,rshift,364,0
Bertalan1,3,blue,arab,1,8,no,rshift,395,0
Bertalan1,3,blue,arab,1,1,no,rshift,381,0
Bertalan1,3,blue,arab,1,1,no,rshift,383,0
Bertalan1,3,red,arab,1,1,no,lshift,374,0
Bertalan1,3,red,arab,1,6,no,lshift,453,0
Bertalan1,3,blue,arab,1,7,no,rshift,357,0
Bertalan1,3,red,arab,1,7,no,lshift,539,0
Bertalan1,3,blue,arab,1,9,no,rshift,419,0
Bertalan1,3,blue,arab,1,8,no,rshift,406,0
Bertalan1,3,red,arab,1,1,no,lshift,434,0
Bertalan1,3,red,arab,1,1,no,lshift,356,0
Bertalan1,3,blue,arab,1,9,no,rshift,454,0
Bertalan1,3,blue,arab,1,3,no,rshift,483,0
Bertalan1,3,blue,arab,1,2,no,rshift,398,0
Bertalan1,3,red,arab,1,7,no,lshift,431,0
Bertalan1,3,blue,arab,1,2,no,rshift,372,0
Bertalan1,3,blue,arab,1,8,no,rshift,561,0
Bertalan1,3,red,arab,1,7,no,lshift,375,0
Bertalan1,3,red,arab,1,7,no,lshift,336,0
Bertalan1,3,red,arab,1,9,no,lshift,430,0
Bertalan1,3,red,arab,1,7,no,lshift,360,0
Bertalan1,3,blue,arab,1,3,no,rshift,394,0
Bertalan1,3,red,arab,1,3,no,lshift,352,0
Bertalan1,3,blue,arab,1,3,no,rshift,441,0
Bertalan1,3,blue,arab,1,1,no,rshift,400,0
Bertalan1,3,red,arab,1,6,no,lshift,376,0
Bertalan1,3,blue,arab,1,6,no,rshift,463,0
Bertalan1,3,blue,arab,1,6,no,rshift,387,0
Bertalan1,3,blue,arab,1,6,no,rshift,431,0
Bertalan1,3,red,arab,1,6,no,lshift,373,0
Bertalan1,3,red,arab,1,2,no,lshift,380,0
Bertalan1,3,blue,arab,1,9,no,rshift,373,0
Bertalan1,3,blue,arab,1,6,no,rshift,357,0
Bertalan1,3,red,arab,1,7,no,lshift,338,0
Bertalan1,3,blue,arab,1,3,no,rshift,373,0
Bertalan1,3,red,arab,1,9,no,lshift,388,0
Bertalan1,3,red,arab,1,2,no,lshift,351,0
Bertalan1,3,blue,arab,1,2,no,rshift,409,0
Bertalan1,3,blue,arab,1,4,no,rshift,396,0
Bertalan1,3,blue,arab,1,9,no,rshift,300,0
Bertalan1,3,blue,arab,1,6,no,rshift,408,0
Bertalan1,3,blue,arab,1,4,no,rshift,389,0
Bertalan1,3,blue,arab,1,6,no,rshift,432,0
Bertalan1,3,red,arab,1,4,no,lshift,424,0
Bertalan1,3,red,arab,1,2,no,lshift,451,0
Bertalan1,3,red,arab,1,1,no,lshift,420,0
Bertalan1,3,red,arab,1,6,no,lshift,370,0
Bertalan1,3,red,arab,1,9,no,lshift,342,0
Bertalan1,3,red,arab,1,8,no,lshift,340,0
Bertalan1,3,blue,arab,1,8,no,rshift,368,0
Bertalan1,3,blue,arab,1,9,no,rshift,460,0
Bertalan1,3,blue,arab,1,6,no,rshift,333,0
Bertalan1,3,red,arab,1,3,no,lshift,513,0
Bertalan1,3,blue,arab,1,6,no,rshift,377,0
Bertalan1,3,red,arab,1,4,no,lshift,382,0
Bertalan1,3,blue,arab,1,4,no,rshift,376,0
Bertalan1,3,red,arab,1,3,no,lshift,346,0
Bertalan1,3,red,arab,1,1,no,lshift,333,0
Bertalan1,3,red,arab,1,3,no,lshift,424,0
Bertalan1,3,red,arab,1,3,no,lshift,319,0
Bertalan1,3,blue,arab,1,7,no,rshift,444,0
Bertalan1,3,red,arab,1,6,no,lshift,433,0
Bertalan1,3,blue,arab,1,7,no,rshift,400,0
Bertalan1,3,red,arab,1,8,no,lshift,414,0
Bertalan1,3,blue,arab,1,8,no,rshift,528,0
Bertalan1,3,blue,arab,1,9,no,rshift,424,0
Bertalan1,3,blue,arab,1,4,no,rshift,589,0
Bertalan1,3,blue,arab,1,2,no,rshift,428,0
Bertalan1,3,red,arab,1,2,no,lshift,403,0
Bertalan1,3,red,arab,1,6,no,lshift,381,0
Bertalan1,3,red,arab,1,8,no,lshift,427,0
Bertalan1,3,blue,arab,1,2,no,rshift,341,0
Bertalan1,3,blue,arab,1,4,no,rshift,436,0
Bertalan1,3,red,arab,1,8,no,lshift,409,0
Bertalan1,3,red,arab,1,6,no,lshift,435,0
Bertalan1,3,red,arab,1,3,no,lshift,440,0
Bertalan1,3,red,arab,1,2,no,lshift,388,0
Bertalan1,3,blue,arab,1,3,no,rshift,389,0
Bertalan1,3,blue,arab,1,4,no,rshift,480,0
Bertalan1,3,blue,arab,1,8,no,rshift,404,0
Bertalan1,3,red,arab,1,7,no,lshift,427,0
Bertalan1,3,blue,arab,1,7,no,rshift,453,0
Bertalan1,3,blue,arab,1,1,no,rshift,393,0
Bertalan1,3,red,arab,1,9,no,lshift,442,0
Bertalan1,3,red,arab,1,2,no,lshift,364,0
Bertalan1,3,red,arab,1,8,no,lshift,361,0
Bertalan1,3,blue,arab,1,3,no,rshift,412,0
Bertalan1,3,red,arab,1,7,no,lshift,468,0
Bertalan1,3,red,arab,1,6,no,lshift,432,0
Bertalan1,3,red,arab,1,6,no,lshift,388,0
Bertalan1,3,blue,arab,1,8,no,rshift,392,0
Bertalan1,3,blue,arab,1,7,no,rshift,405,0
Bertalan1,3,red,arab,1,9,no,lshift,378,0
Bertalan1,3,red,arab,1,4,no,lshift,476,0
Bertalan1,3,red,arab,1,2,no,lshift,529,0
Bertalan1,3,blue,arab,1,4,no,rshift,381,0
Bertalan1,3,red,arab,1,8,no,lshift,599,0
Bertalan1,3,red,arab,1,4,no,lshift,422,0
Bertalan1,3,blue,arab,1,8,no,rshift,339,0
Bertalan1,3,red,arab,1,1,no,lshift,404,0
Bertalan1,3,blue,arab,1,6,no,rshift,399,0
Bertalan1,3,blue,arab,1,9,no,rshift,484,0
Bertalan1,3,red,arab,1,4,no,lshift,424,0
Bertalan1,3,blue,arab,1,7,no,rshift,296,0
Bertalan1,3,blue,arab,1,2,no,rshift,367,0
Bertalan1,3,red,arab,1,8,no,lshift,335,0
Bertalan1,3,blue,arab,1,1,no,rshift,392,0
Bertalan1,3,red,arab,1,4,no,lshift,463,0
Bertalan1,3,blue,arab,1,1,no,rshift,378,0
Bertalan1,3,blue,arab,1,2,no,rshift,337,0
Bertalan1,3,blue,arab,1,2,no,rshift,308,0
Bertalan1,3,red,arab,1,8,no,lshift,414,0
Bertalan1,3,blue,arab,1,3,no,rshift,376,0
Bertalan1,3,red,arab,1,1,no,lshift,402,0
Bertalan1,3,red,arab,1,4,no,lshift,513,0
Bertalan1,3,blue,arab,1,9,no,rshift,373,0
Bertalan1,3,red,arab,1,7,no,lshift,382,0
Bertalan1,3,blue,arab,1,8,no,rshift,406,0
Bertalan1,3,red,arab,1,6,no,lshift,317,0
Bertalan1,3,red,arab,1,3,no,lshift,419,0
Bertalan1,3,blue,arab,1,1,no,rshift,358,0
Bertalan1,3,red,arab,1,3,no,lshift,367,0
Bertalan1,3,red,arab,0,9,no,rshift,292,0
Bertalan1,3,blue,arab,1,1,no,rshift,397,0
Bertalan1,3,red,arab,1,3,no,lshift,524,0
Bertalan1,3,blue,arab,1,7,no,rshift,385,0
Bertalan1,3,blue,arab,1,3,no,rshift,488,0
Bertalan1,3,red,arab,1,4,no,lshift,454,0
Bertalan1,3,blue,arab,1,3,no,rshift,354,0
Bertalan1,3,blue,arab,1,3,no,rshift,405,0
Bertalan1,3,blue,arab,1,4,no,rshift,387,0
Bertalan1,3,blue,arab,1,9,no,rshift,415,0
Bertalan1,3,blue,arab,1,7,no,rshift,406,0
Bertalan1,0,blue,classic,0,1,yes,lshift,606,0
Bertalan1,0,blue,classic,1,2,yes,lshift,780,0
Bertalan1,0,blue,classic,1,7,yes,rshift,491,0
Bertalan1,0,blue,classic,1,3,yes,rshift,712,0
Bertalan1,0,blue,classic,1,4,yes,lshift,438,0
Bertalan1,0,blue,classic,1,6,yes,lshift,645,0
Bertalan1,0,blue,classic,1,9,yes,rshift,526,0
Bertalan1,0,blue,classic,1,8,yes,lshift,689,0
Bertalan1,1,blue,classic,1,1,yes,lshift,709,0
Bertalan1,1,blue,classic,1,2,yes,rshift,431,0
Bertalan1,1,blue,classic,1,8,yes,rshift,448,0
Bertalan1,1,blue,classic,0,9,yes,rshift,474,0
Bertalan1,1,blue,classic,1,4,yes,rshift,560,0
Bertalan1,1,blue,classic,1,3,yes,lshift,455,0
Bertalan1,1,blue,classic,1,6,yes,rshift,534,0
Bertalan1,1,blue,classic,1,7,yes,lshift,724,0
Bertalan1,2,blue,classic,1,9,no,rshift,561,0
Bertalan1,2,blue,classic,1,1,no,rshift,534,0
Bertalan1,2,blue,classic,1,8,no,lshift,509,0
Bertalan1,2,blue,classic,1,6,no,lshift,686,0
Bertalan1,2,blue,classic,1,1,no,rshift,594,0
Bertalan1,2,blue,classic,1,3,no,rshift,609,0
Bertalan1,2,blue,classic,1,6,no,lshift,731,0
Bertalan1,2,blue,classic,1,8,no,lshift,700,0
Bertalan1,2,blue,classic,1,6,no,lshift,722,0
Bertalan1,2,blue,classic,1,8,no,lshift,604,0
Bertalan1,2,blue,classic,1,6,no,lshift,600,0
Bertalan1,2,blue,classic,1,7,no,rshift,633,0
Bertalan1,2,blue,classic,1,9,no,rshift,1032,0
Bertalan1,2,blue,classic,1,7,no,rshift,624,0
Bertalan1,2,blue,classic,1,9,no,rshift,531,0
Bertalan1,2,blue,classic,1,2,no,lshift,525,0
Bertalan1,2,blue,classic,1,4,no,lshift,476,0
Bertalan1,2,blue,classic,1,3,no,rshift,723,0
Bertalan1,2,blue,classic,1,9,no,rshift,681,0
Bertalan1,2,blue,classic,1,2,no,lshift,503,0
Bertalan1,2,blue,classic,1,6,no,lshift,624,0
Bertalan1,2,blue,classic,1,6,no,lshift,561,0
Bertalan1,2,blue,classic,1,8,no,lshift,601,0
Bertalan1,2,blue,classic,1,7,no,rshift,487,0
Bertalan1,2,blue,classic,1,9,no,rshift,479,0
Bertalan1,2,blue,classic,1,1,no,rshift,574,0
Bertalan1,2,blue,classic,1,4,no,lshift,538,0
Bertalan1,2,blue,classic,1,9,no,rshift,637,0
Bertalan1,2,blue,classic,1,4,no,lshift,504,0
Bertalan1,2,blue,classic,1,4,no,lshift,493,0
Bertalan1,2,blue,classic,1,4,no,lshift,421,0
Bertalan1,2,blue,classic,1,6,no,lshift,538,0
Bertalan1,2,blue,classic,1,2,no,lshift,569,0
Bertalan1,2,blue,classic,1,6,no,lshift,550,0
Bertalan1,2,blue,classic,1,1,no,rshift,526,0
Bertalan1,2,blue,classic,1,1,no,rshift,516,0
Bertalan1,2,blue,classic,1,8,no,lshift,557,0
Bertalan1,2,blue,classic,1,1,no,rshift,662,0
Bertalan1,2,blue,classic,1,9,no,rshift,572,0
Bertalan1,2,blue,classic,1,4,no,lshift,556,0
Bertalan1,2,blue,classic,1,1,no,rshift,555,0
Bertalan1,2,blue,classic,1,8,no,lshift,651,0
Bertalan1,2,blue,classic,1,9,no,rshift,610,0
Bertalan1,2,blue,classic,1,7,no,rshift,604,0
Bertalan1,2,blue,classic,1,9,no,rshift,552,0
Bertalan1,2,blue,classic,1,6,no,lshift,614,0
Bertalan1,2,blue,classic,1,8,no,lshift,855,0
Bertalan1,2,blue,classic,1,9,no,rshift,551,0
Bertalan1,2,blue,classic,0,1,no,lshift,455,0
Bertalan1,2,blue,classic,1,2,no,lshift,412,0
Bertalan1,2,blue,classic,1,2,no,lshift,469,0
Bertalan1,2,blue,classic,1,3,no,rshift,523,0
Bertalan1,2,blue,classic,1,6,no,lshift,550,0
Bertalan1,2,blue,classic,1,1,no,rshift,571,0
Bertalan1,2,blue,classic,1,6,no,lshift,551,0
Bertalan1,2,blue,classic,1,7,no,rshift,564,0
Bertalan1,2,blue,classic,1,4,no,lshift,579,0
Bertalan1,2,blue,classic,1,3,no,rshift,625,0
Bertalan1,2,blue,classic,1,3,no,rshift,688,0
Bertalan1,2,blue,classic,1,6,no,lshift,587,0
Bertalan1,2,blue,classic,1,4,no,lshift,477,0
Bertalan1,2,blue,classic,1,7,no,rshift,450,0
Bertalan1,2,blue,classic,1,3,no,rshift,768,0
Bertalan1,2,blue,classic,1,2,no,lshift,574,0
Bertalan1,2,blue,classic,1,2,no,lshift,424,0
Bertalan1,2,blue,classic,1,2,no,lshift,410,0
Bertalan1,2,blue,classic,1,7,no,rshift,455,0
Bertalan1,2,blue,classic,1,9,no,rshift,536,0
Bertalan1,2,blue,classic,0,1,no,lshift,538,0
Bertalan1,2,blue,classic,1,3,no,rshift,647,0
Bertalan1,2,blue,classic,1,7,no,rshift,580,0
Bertalan1,2,blue,classic,1,4,no,lshift,666,0
Bertalan1,2,blue,classic,1,3,no,rshift,549,0
Bertalan1,2,blue,classic,1,3,no,rshift,510,0
Bertalan1,2,blue,classic,1,9,no,rshift,459,0
Bertalan1,2,blue,classic,1,4,no,lshift,666,0
Bertalan1,2,blue,classic,1,7,no,rshift,549,0
Bertalan1,2,blue,classic,1,8,no,lshift,755,0
Bertalan1,2,blue,classic,1,9,no,rshift,502,0
Bertalan1,2,blue,classic,1,1,no,rshift,643,0
Bertalan1,2,blue,classic,1,3,no,rshift,583,0
Bertalan1,2,blue,classic,1,4,no,lshift,691,0
Bertalan1,2,blue,classic,1,3,no,rshift,584,0
Bertalan1,2,blue,classic,1,2,no,lshift,762,0
Bertalan1,2,blue,classic,1,4,no,lshift,699,0
Bertalan1,2,blue,classic,0,8,no,rshift,904,0
Bertalan1,2,blue,classic,1,6,no,lshift,1133,0
Bertalan1,2,blue,classic,1,2,no,lshift,535,0
Bertalan1,2,blue,classic,1,3,no,rshift,490,0
Bertalan1,2,blue,classic,1,7,no,rshift,578,0
Bertalan1,2,blue,classic,1,2,no,lshift,543,0
Bertalan1,2,blue,classic,1,2,no,lshift,461,0
Bertalan1,2,blue,classic,1,3,no,rshift,670,0
Bertalan1,2,blue,classic,1,1,no,rshift,705,0
Bertalan1,2,blue,classic,1,7,no,rshift,578,0
Bertalan1,2,blue,classic,1,7,no,rshift,585,0
Bertalan1,2,blue,classic,1,6,no,lshift,627,0
Bertalan1,2,blue,classic,1,7,no,rshift,484,0
Bertalan1,2,blue,classic,1,2,no,lshift,531,0
Bertalan1,2,blue,classic,1,3,no,rshift,603,0
Bertalan1,2,blue,classic,1,8,no,lshift,715,0
Bertalan1,2,blue,classic,1,8,no,lshift,716,0
Bertalan1,2,blue,classic,1,8,no,lshift,491,0
Bertalan1,2,blue,classic,1,1,no,rshift,505,0
Bertalan1,2,blue,classic,1,4,no,lshift,595,0
Bertalan1,2,blue,classic,1,8,no,lshift,526,0
Bertalan1,2,blue,classic,1,7,no,rshift,440,0
Bertalan1,2,blue,classic,0,1,no,lshift,468,0
Bertalan1,2,blue,classic,1,2,no,lshift,415,0
Bertalan1,2,blue,classic,1,9,no,rshift,525,0
Bertalan1,2,blue,classic,1,4,no,lshift,627,0
Bertalan1,2,blue,classic,1,8,no,lshift,521,0
Bertalan1,3,blue,classic,1,3,no,lshift,502,0
Bertalan1,3,blue,classic,1,6,no,rshift,547,0
Bertalan1,3,blue,classic,1,8,no,rshift,459,0
Bertalan1,3,blue,classic,1,1,no,lshift,431,0
Bertalan1,3,blue,classic,1,8,no,rshift,420,0
Bertalan1,3,blue,classic,1,2,no,rshift,471,0
Bertalan1,3,blue,classic,1,3,no,lshift,492,0
Bertalan1,3,blue,classic,0,9,no,rshift,518,0
Bertalan1,3,blue,classic,1,7,no,lshift,590,0
Bertalan1,3,blue,classic,1,2,no,rshift,554,0
Bertalan1,3,blue,classic,1,2,no,rshift,492,0
Bertalan1,3,blue,classic,1,1,no,lshift,456,0
Bertalan1,3,blue,classic,1,7,no,lshift,538,0
Bertalan1,3,blue,classic,1,4,no,rshift,519,0
Bertalan1,3,blue,classic,1,3,no,lshift,538,0
Bertalan1,3,blue,classic,1,2,no,rshift,538,0
Bertalan1,3,blue,classic,1,9,no,lshift,620,0
Bertalan1,3,blue,classic,1,7,no,lshift,472,0
Bertalan1,3,blue,classic,1,7,no,lshift,465,0
Bertalan1,3,blue,classic,1,1,no,lshift,565,0
Bertalan1,3,blue,classic,1,4,no,rshift,563,0
Bertalan1,3,blue,classic,1,3,no,lshift,530,0
Bertalan1,3,blue,classic,1,2,no,rshift,554,0
Bertalan1,3,blue,classic,1,2,no,rshift,458,0
Bertalan1,3,blue,classic,1,8,no,rshift,577,0
Bertalan1,3,blue,classic,1,7,no,lshift,671,0
Bertalan1,3,blue,classic,1,2,no,rshift,564,0
Bertalan1,3,blue,classic,1,8,no,rshift,625,0
Bertalan1,3,blue,classic,1,1,no,lshift,464,0
Bertalan1,3,blue,classic,1,6,no,rshift,528,0
Bertalan1,3,blue,classic,1,7,no,lshift,599,0
Bertalan1,3,blue,classic,1,4,no,rshift,662,0
Bertalan1,3,blue,classic,1,7,no,lshift,539,0
Bertalan1,3,blue,classic,1,4,no,rshift,530,0
Bertalan1,3,blue,classic,1,9,no,lshift,570,0
Bertalan1,3,blue,classic,1,2,no,rshift,549,0
Bertalan1,3,blue,classic,1,3,no,lshift,496,0
Bertalan1,3,blue,classic,1,7,no,lshift,591,0
Bertalan1,3,blue,classic,1,2,no,rshift,709,0
Bertalan1,3,blue,classic,1,6,no,rshift,559,0
Bertalan1,3,blue,classic,1,4,no,rshift,464,0
Bertalan1,3,blue,classic,1,6,no,rshift,620,0
Bertalan1,3,blue,classic,1,8,no,rshift,524,0
Bertalan1,3,blue,classic,1,3,no,lshift,434,0
Bertalan1,3,blue,classic,1,8,no,rshift,588,0
Bertalan1,3,blue,classic,1,9,no,lshift,644,0
Bertalan1,3,blue,classic,1,9,no,lshift,477,0
Bertalan1,3,blue,classic,1,3,no,lshift,652,0
Bertalan1,3,blue,classic,1,4,no,rshift,599,0
Bertalan1,3,blue,classic,1,3,no,lshift,563,0
Bertalan1,3,blue,classic,1,9,no,lshift,707,0
Bertalan1,3,blue,classic,1,9,no,lshift,408,0
Bertalan1,3,blue,classic,1,1,no,lshift,523,0
Bertalan1,3,blue,classic,1,3,no,lshift,544,0
Bertalan1,3,blue,classic,1,4,no,rshift,557,0
Bertalan1,3,blue,classic,1,7,no,lshift,478,0
Bertalan1,3,blue,classic,1,7,no,lshift,405,0
Bertalan1,3,blue,classic,1,6,no,rshift,584,0
Bertalan1,3,blue,classic,1,2,no,rshift,542,0
Bertalan1,3,blue,classic,1,3,no,lshift,578,0
Bertalan1,3,blue,classic,1,6,no,rshift,510,0
Bertalan1,3,blue,classic,1,4,no,rshift,710,0
Bertalan1,3,blue,classic,1,1,no,lshift,523,0
Bertalan1,3,blue,classic,1,9,no,lshift,773,0
Bertalan1,3,blue,classic,1,9,no,lshift,498,0
Bertalan1,3,blue,classic,1,3,no,lshift,517,0
Bertalan1,3,blue,classic,1,8,no,rshift,667,0
Bertalan1,3,blue,classic,1,2,no,rshift,577,0
Bertalan1,3,blue,classic,1,4,no,rshift,493,0
Bertalan1,3,blue,classic,1,6,no,rshift,757,0
Bertalan1,3,blue,classic,1,6,no,rshift,439,0
Bertalan1,3,blue,classic,1,1,no,lshift,500,0
Bertalan1,3,blue,classic,1,9,no,lshift,776,0
Bertalan1,3,blue,classic,1,3,no,lshift,581,0
Bertalan1,3,blue,classic,1,6,no,rshift,587,0
Bertalan1,3,blue,classic,1,7,no,lshift,667,0
Bertalan1,3,blue,classic,1,8,no,rshift,615,0
Bertalan1,3,blue,classic,1,8,no,rshift,418,0
Bertalan1,3,blue,classic,1,1,no,lshift,472,0
Bertalan1,3,blue,classic,1,8,no,rshift,511,0
Bertalan1,3,blue,classic,1,6,no,rshift,609,0
Bertalan1,3,blue,classic,1,3,no,lshift,495,0
Bertalan1,3,blue,classic,1,8,no,rshift,656,0
Bertalan1,3,blue,classic,1,1,no,lshift,474,0
Bertalan1,3,blue,classic,1,7,no,lshift,992,0
Bertalan1,3,blue,classic,1,4,no,rshift,519,0
Bertalan1,3,blue,classic,1,4,no,rshift,718,0
Bertalan1,3,blue,classic,1,8,no,rshift,535,0
Bertalan1,3,blue,classic,1,9,no,lshift,554,0
Bertalan1,3,blue,classic,1,6,no,rshift,554,0
Bertalan1,3,blue,classic,1,1,no,lshift,485,0
Bertalan1,3,blue,classic,1,9,no,lshift,558,0
Bertalan1,3,blue,classic,1,1,no,lshift,431,0
Bertalan1,3,blue,classic,1,9,no,lshift,575,0
Bertalan1,3,blue,classic,1,3,no,lshift,457,0
Bertalan1,3,blue,classic,1,1,no,lshift,454,0
Bertalan1,3,blue,classic,1,1,no,lshift,378,0
Bertalan1,3,blue,classic,1,4,no,rshift,651,0
Bertalan1,3,blue,classic,1,6,no,rshift,558,0
Bertalan1,3,blue,classic,1,6,no,rshift,579,0
Bertalan1,3,blue,classic,1,7,no,lshift,622,0
Bertalan1,3,blue,classic,1,2,no,rshift,696,0
Bertalan1,3,blue,classic,1,2,no,rshift,483,0
Bertalan1,3,blue,classic,1,4,no,rshift,532,0
Bertalan1,3,blue,classic,1,7,no,lshift,566,0
Bertalan1,3,blue,classic,1,4,no,rshift,488,0
Bertalan1,3,blue,classic,1,9,no,lshift,550,0
Bertalan1,3,blue,classic,1,8,no,rshift,588,0
Bertalan1,3,blue,classic,1,6,no,rshift,585,0
Bertalan1,3,blue,classic,1,2,no,rshift,514,0
Bertalan1,3,blue,classic,1,8,no,rshift,524,0
Bertalan1,3,blue,classic,1,1,no,lshift,534,0
