ID_name,block,color,condition,correct_keyboard_response,number,practice,response_keyboard_response,response_time_keyboard_response,subject_nr
AYDGHZ,0,red,dot,0,4,yes,rshift,1283,1
AYDGHZ,0,red,dot,1,2,yes,lshift,2007,1
AYDGHZ,0,blue,dot,0,2,yes,lshift,905,1
AYDGHZ,0,blue,dot,0,4,yes,lshift,2212,1
AYDGHZ,0,red,dot,1,9,yes,lshift,1015,1
AYDGHZ,0,red,dot,1,6,yes,lshift,933,1
AYDGHZ,0,red,dot,1,1,yes,lshift,818,1
AYDGHZ,0,red,dot,1,3,yes,lshift,713,1
AYDGHZ,0,blue,dot,0,3,yes,lshift,754,1
AYDGHZ,0,blue,dot,0,7,yes,lshift,788,1
AYDGHZ,0,red,dot,1,8,yes,lshift,1736,1
AYDGHZ,0,blue,dot,0,8,yes,lshift,726,1
AYDGHZ,0,blue,dot,0,9,yes,lshift,1095,1
AYDGHZ,0,red,dot,1,7,yes,lshift,656,1
AYDGHZ,0,blue,dot,0,1,yes,lshift,1347,1
AYDGHZ,0,blue,dot,0,6,yes,lshift,2346,1
AYDGHZ,1,red,dot,1,7,no,lshift,835,1
AYDGHZ,1,blue,dot,0,8,no,lshift,658,1
AYDGHZ,1,red,dot,1,4,no,lshift,659,1
AYDGHZ,1,red,dot,1,6,no,lshift,603,1
AYDGHZ,1,red,dot,1,8,no,lshift,740,1
AYDGHZ,1,red,dot,1,3,no,lshift,592,1
AYDGHZ,1,red,dot,1,4,no,lshift,663,1
AYDGHZ,1,blue,dot,0,8,no,lshift,750,1
AYDGHZ,1,blue,dot,0,9,no,lshift,742,1
AYDGHZ,1,red,dot,1,8,no,lshift,714,1
AYDGHZ,1,blue,dot,0,4,no,lshift,612,1
AYDGHZ,1,blue,dot,0,7,no,lshift,775,1
AYDGHZ,1,red,dot,1,8,no,lshift,688,1
AYDGHZ,1,red,dot,1,7,no,lshift,691,1
AYDGHZ,1,red,dot,1,3,no,lshift,684,1
AYDGHZ,1,red,dot,1,7,no,lshift,736,1
AYDGHZ,1,red,dot,1,3,no,lshift,645,1
AYDGHZ,1,red,dot,1,2,no,lshift,613,1
AYDGHZ,1,blue,dot,0,6,no,lshift,1080,1
AYDGHZ,1,red,dot,1,1,no,lshift,860,1
AYDGHZ,1,blue,dot,0,8,no,lshift,800,1
AYDGHZ,1,red,dot,1,3,no,lshift,647,1
AYDGHZ,1,blue,dot,0,7,no,lshift,1364,1
AYDGHZ,1,blue,dot,0,6,no,lshift,912,1
AYDGHZ,1,blue,dot,0,9,no,lshift,757,1
AYDGHZ,1,blue,dot,0,1,no,lshift,721,1
AYDGHZ,1,blue,dot,0,8,no,lshift,584,1
AYDGHZ,1,red,dot,1,4,no,lshift,1043,1
AYDGHZ,1,blue,dot,0,2,no,lshift,820,1
AYDGHZ,1,blue,dot,0,2,no,lshift,818,1
AYDGHZ,1,red,dot,1,6,no,lshift,1131,1
AYDGHZ,1,red,dot,1,9,no,lshift,1881,1
AYDGHZ,1,blue,dot,0,3,no,lshift,695,1
AYDGHZ,1,red,dot,1,8,no,lshift,977,1
AYDGHZ,1,blue,dot,0,1,no,lshift,912,1
AYDGHZ,1,blue,dot,0,2,no,lshift,803,1
AYDGHZ,1,red,dot,1,2,no,lshift,837,1
AYDGHZ,1,blue,dot,0,9,no,lshift,930,1
AYDGHZ,1,blue,dot,0,2,no,lshift,799,1
AYDGHZ,1,blue,dot,0,4,no,lshift,773,1
AYDGHZ,1,red,dot,1,8,no,lshift,1124,1
AYDGHZ,1,blue,dot,0,1,no,lshift,1037,1
AYDGHZ,1,blue,dot,0,6,no,lshift,795,1
AYDGHZ,1,blue,dot,0,1,no,lshift,630,1
AYDGHZ,1,blue,dot,0,2,no,lshift,389,1
AYDGHZ,1,blue,dot,0,3,no,lshift,636,1
AYDGHZ,1,red,dot,1,3,no,lshift,701,1
AYDGHZ,1,blue,dot,0,8,no,lshift,793,1
AYDGHZ,1,red,dot,1,6,no,lshift,698,1
AYDGHZ,1,red,dot,1,4,no,lshift,824,1
AYDGHZ,1,red,dot,1,9,no,lshift,700,1
AYDGHZ,1,blue,dot,0,3,no,lshift,671,1
AYDGHZ,1,blue,dot,0,8,no,lshift,801,1
AYDGHZ,1,blue,dot,0,9,no,lshift,715,1
AYDGHZ,1,red,dot,1,6,no,lshift,951,1
AYDGHZ,1,red,dot,1,6,no,lshift,720,1
AYDGHZ,1,red,dot,1,2,no,lshift,591,1
AYDGHZ,1,red,dot,1,9,no,lshift,686,1
AYDGHZ,1,red,dot,1,2,no,lshift,605,1
AYDGHZ,1,blue,dot,0,1,no,lshift,648,1
AYDGHZ,1,blue,dot,0,6,no,lshift,767,1
AYDGHZ,1,red,dot,1,2,no,lshift,623,1
AYDGHZ,1,blue,dot,0,8,no,lshift,704,1
AYDGHZ,1,blue,dot,0,3,no,lshift,680,1
AYDGHZ,1,red,dot,1,9,no,lshift,666,1
AYDGHZ,1,blue,dot,0,7,no,lshift,718,1
AYDGHZ,1,blue,dot,0,2,no,lshift,766,1
AYDGHZ,1,red,dot,1,6,no,lshift,740,1
AYDGHZ,1,red,dot,1,6,no,lshift,802,1
AYDGHZ,1,red,dot,1,4,no,lshift,844,1
AYDGHZ,1,red,dot,1,2,no,lshift,589,1
AYDGHZ,1,blue,dot,0,2,no,lshift,569,1
AYDGHZ,1,blue,dot,0,3,no,lshift,787,1
AYDGHZ,1,red,dot,1,1,no,lshift,651,1
AYDGHZ,1,blue,dot,0,4,no,lshift,666,1
AYDGHZ,1,blue,dot,0,3,no,lshift,720,1
AYDGHZ,1,blue,dot,0,7,no,lshift,810,1
AYDGHZ,1,blue,dot,0,9,no,lshift,722,1
AYDGHZ,1,red,dot,1,6,no,lshift,906,1
AYDGHZ,1,blue,dot,0,8,no,lshift,676,1
AYDGHZ,1,blue,dot,0,3,no,lshift,863,1
AYDGHZ,1,blue,dot,0,9,no,lshift,665,1
AYDGHZ,1,red,dot,1,8,no,lshift,739,1
AYDGHZ,1,blue,dot,0,7,no,lshift,824,1
AYDGHZ,1,blue,dot,0,4,no,lshift,851,1
AYDGHZ,1,red,dot,1,9,no,lshift,805,1
AYDGHZ,1,red,dot,1,7,no,lshift,878,1
AYDGHZ,1,blue,dot,0,9,no,lshift,766,1
AYDGHZ,1,red,dot,1,3,no,lshift,614,1
AYDGHZ,1,red,dot,1,9,no,lshift,1069,1
AYDGHZ,1,blue,dot,0,6,no,lshift,691,1
AYDGHZ,1,red,dot,1,1,no,lshift,579,1
AYDGHZ,1,red,dot,1,9,no,lshift,648,1
AYDGHZ,1,red,dot,1,4,no,lshift,613,1
AYDGHZ,1,blue,dot,0,6,no,lshift,834,1
AYDGHZ,1,red,dot,1,7,no,lshift,746,1
AYDGHZ,1,blue,dot,0,4,no,lshift,769,1
AYDGHZ,1,red,dot,1,9,no,lshift,662,1
AYDGHZ,1,red,dot,1,6,no,lshift,657,1
AYDGHZ,1,red,dot,1,2,no,lshift,573,1
AYDGHZ,1,red,dot,1,9,no,lshift,662,1
AYDGHZ,1,red,dot,1,2,no,lshift,591,1
AYDGHZ,1,red,dot,1,7,no,lshift,773,1
AYDGHZ,1,blue,dot,0,7,no,lshift,592,1
AYDGHZ,1,blue,dot,0,6,no,lshift,775,1
AYDGHZ,1,blue,dot,0,9,no,lshift,775,1
AYDGHZ,1,blue,dot,0,3,no,lshift,620,1
AYDGHZ,1,red,dot,1,1,no,lshift,662,1
AYDGHZ,1,blue,dot,0,7,no,lshift,667,1
AYDGHZ,1,blue,dot,0,6,no,lshift,700,1
AYDGHZ,1,blue,dot,0,3,no,lshift,498,1
AYDGHZ,1,blue,dot,0,9,no,lshift,655,1
AYDGHZ,1,blue,dot,0,1,no,lshift,600,1
AYDGHZ,1,red,dot,1,4,no,lshift,760,1
AYDGHZ,1,blue,dot,0,4,no,lshift,793,1
AYDGHZ,1,red,dot,1,8,no,lshift,619,1
AYDGHZ,1,red,dot,1,8,no,lshift,777,1
AYDGHZ,1,blue,dot,0,1,no,lshift,751,1
AYDGHZ,1,red,dot,1,3,no,lshift,627,1
AYDGHZ,1,blue,dot,0,1,no,lshift,805,1
AYDGHZ,1,red,dot,1,4,no,lshift,695,1
AYDGHZ,1,blue,dot,0,4,no,lshift,631,1
AYDGHZ,1,blue,dot,0,7,no,lshift,1112,1
AYDGHZ,1,blue,dot,0,4,no,lshift,704,1
AYDGHZ,1,red,dot,1,2,no,lshift,658,1
AYDGHZ,1,blue,dot,0,6,no,lshift,750,1
AYDGHZ,1,red,dot,1,1,no,lshift,716,1
AYDGHZ,1,blue,dot,0,2,no,lshift,681,1
AYDGHZ,1,red,dot,1,2,no,lshift,799,1
AYDGHZ,1,red,dot,1,1,no,lshift,699,1
AYDGHZ,1,red,dot,1,1,no,lshift,816,1
AYDGHZ,1,red,dot,1,3,no,lshift,800,1
AYDGHZ,1,red,dot,1,6,no,lshift,711,1
AYDGHZ,1,blue,dot,0,1,no,lshift,890,1
AYDGHZ,1,blue,dot,0,4,no,lshift,822,1
AYDGHZ,1,red,dot,1,7,no,lshift,775,1
AYDGHZ,1,red,dot,1,1,no,lshift,712,1
AYDGHZ,1,blue,dot,0,9,no,lshift,878,1
AYDGHZ,1,red,dot,1,8,no,lshift,559,1
AYDGHZ,1,red,dot,1,1,no,lshift,613,1
AYDGHZ,1,blue,dot,0,1,no,lshift,551,1
AYDGHZ,1,red,dot,1,3,no,lshift,566,1
AYDGHZ,1,red,dot,1,1,no,lshift,554,1
AYDGHZ,1,blue,dot,0,2,no,lshift,757,1
AYDGHZ,1,blue,dot,0,8,no,lshift,829,1
AYDGHZ,1,red,dot,1,9,no,lshift,724,1
AYDGHZ,1,red,dot,1,7,no,lshift,755,1
AYDGHZ,1,red,dot,1,4,no,lshift,686,1
AYDGHZ,1,blue,dot,0,4,no,lshift,646,1
AYDGHZ,1,red,dot,1,7,no,lshift,559,1
AYDGHZ,1,blue,dot,0,7,no,lshift,816,1
AYDGHZ,1,blue,dot,0,6,no,lshift,739,1
AYDGHZ,1,blue,dot,0,2,no,lshift,728,1
AYDGHZ,1,red,dot,1,7,no,lshift,733,1
AYDGHZ,1,red,dot,1,4,no,lshift,691,1
AYDGHZ,1,red,dot,1,8,no,lshift,820,1
AYDGHZ,1,blue,dot,0,7,no,lshift,735,1
AYDGHZ,1,blue,dot,0,3,no,lshift,1000,1
AYDGHZ,1,red,dot,1,3,no,lshift,736,1
AYDGHZ,1,blue,dot,0,8,no,lshift,1364,1
AYDGHZ,2,red,dot,1,8,no,lshift,970,1
AYDGHZ,2,blue,dot,0,9,no,lshift,554,1
AYDGHZ,2,red,dot,1,3,no,lshift,596,1
AYDGHZ,2,blue,dot,0,9,no,lshift,682,1
AYDGHZ,2,blue,dot,0,9,no,lshift,829,1
AYDGHZ,2,blue,dot,0,8,no,lshift,560,1
AYDGHZ,2,red,dot,1,7,no,lshift,579,1
AYDGHZ,2,blue,dot,0,4,no,lshift,797,1
AYDGHZ,2,blue,dot,0,1,no,lshift,808,1
AYDGHZ,2,red,dot,1,4,no,lshift,739,1
AYDGHZ,2,red,dot,1,7,no,lshift,691,1
AYDGHZ,2,red,dot,1,2,no,lshift,623,1
AYDGHZ,2,red,dot,1,1,no,lshift,648,1
AYDGHZ,2,red,dot,1,7,no,lshift,550,1
AYDGHZ,2,blue,dot,0,1,no,lshift,781,1
AYDGHZ,2,red,dot,1,8,no,lshift,548,1
AYDGHZ,2,blue,dot,0,1,no,lshift,479,1
AYDGHZ,2,blue,dot,0,7,no,lshift,353,1
AYDGHZ,2,blue,dot,0,8,no,lshift,726,1
AYDGHZ,2,blue,dot,0,1,no,lshift,567,1
AYDGHZ,2,blue,dot,0,3,no,lshift,625,1
AYDGHZ,2,blue,dot,0,7,no,lshift,514,1
AYDGHZ,2,blue,dot,0,4,no,lshift,442,1
AYDGHZ,2,blue,dot,0,8,no,lshift,436,1
AYDGHZ,2,red,dot,1,2,no,lshift,713,1
AYDGHZ,2,red,dot,1,9,no,lshift,586,1
AYDGHZ,2,red,dot,1,6,no,lshift,517,1
AYDGHZ,2,red,dot,1,2,no,lshift,351,1
AYDGHZ,2,red,dot,1,9,no,lshift,466,1
AYDGHZ,2,red,dot,1,9,no,lshift,396,1
AYDGHZ,2,blue,dot,0,2,no,lshift,607,1
AYDGHZ,2,red,dot,1,3,no,lshift,485,1
AYDGHZ,2,red,dot,1,4,no,lshift,669,1
AYDGHZ,2,blue,dot,0,2,no,lshift,515,1
AYDGHZ,2,blue,dot,0,8,no,lshift,829,1
AYDGHZ,2,red,dot,1,6,no,lshift,825,1
AYDGHZ,2,red,dot,1,1,no,lshift,538,1
AYDGHZ,2,red,dot,1,6,no,lshift,430,1
AYDGHZ,2,blue,dot,0,6,no,lshift,829,1
AYDGHZ,2,blue,dot,0,7,no,lshift,1784,1
AYDGHZ,2,blue,dot,0,8,no,lshift,460,1
AYDGHZ,2,blue,dot,0,2,no,lshift,345,1
AYDGHZ,2,blue,dot,0,2,no,lshift,411,1
AYDGHZ,2,blue,dot,0,2,no,lshift,388,1
AYDGHZ,2,blue,dot,0,1,no,lshift,694,1
AYDGHZ,2,red,dot,1,7,no,lshift,626,1
AYDGHZ,2,blue,dot,0,8,no,lshift,636,1
AYDGHZ,2,red,dot,1,9,no,lshift,583,1
AYDGHZ,2,red,dot,1,6,no,lshift,611,1
AYDGHZ,2,blue,dot,0,7,no,lshift,632,1
AYDGHZ,2,blue,dot,0,3,no,lshift,653,1
AYDGHZ,2,blue,dot,0,6,no,lshift,488,1
AYDGHZ,2,red,dot,1,8,no,lshift,474,1
AYDGHZ,2,blue,dot,0,7,no,lshift,550,1
AYDGHZ,2,red,dot,1,9,no,lshift,433,1
AYDGHZ,2,blue,dot,0,8,no,lshift,583,1
AYDGHZ,2,red,dot,1,3,no,lshift,687,1
AYDGHZ,2,red,dot,1,8,no,lshift,676,1
AYDGHZ,2,red,dot,1,7,no,lshift,1081,1
AYDGHZ,2,blue,dot,0,6,no,lshift,1053,1
AYDGHZ,2,blue,dot,0,9,no,lshift,643,1
AYDGHZ,2,red,dot,1,6,no,lshift,540,1
AYDGHZ,2,red,dot,1,8,no,lshift,753,1
AYDGHZ,2,red,dot,1,7,no,lshift,517,1
AYDGHZ,2,blue,dot,0,4,no,lshift,389,1
AYDGHZ,2,blue,dot,0,9,no,lshift,657,1
AYDGHZ,2,blue,dot,0,7,no,lshift,564,1
AYDGHZ,2,blue,dot,0,1,no,lshift,406,1
AYDGHZ,2,red,dot,1,4,no,lshift,550,1
AYDGHZ,2,red,dot,1,1,no,lshift,618,1
AYDGHZ,2,blue,dot,0,3,no,lshift,621,1
AYDGHZ,2,red,dot,1,8,no,lshift,526,1
AYDGHZ,2,red,dot,1,8,no,lshift,665,1
AYDGHZ,2,blue,dot,0,2,no,lshift,654,1
AYDGHZ,2,blue,dot,0,3,no,lshift,659,1
AYDGHZ,2,red,dot,1,1,no,lshift,675,1
AYDGHZ,2,blue,dot,0,6,no,lshift,524,1
AYDGHZ,2,red,dot,1,2,no,lshift,611,1
AYDGHZ,2,red,dot,1,7,no,lshift,504,1
AYDGHZ,2,blue,dot,0,6,no,lshift,511,1
AYDGHZ,2,blue,dot,0,4,no,lshift,492,1
AYDGHZ,2,red,dot,1,2,no,lshift,359,1
AYDGHZ,2,blue,dot,0,1,no,lshift,668,1
AYDGHZ,2,red,dot,1,4,no,lshift,677,1
AYDGHZ,2,blue,dot,0,2,no,lshift,540,1
AYDGHZ,2,blue,dot,0,9,no,lshift,727,1
AYDGHZ,2,red,dot,1,7,no,lshift,710,1
AYDGHZ,2,red,dot,1,1,no,lshift,593,1
AYDGHZ,2,red,dot,1,4,no,lshift,515,1
AYDGHZ,2,blue,dot,0,4,no,lshift,677,1
AYDGHZ,2,red,dot,1,3,no,lshift,840,1
AYDGHZ,2,blue,dot,0,6,no,lshift,915,1
AYDGHZ,2,red,dot,1,2,no,lshift,800,1
AYDGHZ,2,red,dot,1,8,no,lshift,562,1
AYDGHZ,2,red,dot,1,1,no,lshift,526,1
AYDGHZ,2,blue,dot,0,4,no,lshift,588,1
AYDGHZ,2,red,dot,1,9,no,lshift,412,1
AYDGHZ,2,red,dot,1,8,no,lshift,626,1
AYDGHZ,2,red,dot,1,7,no,lshift,565,1
AYDGHZ,2,blue,dot,0,3,no,lshift,655,1
AYDGHZ,2,blue,dot,0,7,no,lshift,611,1
AYDGHZ,2,red,dot,1,2,no,lshift,696,1
AYDGHZ,2,red,dot,1,1,no,lshift,599,1
AYDGHZ,2,blue,dot,0,4,no,lshift,733,1
AYDGHZ,2,red,dot,1,4,no,lshift,746,1
AYDGHZ,2,red,dot,1,3,no,lshift,580,1
AYDGHZ,2,red,dot,1,3,no,lshift,557,1
AYDGHZ,2,blue,dot,0,3,no,lshift,608,1
AYDGHZ,2,red,dot,1,9,no,lshift,633,1
AYDGHZ,2,red,dot,1,2,no,lshift,490,1
AYDGHZ,2,red,dot,1,3,no,lshift,522,1
AYDGHZ,2,red,dot,1,4,no,lshift,495,1
AYDGHZ,2,red,dot,1,2,no,lshift,491,1
AYDGHZ,2,red,dot,1,6,no,lshift,600,1
AYDGHZ,2,blue,dot,0,8,no,lshift,706,1
AYDGHZ,2,blue,dot,0,2,no,lshift,591,1
AYDGHZ,2,red,dot,1,3,no,lshift,675,1
AYDGHZ,2,blue,dot,0,3,no,lshift,778,1
AYDGHZ,2,blue,dot,0,9,no,lshift,658,1
AYDGHZ,2,red,dot,1,1,no,lshift,763,1
AYDGHZ,2,blue,dot,0,7,no,lshift,592,1
AYDGHZ,2,red,dot,1,1,no,lshift,671,1
AYDGHZ,2,red,dot,1,6,no,lshift,695,1
AYDGHZ,2,blue,dot,0,4,no,lshift,658,1
AYDGHZ,2,blue,dot,0,4,no,lshift,725,1
AYDGHZ,2,blue,dot,0,7,no,lshift,767,1
AYDGHZ,2,blue,dot,0,9,no,lshift,626,1
AYDGHZ,2,blue,dot,0,6,no,lshift,635,1
AYDGHZ,2,red,dot,1,9,no,lshift,593,1
AYDGHZ,2,red,dot,1,4,no,lshift,799,1
AYDGHZ,2,blue,dot,0,7,no,lshift,675,1
AYDGHZ,2,red,dot,1,4,no,lshift,736,1
AYDGHZ,2,red,dot,1,7,no,lshift,497,1
AYDGHZ,2,blue,dot,0,8,no,lshift,379,1
AYDGHZ,2,blue,dot,0,6,no,lshift,376,1
AYDGHZ,2,blue,dot,0,1,no,lshift,475,1
AYDGHZ,2,blue,dot,0,2,no,lshift,639,1
AYDGHZ,2,blue,dot,0,2,no,lshift,766,1
AYDGHZ,2,blue,dot,0,1,no,lshift,827,1
AYDGHZ,2,blue,dot,0,8,no,lshift,626,1
AYDGHZ,2,red,dot,1,3,no,lshift,542,1
AYDGHZ,2,red,dot,1,1,no,lshift,601,1
AYDGHZ,2,red,dot,1,3,no,lshift,610,1
AYDGHZ,2,blue,dot,0,1,no,lshift,681,1
AYDGHZ,2,blue,dot,0,9,no,lshift,599,1
AYDGHZ,2,red,dot,1,8,no,lshift,876,1
AYDGHZ,2,red,dot,1,2,no,lshift,549,1
AYDGHZ,2,blue,dot,0,6,no,lshift,713,1
AYDGHZ,2,blue,dot,0,6,no,lshift,740,1
AYDGHZ,2,red,dot,1,4,no,lshift,630,1
AYDGHZ,2,red,dot,1,9,no,lshift,541,1
AYDGHZ,2,red,dot,1,6,no,lshift,602,1
AYDGHZ,2,blue,dot,0,9,no,lshift,755,1
AYDGHZ,2,blue,dot,0,4,no,lshift,602,1
AYDGHZ,2,blue,dot,0,3,no,lshift,643,1
AYDGHZ,2,red,dot,1,6,no,lshift,546,1
AYDGHZ,2,blue,dot,0,3,no,lshift,689,1
AYDGHZ,2,red,dot,1,6,no,lshift,826,1
AYDGHZ,2,blue,dot,0,3,no,lshift,838,1
AYDGHZ,2,red,dot,1,9,no,lshift,818,1
AYDGHZ,3,blue,dot,0,7,no,lshift,1443,1
AYDGHZ,3,blue,dot,0,8,no,lshift,527,1
AYDGHZ,3,blue,dot,0,9,no,lshift,549,1
AYDGHZ,3,red,dot,1,8,no,lshift,667,1
AYDGHZ,3,red,dot,1,6,no,lshift,509,1
AYDGHZ,3,blue,dot,0,4,no,lshift,640,1
AYDGHZ,3,blue,dot,0,4,no,lshift,653,1
AYDGHZ,3,blue,dot,0,1,no,lshift,539,1
AYDGHZ,3,blue,dot,0,1,no,lshift,500,1
AYDGHZ,3,red,dot,1,6,no,lshift,591,1
AYDGHZ,3,blue,dot,0,7,no,lshift,1125,1
AYDGHZ,3,blue,dot,0,9,no,lshift,727,1
AYDGHZ,3,red,dot,1,4,no,lshift,642,1
AYDGHZ,3,red,dot,1,8,no,lshift,634,1
AYDGHZ,3,red,dot,1,9,no,lshift,668,1
AYDGHZ,3,blue,dot,0,8,no,lshift,719,1
AYDGHZ,3,red,dot,1,6,no,lshift,881,1
AYDGHZ,3,red,dot,1,9,no,lshift,701,1
AYDGHZ,3,red,dot,1,2,no,lshift,580,1
AYDGHZ,3,red,dot,1,7,no,lshift,602,1
AYDGHZ,3,red,dot,1,1,no,lshift,662,1
AYDGHZ,3,red,dot,1,6,no,lshift,833,1
AYDGHZ,3,red,dot,1,8,no,lshift,689,1
AYDGHZ,3,blue,dot,0,7,no,lshift,717,1
AYDGHZ,3,blue,dot,0,6,no,lshift,720,1
AYDGHZ,3,blue,dot,0,9,no,lshift,563,1
AYDGHZ,3,blue,dot,0,4,no,lshift,751,1
AYDGHZ,3,blue,dot,0,2,no,lshift,584,1
AYDGHZ,3,red,dot,1,4,no,lshift,928,1
AYDGHZ,3,red,dot,1,2,no,lshift,655,1
AYDGHZ,3,red,dot,1,2,no,lshift,602,1
AYDGHZ,3,blue,dot,0,6,no,lshift,592,1
AYDGHZ,3,blue,dot,0,9,no,lshift,572,1
AYDGHZ,3,red,dot,1,7,no,lshift,629,1
AYDGHZ,3,blue,dot,0,1,no,lshift,871,1
AYDGHZ,3,blue,dot,0,2,no,lshift,541,1
AYDGHZ,3,blue,dot,0,6,no,lshift,583,1
AYDGHZ,3,red,dot,1,3,no,lshift,733,1
AYDGHZ,3,red,dot,1,3,no,lshift,540,1
AYDGHZ,3,blue,dot,0,8,no,lshift,821,1
AYDGHZ,3,red,dot,1,9,no,lshift,627,1
AYDGHZ,3,blue,dot,0,8,no,lshift,701,1
AYDGHZ,3,red,dot,1,3,no,lshift,557,1
AYDGHZ,3,blue,dot,0,8,no,lshift,609,1
AYDGHZ,3,blue,dot,0,4,no,lshift,726,1
AYDGHZ,3,red,dot,1,7,no,lshift,617,1
AYDGHZ,3,blue,dot,0,7,no,lshift,1083,1
AYDGHZ,3,blue,dot,0,4,no,lshift,534,1
AYDGHZ,3,red,dot,1,8,no,lshift,622,1
AYDGHZ,3,blue,dot,0,3,no,lshift,659,1
AYDGHZ,3,blue,dot,0,3,no,lshift,1167,1
AYDGHZ,3,blue,dot,0,3,no,lshift,619,1
AYDGHZ,3,red,dot,1,2,no,lshift,688,1
AYDGHZ,3,blue,dot,0,3,no,lshift,592,1
AYDGHZ,3,red,dot,1,9,no,lshift,646,1
AYDGHZ,3,red,dot,1,1,no,lshift,778,1
AYDGHZ,3,blue,dot,0,2,no,lshift,859,1
AYDGHZ,3,red,dot,1,2,no,lshift,632,1
AYDGHZ,3,red,dot,1,6,no,lshift,878,1
AYDGHZ,3,blue,dot,0,9,no,lshift,814,1
AYDGHZ,3,red,dot,1,8,no,lshift,672,1
AYDGHZ,3,red,dot,1,6,no,lshift,636,1
AYDGHZ,3,red,dot,1,1,no,lshift,711,1
AYDGHZ,3,blue,dot,0,6,no,lshift,688,1
AYDGHZ,3,red,dot,1,8,no,lshift,701,1
AYDGHZ,3,blue,dot,0,6,no,lshift,924,1
AYDGHZ,3,blue,dot,0,2,no,lshift,539,1
AYDGHZ,3,red,dot,1,3,no,lshift,684,1
AYDGHZ,3,blue,dot,0,6,no,lshift,719,1
AYDGHZ,3,red,dot,1,7,no,lshift,620,1
AYDGHZ,3,blue,dot,0,2,no,lshift,1025,1
AYDGHZ,3,blue,dot,0,1,no,lshift,768,1
AYDGHZ,3,blue,dot,0,8,no,lshift,744,1
AYDGHZ,3,red,dot,1,3,no,lshift,819,1
AYDGHZ,3,blue,dot,0,3,no,lshift,1096,1
AYDGHZ,3,blue,dot,0,2,no,lshift,821,1
AYDGHZ,3,red,dot,1,8,no,lshift,758,1
AYDGHZ,3,blue,dot,0,4,no,lshift,631,1
AYDGHZ,3,red,dot,1,1,no,lshift,729,1
AYDGHZ,3,blue,dot,0,4,no,lshift,747,1
AYDGHZ,3,blue,dot,0,3,no,lshift,795,1
AYDGHZ,3,red,dot,1,7,no,lshift,688,1
AYDGHZ,3,red,dot,1,1,no,lshift,915,1
AYDGHZ,3,red,dot,1,6,no,lshift,686,1
AYDGHZ,3,blue,dot,0,8,no,lshift,644,1
AYDGHZ,3,blue,dot,0,1,no,lshift,681,1
AYDGHZ,3,red,dot,1,2,no,lshift,667,1
AYDGHZ,3,red,dot,1,4,no,lshift,791,1
AYDGHZ,3,red,dot,1,9,no,lshift,745,1
AYDGHZ,3,red,dot,1,6,no,lshift,621,1
AYDGHZ,3,blue,dot,0,1,no,lshift,676,1
AYDGHZ,3,blue,dot,0,7,no,lshift,809,1
AYDGHZ,3,red,dot,1,8,no,lshift,649,1
AYDGHZ,3,red,dot,1,7,no,lshift,752,1
AYDGHZ,3,blue,dot,0,1,no,lshift,742,1
AYDGHZ,3,blue,dot,0,9,no,lshift,824,1
AYDGHZ,3,blue,dot,0,9,no,lshift,656,1
AYDGHZ,3,red,dot,1,3,no,lshift,806,1
AYDGHZ,3,blue,dot,0,2,no,lshift,796,1
AYDGHZ,3,blue,dot,0,4,no,lshift,739,1
AYDGHZ,3,blue,dot,0,2,no,lshift,833,1
AYDGHZ,3,blue,dot,0,1,no,lshift,684,1
AYDGHZ,3,red,dot,1,7,no,lshift,774,1
AYDGHZ,3,red,dot,1,2,no,lshift,1002,1
AYDGHZ,3,blue,dot,0,3,no,lshift,651,1
AYDGHZ,3,blue,dot,0,8,no,lshift,1163,1
AYDGHZ,3,blue,dot,0,7,no,lshift,761,1
AYDGHZ,3,blue,dot,0,8,no,lshift,695,1
AYDGHZ,3,red,dot,1,7,no,lshift,715,1
AYDGHZ,3,red,dot,1,2,no,lshift,651,1
AYDGHZ,3,blue,dot,0,6,no,lshift,528,1
AYDGHZ,3,red,dot,1,6,no,lshift,926,1
AYDGHZ,3,blue,dot,0,4,no,lshift,613,1
AYDGHZ,3,blue,dot,0,4,no,lshift,683,1
AYDGHZ,3,red,dot,1,9,no,lshift,595,1
AYDGHZ,3,blue,dot,0,2,no,lshift,643,1
AYDGHZ,3,red,dot,1,1,no,lshift,752,1
AYDGHZ,3,red,dot,1,3,no,lshift,774,1
AYDGHZ,3,red,dot,1,3,no,lshift,721,1
AYDGHZ,3,red,dot,1,4,no,lshift,668,1
AYDGHZ,3,blue,dot,0,8,no,lshift,738,1
AYDGHZ,3,red,dot,1,2,no,lshift,652,1
AYDGHZ,3,blue,dot,0,7,no,lshift,622,1
AYDGHZ,3,red,dot,1,4,no,lshift,763,1
AYDGHZ,3,blue,dot,0,1,no,lshift,630,1
AYDGHZ,3,blue,dot,0,7,no,lshift,677,1
AYDGHZ,3,red,dot,1,1,no,lshift,599,1
AYDGHZ,3,blue,dot,0,3,no,lshift,625,1
AYDGHZ,3,red,dot,1,4,no,lshift,1031,1
AYDGHZ,3,red,dot,1,4,no,lshift,689,1
AYDGHZ,3,red,dot,1,9,no,lshift,708,1
AYDGHZ,3,red,dot,1,9,no,lshift,611,1
AYDGHZ,3,blue,dot,0,6,no,lshift,786,1
AYDGHZ,3,red,dot,1,7,no,lshift,732,1
AYDGHZ,3,red,dot,1,1,no,lshift,914,1
AYDGHZ,3,red,dot,1,7,no,lshift,660,1
AYDGHZ,3,blue,dot,0,3,no,lshift,797,1
AYDGHZ,3,blue,dot,0,7,no,lshift,1442,1
AYDGHZ,3,red,dot,1,8,no,lshift,803,1
AYDGHZ,3,red,dot,1,4,no,lshift,740,1
AYDGHZ,3,red,dot,1,6,no,lshift,554,1
AYDGHZ,3,red,dot,1,1,no,lshift,658,1
AYDGHZ,3,red,dot,1,3,no,lshift,767,1
AYDGHZ,3,red,dot,1,9,no,lshift,577,1
AYDGHZ,3,red,dot,1,1,no,lshift,595,1
AYDGHZ,3,blue,dot,0,3,no,lshift,768,1
AYDGHZ,3,red,dot,1,4,no,lshift,788,1
AYDGHZ,3,blue,dot,0,9,no,lshift,910,1
AYDGHZ,3,blue,dot,0,9,no,lshift,606,1
AYDGHZ,3,red,dot,1,9,no,lshift,709,1
AYDGHZ,3,red,dot,1,2,no,lshift,764,1
AYDGHZ,3,red,dot,1,4,no,lshift,666,1
AYDGHZ,3,blue,dot,0,1,no,lshift,706,1
AYDGHZ,3,blue,dot,0,6,no,lshift,734,1
AYDGHZ,3,blue,dot,0,7,no,lshift,851,1
AYDGHZ,3,blue,dot,0,2,no,lshift,639,1
AYDGHZ,3,red,dot,1,3,no,lshift,661,1
AYDGHZ,3,blue,dot,0,6,no,lshift,1067,1
AYDGHZ,3,red,dot,1,8,no,lshift,1175,1
AYDGHZ,3,blue,dot,0,9,no,lshift,601,1
AYDGHZ,0,red,arab,1,8,yes,lshift,945,1
AYDGHZ,0,blue,arab,0,4,yes,lshift,737,1
AYDGHZ,0,blue,arab,1,8,yes,rshift,1861,1
AYDGHZ,0,blue,arab,1,1,yes,rshift,1173,1
AYDGHZ,0,blue,arab,1,6,yes,rshift,844,1
AYDGHZ,0,red,arab,1,1,yes,lshift,1164,1
AYDGHZ,0,blue,arab,1,2,yes,rshift,891,1
AYDGHZ,0,blue,arab,1,9,yes,rshift,869,1
AYDGHZ,0,red,arab,1,7,yes,lshift,1137,1
AYDGHZ,0,red,arab,1,6,yes,lshift,1248,1
AYDGHZ,0,red,arab,1,2,yes,lshift,1061,1
AYDGHZ,0,red,arab,1,3,yes,lshift,1041,1
AYDGHZ,0,blue,arab,1,3,yes,rshift,814,1
AYDGHZ,0,red,arab,1,4,yes,lshift,959,1
AYDGHZ,0,blue,arab,0,7,yes,lshift,598,1
AYDGHZ,0,red,arab,1,9,yes,lshift,2041,1
AYDGHZ,1,blue,arab,1,9,no,rshift,1060,1
AYDGHZ,1,red,arab,1,6,no,lshift,1325,1
AYDGHZ,1,blue,arab,1,1,no,rshift,1078,1
AYDGHZ,1,blue,arab,1,7,no,rshift,1088,1
AYDGHZ,1,blue,arab,1,3,no,rshift,1151,1
AYDGHZ,1,red,arab,1,3,no,lshift,1258,1
AYDGHZ,1,red,arab,0,2,no,rshift,1072,1
AYDGHZ,1,red,arab,1,6,no,lshift,826,1
AYDGHZ,1,blue,arab,1,9,no,rshift,920,1
AYDGHZ,1,blue,arab,1,9,no,rshift,1097,1
AYDGHZ,1,blue,arab,1,4,no,rshift,1146,1
AYDGHZ,1,blue,arab,1,2,no,rshift,705,1
AYDGHZ,1,blue,arab,1,7,no,rshift,608,1
AYDGHZ,1,red,arab,1,9,no,lshift,1096,1
AYDGHZ,1,red,arab,1,6,no,lshift,808,1
AYDGHZ,1,red,arab,1,7,no,lshift,766,1
AYDGHZ,1,blue,arab,1,3,no,rshift,661,1
AYDGHZ,1,blue,arab,1,6,no,rshift,549,1
AYDGHZ,1,blue,arab,1,7,no,rshift,619,1
AYDGHZ,1,blue,arab,1,3,no,rshift,795,1
AYDGHZ,1,blue,arab,1,8,no,rshift,779,1
AYDGHZ,1,red,arab,1,9,no,lshift,927,1
AYDGHZ,1,blue,arab,1,2,no,rshift,703,1
AYDGHZ,1,blue,arab,1,8,no,rshift,649,1
AYDGHZ,1,red,arab,1,9,no,lshift,967,1
AYDGHZ,1,red,arab,1,4,no,lshift,983,1
AYDGHZ,1,red,arab,1,3,no,lshift,1098,1
AYDGHZ,1,blue,arab,1,4,no,rshift,1164,1
AYDGHZ,1,red,arab,1,4,no,lshift,764,1
AYDGHZ,1,blue,arab,1,3,no,rshift,691,1
AYDGHZ,1,red,arab,1,4,no,lshift,666,1
AYDGHZ,1,red,arab,1,2,no,lshift,1175,1
AYDGHZ,1,blue,arab,1,6,no,rshift,806,1
AYDGHZ,1,blue,arab,1,7,no,rshift,684,1
AYDGHZ,1,red,arab,1,7,no,lshift,950,1
AYDGHZ,1,red,arab,1,3,no,lshift,897,1
AYDGHZ,1,blue,arab,1,2,no,rshift,586,1
AYDGHZ,1,red,arab,1,7,no,lshift,787,1
AYDGHZ,1,red,arab,1,7,no,lshift,914,1
AYDGHZ,1,red,arab,1,3,no,lshift,845,1
AYDGHZ,1,blue,arab,1,7,no,rshift,676,1
AYDGHZ,1,blue,arab,1,9,no,rshift,757,1
AYDGHZ,1,blue,arab,1,9,no,rshift,915,1
AYDGHZ,1,red,arab,1,6,no,lshift,845,1
AYDGHZ,1,red,arab,0,4,no,rshift,981,1
AYDGHZ,1,blue,arab,0,9,no,lshift,671,1
AYDGHZ,1,blue,arab,0,1,no,lshift,1290,1
AYDGHZ,1,red,arab,1,8,no,lshift,716,1
AYDGHZ,1,blue,arab,1,9,no,rshift,555,1
AYDGHZ,1,blue,arab,1,2,no,rshift,486,1
AYDGHZ,1,red,arab,1,4,no,lshift,966,1
AYDGHZ,1,blue,arab,1,6,no,rshift,762,1
AYDGHZ,1,red,arab,1,7,no,lshift,930,1
AYDGHZ,1,red,arab,0,9,no,rshift,1143,1
AYDGHZ,1,blue,arab,1,9,no,rshift,873,1
AYDGHZ,1,blue,arab,1,1,no,rshift,771,1
AYDGHZ,1,blue,arab,1,2,no,rshift,629,1
AYDGHZ,1,blue,arab,1,8,no,rshift,683,1
AYDGHZ,1,blue,arab,1,8,no,rshift,746,1
AYDGHZ,1,blue,arab,1,1,no,rshift,801,1
AYDGHZ,1,blue,arab,1,6,no,rshift,802,1
AYDGHZ,1,red,arab,1,1,no,lshift,1130,1
AYDGHZ,1,red,arab,1,7,no,lshift,775,1
AYDGHZ,1,red,arab,1,1,no,lshift,658,1
AYDGHZ,1,red,arab,1,8,no,lshift,634,1
AYDGHZ,1,blue,arab,1,7,no,rshift,1119,1
AYDGHZ,1,red,arab,1,6,no,lshift,945,1
AYDGHZ,1,red,arab,1,6,no,lshift,1044,1
AYDGHZ,1,blue,arab,1,8,no,rshift,778,1
AYDGHZ,1,blue,arab,1,4,no,rshift,834,1
AYDGHZ,1,red,arab,1,9,no,lshift,2187,1
AYDGHZ,1,blue,arab,1,6,no,rshift,1234,1
AYDGHZ,1,blue,arab,0,8,no,lshift,1339,1
AYDGHZ,1,red,arab,1,8,no,lshift,1221,1
AYDGHZ,1,red,arab,1,1,no,lshift,1460,1
AYDGHZ,1,blue,arab,1,9,no,rshift,1690,1
AYDGHZ,1,red,arab,1,2,no,lshift,834,1
AYDGHZ,1,red,arab,1,6,no,lshift,979,1
AYDGHZ,1,blue,arab,1,8,no,rshift,856,1
AYDGHZ,1,red,arab,1,4,no,lshift,1108,1
AYDGHZ,1,red,arab,1,2,no,lshift,1030,1
AYDGHZ,1,blue,arab,1,6,no,rshift,464,1
AYDGHZ,1,red,arab,1,1,no,lshift,909,1
AYDGHZ,1,blue,arab,1,6,no,rshift,721,1
AYDGHZ,1,red,arab,1,7,no,lshift,624,1
AYDGHZ,1,blue,arab,1,9,no,rshift,653,1
AYDGHZ,1,red,arab,1,2,no,lshift,666,1
AYDGHZ,1,red,arab,1,3,no,lshift,1055,1
AYDGHZ,1,red,arab,1,8,no,lshift,721,1
AYDGHZ,1,red,arab,1,2,no,lshift,827,1
AYDGHZ,1,blue,arab,1,2,no,rshift,815,1
AYDGHZ,1,red,arab,1,3,no,lshift,960,1
AYDGHZ,1,red,arab,1,9,no,lshift,766,1
AYDGHZ,1,red,arab,1,4,no,lshift,748,1
AYDGHZ,1,blue,arab,1,2,no,rshift,1067,1
AYDGHZ,1,red,arab,1,2,no,lshift,777,1
AYDGHZ,1,red,arab,1,1,no,lshift,985,1
AYDGHZ,1,blue,arab,1,1,no,rshift,1020,1
AYDGHZ,1,blue,arab,1,8,no,rshift,873,1
AYDGHZ,1,blue,arab,1,7,no,rshift,876,1
AYDGHZ,1,blue,arab,1,6,no,rshift,919,1
AYDGHZ,1,red,arab,1,8,no,lshift,1337,1
AYDGHZ,1,red,arab,1,8,no,lshift,833,1
AYDGHZ,1,blue,arab,1,4,no,rshift,856,1
AYDGHZ,1,red,arab,1,8,no,lshift,827,1
AYDGHZ,1,red,arab,1,9,no,lshift,1214,1
AYDGHZ,1,red,arab,1,6,no,lshift,555,1
AYDGHZ,1,blue,arab,1,4,no,rshift,827,1
AYDGHZ,1,red,arab,1,1,no,lshift,985,1
AYDGHZ,1,red,arab,1,1,no,lshift,685,1
AYDGHZ,1,red,arab,1,9,no,lshift,744,1
AYDGHZ,1,blue,arab,1,1,no,rshift,1035,1
AYDGHZ,1,red,arab,1,2,no,lshift,679,1
AYDGHZ,1,blue,arab,1,4,no,rshift,1048,1
AYDGHZ,1,blue,arab,1,3,no,rshift,787,1
AYDGHZ,1,blue,arab,1,2,no,rshift,928,1
AYDGHZ,1,blue,arab,1,1,no,rshift,869,1
AYDGHZ,1,red,arab,1,6,no,lshift,710,1
AYDGHZ,1,blue,arab,1,1,no,rshift,654,1
AYDGHZ,1,blue,arab,1,7,no,rshift,1153,1
AYDGHZ,1,blue,arab,1,7,no,rshift,457,1
AYDGHZ,1,blue,arab,1,3,no,rshift,454,1
AYDGHZ,1,blue,arab,1,3,no,rshift,726,1
AYDGHZ,1,red,arab,1,9,no,lshift,1044,1
AYDGHZ,1,red,arab,1,3,no,lshift,892,1
AYDGHZ,1,red,arab,1,3,no,lshift,665,1
AYDGHZ,1,red,arab,1,8,no,lshift,652,1
AYDGHZ,1,red,arab,1,1,no,lshift,634,1
AYDGHZ,1,blue,arab,1,4,no,rshift,795,1
AYDGHZ,1,red,arab,1,9,no,lshift,588,1
AYDGHZ,1,red,arab,1,8,no,lshift,1051,1
AYDGHZ,1,blue,arab,1,4,no,rshift,690,1
AYDGHZ,1,blue,arab,1,4,no,rshift,1905,1
AYDGHZ,1,blue,arab,1,1,no,rshift,762,1
AYDGHZ,1,blue,arab,1,2,no,rshift,725,1
AYDGHZ,1,red,arab,1,1,no,lshift,1217,1
AYDGHZ,1,blue,arab,1,8,no,rshift,764,1
AYDGHZ,1,red,arab,1,3,no,lshift,707,1
AYDGHZ,1,blue,arab,1,4,no,rshift,752,1
AYDGHZ,1,red,arab,1,2,no,lshift,648,1
AYDGHZ,1,red,arab,1,7,no,lshift,692,1
AYDGHZ,1,red,arab,1,7,no,lshift,644,1
AYDGHZ,1,blue,arab,1,6,no,rshift,780,1
AYDGHZ,1,blue,arab,1,2,no,rshift,825,1
AYDGHZ,1,red,arab,1,7,no,lshift,601,1
AYDGHZ,1,blue,arab,1,8,no,rshift,726,1
AYDGHZ,1,red,arab,1,2,no,lshift,730,1
AYDGHZ,1,red,arab,1,1,no,lshift,1087,1
AYDGHZ,1,red,arab,1,4,no,lshift,862,1
AYDGHZ,1,blue,arab,1,7,no,rshift,696,1
AYDGHZ,1,blue,arab,1,1,no,rshift,740,1
AYDGHZ,1,red,arab,1,4,no,lshift,482,1
AYDGHZ,1,red,arab,1,4,no,lshift,632,1
AYDGHZ,1,red,arab,1,6,no,lshift,672,1
AYDGHZ,1,blue,arab,1,3,no,rshift,734,1
AYDGHZ,1,blue,arab,1,3,no,rshift,717,1
AYDGHZ,1,red,arab,1,8,no,lshift,658,1
AYDGHZ,1,blue,arab,1,3,no,rshift,737,1
AYDGHZ,1,blue,arab,1,6,no,rshift,702,1
AYDGHZ,1,red,arab,1,3,no,lshift,833,1
AYDGHZ,2,blue,arab,1,4,no,rshift,1076,1
AYDGHZ,2,blue,arab,1,2,no,rshift,655,1
AYDGHZ,2,blue,arab,1,6,no,rshift,781,1
AYDGHZ,2,blue,arab,1,9,no,rshift,522,1
AYDGHZ,2,red,arab,1,6,no,lshift,1137,1
AYDGHZ,2,red,arab,1,9,no,lshift,653,1
AYDGHZ,2,red,arab,1,6,no,lshift,563,1
AYDGHZ,2,red,arab,1,4,no,lshift,611,1
AYDGHZ,2,red,arab,1,4,no,lshift,608,1
AYDGHZ,2,blue,arab,1,9,no,rshift,1064,1
AYDGHZ,2,red,arab,1,8,no,lshift,572,1
AYDGHZ,2,red,arab,1,7,no,lshift,922,1
AYDGHZ,2,red,arab,1,2,no,lshift,575,1
AYDGHZ,2,blue,arab,1,6,no,rshift,814,1
AYDGHZ,2,red,arab,1,7,no,lshift,563,1
AYDGHZ,2,blue,arab,0,7,no,lshift,832,1
AYDGHZ,2,red,arab,1,9,no,lshift,494,1
AYDGHZ,2,red,arab,1,9,no,lshift,899,1
AYDGHZ,2,blue,arab,1,2,no,rshift,751,1
AYDGHZ,2,red,arab,1,6,no,lshift,593,1
AYDGHZ,2,blue,arab,1,9,no,rshift,1218,1
AYDGHZ,2,blue,arab,1,8,no,rshift,805,1
AYDGHZ,2,blue,arab,1,3,no,rshift,802,1
AYDGHZ,2,blue,arab,1,8,no,rshift,734,1
AYDGHZ,2,red,arab,1,3,no,lshift,501,1
AYDGHZ,2,red,arab,1,8,no,lshift,1180,1
AYDGHZ,2,red,arab,1,9,no,lshift,882,1
AYDGHZ,2,blue,arab,1,1,no,rshift,702,1
AYDGHZ,2,red,arab,1,3,no,lshift,700,1
AYDGHZ,2,blue,arab,1,7,no,rshift,994,1
AYDGHZ,2,red,arab,1,4,no,lshift,752,1
AYDGHZ,2,red,arab,1,8,no,lshift,919,1
AYDGHZ,2,red,arab,1,7,no,lshift,733,1
AYDGHZ,2,red,arab,1,6,no,lshift,556,1
AYDGHZ,2,blue,arab,1,8,no,rshift,605,1
AYDGHZ,2,red,arab,1,8,no,lshift,771,1
AYDGHZ,2,red,arab,1,8,no,lshift,918,1
AYDGHZ,2,blue,arab,1,9,no,rshift,989,1
AYDGHZ,2,red,arab,1,1,no,lshift,747,1
AYDGHZ,2,red,arab,1,9,no,lshift,792,1
AYDGHZ,2,red,arab,1,9,no,lshift,619,1
AYDGHZ,2,blue,arab,1,8,no,rshift,869,1
AYDGHZ,2,blue,arab,1,4,no,rshift,1072,1
AYDGHZ,2,blue,arab,1,4,no,rshift,723,1
AYDGHZ,2,blue,arab,1,6,no,rshift,773,1
AYDGHZ,2,red,arab,1,6,no,lshift,720,1
AYDGHZ,2,red,arab,1,7,no,lshift,751,1
AYDGHZ,2,red,arab,1,9,no,lshift,735,1
AYDGHZ,2,red,arab,1,2,no,lshift,519,1
AYDGHZ,2,red,arab,1,8,no,lshift,541,1
AYDGHZ,2,red,arab,1,6,no,lshift,538,1
AYDGHZ,2,red,arab,1,2,no,lshift,538,1
AYDGHZ,2,red,arab,1,8,no,lshift,651,1
AYDGHZ,2,blue,arab,1,4,no,rshift,926,1
AYDGHZ,2,red,arab,1,6,no,lshift,654,1
AYDGHZ,2,red,arab,1,9,no,lshift,620,1
AYDGHZ,2,red,arab,1,2,no,lshift,799,1
AYDGHZ,2,blue,arab,1,8,no,rshift,637,1
AYDGHZ,2,blue,arab,1,2,no,rshift,603,1
AYDGHZ,2,blue,arab,1,3,no,rshift,803,1
AYDGHZ,2,red,arab,1,6,no,lshift,545,1
AYDGHZ,2,red,arab,1,2,no,lshift,664,1
AYDGHZ,2,blue,arab,1,4,no,rshift,773,1
AYDGHZ,2,blue,arab,1,2,no,rshift,808,1
AYDGHZ,2,blue,arab,1,1,no,rshift,767,1
AYDGHZ,2,blue,arab,1,7,no,rshift,731,1
AYDGHZ,2,red,arab,1,1,no,lshift,672,1
AYDGHZ,2,blue,arab,1,3,no,rshift,751,1
AYDGHZ,2,blue,arab,1,2,no,rshift,788,1
AYDGHZ,2,blue,arab,1,9,no,rshift,727,1
AYDGHZ,2,blue,arab,1,6,no,rshift,452,1
AYDGHZ,2,red,arab,1,7,no,lshift,719,1
AYDGHZ,2,blue,arab,1,6,no,rshift,641,1
AYDGHZ,2,red,arab,1,3,no,lshift,745,1
AYDGHZ,2,blue,arab,1,3,no,rshift,622,1
AYDGHZ,2,blue,arab,1,8,no,rshift,789,1
AYDGHZ,2,blue,arab,1,1,no,rshift,586,1
AYDGHZ,2,blue,arab,1,3,no,rshift,642,1
AYDGHZ,2,blue,arab,1,7,no,rshift,611,1
AYDGHZ,2,blue,arab,1,7,no,rshift,736,1
AYDGHZ,2,blue,arab,1,6,no,rshift,744,1
AYDGHZ,2,red,arab,1,2,no,lshift,1334,1
AYDGHZ,2,blue,arab,1,7,no,rshift,1040,1
AYDGHZ,2,red,arab,1,3,no,lshift,675,1
AYDGHZ,2,blue,arab,1,8,no,rshift,666,1
AYDGHZ,2,red,arab,1,1,no,lshift,976,1
AYDGHZ,2,red,arab,1,1,no,lshift,1201,1
AYDGHZ,2,red,arab,1,3,no,lshift,863,1
AYDGHZ,2,red,arab,1,1,no,lshift,751,1
AYDGHZ,2,red,arab,1,8,no,lshift,706,1
AYDGHZ,2,red,arab,1,3,no,lshift,835,1
AYDGHZ,2,blue,arab,1,4,no,rshift,678,1
AYDGHZ,2,red,arab,1,2,no,lshift,848,1
AYDGHZ,2,blue,arab,1,6,no,rshift,692,1
AYDGHZ,2,red,arab,1,2,no,lshift,728,1
AYDGHZ,2,red,arab,1,4,no,lshift,648,1
AYDGHZ,2,blue,arab,1,4,no,rshift,696,1
AYDGHZ,2,blue,arab,1,3,no,rshift,741,1
AYDGHZ,2,blue,arab,1,1,no,rshift,697,1
AYDGHZ,2,red,arab,1,4,no,lshift,879,1
AYDGHZ,2,blue,arab,1,3,no,rshift,1651,1
AYDGHZ,2,red,arab,1,6,no,lshift,750,1
AYDGHZ,2,blue,arab,1,7,no,rshift,632,1
AYDGHZ,2,red,arab,1,1,no,lshift,617,1
AYDGHZ,2,blue,arab,1,4,no,rshift,885,1
AYDGHZ,2,blue,arab,1,1,no,rshift,764,1
AYDGHZ,2,blue,arab,1,4,no,rshift,725,1
AYDGHZ,2,red,arab,1,4,no,lshift,936,1
AYDGHZ,2,red,arab,1,9,no,lshift,873,1
AYDGHZ,2,red,arab,1,7,no,lshift,695,1
AYDGHZ,2,red,arab,1,3,no,lshift,592,1
AYDGHZ,2,red,arab,1,4,no,lshift,627,1
AYDGHZ,2,blue,arab,1,2,no,rshift,585,1
AYDGHZ,2,red,arab,1,4,no,lshift,719,1
AYDGHZ,2,red,arab,1,9,no,lshift,1037,1
AYDGHZ,2,blue,arab,1,2,no,rshift,834,1
AYDGHZ,2,blue,arab,1,8,no,rshift,899,1
AYDGHZ,2,blue,arab,1,3,no,rshift,845,1
AYDGHZ,2,blue,arab,1,2,no,rshift,880,1
AYDGHZ,2,red,arab,1,8,no,lshift,908,1
AYDGHZ,2,blue,arab,1,1,no,rshift,720,1
AYDGHZ,2,red,arab,1,3,no,lshift,815,1
AYDGHZ,2,blue,arab,1,8,no,rshift,1190,1
AYDGHZ,2,blue,arab,1,8,no,rshift,699,1
AYDGHZ,2,blue,arab,1,6,no,rshift,821,1
AYDGHZ,2,blue,arab,1,9,no,rshift,652,1
AYDGHZ,2,red,arab,1,7,no,lshift,927,1
AYDGHZ,2,red,arab,1,4,no,lshift,821,1
AYDGHZ,2,blue,arab,1,9,no,rshift,722,1
AYDGHZ,2,red,arab,1,8,no,lshift,664,1
AYDGHZ,2,red,arab,1,4,no,lshift,656,1
AYDGHZ,2,blue,arab,1,9,no,rshift,712,1
AYDGHZ,2,blue,arab,1,1,no,rshift,760,1
AYDGHZ,2,blue,arab,1,2,no,rshift,809,1
AYDGHZ,2,blue,arab,1,1,no,rshift,622,1
AYDGHZ,2,blue,arab,1,9,no,rshift,773,1
AYDGHZ,2,blue,arab,1,3,no,rshift,811,1
AYDGHZ,2,red,arab,1,7,no,lshift,793,1
AYDGHZ,2,blue,arab,1,2,no,rshift,918,1
AYDGHZ,2,blue,arab,1,6,no,rshift,669,1
AYDGHZ,2,blue,arab,1,9,no,rshift,436,1
AYDGHZ,2,blue,arab,1,7,no,rshift,550,1
AYDGHZ,2,red,arab,1,1,no,lshift,914,1
AYDGHZ,2,red,arab,1,1,no,lshift,694,1
AYDGHZ,2,red,arab,1,1,no,lshift,741,1
AYDGHZ,2,blue,arab,1,4,no,rshift,551,1
AYDGHZ,2,blue,arab,1,1,no,rshift,578,1
AYDGHZ,2,red,arab,1,7,no,lshift,973,1
AYDGHZ,2,blue,arab,1,3,no,rshift,660,1
AYDGHZ,2,red,arab,1,3,no,lshift,705,1
AYDGHZ,2,red,arab,0,2,no,rshift,624,1
AYDGHZ,2,red,arab,1,7,no,lshift,885,1
AYDGHZ,2,red,arab,1,3,no,lshift,855,1
AYDGHZ,2,blue,arab,1,6,no,rshift,911,1
AYDGHZ,2,blue,arab,1,1,no,rshift,883,1
AYDGHZ,2,red,arab,1,1,no,lshift,746,1
AYDGHZ,2,blue,arab,1,7,no,rshift,959,1
AYDGHZ,2,blue,arab,1,7,no,rshift,640,1
AYDGHZ,2,red,arab,1,2,no,lshift,561,1
AYDGHZ,2,red,arab,1,6,no,lshift,905,1
AYDGHZ,3,blue,arab,1,9,no,rshift,867,1
AYDGHZ,3,blue,arab,1,9,no,rshift,473,1
AYDGHZ,3,red,arab,1,3,no,lshift,582,1
AYDGHZ,3,red,arab,1,9,no,lshift,679,1
AYDGHZ,3,blue,arab,1,1,no,rshift,574,1
AYDGHZ,3,red,arab,1,3,no,lshift,644,1
AYDGHZ,3,blue,arab,1,1,no,rshift,609,1
AYDGHZ,3,red,arab,1,8,no,lshift,792,1
AYDGHZ,3,red,arab,1,1,no,lshift,835,1
AYDGHZ,3,red,arab,1,8,no,lshift,816,1
AYDGHZ,3,red,arab,1,3,no,lshift,636,1
AYDGHZ,3,red,arab,1,1,no,lshift,572,1
AYDGHZ,3,red,arab,1,6,no,lshift,726,1
AYDGHZ,3,blue,arab,1,6,no,rshift,855,1
AYDGHZ,3,blue,arab,1,7,no,rshift,766,1
AYDGHZ,3,red,arab,1,1,no,lshift,640,1
AYDGHZ,3,blue,arab,1,6,no,rshift,726,1
AYDGHZ,3,red,arab,1,1,no,lshift,726,1
AYDGHZ,3,blue,arab,1,6,no,rshift,898,1
AYDGHZ,3,red,arab,1,7,no,lshift,584,1
AYDGHZ,3,blue,arab,1,7,no,rshift,587,1
AYDGHZ,3,red,arab,1,3,no,lshift,691,1
AYDGHZ,3,red,arab,1,1,no,lshift,784,1
AYDGHZ,3,red,arab,1,6,no,lshift,674,1
AYDGHZ,3,red,arab,1,3,no,lshift,707,1
AYDGHZ,3,blue,arab,1,2,no,rshift,775,1
AYDGHZ,3,blue,arab,1,8,no,rshift,992,1
AYDGHZ,3,blue,arab,1,4,no,rshift,618,1
AYDGHZ,3,blue,arab,1,2,no,rshift,808,1
AYDGHZ,3,red,arab,1,8,no,lshift,670,1
AYDGHZ,3,red,arab,1,4,no,lshift,734,1
AYDGHZ,3,blue,arab,1,1,no,rshift,745,1
AYDGHZ,3,red,arab,1,7,no,lshift,896,1
AYDGHZ,3,red,arab,1,6,no,lshift,783,1
AYDGHZ,3,red,arab,1,6,no,lshift,843,1
AYDGHZ,3,blue,arab,1,9,no,rshift,672,1
AYDGHZ,3,blue,arab,1,3,no,rshift,1258,1
AYDGHZ,3,blue,arab,1,4,no,rshift,715,1
AYDGHZ,3,blue,arab,1,7,no,rshift,788,1
AYDGHZ,3,red,arab,1,4,no,lshift,721,1
AYDGHZ,3,blue,arab,1,9,no,rshift,848,1
AYDGHZ,3,blue,arab,1,9,no,rshift,587,1
AYDGHZ,3,blue,arab,1,8,no,rshift,728,1
AYDGHZ,3,red,arab,1,2,no,lshift,655,1
AYDGHZ,3,red,arab,1,1,no,lshift,802,1
AYDGHZ,3,blue,arab,1,9,no,rshift,705,1
AYDGHZ,3,blue,arab,1,2,no,rshift,815,1
AYDGHZ,3,red,arab,1,7,no,lshift,562,1
AYDGHZ,3,blue,arab,1,3,no,rshift,480,1
AYDGHZ,3,blue,arab,1,2,no,rshift,601,1
AYDGHZ,3,red,arab,1,3,no,lshift,951,1
AYDGHZ,3,blue,arab,1,3,no,rshift,762,1
AYDGHZ,3,red,arab,1,1,no,lshift,664,1
AYDGHZ,3,blue,arab,1,6,no,rshift,796,1
AYDGHZ,3,blue,arab,1,1,no,rshift,631,1
AYDGHZ,3,blue,arab,1,4,no,rshift,676,1
AYDGHZ,3,red,arab,1,9,no,lshift,761,1
AYDGHZ,3,red,arab,1,2,no,lshift,797,1
AYDGHZ,3,blue,arab,1,4,no,rshift,934,1
AYDGHZ,3,blue,arab,1,4,no,rshift,931,1
AYDGHZ,3,blue,arab,1,3,no,rshift,865,1
AYDGHZ,3,red,arab,1,2,no,lshift,850,1
AYDGHZ,3,red,arab,1,2,no,lshift,848,1
AYDGHZ,3,blue,arab,1,8,no,rshift,773,1
AYDGHZ,3,red,arab,1,2,no,lshift,911,1
AYDGHZ,3,red,arab,1,1,no,lshift,742,1
AYDGHZ,3,red,arab,1,3,no,lshift,750,1
AYDGHZ,3,red,arab,1,4,no,lshift,608,1
AYDGHZ,3,red,arab,1,1,no,lshift,630,1
AYDGHZ,3,blue,arab,1,8,no,rshift,839,1
AYDGHZ,3,red,arab,1,4,no,lshift,785,1
AYDGHZ,3,red,arab,1,6,no,lshift,936,1
AYDGHZ,3,red,arab,1,2,no,lshift,618,1
AYDGHZ,3,red,arab,1,4,no,lshift,626,1
AYDGHZ,3,red,arab,1,9,no,lshift,645,1
AYDGHZ,3,blue,arab,1,2,no,rshift,770,1
AYDGHZ,3,red,arab,1,8,no,lshift,659,1
AYDGHZ,3,red,arab,1,3,no,lshift,686,1
AYDGHZ,3,blue,arab,1,7,no,rshift,1049,1
AYDGHZ,3,blue,arab,1,1,no,rshift,859,1
AYDGHZ,3,red,arab,1,9,no,lshift,702,1
AYDGHZ,3,red,arab,1,1,no,lshift,719,1
AYDGHZ,3,red,arab,1,8,no,lshift,770,1
AYDGHZ,3,red,arab,1,2,no,lshift,646,1
AYDGHZ,3,red,arab,1,7,no,lshift,682,1
AYDGHZ,3,blue,arab,1,8,no,rshift,1068,1
AYDGHZ,3,blue,arab,1,7,no,rshift,703,1
AYDGHZ,3,red,arab,1,2,no,lshift,697,1
AYDGHZ,3,red,arab,1,9,no,lshift,610,1
AYDGHZ,3,blue,arab,1,3,no,rshift,763,1
AYDGHZ,3,blue,arab,1,7,no,rshift,698,1
AYDGHZ,3,red,arab,1,6,no,lshift,760,1
AYDGHZ,3,red,arab,1,8,no,lshift,1052,1
AYDGHZ,3,red,arab,1,4,no,lshift,812,1
AYDGHZ,3,blue,arab,0,6,no,lshift,818,1
AYDGHZ,3,blue,arab,1,8,no,rshift,804,1
AYDGHZ,3,blue,arab,1,8,no,rshift,613,1
AYDGHZ,3,blue,arab,1,2,no,rshift,648,1
AYDGHZ,3,red,arab,1,9,no,lshift,710,1
AYDGHZ,3,blue,arab,1,2,no,rshift,874,1
AYDGHZ,3,red,arab,1,7,no,lshift,722,1
AYDGHZ,3,blue,arab,1,9,no,rshift,762,1
AYDGHZ,3,blue,arab,1,2,no,rshift,727,1
AYDGHZ,3,blue,arab,1,1,no,rshift,569,1
AYDGHZ,3,blue,arab,1,4,no,rshift,748,1
AYDGHZ,3,blue,arab,1,6,no,rshift,574,1
AYDGHZ,3,red,arab,1,8,no,lshift,785,1
AYDGHZ,3,blue,arab,1,4,no,rshift,696,1
AYDGHZ,3,red,arab,1,7,no,lshift,996,1
AYDGHZ,3,blue,arab,1,7,no,rshift,541,1
AYDGHZ,3,blue,arab,1,9,no,rshift,633,1
AYDGHZ,3,blue,arab,1,8,no,rshift,849,1
AYDGHZ,3,red,arab,1,6,no,lshift,741,1
AYDGHZ,3,red,arab,1,7,no,lshift,856,1
AYDGHZ,3,red,arab,1,6,no,lshift,700,1
AYDGHZ,3,blue,arab,1,1,no,rshift,559,1
AYDGHZ,3,blue,arab,1,3,no,rshift,884,1
AYDGHZ,3,red,arab,1,4,no,lshift,829,1
AYDGHZ,3,blue,arab,1,2,no,rshift,766,1
AYDGHZ,3,blue,arab,1,6,no,rshift,775,1
AYDGHZ,3,blue,arab,1,8,no,rshift,851,1
AYDGHZ,3,red,arab,1,2,no,lshift,849,1
AYDGHZ,3,red,arab,1,4,no,lshift,653,1
AYDGHZ,3,blue,arab,1,8,no,rshift,749,1
AYDGHZ,3,blue,arab,1,6,no,rshift,783,1
AYDGHZ,3,red,arab,1,7,no,lshift,750,1
AYDGHZ,3,blue,arab,1,3,no,rshift,992,1
AYDGHZ,3,red,arab,1,4,no,lshift,688,1
AYDGHZ,3,red,arab,1,3,no,lshift,773,1
AYDGHZ,3,blue,arab,1,3,no,rshift,872,1
AYDGHZ,3,red,arab,1,7,no,lshift,731,1
AYDGHZ,3,red,arab,1,9,no,lshift,1006,1
AYDGHZ,3,blue,arab,1,3,no,rshift,780,1
AYDGHZ,3,red,arab,1,3,no,lshift,714,1
AYDGHZ,3,blue,arab,1,1,no,rshift,788,1
AYDGHZ,3,blue,arab,1,9,no,rshift,902,1
AYDGHZ,3,blue,arab,1,4,no,rshift,705,1
AYDGHZ,3,red,arab,1,9,no,lshift,745,1
AYDGHZ,3,blue,arab,1,4,no,rshift,774,1
AYDGHZ,3,blue,arab,1,7,no,rshift,822,1
AYDGHZ,3,red,arab,1,8,no,lshift,998,1
AYDGHZ,3,red,arab,1,6,no,lshift,749,1
AYDGHZ,3,red,arab,1,9,no,lshift,861,1
AYDGHZ,3,blue,arab,1,1,no,rshift,715,1
AYDGHZ,3,red,arab,1,4,no,lshift,711,1
AYDGHZ,3,blue,arab,1,4,no,rshift,739,1
AYDGHZ,3,blue,arab,1,7,no,rshift,860,1
AYDGHZ,3,blue,arab,1,2,no,rshift,696,1
AYDGHZ,3,red,arab,1,8,no,lshift,641,1
AYDGHZ,3,red,arab,1,8,no,lshift,1345,1
AYDGHZ,3,red,arab,1,9,no,lshift,858,1
AYDGHZ,3,blue,arab,1,1,no,rshift,834,1
AYDGHZ,3,red,arab,1,6,no,lshift,750,1
AYDGHZ,3,blue,arab,1,6,no,rshift,821,1
AYDGHZ,3,blue,arab,1,9,no,rshift,700,1
AYDGHZ,3,blue,arab,1,6,no,rshift,712,1
AYDGHZ,3,red,arab,1,2,no,lshift,830,1
AYDGHZ,3,blue,arab,1,7,no,rshift,905,1
AYDGHZ,3,blue,arab,1,3,no,rshift,762,1
AYDGHZ,3,red,arab,1,7,no,lshift,775,1
AYDGHZ,0,red,classic,1,7,yes,rshift,2003,1
AYDGHZ,0,red,classic,0,4,yes,rshift,1611,1
AYDGHZ,0,red,classic,0,8,yes,rshift,1145,1
AYDGHZ,0,red,classic,1,6,yes,lshift,1639,1
AYDGHZ,0,red,classic,1,2,yes,lshift,1216,1
AYDGHZ,0,red,classic,1,3,yes,rshift,936,1
AYDGHZ,0,red,classic,1,9,yes,rshift,969,1
AYDGHZ,0,red,classic,1,1,yes,rshift,972,1
AYDGHZ,1,red,classic,1,2,yes,rshift,2327,1
AYDGHZ,1,red,classic,1,7,yes,lshift,842,1
AYDGHZ,1,red,classic,1,6,yes,rshift,1306,1
AYDGHZ,1,red,classic,1,8,yes,rshift,842,1
AYDGHZ,1,red,classic,1,9,yes,lshift,774,1
AYDGHZ,1,red,classic,1,4,yes,rshift,990,1
AYDGHZ,1,red,classic,0,1,yes,rshift,1058,1
AYDGHZ,1,red,classic,1,3,yes,lshift,1057,1
AYDGHZ,2,red,classic,1,3,no,rshift,1446,1
AYDGHZ,2,red,classic,1,7,no,rshift,987,1
AYDGHZ,2,red,classic,1,7,no,rshift,826,1
AYDGHZ,2,red,classic,1,4,no,lshift,747,1
AYDGHZ,2,red,classic,1,4,no,lshift,829,1
AYDGHZ,2,red,classic,1,6,no,lshift,702,1
AYDGHZ,2,red,classic,1,9,no,rshift,857,1
AYDGHZ,2,red,classic,1,1,no,rshift,901,1
AYDGHZ,2,red,classic,1,7,no,rshift,994,1
AYDGHZ,2,red,classic,1,3,no,rshift,1151,1
AYDGHZ,2,red,classic,1,2,no,lshift,868,1
AYDGHZ,2,red,classic,1,3,no,rshift,877,1
AYDGHZ,2,red,classic,1,3,no,rshift,1144,1
AYDGHZ,2,red,classic,1,6,no,lshift,822,1
AYDGHZ,2,red,classic,1,9,no,rshift,728,1
AYDGHZ,2,red,classic,1,2,no,lshift,1008,1
AYDGHZ,2,red,classic,1,3,no,rshift,1104,1
AYDGHZ,2,red,classic,0,4,no,rshift,919,1
AYDGHZ,2,red,classic,1,3,no,rshift,1146,1
AYDGHZ,2,red,classic,1,3,no,rshift,639,1
AYDGHZ,2,red,classic,1,2,no,lshift,683,1
AYDGHZ,2,red,classic,1,3,no,rshift,820,1
AYDGHZ,2,red,classic,1,8,no,lshift,1918,1
AYDGHZ,2,red,classic,1,2,no,lshift,1037,1
AYDGHZ,2,red,classic,1,9,no,rshift,954,1
AYDGHZ,2,red,classic,0,2,no,rshift,923,1
AYDGHZ,2,red,classic,1,7,no,rshift,1036,1
AYDGHZ,2,red,classic,1,8,no,lshift,828,1
AYDGHZ,2,red,classic,1,1,no,rshift,1106,1
AYDGHZ,2,red,classic,1,7,no,rshift,1076,1
AYDGHZ,2,red,classic,1,4,no,lshift,772,1
AYDGHZ,2,red,classic,1,1,no,rshift,1062,1
AYDGHZ,2,red,classic,1,2,no,lshift,1185,1
AYDGHZ,2,red,classic,1,2,no,lshift,1061,1
AYDGHZ,2,red,classic,1,7,no,rshift,861,1
AYDGHZ,2,red,classic,1,6,no,lshift,809,1
AYDGHZ,2,red,classic,1,2,no,lshift,1467,1
AYDGHZ,2,red,classic,1,8,no,lshift,1237,1
AYDGHZ,2,red,classic,1,7,no,rshift,892,1
AYDGHZ,2,red,classic,1,3,no,rshift,1158,1
AYDGHZ,2,red,classic,1,1,no,rshift,1261,1
AYDGHZ,2,red,classic,1,4,no,lshift,613,1
AYDGHZ,2,red,classic,1,4,no,lshift,724,1
AYDGHZ,2,red,classic,1,8,no,lshift,877,1
AYDGHZ,2,red,classic,1,7,no,rshift,952,1
AYDGHZ,2,red,classic,1,1,no,rshift,1817,1
AYDGHZ,2,red,classic,1,1,no,rshift,875,1
AYDGHZ,2,red,classic,1,6,no,lshift,790,1
AYDGHZ,2,red,classic,1,1,no,rshift,852,1
AYDGHZ,2,red,classic,1,6,no,lshift,2332,1
AYDGHZ,2,red,classic,1,9,no,rshift,1809,1
AYDGHZ,2,red,classic,1,1,no,rshift,847,1
AYDGHZ,2,red,classic,1,7,no,rshift,1512,1
AYDGHZ,2,red,classic,1,7,no,rshift,1137,1
AYDGHZ,2,red,classic,1,1,no,rshift,844,1
AYDGHZ,2,red,classic,1,8,no,lshift,1212,1
AYDGHZ,2,red,classic,1,9,no,rshift,1109,1
AYDGHZ,2,red,classic,1,6,no,lshift,976,1
AYDGHZ,2,red,classic,1,9,no,rshift,1104,1
AYDGHZ,2,red,classic,1,1,no,rshift,1050,1
AYDGHZ,2,red,classic,1,4,no,lshift,1033,1
AYDGHZ,2,red,classic,1,6,no,lshift,1080,1
AYDGHZ,2,red,classic,1,6,no,lshift,794,1
AYDGHZ,2,red,classic,1,3,no,rshift,904,1
AYDGHZ,2,red,classic,1,9,no,rshift,1627,1
AYDGHZ,2,red,classic,1,6,no,lshift,1069,1
AYDGHZ,2,red,classic,1,9,no,rshift,1236,1
AYDGHZ,2,red,classic,1,6,no,lshift,1171,1
AYDGHZ,2,red,classic,1,1,no,rshift,3240,1
AYDGHZ,2,red,classic,1,6,no,lshift,1037,1
AYDGHZ,2,red,classic,0,2,no,rshift,1118,1
AYDGHZ,2,red,classic,1,7,no,rshift,1734,1
AYDGHZ,2,red,classic,1,4,no,lshift,1040,1
AYDGHZ,2,red,classic,1,4,no,lshift,641,1
AYDGHZ,2,red,classic,1,9,no,rshift,985,1
AYDGHZ,2,red,classic,1,7,no,rshift,921,1
AYDGHZ,2,red,classic,1,7,no,rshift,1062,1
AYDGHZ,2,red,classic,1,8,no,lshift,1070,1
AYDGHZ,2,red,classic,0,6,no,rshift,833,1
AYDGHZ,2,red,classic,0,8,no,rshift,900,1
AYDGHZ,2,red,classic,0,1,no,lshift,817,1
AYDGHZ,2,red,classic,1,2,no,lshift,1599,1
AYDGHZ,2,red,classic,1,9,no,rshift,612,1
AYDGHZ,2,red,classic,1,2,no,lshift,831,1
AYDGHZ,2,red,classic,1,4,no,lshift,766,1
AYDGHZ,2,red,classic,1,1,no,rshift,914,1
AYDGHZ,2,red,classic,1,6,no,lshift,1055,1
AYDGHZ,2,red,classic,1,2,no,lshift,981,1
AYDGHZ,2,red,classic,1,8,no,lshift,933,1
AYDGHZ,2,red,classic,1,2,no,lshift,970,1
AYDGHZ,2,red,classic,1,4,no,lshift,844,1
AYDGHZ,2,red,classic,1,8,no,lshift,931,1
AYDGHZ,2,red,classic,1,7,no,rshift,1261,1
AYDGHZ,2,red,classic,1,8,no,lshift,722,1
AYDGHZ,2,red,classic,1,3,no,rshift,912,1
AYDGHZ,2,red,classic,1,2,no,lshift,3418,1
AYDGHZ,2,red,classic,1,8,no,lshift,967,1
AYDGHZ,2,red,classic,1,3,no,rshift,1455,1
AYDGHZ,2,red,classic,1,6,no,lshift,948,1
AYDGHZ,2,red,classic,1,4,no,lshift,1430,1
AYDGHZ,2,red,classic,1,8,no,lshift,858,1
AYDGHZ,2,red,classic,1,3,no,rshift,1029,1
AYDGHZ,2,red,classic,1,1,no,rshift,2216,1
AYDGHZ,2,red,classic,1,9,no,rshift,888,1
AYDGHZ,2,red,classic,1,8,no,lshift,961,1
AYDGHZ,2,red,classic,1,9,no,rshift,1147,1
AYDGHZ,2,red,classic,1,4,no,lshift,1205,1
AYDGHZ,2,red,classic,1,3,no,rshift,1696,1
AYDGHZ,2,red,classic,1,8,no,lshift,2260,1
AYDGHZ,2,red,classic,1,9,no,rshift,934,1
AYDGHZ,2,red,classic,1,4,no,lshift,1771,1
AYDGHZ,2,red,classic,1,9,no,rshift,975,1
AYDGHZ,3,red,classic,1,9,no,lshift,1630,1
AYDGHZ,3,red,classic,1,7,no,lshift,1168,1
AYDGHZ,3,red,classic,1,6,no,rshift,893,1
AYDGHZ,3,red,classic,1,1,no,lshift,1733,1
AYDGHZ,3,red,classic,1,7,no,lshift,1091,1
AYDGHZ,3,red,classic,1,3,no,lshift,607,1
AYDGHZ,3,red,classic,1,7,no,lshift,823,1
AYDGHZ,3,red,classic,1,1,no,lshift,1082,1
AYDGHZ,3,red,classic,1,8,no,rshift,1055,1
AYDGHZ,3,red,classic,1,4,no,rshift,1129,1
AYDGHZ,3,red,classic,1,8,no,rshift,852,1
AYDGHZ,3,red,classic,1,6,no,rshift,817,1
AYDGHZ,3,red,classic,1,8,no,rshift,602,1
AYDGHZ,3,red,classic,1,1,no,lshift,1118,1
AYDGHZ,3,red,classic,1,8,no,rshift,657,1
AYDGHZ,3,red,classic,1,9,no,lshift,1046,1
AYDGHZ,3,red,classic,1,4,no,rshift,799,1
AYDGHZ,3,red,classic,1,7,no,lshift,716,1
AYDGHZ,3,red,classic,1,1,no,lshift,1105,1
AYDGHZ,3,red,classic,1,1,no,lshift,989,1
AYDGHZ,3,red,classic,1,3,no,lshift,835,1
AYDGHZ,3,red,classic,1,6,no,rshift,1234,1
AYDGHZ,3,red,classic,1,7,no,lshift,1006,1
AYDGHZ,3,red,classic,1,6,no,rshift,820,1
AYDGHZ,3,red,classic,1,6,no,rshift,1203,1
AYDGHZ,3,red,classic,1,7,no,lshift,1118,1
AYDGHZ,3,red,classic,1,3,no,lshift,1008,1
AYDGHZ,3,red,classic,1,9,no,lshift,924,1
AYDGHZ,3,red,classic,1,4,no,rshift,1639,1
AYDGHZ,3,red,classic,1,8,no,rshift,829,1
AYDGHZ,3,red,classic,1,1,no,lshift,1056,1
AYDGHZ,3,red,classic,1,1,no,lshift,1117,1
AYDGHZ,3,red,classic,1,4,no,rshift,2046,1
AYDGHZ,3,red,classic,1,4,no,rshift,625,1
AYDGHZ,3,red,classic,1,2,no,rshift,755,1
AYDGHZ,3,red,classic,1,7,no,lshift,1457,1
AYDGHZ,3,red,classic,1,3,no,lshift,1030,1
AYDGHZ,3,red,classic,1,2,no,rshift,1103,1
AYDGHZ,3,red,classic,1,8,no,rshift,1150,1
AYDGHZ,3,red,classic,1,3,no,lshift,1201,1
AYDGHZ,3,red,classic,1,7,no,lshift,1184,1
AYDGHZ,3,red,classic,1,1,no,lshift,1052,1
AYDGHZ,3,red,classic,1,2,no,rshift,868,1
AYDGHZ,3,red,classic,1,9,no,lshift,955,1
AYDGHZ,3,red,classic,1,9,no,lshift,916,1
AYDGHZ,3,red,classic,1,7,no,lshift,1197,1
AYDGHZ,3,red,classic,1,2,no,rshift,1173,1
AYDGHZ,3,red,classic,1,4,no,rshift,707,1
AYDGHZ,3,red,classic,1,7,no,lshift,808,1
AYDGHZ,3,red,classic,1,9,no,lshift,1261,1
AYDGHZ,3,red,classic,1,3,no,lshift,1064,1
AYDGHZ,3,red,classic,1,3,no,lshift,650,1
AYDGHZ,3,red,classic,1,4,no,rshift,1090,1
AYDGHZ,3,red,classic,1,7,no,lshift,748,1
AYDGHZ,3,red,classic,1,7,no,lshift,876,1
AYDGHZ,3,red,classic,1,8,no,rshift,1176,1
AYDGHZ,3,red,classic,1,2,no,rshift,886,1
AYDGHZ,3,red,classic,1,9,no,lshift,828,1
AYDGHZ,3,red,classic,1,3,no,lshift,897,1
AYDGHZ,3,red,classic,1,8,no,rshift,1062,1
AYDGHZ,3,red,classic,1,4,no,rshift,1009,1
AYDGHZ,3,red,classic,1,4,no,rshift,667,1
AYDGHZ,3,red,classic,1,2,no,rshift,542,1
AYDGHZ,3,red,classic,1,7,no,lshift,1007,1
AYDGHZ,3,red,classic,1,2,no,rshift,1066,1
AYDGHZ,3,red,classic,1,9,no,lshift,1144,1
AYDGHZ,3,red,classic,1,9,no,lshift,1097,1
AYDGHZ,3,red,classic,1,9,no,lshift,967,1
AYDGHZ,3,red,classic,1,2,no,rshift,995,1
AYDGHZ,3,red,classic,1,1,no,lshift,1351,1
AYDGHZ,3,red,classic,1,1,no,lshift,804,1
AYDGHZ,3,red,classic,1,3,no,lshift,988,1
AYDGHZ,3,red,classic,1,8,no,rshift,1203,1
AYDGHZ,3,red,classic,1,6,no,rshift,1047,1
AYDGHZ,3,red,classic,1,8,no,rshift,1021,1
AYDGHZ,3,red,classic,1,2,no,rshift,916,1
AYDGHZ,3,red,classic,1,6,no,rshift,676,1
AYDGHZ,3,red,classic,1,3,no,lshift,1029,1
AYDGHZ,3,red,classic,1,1,no,lshift,1042,1
AYDGHZ,3,red,classic,1,1,no,lshift,615,1
AYDGHZ,3,red,classic,1,4,no,rshift,933,1
AYDGHZ,3,red,classic,1,8,no,rshift,709,1
AYDGHZ,3,red,classic,1,9,no,lshift,1000,1
AYDGHZ,3,red,classic,1,2,no,rshift,754,1
AYDGHZ,3,red,classic,1,3,no,lshift,985,1
AYDGHZ,3,red,classic,1,6,no,rshift,661,1
AYDGHZ,3,red,classic,1,1,no,lshift,1093,1
AYDGHZ,3,red,classic,1,2,no,rshift,1127,1
AYDGHZ,3,red,classic,1,2,no,rshift,945,1
AYDGHZ,3,red,classic,1,3,no,lshift,1127,1
AYDGHZ,3,red,classic,1,8,no,rshift,871,1
AYDGHZ,3,red,classic,1,6,no,rshift,1066,1
AYDGHZ,3,red,classic,1,3,no,lshift,1111,1
AYDGHZ,3,red,classic,1,7,no,lshift,1032,1
AYDGHZ,3,red,classic,1,3,no,lshift,1020,1
AYDGHZ,3,red,classic,1,4,no,rshift,1776,1
AYDGHZ,3,red,classic,1,9,no,lshift,1087,1
AYDGHZ,3,red,classic,1,4,no,rshift,1067,1
AYDGHZ,3,red,classic,1,9,no,lshift,1004,1
AYDGHZ,3,red,classic,1,6,no,rshift,806,1
AYDGHZ,3,red,classic,1,2,no,rshift,925,1
AYDGHZ,3,red,classic,1,6,no,rshift,665,1
AYDGHZ,3,red,classic,1,8,no,rshift,738,1
AYDGHZ,3,red,classic,1,9,no,lshift,1199,1
AYDGHZ,3,red,classic,1,4,no,rshift,684,1
AYDGHZ,3,red,classic,1,6,no,rshift,1095,1
AYDGHZ,3,red,classic,1,1,no,lshift,990,1
AYDGHZ,3,red,classic,1,4,no,rshift,807,1
AYDGHZ,3,red,classic,1,6,no,rshift,851,1
AYDGHZ,3,red,classic,1,2,no,rshift,1253,1
AYDGHZ,3,red,classic,1,8,no,rshift,817,1
AYDGHZ,3,red,classic,1,6,no,rshift,645,1
