ID_name,block,color,condition,correct_keyboard_response,number,practice,response_keyboard_response,response_time_keyboard_response,subject_nr
csoli,0,red,dot,1,7,yes,lshift,785,1
csoli,0,red,dot,1,9,yes,lshift,603,1
csoli,0,red,dot,1,4,yes,lshift,411,1
csoli,0,blue,dot,1,9,yes,rshift,548,1
csoli,0,blue,dot,1,2,yes,rshift,704,1
csoli,0,red,dot,1,3,yes,lshift,418,1
csoli,0,blue,dot,1,1,yes,rshift,472,1
csoli,0,red,dot,1,8,yes,lshift,393,1
csoli,0,red,dot,1,1,yes,lshift,658,1
csoli,0,red,dot,1,2,yes,lshift,334,1
csoli,0,red,dot,1,6,yes,lshift,397,1
csoli,0,blue,dot,1,6,yes,rshift,409,1
csoli,0,blue,dot,1,3,yes,rshift,597,1
csoli,0,blue,dot,1,7,yes,rshift,611,1
csoli,0,blue,dot,1,8,yes,rshift,438,1
csoli,0,blue,dot,1,4,yes,rshift,595,1
csoli,1,blue,dot,1,8,no,rshift,1026,1
csoli,1,red,dot,1,4,no,lshift,399,1
csoli,1,blue,dot,1,1,no,rshift,402,1
csoli,1,red,dot,1,2,no,lshift,285,1
csoli,1,blue,dot,1,3,no,rshift,635,1
csoli,1,blue,dot,1,1,no,rshift,455,1
csoli,1,red,dot,1,9,no,lshift,383,1
csoli,1,red,dot,1,7,no,lshift,434,1
csoli,1,red,dot,1,4,no,lshift,421,1
csoli,1,red,dot,1,7,no,lshift,650,1
csoli,1,blue,dot,1,8,no,rshift,419,1
csoli,1,red,dot,1,9,no,lshift,524,1
csoli,1,blue,dot,0,4,no,lshift,459,1
csoli,1,blue,dot,1,4,no,rshift,616,1
csoli,1,red,dot,1,8,no,lshift,663,1
csoli,1,blue,dot,1,7,no,rshift,782,1
csoli,1,blue,dot,1,1,no,rshift,525,1
csoli,1,red,dot,1,8,no,lshift,536,1
csoli,1,blue,dot,1,7,no,rshift,578,1
csoli,1,blue,dot,1,9,no,rshift,548,1
csoli,1,red,dot,1,1,no,lshift,493,1
csoli,1,blue,dot,1,2,no,rshift,704,1
csoli,1,blue,dot,1,8,no,rshift,506,1
csoli,1,red,dot,1,2,no,lshift,504,1
csoli,1,blue,dot,1,7,no,rshift,437,1
csoli,1,blue,dot,1,6,no,rshift,676,1
csoli,1,red,dot,1,8,no,lshift,604,1
csoli,1,blue,dot,1,8,no,rshift,457,1
csoli,1,blue,dot,1,3,no,rshift,579,1
csoli,1,blue,dot,1,6,no,rshift,595,1
csoli,1,blue,dot,1,8,no,rshift,736,1
csoli,1,red,dot,1,1,no,lshift,479,1
csoli,1,blue,dot,1,1,no,rshift,471,1
csoli,1,blue,dot,1,8,no,rshift,442,1
csoli,1,blue,dot,1,9,no,rshift,413,1
csoli,1,blue,dot,1,3,no,rshift,394,1
csoli,1,red,dot,1,4,no,lshift,453,1
csoli,1,red,dot,1,1,no,lshift,512,1
csoli,1,blue,dot,1,1,no,rshift,454,1
csoli,1,blue,dot,1,2,no,rshift,937,1
csoli,1,red,dot,1,4,no,lshift,641,1
csoli,1,red,dot,1,1,no,lshift,983,1
csoli,1,red,dot,1,7,no,lshift,472,1
csoli,1,red,dot,1,8,no,lshift,479,1
csoli,1,red,dot,1,6,no,lshift,386,1
csoli,1,blue,dot,1,4,no,rshift,5927,1
csoli,1,red,dot,1,6,no,lshift,561,1
csoli,1,blue,dot,1,3,no,rshift,554,1
csoli,1,red,dot,1,9,no,lshift,973,1
csoli,1,blue,dot,1,9,no,rshift,399,1
csoli,1,red,dot,1,1,no,lshift,683,1
csoli,1,blue,dot,1,8,no,rshift,461,1
csoli,1,red,dot,1,3,no,lshift,1036,1
csoli,1,blue,dot,1,6,no,rshift,508,1
csoli,1,red,dot,1,6,no,lshift,519,1
csoli,1,blue,dot,1,8,no,rshift,482,1
csoli,1,blue,dot,1,6,no,rshift,424,1
csoli,1,red,dot,1,4,no,lshift,485,1
csoli,1,red,dot,1,4,no,lshift,939,1
csoli,1,blue,dot,1,4,no,rshift,531,1
csoli,1,blue,dot,1,6,no,rshift,938,1
csoli,1,red,dot,1,2,no,lshift,481,1
csoli,1,red,dot,1,3,no,lshift,610,1
csoli,1,red,dot,1,6,no,lshift,437,1
csoli,1,red,dot,1,9,no,lshift,458,1
csoli,1,red,dot,1,8,no,lshift,413,1
csoli,1,red,dot,1,2,no,lshift,762,1
csoli,1,red,dot,1,7,no,lshift,506,1
csoli,1,blue,dot,1,6,no,rshift,409,1
csoli,1,red,dot,1,2,no,lshift,454,1
csoli,1,red,dot,1,1,no,lshift,627,1
csoli,1,red,dot,1,3,no,lshift,408,1
csoli,1,blue,dot,1,4,no,rshift,502,1
csoli,1,blue,dot,1,2,no,rshift,754,1
csoli,1,red,dot,1,2,no,lshift,604,1
csoli,1,blue,dot,1,2,no,rshift,749,1
csoli,1,blue,dot,1,1,no,rshift,485,1
csoli,1,red,dot,1,2,no,lshift,423,1
csoli,1,blue,dot,1,7,no,rshift,815,1
csoli,1,blue,dot,1,4,no,rshift,493,1
csoli,1,red,dot,1,8,no,lshift,498,1
csoli,1,blue,dot,1,1,no,rshift,546,1
csoli,1,blue,dot,1,9,no,rshift,491,1
csoli,1,blue,dot,1,6,no,rshift,434,1
csoli,1,blue,dot,1,7,no,rshift,414,1
csoli,1,blue,dot,1,3,no,rshift,396,1
csoli,1,red,dot,1,2,no,lshift,529,1
csoli,1,red,dot,1,8,no,lshift,526,1
csoli,1,blue,dot,1,4,no,rshift,588,1
csoli,1,red,dot,1,7,no,lshift,585,1
csoli,1,blue,dot,1,1,no,rshift,392,1
csoli,1,red,dot,1,9,no,lshift,459,1
csoli,1,blue,dot,1,2,no,rshift,404,1
csoli,1,blue,dot,1,7,no,rshift,471,1
csoli,1,blue,dot,1,7,no,rshift,387,1
csoli,1,red,dot,1,3,no,lshift,653,1
csoli,1,blue,dot,1,3,no,rshift,437,1
csoli,1,red,dot,1,6,no,lshift,507,1
csoli,1,blue,dot,1,3,no,rshift,461,1
csoli,1,blue,dot,1,3,no,rshift,961,1
csoli,1,red,dot,1,3,no,lshift,372,1
csoli,1,red,dot,1,7,no,lshift,566,1
csoli,1,red,dot,1,7,no,lshift,704,1
csoli,1,red,dot,1,3,no,lshift,491,1
csoli,1,red,dot,1,7,no,lshift,372,1
csoli,1,red,dot,1,3,no,lshift,3385,1
csoli,1,blue,dot,1,9,no,rshift,495,1
csoli,1,blue,dot,1,4,no,rshift,377,1
csoli,1,red,dot,1,3,no,lshift,438,1
csoli,1,blue,dot,1,2,no,rshift,461,1
csoli,1,red,dot,1,8,no,lshift,337,1
csoli,1,red,dot,1,1,no,lshift,387,1
csoli,1,blue,dot,1,8,no,rshift,464,1
csoli,1,red,dot,1,9,no,lshift,421,1
csoli,1,red,dot,1,3,no,lshift,652,1
csoli,1,blue,dot,1,3,no,rshift,397,1
csoli,1,blue,dot,1,8,no,rshift,380,1
csoli,1,blue,dot,1,9,no,rshift,340,1
csoli,1,red,dot,1,9,no,lshift,461,1
csoli,1,blue,dot,1,6,no,rshift,408,1
csoli,1,blue,dot,1,7,no,rshift,456,1
csoli,1,blue,dot,1,4,no,rshift,465,1
csoli,1,red,dot,1,8,no,lshift,363,1
csoli,1,red,dot,1,9,no,lshift,717,1
csoli,1,blue,dot,1,1,no,rshift,420,1
csoli,1,blue,dot,1,9,no,rshift,500,1
csoli,1,red,dot,1,6,no,lshift,394,1
csoli,1,blue,dot,1,6,no,rshift,519,1
csoli,1,red,dot,1,3,no,lshift,551,1
csoli,1,blue,dot,1,2,no,rshift,390,1
csoli,1,blue,dot,1,1,no,rshift,528,1
csoli,1,red,dot,1,7,no,lshift,389,1
csoli,1,red,dot,1,1,no,lshift,598,1
csoli,1,red,dot,1,6,no,lshift,716,1
csoli,1,blue,dot,1,2,no,rshift,576,1
csoli,1,red,dot,1,4,no,lshift,962,1
csoli,1,red,dot,1,9,no,lshift,683,1
csoli,1,red,dot,1,4,no,lshift,463,1
csoli,1,red,dot,1,2,no,lshift,724,1
csoli,1,blue,dot,1,3,no,rshift,440,1
csoli,1,blue,dot,1,9,no,rshift,463,1
csoli,1,blue,dot,1,7,no,rshift,387,1
csoli,1,blue,dot,1,9,no,rshift,450,1
csoli,1,blue,dot,1,2,no,rshift,344,1
csoli,1,red,dot,1,2,no,lshift,402,1
csoli,1,red,dot,1,4,no,lshift,524,1
csoli,1,red,dot,1,7,no,lshift,450,1
csoli,1,red,dot,1,4,no,lshift,418,1
csoli,1,red,dot,1,1,no,lshift,417,1
csoli,1,red,dot,1,8,no,lshift,691,1
csoli,1,blue,dot,1,6,no,rshift,449,1
csoli,1,blue,dot,1,9,no,rshift,390,1
csoli,1,red,dot,1,6,no,lshift,396,1
csoli,1,blue,dot,1,7,no,rshift,510,1
csoli,1,red,dot,1,9,no,lshift,680,1
csoli,1,red,dot,1,6,no,lshift,472,1
csoli,1,blue,dot,1,2,no,rshift,363,1
csoli,1,red,dot,1,6,no,lshift,366,1
csoli,1,red,dot,1,1,no,lshift,561,1
csoli,1,blue,dot,1,4,no,rshift,398,1
csoli,2,red,dot,1,6,no,lshift,872,1
csoli,2,blue,dot,1,8,no,rshift,449,1
csoli,2,blue,dot,1,6,no,rshift,480,1
csoli,2,blue,dot,1,7,no,rshift,713,1
csoli,2,blue,dot,1,4,no,rshift,430,1
csoli,2,blue,dot,1,1,no,rshift,499,1
csoli,2,blue,dot,1,7,no,rshift,769,1
csoli,2,red,dot,1,4,no,lshift,409,1
csoli,2,red,dot,1,1,no,lshift,398,1
csoli,2,red,dot,1,8,no,lshift,441,1
csoli,2,blue,dot,1,1,no,rshift,350,1
csoli,2,blue,dot,1,8,no,rshift,535,1
csoli,2,blue,dot,1,8,no,rshift,388,1
csoli,2,blue,dot,1,4,no,rshift,345,1
csoli,2,blue,dot,1,6,no,rshift,358,1
csoli,2,red,dot,1,4,no,lshift,376,1
csoli,2,blue,dot,1,7,no,rshift,359,1
csoli,2,blue,dot,1,9,no,rshift,375,1
csoli,2,blue,dot,1,3,no,rshift,348,1
csoli,2,red,dot,1,7,no,lshift,452,1
csoli,2,red,dot,1,8,no,lshift,601,1
csoli,2,red,dot,1,2,no,lshift,417,1
csoli,2,red,dot,1,4,no,lshift,430,1
csoli,2,red,dot,1,8,no,lshift,524,1
csoli,2,blue,dot,1,3,no,rshift,649,1
csoli,2,red,dot,1,4,no,lshift,498,1
csoli,2,red,dot,1,8,no,lshift,470,1
csoli,2,red,dot,1,3,no,lshift,659,1
csoli,2,blue,dot,1,1,no,rshift,559,1
csoli,2,blue,dot,1,2,no,rshift,413,1
csoli,2,red,dot,1,4,no,lshift,406,1
csoli,2,blue,dot,1,8,no,rshift,398,1
csoli,2,red,dot,1,2,no,lshift,410,1
csoli,2,red,dot,1,1,no,lshift,587,1
csoli,2,blue,dot,1,9,no,rshift,366,1
csoli,2,red,dot,1,9,no,lshift,434,1
csoli,2,blue,dot,1,4,no,rshift,724,1
csoli,2,red,dot,1,1,no,lshift,494,1
csoli,2,blue,dot,1,1,no,rshift,302,1
csoli,2,blue,dot,1,4,no,rshift,486,1
csoli,2,red,dot,1,8,no,lshift,642,1
csoli,2,blue,dot,1,7,no,rshift,368,1
csoli,2,blue,dot,1,9,no,rshift,463,1
csoli,2,blue,dot,1,2,no,rshift,451,1
csoli,2,red,dot,1,7,no,lshift,397,1
csoli,2,blue,dot,1,8,no,rshift,356,1
csoli,2,red,dot,1,3,no,lshift,454,1
csoli,2,blue,dot,1,4,no,rshift,358,1
csoli,2,red,dot,1,3,no,lshift,410,1
csoli,2,red,dot,1,4,no,lshift,512,1
csoli,2,blue,dot,1,3,no,rshift,383,1
csoli,2,red,dot,1,7,no,lshift,443,1
csoli,2,red,dot,1,7,no,lshift,457,1
csoli,2,blue,dot,1,7,no,rshift,403,1
csoli,2,blue,dot,1,9,no,rshift,408,1
csoli,2,blue,dot,1,2,no,rshift,416,1
csoli,2,red,dot,1,4,no,lshift,605,1
csoli,2,red,dot,1,1,no,lshift,346,1
csoli,2,red,dot,1,6,no,lshift,571,1
csoli,2,blue,dot,1,1,no,rshift,395,1
csoli,2,blue,dot,1,4,no,rshift,400,1
csoli,2,red,dot,1,6,no,lshift,334,1
csoli,2,red,dot,1,8,no,lshift,347,1
csoli,2,red,dot,1,3,no,lshift,458,1
csoli,2,blue,dot,1,2,no,rshift,314,1
csoli,2,red,dot,1,9,no,lshift,369,1
csoli,2,red,dot,1,9,no,lshift,790,1
csoli,2,blue,dot,1,8,no,rshift,304,1
csoli,2,red,dot,1,3,no,lshift,381,1
csoli,2,red,dot,1,6,no,lshift,512,1
csoli,2,red,dot,1,3,no,lshift,463,1
csoli,2,blue,dot,1,8,no,rshift,369,1
csoli,2,red,dot,0,9,no,rshift,436,1
csoli,2,red,dot,1,2,no,lshift,594,1
csoli,2,blue,dot,1,2,no,rshift,480,1
csoli,2,red,dot,1,9,no,lshift,376,1
csoli,2,red,dot,1,7,no,lshift,470,1
csoli,2,red,dot,1,1,no,lshift,551,1
csoli,2,blue,dot,1,2,no,rshift,583,1
csoli,2,red,dot,1,6,no,lshift,372,1
csoli,2,red,dot,1,6,no,lshift,694,1
csoli,2,blue,dot,1,2,no,rshift,469,1
csoli,2,blue,dot,1,6,no,rshift,408,1
csoli,2,red,dot,1,2,no,lshift,379,1
csoli,2,red,dot,1,9,no,lshift,608,1
csoli,2,blue,dot,1,9,no,rshift,367,1
csoli,2,red,dot,1,8,no,lshift,404,1
csoli,2,blue,dot,1,9,no,rshift,606,1
csoli,2,blue,dot,1,1,no,rshift,412,1
csoli,2,blue,dot,1,9,no,rshift,450,1
csoli,2,blue,dot,1,7,no,rshift,376,1
csoli,2,blue,dot,1,4,no,rshift,423,1
csoli,2,red,dot,1,9,no,lshift,503,1
csoli,2,red,dot,1,3,no,lshift,450,1
csoli,2,red,dot,1,4,no,lshift,380,1
csoli,2,blue,dot,1,6,no,rshift,582,1
csoli,2,blue,dot,1,3,no,rshift,415,1
csoli,2,red,dot,1,2,no,lshift,401,1
csoli,2,blue,dot,1,8,no,rshift,598,1
csoli,2,blue,dot,1,4,no,rshift,413,1
csoli,2,blue,dot,1,6,no,rshift,342,1
csoli,2,red,dot,1,2,no,lshift,368,1
csoli,2,red,dot,1,8,no,lshift,542,1
csoli,2,blue,dot,1,1,no,rshift,541,1
csoli,2,blue,dot,1,3,no,rshift,720,1
csoli,2,blue,dot,1,8,no,rshift,468,1
csoli,2,red,dot,1,4,no,lshift,356,1
csoli,2,red,dot,1,9,no,lshift,881,1
csoli,2,blue,dot,1,7,no,rshift,384,1
csoli,2,red,dot,1,6,no,lshift,432,1
csoli,2,blue,dot,1,6,no,rshift,413,1
csoli,2,blue,dot,1,9,no,rshift,482,1
csoli,2,blue,dot,1,4,no,rshift,494,1
csoli,2,blue,dot,1,6,no,rshift,453,1
csoli,2,red,dot,1,3,no,lshift,380,1
csoli,2,blue,dot,1,6,no,rshift,432,1
csoli,2,red,dot,1,6,no,lshift,428,1
csoli,2,red,dot,1,1,no,lshift,529,1
csoli,2,red,dot,1,1,no,lshift,793,1
csoli,2,red,dot,0,9,no,rshift,182,1
csoli,2,blue,dot,1,3,no,rshift,444,1
csoli,2,red,dot,1,7,no,lshift,471,1
csoli,2,blue,dot,1,1,no,rshift,534,1
csoli,2,blue,dot,1,7,no,rshift,721,1
csoli,2,blue,dot,1,3,no,rshift,448,1
csoli,2,red,dot,1,8,no,lshift,475,1
csoli,2,red,dot,1,1,no,lshift,560,1
csoli,2,blue,dot,1,2,no,rshift,491,1
csoli,2,red,dot,1,8,no,lshift,796,1
csoli,2,blue,dot,1,1,no,rshift,891,1
csoli,2,blue,dot,1,3,no,rshift,463,1
csoli,2,blue,dot,1,2,no,rshift,473,1
csoli,2,red,dot,1,3,no,lshift,543,1
csoli,2,red,dot,1,2,no,lshift,537,1
csoli,2,red,dot,1,7,no,lshift,482,1
csoli,2,red,dot,1,1,no,lshift,453,1
csoli,2,blue,dot,1,7,no,rshift,691,1
csoli,2,blue,dot,1,4,no,rshift,1719,1
csoli,2,blue,dot,1,3,no,rshift,412,1
csoli,2,red,dot,1,4,no,lshift,480,1
csoli,2,red,dot,1,2,no,lshift,458,1
csoli,2,red,dot,1,2,no,lshift,393,1
csoli,2,blue,dot,1,7,no,rshift,324,1
csoli,2,red,dot,1,2,no,lshift,376,1
csoli,2,red,dot,1,6,no,lshift,502,1
csoli,2,red,dot,1,6,no,lshift,411,1
csoli,2,blue,dot,1,9,no,rshift,418,1
csoli,2,red,dot,1,1,no,lshift,340,1
csoli,2,blue,dot,1,3,no,rshift,347,1
csoli,2,red,dot,1,9,no,lshift,463,1
csoli,2,blue,dot,1,9,no,rshift,510,1
csoli,2,blue,dot,1,6,no,rshift,345,1
csoli,2,red,dot,1,7,no,lshift,372,1
csoli,2,blue,dot,1,1,no,rshift,372,1
csoli,2,blue,dot,1,8,no,rshift,347,1
csoli,2,red,dot,1,3,no,lshift,431,1
csoli,2,blue,dot,1,6,no,rshift,975,1
csoli,2,red,dot,1,7,no,lshift,539,1
csoli,2,blue,dot,1,2,no,rshift,343,1
csoli,2,red,dot,1,7,no,lshift,339,1
csoli,3,blue,dot,1,3,no,rshift,558,1
csoli,3,red,dot,1,3,no,lshift,353,1
csoli,3,blue,dot,1,7,no,rshift,348,1
csoli,3,red,dot,1,2,no,lshift,358,1
csoli,3,red,dot,1,4,no,lshift,481,1
csoli,3,red,dot,1,9,no,lshift,435,1
csoli,3,blue,dot,1,1,no,rshift,456,1
csoli,3,red,dot,1,6,no,lshift,398,1
csoli,3,red,dot,1,7,no,lshift,437,1
csoli,3,red,dot,1,6,no,lshift,344,1
csoli,3,red,dot,1,3,no,lshift,375,1
csoli,3,blue,dot,1,3,no,rshift,503,1
csoli,3,red,dot,1,1,no,lshift,1392,1
csoli,3,red,dot,1,2,no,lshift,468,1
csoli,3,blue,dot,1,9,no,rshift,332,1
csoli,3,blue,dot,1,2,no,rshift,340,1
csoli,3,blue,dot,1,6,no,rshift,398,1
csoli,3,blue,dot,1,1,no,rshift,314,1
csoli,3,red,dot,1,9,no,lshift,348,1
csoli,3,red,dot,1,2,no,lshift,255,1
csoli,3,red,dot,1,4,no,lshift,420,1
csoli,3,blue,dot,1,8,no,rshift,449,1
csoli,3,red,dot,1,8,no,lshift,302,1
csoli,3,red,dot,1,8,no,lshift,556,1
csoli,3,blue,dot,1,6,no,rshift,348,1
csoli,3,blue,dot,1,3,no,rshift,351,1
csoli,3,red,dot,1,1,no,lshift,294,1
csoli,3,blue,dot,1,1,no,rshift,321,1
csoli,3,blue,dot,1,7,no,rshift,417,1
csoli,3,blue,dot,1,9,no,rshift,428,1
csoli,3,blue,dot,1,4,no,rshift,464,1
csoli,3,red,dot,1,8,no,lshift,387,1
csoli,3,red,dot,1,8,no,lshift,537,1
csoli,3,red,dot,1,7,no,lshift,414,1
csoli,3,blue,dot,1,8,no,rshift,453,1
csoli,3,blue,dot,1,2,no,rshift,399,1
csoli,3,red,dot,1,7,no,lshift,301,1
csoli,3,red,dot,0,6,no,rshift,329,1
csoli,3,red,dot,1,1,no,lshift,415,1
csoli,3,blue,dot,1,2,no,rshift,365,1
csoli,3,red,dot,1,4,no,lshift,482,1
csoli,3,blue,dot,1,9,no,rshift,451,1
csoli,3,blue,dot,1,6,no,rshift,626,1
csoli,3,red,dot,1,6,no,lshift,339,1
csoli,3,red,dot,1,2,no,lshift,706,1
csoli,3,red,dot,1,1,no,lshift,606,1
csoli,3,blue,dot,1,4,no,rshift,440,1
csoli,3,red,dot,1,1,no,lshift,357,1
csoli,3,red,dot,1,4,no,lshift,812,1
csoli,3,red,dot,1,7,no,lshift,404,1
csoli,3,blue,dot,1,9,no,rshift,471,1
csoli,3,blue,dot,1,7,no,rshift,375,1
csoli,3,red,dot,1,7,no,lshift,439,1
csoli,3,red,dot,1,1,no,lshift,461,1
csoli,3,red,dot,1,2,no,lshift,464,1
csoli,3,red,dot,1,9,no,lshift,474,1
csoli,3,red,dot,1,8,no,lshift,614,1
csoli,3,blue,dot,1,1,no,rshift,881,1
csoli,3,red,dot,1,2,no,lshift,393,1
csoli,3,blue,dot,1,8,no,rshift,627,1
csoli,3,blue,dot,1,2,no,rshift,442,1
csoli,3,red,dot,1,8,no,lshift,454,1
csoli,3,red,dot,1,6,no,lshift,529,1
csoli,3,red,dot,1,4,no,lshift,765,1
csoli,3,red,dot,1,3,no,lshift,390,1
csoli,3,blue,dot,1,6,no,rshift,482,1
csoli,3,red,dot,1,9,no,lshift,438,1
csoli,3,blue,dot,1,8,no,rshift,503,1
csoli,3,red,dot,1,6,no,lshift,582,1
csoli,3,blue,dot,1,3,no,rshift,375,1
csoli,3,blue,dot,0,7,no,lshift,491,1
csoli,3,blue,dot,1,1,no,rshift,411,1
csoli,3,blue,dot,1,7,no,rshift,507,1
csoli,3,red,dot,1,9,no,lshift,381,1
csoli,3,red,dot,1,8,no,lshift,423,1
csoli,3,blue,dot,1,6,no,rshift,353,1
csoli,3,blue,dot,1,6,no,rshift,479,1
csoli,3,blue,dot,1,8,no,rshift,457,1
csoli,3,red,dot,1,2,no,lshift,381,1
csoli,3,blue,dot,1,9,no,rshift,437,1
csoli,3,blue,dot,1,6,no,rshift,638,1
csoli,3,red,dot,1,6,no,lshift,374,1
csoli,3,blue,dot,1,7,no,rshift,454,1
csoli,3,blue,dot,1,9,no,rshift,423,1
csoli,3,blue,dot,1,1,no,rshift,434,1
csoli,3,red,dot,1,9,no,lshift,422,1
csoli,3,blue,dot,1,8,no,rshift,403,1
csoli,3,red,dot,1,7,no,lshift,528,1
csoli,3,red,dot,1,8,no,lshift,428,1
csoli,3,red,dot,1,7,no,lshift,547,1
csoli,3,blue,dot,1,2,no,rshift,381,1
csoli,3,red,dot,1,4,no,lshift,440,1
csoli,3,blue,dot,1,7,no,rshift,696,1
csoli,3,red,dot,1,9,no,lshift,430,1
csoli,3,blue,dot,1,9,no,rshift,410,1
csoli,3,blue,dot,1,3,no,rshift,339,1
csoli,3,red,dot,1,9,no,lshift,393,1
csoli,3,red,dot,1,4,no,lshift,453,1
csoli,3,blue,dot,1,2,no,rshift,347,1
csoli,3,blue,dot,1,7,no,rshift,717,1
csoli,3,red,dot,1,1,no,lshift,417,1
csoli,3,red,dot,1,7,no,lshift,475,1
csoli,3,red,dot,1,3,no,lshift,367,1
csoli,3,blue,dot,1,3,no,rshift,420,1
csoli,3,blue,dot,1,4,no,rshift,376,1
csoli,3,red,dot,1,6,no,lshift,339,1
csoli,3,blue,dot,1,2,no,rshift,340,1
csoli,3,red,dot,1,1,no,lshift,303,1
csoli,3,blue,dot,1,3,no,rshift,320,1
csoli,3,blue,dot,1,4,no,rshift,419,1
csoli,3,red,dot,1,1,no,lshift,433,1
csoli,3,blue,dot,1,8,no,rshift,384,1
csoli,3,blue,dot,1,4,no,rshift,392,1
csoli,3,red,dot,1,3,no,lshift,397,1
csoli,3,blue,dot,1,9,no,rshift,481,1
csoli,3,blue,dot,1,8,no,rshift,340,1
csoli,3,red,dot,1,4,no,lshift,510,1
csoli,3,blue,dot,1,2,no,rshift,1007,1
csoli,3,blue,dot,1,4,no,rshift,392,1
csoli,3,blue,dot,1,4,no,rshift,439,1
csoli,3,blue,dot,1,8,no,rshift,432,1
csoli,3,blue,dot,1,2,no,rshift,323,1
csoli,3,blue,dot,1,9,no,rshift,838,1
csoli,3,red,dot,1,2,no,lshift,319,1
csoli,3,blue,dot,1,1,no,rshift,334,1
csoli,3,red,dot,1,8,no,lshift,371,1
csoli,3,blue,dot,1,2,no,rshift,602,1
csoli,3,red,dot,1,3,no,lshift,567,1
csoli,3,blue,dot,1,7,no,rshift,342,1
csoli,3,blue,dot,1,3,no,rshift,451,1
csoli,3,blue,dot,1,4,no,rshift,437,1
csoli,3,blue,dot,1,6,no,rshift,363,1
csoli,3,blue,dot,1,6,no,rshift,375,1
csoli,3,blue,dot,1,9,no,rshift,742,1
csoli,3,red,dot,1,3,no,lshift,349,1
csoli,3,blue,dot,1,8,no,rshift,415,1
csoli,3,blue,dot,1,3,no,rshift,343,1
csoli,3,blue,dot,1,4,no,rshift,329,1
csoli,3,red,dot,1,4,no,lshift,409,1
csoli,3,blue,dot,1,7,no,rshift,324,1
csoli,3,red,dot,1,7,no,lshift,410,1
csoli,3,red,dot,1,8,no,lshift,399,1
csoli,3,blue,dot,1,1,no,rshift,387,1
csoli,3,red,dot,1,3,no,lshift,357,1
csoli,3,red,dot,1,6,no,lshift,518,1
csoli,3,red,dot,1,2,no,lshift,426,1
csoli,3,blue,dot,1,1,no,rshift,335,1
csoli,3,red,dot,1,9,no,lshift,375,1
csoli,3,red,dot,1,7,no,lshift,493,1
csoli,3,blue,dot,1,6,no,rshift,359,1
csoli,3,red,dot,1,6,no,lshift,429,1
csoli,3,red,dot,1,3,no,lshift,392,1
csoli,3,red,dot,1,3,no,lshift,315,1
csoli,3,red,dot,0,1,no,rshift,360,1
csoli,3,red,dot,1,9,no,lshift,450,1
csoli,3,blue,dot,1,3,no,rshift,465,1
csoli,3,red,dot,1,4,no,lshift,379,1
csoli,3,blue,dot,1,4,no,rshift,607,1
csoli,3,red,dot,1,2,no,lshift,431,1
csoli,3,blue,dot,1,1,no,rshift,374,1
csoli,0,blue,arab,1,8,yes,rshift,599,1
csoli,0,red,arab,1,4,yes,lshift,321,1
csoli,0,red,arab,1,6,yes,lshift,397,1
csoli,0,red,arab,1,3,yes,lshift,389,1
csoli,0,red,arab,1,2,yes,lshift,412,1
csoli,0,red,arab,1,9,yes,lshift,710,1
csoli,0,blue,arab,1,1,yes,rshift,5257,1
csoli,0,blue,arab,1,4,yes,rshift,820,1
csoli,0,red,arab,1,8,yes,lshift,543,1
csoli,0,blue,arab,1,3,yes,rshift,575,1
csoli,0,blue,arab,1,6,yes,rshift,536,1
csoli,0,blue,arab,1,7,yes,rshift,372,1
csoli,0,blue,arab,1,9,yes,rshift,445,1
csoli,0,red,arab,1,7,yes,lshift,502,1
csoli,0,blue,arab,1,2,yes,rshift,412,1
csoli,0,red,arab,1,1,yes,lshift,411,1
csoli,1,blue,arab,1,1,no,rshift,1324,1
csoli,1,blue,arab,1,1,no,rshift,377,1
csoli,1,blue,arab,1,9,no,rshift,455,1
csoli,1,red,arab,1,8,no,lshift,347,1
csoli,1,red,arab,1,1,no,lshift,399,1
csoli,1,red,arab,1,2,no,lshift,475,1
csoli,1,red,arab,1,9,no,lshift,381,1
csoli,1,red,arab,1,6,no,lshift,554,1
csoli,1,blue,arab,1,9,no,rshift,3741,1
csoli,1,blue,arab,1,4,no,rshift,439,1
csoli,1,blue,arab,1,7,no,rshift,334,1
csoli,1,red,arab,1,2,no,lshift,485,1
csoli,1,blue,arab,1,7,no,rshift,382,1
csoli,1,blue,arab,1,4,no,rshift,841,1
csoli,1,red,arab,1,7,no,lshift,335,1
csoli,1,blue,arab,1,1,no,rshift,304,1
csoli,1,red,arab,1,3,no,lshift,398,1
csoli,1,red,arab,1,9,no,lshift,459,1
csoli,1,red,arab,1,9,no,lshift,414,1
csoli,1,red,arab,1,2,no,lshift,500,1
csoli,1,blue,arab,1,1,no,rshift,463,1
csoli,1,blue,arab,1,8,no,rshift,464,1
csoli,1,red,arab,1,8,no,lshift,600,1
csoli,1,blue,arab,1,1,no,rshift,693,1
csoli,1,red,arab,1,6,no,lshift,631,1
csoli,1,red,arab,1,4,no,lshift,753,1
csoli,1,blue,arab,1,7,no,rshift,349,1
csoli,1,blue,arab,1,8,no,rshift,414,1
csoli,1,red,arab,1,7,no,lshift,480,1
csoli,1,red,arab,1,6,no,lshift,941,1
csoli,1,blue,arab,1,9,no,rshift,303,1
csoli,1,red,arab,1,4,no,lshift,300,1
csoli,1,red,arab,1,7,no,lshift,413,1
csoli,1,red,arab,1,3,no,lshift,662,1
csoli,1,blue,arab,1,6,no,rshift,380,1
csoli,1,blue,arab,1,3,no,rshift,393,1
csoli,1,blue,arab,1,9,no,rshift,348,1
csoli,1,red,arab,1,1,no,lshift,410,1
csoli,1,blue,arab,1,3,no,rshift,460,1
csoli,1,red,arab,1,8,no,lshift,447,1
csoli,1,red,arab,1,4,no,lshift,439,1
csoli,1,red,arab,1,9,no,lshift,509,1
csoli,1,red,arab,1,2,no,lshift,455,1
csoli,1,blue,arab,1,9,no,rshift,364,1
csoli,1,blue,arab,1,7,no,rshift,322,1
csoli,1,blue,arab,1,2,no,rshift,330,1
csoli,1,red,arab,1,8,no,lshift,445,1
csoli,1,blue,arab,1,2,no,rshift,469,1
csoli,1,red,arab,1,6,no,lshift,376,1
csoli,1,red,arab,1,2,no,lshift,532,1
csoli,1,red,arab,1,1,no,lshift,648,1
csoli,1,red,arab,1,9,no,lshift,510,1
csoli,1,red,arab,1,6,no,lshift,455,1
csoli,1,blue,arab,1,3,no,rshift,555,1
csoli,1,red,arab,1,8,no,lshift,377,1
csoli,1,blue,arab,1,7,no,rshift,375,1
csoli,1,blue,arab,1,9,no,rshift,421,1
csoli,1,blue,arab,1,3,no,rshift,332,1
csoli,1,red,arab,1,4,no,lshift,357,1
csoli,1,blue,arab,1,9,no,rshift,373,1
csoli,1,blue,arab,1,1,no,rshift,376,1
csoli,1,blue,arab,1,2,no,rshift,312,1
csoli,1,blue,arab,1,8,no,rshift,323,1
csoli,1,blue,arab,1,8,no,rshift,311,1
csoli,1,blue,arab,1,9,no,rshift,552,1
csoli,1,blue,arab,1,2,no,rshift,284,1
csoli,1,red,arab,0,7,no,rshift,293,1
csoli,1,red,arab,1,8,no,lshift,347,1
csoli,1,red,arab,0,6,no,rshift,456,1
csoli,1,red,arab,1,1,no,lshift,449,1
csoli,1,blue,arab,1,9,no,rshift,421,1
csoli,1,blue,arab,1,8,no,rshift,504,1
csoli,1,blue,arab,1,3,no,rshift,417,1
csoli,1,blue,arab,1,2,no,rshift,446,1
csoli,1,red,arab,1,1,no,lshift,338,1
csoli,1,red,arab,1,3,no,lshift,373,1
csoli,1,blue,arab,1,3,no,rshift,424,1
csoli,1,blue,arab,1,2,no,rshift,599,1
csoli,1,blue,arab,1,6,no,rshift,452,1
csoli,1,red,arab,1,6,no,lshift,491,1
csoli,1,blue,arab,1,7,no,rshift,522,1
csoli,1,blue,arab,1,1,no,rshift,461,1
csoli,1,red,arab,1,1,no,lshift,416,1
csoli,1,blue,arab,1,4,no,rshift,727,1
csoli,1,red,arab,1,7,no,lshift,362,1
csoli,1,red,arab,1,4,no,lshift,417,1
csoli,1,red,arab,1,3,no,lshift,575,1
csoli,1,red,arab,1,4,no,lshift,511,1
csoli,1,red,arab,1,8,no,lshift,644,1
csoli,1,blue,arab,1,9,no,rshift,662,1
csoli,1,red,arab,1,7,no,lshift,438,1
csoli,1,blue,arab,1,4,no,rshift,622,1
csoli,1,blue,arab,1,1,no,rshift,738,1
csoli,1,blue,arab,1,7,no,rshift,495,1
csoli,1,red,arab,1,1,no,lshift,833,1
csoli,1,red,arab,1,2,no,lshift,323,1
csoli,1,red,arab,1,2,no,lshift,333,1
csoli,1,blue,arab,1,3,no,rshift,419,1
csoli,1,red,arab,1,1,no,lshift,381,1
csoli,1,blue,arab,1,6,no,rshift,458,1
csoli,1,red,arab,1,3,no,lshift,383,1
csoli,1,blue,arab,1,3,no,rshift,821,1
csoli,1,red,arab,1,4,no,lshift,317,1
csoli,1,red,arab,1,9,no,lshift,376,1
csoli,1,red,arab,1,6,no,lshift,467,1
csoli,1,red,arab,1,9,no,lshift,431,1
csoli,1,red,arab,1,2,no,lshift,400,1
csoli,1,blue,arab,1,2,no,rshift,320,1
csoli,1,blue,arab,1,2,no,rshift,396,1
csoli,1,red,arab,1,2,no,lshift,420,1
csoli,1,red,arab,0,9,no,rshift,182,1
csoli,1,red,arab,1,1,no,lshift,584,1
csoli,1,blue,arab,1,8,no,rshift,464,1
csoli,1,red,arab,1,3,no,lshift,306,1
csoli,1,blue,arab,1,4,no,rshift,578,1
csoli,1,blue,arab,1,6,no,rshift,589,1
csoli,1,red,arab,1,9,no,lshift,362,1
csoli,1,red,arab,1,7,no,lshift,460,1
csoli,1,red,arab,1,8,no,lshift,831,1
csoli,1,blue,arab,1,3,no,rshift,478,1
csoli,1,blue,arab,1,6,no,rshift,501,1
csoli,1,red,arab,1,4,no,lshift,395,1
csoli,1,blue,arab,1,8,no,rshift,712,1
csoli,1,red,arab,1,8,no,lshift,559,1
csoli,1,red,arab,1,3,no,lshift,1159,1
csoli,1,blue,arab,1,4,no,rshift,594,1
csoli,1,blue,arab,1,6,no,rshift,483,1
csoli,1,blue,arab,1,1,no,rshift,612,1
csoli,1,blue,arab,1,6,no,rshift,637,1
csoli,1,blue,arab,1,6,no,rshift,423,1
csoli,1,blue,arab,1,8,no,rshift,829,1
csoli,1,blue,arab,1,6,no,rshift,544,1
csoli,1,blue,arab,1,7,no,rshift,497,1
csoli,1,blue,arab,1,2,no,rshift,618,1
csoli,1,blue,arab,1,7,no,rshift,480,1
csoli,1,blue,arab,1,6,no,rshift,436,1
csoli,1,blue,arab,1,3,no,rshift,465,1
csoli,1,blue,arab,1,1,no,rshift,453,1
csoli,1,red,arab,1,4,no,lshift,516,1
csoli,1,blue,arab,1,8,no,rshift,560,1
csoli,1,red,arab,1,9,no,lshift,852,1
csoli,1,red,arab,1,6,no,lshift,515,1
csoli,1,blue,arab,1,4,no,rshift,546,1
csoli,1,blue,arab,1,4,no,rshift,521,1
csoli,1,red,arab,1,3,no,lshift,620,1
csoli,1,red,arab,1,3,no,lshift,488,1
csoli,1,red,arab,1,2,no,lshift,936,1
csoli,1,red,arab,1,7,no,lshift,660,1
csoli,1,blue,arab,1,4,no,rshift,699,1
csoli,1,red,arab,1,7,no,lshift,458,1
csoli,1,red,arab,1,1,no,lshift,501,1
csoli,1,blue,arab,1,4,no,rshift,465,1
csoli,1,red,arab,1,4,no,lshift,659,1
csoli,1,red,arab,1,8,no,lshift,617,1
csoli,1,red,arab,1,3,no,lshift,514,1
csoli,1,blue,arab,1,2,no,rshift,513,1
csoli,1,blue,arab,1,7,no,rshift,760,1
csoli,1,red,arab,1,6,no,lshift,583,1
csoli,1,blue,arab,1,8,no,rshift,711,1
csoli,1,red,arab,1,7,no,lshift,515,1
csoli,2,blue,arab,1,9,no,rshift,982,1
csoli,2,red,arab,1,1,no,lshift,475,1
csoli,2,blue,arab,1,6,no,rshift,429,1
csoli,2,blue,arab,1,7,no,rshift,642,1
csoli,2,red,arab,1,9,no,lshift,462,1
csoli,2,blue,arab,1,4,no,rshift,552,1
csoli,2,red,arab,1,8,no,lshift,568,1
csoli,2,red,arab,1,4,no,lshift,607,1
csoli,2,red,arab,1,2,no,lshift,601,1
csoli,2,blue,arab,1,3,no,rshift,481,1
csoli,2,blue,arab,1,2,no,rshift,546,1
csoli,2,blue,arab,1,9,no,rshift,525,1
csoli,2,blue,arab,1,7,no,rshift,528,1
csoli,2,red,arab,1,7,no,lshift,412,1
csoli,2,red,arab,1,2,no,lshift,560,1
csoli,2,red,arab,1,3,no,lshift,556,1
csoli,2,blue,arab,1,9,no,rshift,469,1
csoli,2,blue,arab,1,4,no,rshift,467,1
csoli,2,blue,arab,1,9,no,rshift,546,1
csoli,2,blue,arab,1,6,no,rshift,579,1
csoli,2,blue,arab,1,2,no,rshift,483,1
csoli,2,blue,arab,1,9,no,rshift,464,1
csoli,2,blue,arab,1,8,no,rshift,469,1
csoli,2,red,arab,1,9,no,lshift,574,1
csoli,2,blue,arab,1,4,no,rshift,423,1
csoli,2,blue,arab,1,8,no,rshift,451,1
csoli,2,red,arab,1,1,no,lshift,517,1
csoli,2,red,arab,1,3,no,lshift,595,1
csoli,2,red,arab,1,4,no,lshift,663,1
csoli,2,blue,arab,1,7,no,rshift,728,1
csoli,2,red,arab,1,3,no,lshift,550,1
csoli,2,red,arab,1,3,no,lshift,566,1
csoli,2,red,arab,1,3,no,lshift,666,1
csoli,2,red,arab,1,1,no,lshift,522,1
csoli,2,blue,arab,1,8,no,rshift,594,1
csoli,2,red,arab,1,1,no,lshift,498,1
csoli,2,blue,arab,1,1,no,rshift,681,1
csoli,2,blue,arab,1,1,no,rshift,591,1
csoli,2,red,arab,1,1,no,lshift,636,1
csoli,2,blue,arab,1,2,no,rshift,844,1
csoli,2,blue,arab,1,8,no,rshift,589,1
csoli,2,blue,arab,1,3,no,rshift,574,1
csoli,2,blue,arab,0,1,no,lshift,744,1
csoli,2,blue,arab,1,8,no,rshift,625,1
csoli,2,blue,arab,1,1,no,rshift,536,1
csoli,2,red,arab,1,4,no,lshift,539,1
csoli,2,red,arab,1,1,no,lshift,538,1
csoli,2,red,arab,1,7,no,lshift,926,1
csoli,2,blue,arab,1,9,no,rshift,485,1
csoli,2,red,arab,1,3,no,lshift,550,1
csoli,2,red,arab,1,7,no,lshift,674,1
csoli,2,red,arab,1,6,no,lshift,565,1
csoli,2,blue,arab,1,3,no,rshift,519,1
csoli,2,blue,arab,1,4,no,rshift,483,1
csoli,2,blue,arab,1,4,no,rshift,546,1
csoli,2,red,arab,1,7,no,lshift,551,1
csoli,2,red,arab,1,4,no,lshift,652,1
csoli,2,blue,arab,1,9,no,rshift,537,1
csoli,2,blue,arab,1,2,no,rshift,474,1
csoli,2,red,arab,1,4,no,lshift,484,1
csoli,2,blue,arab,1,7,no,rshift,527,1
csoli,2,red,arab,1,8,no,lshift,570,1
csoli,2,red,arab,1,9,no,lshift,523,1
csoli,2,blue,arab,1,3,no,rshift,449,1
csoli,2,red,arab,1,8,no,lshift,542,1
csoli,2,red,arab,1,8,no,lshift,666,1
csoli,2,red,arab,1,4,no,lshift,631,1
csoli,2,red,arab,1,7,no,lshift,564,1
csoli,2,blue,arab,1,3,no,rshift,475,1
csoli,2,red,arab,1,2,no,lshift,663,1
csoli,2,blue,arab,1,7,no,rshift,488,1
csoli,2,red,arab,1,1,no,lshift,541,1
csoli,2,blue,arab,1,2,no,rshift,455,1
csoli,2,red,arab,1,8,no,lshift,810,1
csoli,2,blue,arab,1,2,no,rshift,494,1
csoli,2,red,arab,1,2,no,lshift,499,1
csoli,2,red,arab,1,6,no,lshift,550,1
csoli,2,blue,arab,1,9,no,rshift,433,1
csoli,2,red,arab,1,2,no,lshift,417,1
csoli,2,blue,arab,1,1,no,rshift,677,1
csoli,2,red,arab,1,4,no,lshift,473,1
csoli,2,red,arab,1,6,no,lshift,746,1
csoli,2,red,arab,1,2,no,lshift,540,1
csoli,2,red,arab,1,8,no,lshift,777,1
csoli,2,blue,arab,1,4,no,rshift,324,1
csoli,2,blue,arab,1,7,no,rshift,499,1
csoli,2,red,arab,1,1,no,lshift,377,1
csoli,2,red,arab,1,6,no,lshift,421,1
csoli,2,red,arab,1,2,no,lshift,631,1
csoli,2,blue,arab,1,8,no,rshift,410,1
csoli,2,blue,arab,1,4,no,rshift,394,1
csoli,2,blue,arab,1,7,no,rshift,443,1
csoli,2,red,arab,1,8,no,lshift,392,1
csoli,2,red,arab,1,8,no,lshift,417,1
csoli,2,blue,arab,1,6,no,rshift,429,1
csoli,2,red,arab,1,2,no,lshift,426,1
csoli,2,blue,arab,1,6,no,rshift,419,1
csoli,2,red,arab,1,3,no,lshift,482,1
csoli,2,red,arab,1,3,no,lshift,474,1
csoli,2,blue,arab,1,1,no,rshift,366,1
csoli,2,blue,arab,1,1,no,rshift,851,1
csoli,2,blue,arab,1,3,no,rshift,824,1
csoli,2,blue,arab,1,2,no,rshift,648,1
csoli,2,red,arab,1,1,no,lshift,488,1
csoli,2,red,arab,1,9,no,lshift,645,1
csoli,2,red,arab,1,6,no,lshift,559,1
csoli,2,blue,arab,1,8,no,rshift,479,1
csoli,2,red,arab,1,7,no,lshift,506,1
csoli,2,blue,arab,1,7,no,rshift,462,1
csoli,2,blue,arab,1,6,no,rshift,474,1
csoli,2,red,arab,1,9,no,lshift,596,1
csoli,2,blue,arab,1,4,no,rshift,574,1
csoli,2,red,arab,1,3,no,lshift,501,1
csoli,2,blue,arab,1,9,no,rshift,489,1
csoli,2,red,arab,1,8,no,lshift,472,1
csoli,2,red,arab,1,6,no,lshift,646,1
csoli,2,blue,arab,1,6,no,rshift,618,1
csoli,2,blue,arab,1,8,no,rshift,530,1
csoli,2,blue,arab,1,2,no,rshift,518,1
csoli,2,blue,arab,1,6,no,rshift,479,1
csoli,2,blue,arab,1,3,no,rshift,531,1
csoli,2,red,arab,1,9,no,lshift,438,1
csoli,2,blue,arab,1,4,no,rshift,510,1
csoli,2,red,arab,1,7,no,lshift,580,1
csoli,2,red,arab,1,3,no,lshift,662,1
csoli,2,red,arab,1,4,no,lshift,693,1
csoli,2,blue,arab,1,1,no,rshift,401,1
csoli,2,red,arab,1,2,no,lshift,527,1
csoli,2,blue,arab,1,6,no,rshift,684,1
csoli,2,blue,arab,1,1,no,rshift,554,1
csoli,2,blue,arab,1,7,no,rshift,392,1
csoli,2,blue,arab,1,6,no,rshift,379,1
csoli,2,blue,arab,1,3,no,rshift,615,1
csoli,2,red,arab,1,6,no,lshift,370,1
csoli,2,red,arab,1,9,no,lshift,572,1
csoli,2,blue,arab,1,7,no,rshift,524,1
csoli,2,blue,arab,0,8,no,lshift,109,1
csoli,2,red,arab,1,2,no,lshift,469,1
csoli,2,red,arab,1,8,no,lshift,565,1
csoli,2,red,arab,0,7,no,rshift,17,1
csoli,2,red,arab,1,9,no,lshift,676,1
csoli,2,red,arab,1,9,no,lshift,577,1
csoli,2,red,arab,1,4,no,lshift,486,1
csoli,2,red,arab,1,7,no,lshift,536,1
csoli,2,blue,arab,1,1,no,rshift,629,1
csoli,2,blue,arab,1,2,no,rshift,450,1
csoli,2,red,arab,1,6,no,lshift,530,1
csoli,2,blue,arab,1,6,no,rshift,999,1
csoli,2,blue,arab,1,2,no,rshift,507,1
csoli,2,red,arab,1,7,no,lshift,449,1
csoli,2,red,arab,1,1,no,lshift,632,1
csoli,2,red,arab,1,6,no,lshift,498,1
csoli,2,blue,arab,1,9,no,rshift,575,1
csoli,2,blue,arab,1,4,no,rshift,577,1
csoli,2,red,arab,1,4,no,lshift,393,1
csoli,2,blue,arab,1,8,no,rshift,372,1
csoli,2,red,arab,1,6,no,lshift,453,1
csoli,2,blue,arab,1,3,no,rshift,576,1
csoli,2,blue,arab,1,3,no,rshift,520,1
csoli,2,red,arab,1,9,no,lshift,451,1
csoli,3,red,arab,1,9,no,lshift,589,1
csoli,3,blue,arab,1,8,no,rshift,450,1
csoli,3,blue,arab,1,1,no,rshift,547,1
csoli,3,red,arab,1,2,no,lshift,386,1
csoli,3,red,arab,1,2,no,lshift,908,1
csoli,3,blue,arab,1,9,no,rshift,435,1
csoli,3,blue,arab,1,9,no,rshift,470,1
csoli,3,blue,arab,1,7,no,rshift,380,1
csoli,3,blue,arab,1,9,no,rshift,551,1
csoli,3,blue,arab,1,6,no,rshift,440,1
csoli,3,blue,arab,1,2,no,rshift,484,1
csoli,3,blue,arab,1,2,no,rshift,369,1
csoli,3,blue,arab,1,6,no,rshift,333,1
csoli,3,red,arab,1,3,no,lshift,437,1
csoli,3,red,arab,1,6,no,lshift,517,1
csoli,3,blue,arab,1,8,no,rshift,553,1
csoli,3,red,arab,1,9,no,lshift,773,1
csoli,3,blue,arab,1,4,no,rshift,663,1
csoli,3,blue,arab,1,3,no,rshift,840,1
csoli,3,blue,arab,1,6,no,rshift,452,1
csoli,3,red,arab,1,2,no,lshift,481,1
csoli,3,red,arab,1,8,no,lshift,568,1
csoli,3,red,arab,1,9,no,lshift,569,1
csoli,3,red,arab,1,8,no,lshift,783,1
csoli,3,red,arab,1,2,no,lshift,572,1
csoli,3,blue,arab,1,1,no,rshift,385,1
csoli,3,red,arab,1,1,no,lshift,449,1
csoli,3,red,arab,1,7,no,lshift,572,1
csoli,3,blue,arab,0,1,no,lshift,575,1
csoli,3,blue,arab,1,7,no,rshift,463,1
csoli,3,blue,arab,1,2,no,rshift,434,1
csoli,3,red,arab,1,6,no,lshift,532,1
csoli,3,red,arab,1,3,no,lshift,891,1
csoli,3,red,arab,1,2,no,lshift,603,1
csoli,3,red,arab,1,6,no,lshift,843,1
csoli,3,blue,arab,1,2,no,rshift,559,1
csoli,3,blue,arab,1,3,no,rshift,568,1
csoli,3,blue,arab,1,7,no,rshift,529,1
csoli,3,blue,arab,1,6,no,rshift,450,1
csoli,3,blue,arab,1,2,no,rshift,446,1
csoli,3,blue,arab,1,4,no,rshift,428,1
csoli,3,red,arab,1,9,no,lshift,468,1
csoli,3,blue,arab,1,9,no,rshift,735,1
csoli,3,red,arab,1,3,no,lshift,476,1
csoli,3,red,arab,1,6,no,lshift,525,1
csoli,3,blue,arab,1,8,no,rshift,496,1
csoli,3,red,arab,1,1,no,lshift,375,1
csoli,3,red,arab,1,8,no,lshift,469,1
csoli,3,red,arab,1,7,no,lshift,598,1
csoli,3,blue,arab,1,8,no,rshift,608,1
csoli,3,blue,arab,1,3,no,rshift,456,1
csoli,3,red,arab,1,6,no,lshift,611,1
csoli,3,red,arab,1,3,no,lshift,1563,1
csoli,3,red,arab,1,6,no,lshift,511,1
csoli,3,red,arab,1,3,no,lshift,478,1
csoli,3,red,arab,1,3,no,lshift,476,1
csoli,3,blue,arab,1,8,no,rshift,368,1
csoli,3,red,arab,1,3,no,lshift,374,1
csoli,3,red,arab,1,1,no,lshift,376,1
csoli,3,red,arab,1,4,no,lshift,420,1
csoli,3,blue,arab,1,8,no,rshift,434,1
csoli,3,red,arab,0,6,no,rshift,417,1
csoli,3,blue,arab,0,4,no,lshift,499,1
csoli,3,red,arab,1,6,no,lshift,1459,1
csoli,3,red,arab,1,9,no,lshift,954,1
csoli,3,blue,arab,1,4,no,rshift,482,1
csoli,3,red,arab,1,3,no,lshift,682,1
csoli,3,blue,arab,1,7,no,rshift,561,1
csoli,3,red,arab,1,2,no,lshift,548,1
csoli,3,red,arab,1,8,no,lshift,516,1
csoli,3,red,arab,1,2,no,lshift,554,1
csoli,3,blue,arab,1,9,no,rshift,460,1
csoli,3,blue,arab,1,7,no,rshift,517,1
csoli,3,blue,arab,1,3,no,rshift,487,1
csoli,3,blue,arab,1,6,no,rshift,516,1
csoli,3,blue,arab,1,2,no,rshift,437,1
csoli,3,red,arab,1,8,no,lshift,503,1
csoli,3,blue,arab,1,4,no,rshift,574,1
csoli,3,blue,arab,1,1,no,rshift,495,1
csoli,3,red,arab,1,6,no,lshift,541,1
csoli,3,blue,arab,1,7,no,rshift,755,1
csoli,3,blue,arab,1,6,no,rshift,493,1
csoli,3,blue,arab,1,2,no,rshift,499,1
csoli,3,red,arab,1,4,no,lshift,480,1
csoli,3,blue,arab,1,3,no,rshift,506,1
csoli,3,red,arab,1,9,no,lshift,533,1
csoli,3,blue,arab,1,8,no,rshift,593,1
csoli,3,red,arab,1,9,no,lshift,528,1
csoli,3,blue,arab,1,4,no,rshift,1075,1
csoli,3,blue,arab,1,9,no,rshift,517,1
csoli,3,blue,arab,1,1,no,rshift,430,1
csoli,3,red,arab,1,7,no,lshift,831,1
csoli,3,blue,arab,1,7,no,rshift,486,1
csoli,3,red,arab,1,7,no,lshift,492,1
csoli,3,red,arab,1,4,no,lshift,520,1
csoli,3,red,arab,1,4,no,lshift,656,1
csoli,3,red,arab,1,8,no,lshift,523,1
csoli,3,red,arab,1,8,no,lshift,643,1
csoli,3,blue,arab,1,2,no,rshift,784,1
csoli,3,red,arab,1,4,no,lshift,520,1
csoli,3,red,arab,1,3,no,lshift,516,1
csoli,3,red,arab,1,9,no,lshift,474,1
csoli,3,blue,arab,1,1,no,rshift,435,1
csoli,3,blue,arab,1,4,no,rshift,558,1
csoli,3,red,arab,1,1,no,lshift,463,1
csoli,3,red,arab,1,8,no,lshift,972,1
csoli,3,red,arab,1,4,no,lshift,535,1
csoli,3,blue,arab,1,4,no,rshift,534,1
csoli,3,blue,arab,1,4,no,rshift,546,1
csoli,3,red,arab,1,9,no,lshift,849,1
csoli,3,red,arab,1,8,no,lshift,473,1
csoli,3,blue,arab,1,4,no,rshift,522,1
csoli,3,red,arab,1,4,no,lshift,715,1
csoli,3,red,arab,1,2,no,lshift,683,1
csoli,3,red,arab,1,1,no,lshift,546,1
csoli,3,red,arab,1,3,no,lshift,510,1
csoli,3,red,arab,1,6,no,lshift,487,1
csoli,3,blue,arab,1,3,no,rshift,716,1
csoli,3,blue,arab,1,6,no,rshift,404,1
csoli,3,blue,arab,1,2,no,rshift,419,1
csoli,3,blue,arab,1,2,no,rshift,441,1
csoli,3,red,arab,1,2,no,lshift,534,1
csoli,3,red,arab,0,4,no,rshift,678,1
csoli,3,blue,arab,1,3,no,rshift,624,1
csoli,3,red,arab,1,1,no,lshift,503,1
csoli,3,blue,arab,1,7,no,rshift,627,1
csoli,3,blue,arab,1,6,no,rshift,627,1
csoli,3,red,arab,1,7,no,lshift,569,1
csoli,3,blue,arab,1,7,no,rshift,533,1
csoli,3,blue,arab,1,1,no,rshift,535,1
csoli,3,blue,arab,1,3,no,rshift,448,1
csoli,3,red,arab,1,4,no,lshift,511,1
csoli,3,red,arab,1,7,no,lshift,1138,1
csoli,3,red,arab,1,7,no,lshift,431,1
csoli,3,blue,arab,1,6,no,rshift,460,1
csoli,3,red,arab,1,9,no,lshift,695,1
csoli,3,red,arab,1,4,no,lshift,1100,1
csoli,3,blue,arab,1,1,no,rshift,408,1
csoli,3,red,arab,1,2,no,lshift,540,1
csoli,3,red,arab,1,7,no,lshift,496,1
csoli,3,blue,arab,1,8,no,rshift,483,1
csoli,3,blue,arab,1,8,no,rshift,415,1
csoli,3,blue,arab,1,9,no,rshift,573,1
csoli,3,blue,arab,1,3,no,rshift,444,1
csoli,3,red,arab,1,1,no,lshift,434,1
csoli,3,blue,arab,1,9,no,rshift,319,1
csoli,3,red,arab,1,7,no,lshift,513,1
csoli,3,red,arab,1,1,no,lshift,533,1
csoli,3,blue,arab,1,6,no,rshift,389,1
csoli,3,blue,arab,1,9,no,rshift,490,1
csoli,3,blue,arab,1,3,no,rshift,474,1
csoli,3,red,arab,1,1,no,lshift,450,1
csoli,3,blue,arab,1,1,no,rshift,422,1
csoli,3,red,arab,1,7,no,lshift,501,1
csoli,3,blue,arab,1,7,no,rshift,733,1
csoli,3,blue,arab,1,1,no,rshift,532,1
csoli,3,red,arab,1,1,no,lshift,528,1
csoli,3,red,arab,1,8,no,lshift,485,1
csoli,3,blue,arab,1,9,no,rshift,463,1
csoli,3,blue,arab,1,8,no,rshift,619,1
csoli,0,blue,classic,1,1,yes,rshift,7341,1
csoli,0,blue,classic,1,3,yes,rshift,808,1
csoli,0,blue,classic,1,8,yes,lshift,743,1
csoli,0,blue,classic,1,4,yes,lshift,732,1
csoli,0,blue,classic,1,6,yes,lshift,719,1
csoli,0,blue,classic,1,9,yes,rshift,538,1
csoli,0,blue,classic,1,2,yes,lshift,607,1
csoli,0,blue,classic,1,7,yes,rshift,637,1
csoli,1,blue,classic,1,3,yes,lshift,3816,1
csoli,1,blue,classic,1,4,yes,rshift,736,1
csoli,1,blue,classic,1,2,yes,rshift,852,1
csoli,1,blue,classic,1,8,yes,rshift,572,1
csoli,1,blue,classic,1,6,yes,rshift,705,1
csoli,1,blue,classic,1,1,yes,lshift,683,1
csoli,1,blue,classic,1,7,yes,lshift,1027,1
csoli,1,blue,classic,1,9,yes,lshift,1440,1
csoli,2,blue,classic,1,8,no,lshift,1211,1
csoli,2,blue,classic,1,2,no,lshift,633,1
csoli,2,blue,classic,1,9,no,rshift,826,1
csoli,2,blue,classic,0,1,no,lshift,698,1
csoli,2,blue,classic,1,6,no,lshift,1017,1
csoli,2,blue,classic,1,9,no,rshift,734,1
csoli,2,blue,classic,1,2,no,lshift,1415,1
csoli,2,blue,classic,1,1,no,rshift,1184,1
csoli,2,blue,classic,1,3,no,rshift,972,1
csoli,2,blue,classic,1,7,no,rshift,1025,1
csoli,2,blue,classic,1,9,no,rshift,566,1
csoli,2,blue,classic,1,2,no,lshift,484,1
csoli,2,blue,classic,1,6,no,lshift,1066,1
csoli,2,blue,classic,1,6,no,lshift,563,1
csoli,2,blue,classic,1,3,no,rshift,594,1
csoli,2,blue,classic,0,3,no,lshift,841,1
csoli,2,blue,classic,1,7,no,rshift,1482,1
csoli,2,blue,classic,1,9,no,rshift,657,1
csoli,2,blue,classic,1,2,no,lshift,798,1
csoli,2,blue,classic,1,8,no,lshift,895,1
csoli,2,blue,classic,1,9,no,rshift,619,1
csoli,2,blue,classic,1,7,no,rshift,714,1
csoli,2,blue,classic,1,2,no,lshift,711,1
csoli,2,blue,classic,1,7,no,rshift,1220,1
csoli,2,blue,classic,1,9,no,rshift,633,1
csoli,2,blue,classic,1,3,no,rshift,678,1
csoli,2,blue,classic,1,3,no,rshift,872,1
csoli,2,blue,classic,1,1,no,rshift,571,1
csoli,2,blue,classic,1,7,no,rshift,3416,1
csoli,2,blue,classic,1,6,no,lshift,704,1
csoli,2,blue,classic,1,8,no,lshift,1047,1
csoli,2,blue,classic,1,6,no,lshift,723,1
csoli,2,blue,classic,1,7,no,rshift,787,1
csoli,2,blue,classic,1,9,no,rshift,574,1
csoli,2,blue,classic,1,4,no,lshift,991,1
csoli,2,blue,classic,1,6,no,lshift,1495,1
csoli,2,blue,classic,1,9,no,rshift,709,1
csoli,2,blue,classic,1,2,no,lshift,668,1
csoli,2,blue,classic,1,7,no,rshift,609,1
csoli,2,blue,classic,1,8,no,lshift,653,1
csoli,2,blue,classic,1,3,no,rshift,1129,1
csoli,2,blue,classic,1,2,no,lshift,614,1
csoli,2,blue,classic,1,4,no,lshift,1522,1
csoli,2,blue,classic,1,1,no,rshift,764,1
csoli,2,blue,classic,1,4,no,lshift,720,1
csoli,2,blue,classic,1,4,no,lshift,659,1
csoli,2,blue,classic,1,4,no,lshift,624,1
csoli,2,blue,classic,1,9,no,rshift,533,1
csoli,2,blue,classic,1,7,no,rshift,674,1
csoli,2,blue,classic,1,9,no,rshift,721,1
csoli,2,blue,classic,1,8,no,lshift,596,1
csoli,2,blue,classic,1,8,no,lshift,589,1
csoli,2,blue,classic,1,4,no,lshift,955,1
csoli,2,blue,classic,1,7,no,rshift,587,1
csoli,2,blue,classic,1,7,no,rshift,533,1
csoli,2,blue,classic,1,8,no,lshift,626,1
csoli,2,blue,classic,1,1,no,rshift,709,1
csoli,2,blue,classic,1,4,no,lshift,656,1
csoli,2,blue,classic,1,8,no,lshift,584,1
csoli,2,blue,classic,1,6,no,lshift,1014,1
csoli,2,blue,classic,1,1,no,rshift,651,1
csoli,2,blue,classic,1,6,no,lshift,1784,1
csoli,2,blue,classic,1,1,no,rshift,971,1
csoli,2,blue,classic,1,9,no,rshift,571,1
csoli,2,blue,classic,1,3,no,rshift,672,1
csoli,2,blue,classic,1,7,no,rshift,651,1
csoli,2,blue,classic,1,4,no,lshift,561,1
csoli,2,blue,classic,1,1,no,rshift,525,1
csoli,2,blue,classic,1,2,no,lshift,716,1
csoli,2,blue,classic,1,6,no,lshift,763,1
csoli,2,blue,classic,1,4,no,lshift,812,1
csoli,2,blue,classic,1,1,no,rshift,661,1
csoli,2,blue,classic,1,9,no,rshift,893,1
csoli,2,blue,classic,1,8,no,lshift,772,1
csoli,2,blue,classic,1,2,no,lshift,943,1
csoli,2,blue,classic,1,9,no,rshift,568,1
csoli,2,blue,classic,1,2,no,lshift,611,1
csoli,2,blue,classic,1,4,no,lshift,905,1
csoli,2,blue,classic,1,3,no,rshift,905,1
csoli,2,blue,classic,1,2,no,lshift,1205,1
csoli,2,blue,classic,1,1,no,rshift,1193,1
csoli,2,blue,classic,1,6,no,lshift,730,1
csoli,2,blue,classic,1,3,no,rshift,494,1
csoli,2,blue,classic,1,6,no,lshift,581,1
csoli,2,blue,classic,1,7,no,rshift,435,1
csoli,2,blue,classic,1,8,no,lshift,611,1
csoli,2,blue,classic,1,8,no,lshift,665,1
csoli,2,blue,classic,1,2,no,lshift,803,1
csoli,2,blue,classic,1,2,no,lshift,544,1
csoli,2,blue,classic,1,1,no,rshift,780,1
csoli,2,blue,classic,1,6,no,lshift,537,1
csoli,2,blue,classic,1,6,no,lshift,892,1
csoli,2,blue,classic,1,8,no,lshift,599,1
csoli,2,blue,classic,1,4,no,lshift,613,1
csoli,2,blue,classic,1,1,no,rshift,864,1
csoli,2,blue,classic,1,9,no,rshift,752,1
csoli,2,blue,classic,1,2,no,lshift,548,1
csoli,2,blue,classic,1,3,no,rshift,911,1
csoli,2,blue,classic,1,3,no,rshift,648,1
csoli,2,blue,classic,1,3,no,rshift,845,1
csoli,2,blue,classic,1,4,no,lshift,663,1
csoli,2,blue,classic,1,8,no,lshift,1305,1
csoli,2,blue,classic,1,3,no,rshift,890,1
csoli,2,blue,classic,1,6,no,lshift,652,1
csoli,2,blue,classic,1,1,no,rshift,694,1
csoli,2,blue,classic,1,4,no,lshift,583,1
csoli,2,blue,classic,1,4,no,lshift,652,1
csoli,2,blue,classic,1,3,no,rshift,1206,1
csoli,2,blue,classic,1,7,no,rshift,663,1
csoli,2,blue,classic,1,8,no,lshift,611,1
csoli,2,blue,classic,1,1,no,rshift,809,1
csoli,2,blue,classic,1,7,no,rshift,1301,1
csoli,3,blue,classic,1,9,no,lshift,1021,1
csoli,3,blue,classic,1,7,no,lshift,735,1
csoli,3,blue,classic,1,2,no,rshift,708,1
csoli,3,blue,classic,1,1,no,lshift,678,1
csoli,3,blue,classic,1,8,no,rshift,2086,1
csoli,3,blue,classic,1,4,no,rshift,595,1
csoli,3,blue,classic,1,3,no,lshift,639,1
csoli,3,blue,classic,1,6,no,rshift,900,1
csoli,3,blue,classic,1,9,no,lshift,1216,1
csoli,3,blue,classic,1,6,no,rshift,622,1
csoli,3,blue,classic,1,2,no,rshift,575,1
csoli,3,blue,classic,1,4,no,rshift,621,1
csoli,3,blue,classic,1,8,no,rshift,514,1
csoli,3,blue,classic,1,7,no,lshift,782,1
csoli,3,blue,classic,1,2,no,rshift,798,1
csoli,3,blue,classic,1,7,no,lshift,727,1
csoli,3,blue,classic,1,1,no,lshift,1101,1
csoli,3,blue,classic,1,2,no,rshift,626,1
csoli,3,blue,classic,1,6,no,rshift,656,1
csoli,3,blue,classic,1,1,no,lshift,504,1
csoli,3,blue,classic,1,4,no,rshift,513,1
csoli,3,blue,classic,1,1,no,lshift,630,1
csoli,3,blue,classic,1,8,no,rshift,428,1
csoli,3,blue,classic,1,3,no,lshift,580,1
csoli,3,blue,classic,1,2,no,rshift,677,1
csoli,3,blue,classic,1,9,no,lshift,686,1
csoli,3,blue,classic,1,9,no,lshift,602,1
csoli,3,blue,classic,1,3,no,lshift,517,1
csoli,3,blue,classic,1,1,no,lshift,524,1
csoli,3,blue,classic,1,1,no,lshift,501,1
csoli,3,blue,classic,1,4,no,rshift,768,1
csoli,3,blue,classic,1,9,no,lshift,574,1
csoli,3,blue,classic,1,9,no,lshift,485,1
csoli,3,blue,classic,1,6,no,rshift,626,1
csoli,3,blue,classic,1,9,no,lshift,604,1
csoli,3,blue,classic,1,6,no,rshift,564,1
csoli,3,blue,classic,1,9,no,lshift,541,1
csoli,3,blue,classic,1,6,no,rshift,430,1
csoli,3,blue,classic,1,4,no,rshift,714,1
csoli,3,blue,classic,1,1,no,lshift,556,1
csoli,3,blue,classic,1,4,no,rshift,632,1
csoli,3,blue,classic,1,6,no,rshift,749,1
csoli,3,blue,classic,1,9,no,lshift,643,1
csoli,3,blue,classic,1,4,no,rshift,611,1
csoli,3,blue,classic,1,4,no,rshift,716,1
csoli,3,blue,classic,1,1,no,lshift,590,1
csoli,3,blue,classic,1,2,no,rshift,770,1
csoli,3,blue,classic,1,3,no,lshift,734,1
csoli,3,blue,classic,1,8,no,rshift,489,1
csoli,3,blue,classic,1,2,no,rshift,843,1
csoli,3,blue,classic,1,3,no,lshift,671,1
csoli,3,blue,classic,1,7,no,lshift,1220,1
csoli,3,blue,classic,1,2,no,rshift,790,1
csoli,3,blue,classic,1,6,no,rshift,628,1
csoli,3,blue,classic,1,7,no,lshift,742,1
csoli,3,blue,classic,1,1,no,lshift,773,1
csoli,3,blue,classic,1,2,no,rshift,698,1
csoli,3,blue,classic,1,8,no,rshift,1080,1
csoli,3,blue,classic,1,8,no,rshift,544,1
csoli,3,blue,classic,1,3,no,lshift,458,1
csoli,3,blue,classic,1,7,no,lshift,578,1
csoli,3,blue,classic,1,8,no,rshift,714,1
csoli,3,blue,classic,1,4,no,rshift,1704,1
csoli,3,blue,classic,1,1,no,lshift,850,1
csoli,3,blue,classic,1,3,no,lshift,592,1
csoli,3,blue,classic,1,3,no,lshift,484,1
csoli,3,blue,classic,1,8,no,rshift,630,1
csoli,3,blue,classic,1,3,no,lshift,911,1
csoli,3,blue,classic,1,1,no,lshift,737,1
csoli,3,blue,classic,1,4,no,rshift,567,1
csoli,3,blue,classic,1,6,no,rshift,646,1
csoli,3,blue,classic,1,6,no,rshift,446,1
csoli,3,blue,classic,1,6,no,rshift,446,1
csoli,3,blue,classic,1,6,no,rshift,453,1
csoli,3,blue,classic,1,8,no,rshift,430,1
csoli,3,blue,classic,1,2,no,rshift,578,1
csoli,3,blue,classic,1,2,no,rshift,934,1
csoli,3,blue,classic,1,7,no,lshift,712,1
csoli,3,blue,classic,1,4,no,rshift,687,1
csoli,3,blue,classic,1,9,no,lshift,748,1
csoli,3,blue,classic,1,1,no,lshift,750,1
csoli,3,blue,classic,1,4,no,rshift,674,1
csoli,3,blue,classic,1,6,no,rshift,904,1
csoli,3,blue,classic,1,8,no,rshift,724,1
csoli,3,blue,classic,1,9,no,lshift,681,1
csoli,3,blue,classic,1,7,no,lshift,1143,1
csoli,3,blue,classic,1,8,no,rshift,1057,1
csoli,3,blue,classic,1,7,no,lshift,676,1
csoli,3,blue,classic,1,2,no,rshift,931,1
csoli,3,blue,classic,1,7,no,lshift,686,1
csoli,3,blue,classic,1,6,no,rshift,556,1
csoli,3,blue,classic,1,2,no,rshift,645,1
csoli,3,blue,classic,1,7,no,lshift,671,1
csoli,3,blue,classic,1,8,no,rshift,641,1
csoli,3,blue,classic,1,9,no,lshift,669,1
csoli,3,blue,classic,1,2,no,rshift,711,1
csoli,3,blue,classic,1,8,no,rshift,526,1
csoli,3,blue,classic,1,1,no,lshift,676,1
csoli,3,blue,classic,1,4,no,rshift,638,1
csoli,3,blue,classic,1,4,no,rshift,733,1
csoli,3,blue,classic,1,3,no,lshift,686,1
csoli,3,blue,classic,1,3,no,lshift,855,1
csoli,3,blue,classic,1,3,no,lshift,1181,1
csoli,3,blue,classic,1,7,no,lshift,809,1
csoli,3,blue,classic,1,1,no,lshift,874,1
csoli,3,blue,classic,1,9,no,lshift,1300,1
csoli,3,blue,classic,1,7,no,lshift,861,1
csoli,3,blue,classic,1,3,no,lshift,538,1
csoli,3,blue,classic,1,8,no,rshift,786,1
csoli,3,blue,classic,1,3,no,lshift,1048,1
csoli,3,blue,classic,1,9,no,lshift,582,1
csoli,3,blue,classic,1,7,no,lshift,674,1
