ID_name,block,color,condition,correct_keyboard_response,number,practice,response_keyboard_response,response_time_keyboard_response,subject_nr
Csompi2001,0,red,dot,1,7,yes,lshift,1164,0
Csompi2001,0,blue,dot,1,6,yes,rshift,455,0
Csompi2001,0,red,dot,1,8,yes,lshift,340,0
Csompi2001,0,blue,dot,1,2,yes,rshift,582,0
Csompi2001,0,blue,dot,1,8,yes,rshift,487,0
Csompi2001,0,red,dot,1,9,yes,lshift,518,0
Csompi2001,0,red,dot,1,4,yes,lshift,459,0
Csompi2001,0,blue,dot,1,9,yes,rshift,488,0
Csompi2001,0,red,dot,1,3,yes,lshift,445,0
Csompi2001,0,blue,dot,1,3,yes,rshift,378,0
Csompi2001,0,blue,dot,1,4,yes,rshift,438,0
Csompi2001,0,red,dot,1,1,yes,lshift,398,0
Csompi2001,0,blue,dot,1,7,yes,rshift,598,0
Csompi2001,0,red,dot,1,2,yes,lshift,430,0
Csompi2001,0,red,dot,1,6,yes,lshift,512,0
Csompi2001,0,blue,dot,1,1,yes,rshift,483,0
Csompi2001,1,blue,dot,1,1,no,rshift,718,0
Csompi2001,1,red,dot,1,3,no,lshift,474,0
Csompi2001,1,red,dot,1,8,no,lshift,488,0
Csompi2001,1,blue,dot,1,3,no,rshift,413,0
Csompi2001,1,blue,dot,1,4,no,rshift,424,0
Csompi2001,1,blue,dot,1,3,no,rshift,446,0
Csompi2001,1,red,dot,1,8,no,lshift,521,0
Csompi2001,1,blue,dot,1,3,no,rshift,434,0
Csompi2001,1,blue,dot,1,9,no,rshift,379,0
Csompi2001,1,blue,dot,1,2,no,rshift,390,0
Csompi2001,1,red,dot,1,1,no,lshift,433,0
Csompi2001,1,red,dot,1,7,no,lshift,471,0
Csompi2001,1,red,dot,1,9,no,lshift,407,0
Csompi2001,1,blue,dot,1,2,no,rshift,349,0
Csompi2001,1,blue,dot,1,4,no,rshift,388,0
Csompi2001,1,red,dot,1,4,no,lshift,460,0
Csompi2001,1,red,dot,1,6,no,lshift,460,0
Csompi2001,1,blue,dot,1,8,no,rshift,473,0
Csompi2001,1,red,dot,1,3,no,lshift,455,0
Csompi2001,1,red,dot,1,9,no,lshift,447,0
Csompi2001,1,blue,dot,1,4,no,rshift,432,0
Csompi2001,1,red,dot,1,1,no,lshift,430,0
Csompi2001,1,red,dot,1,2,no,lshift,360,0
Csompi2001,1,red,dot,1,7,no,lshift,436,0
Csompi2001,1,red,dot,1,7,no,lshift,457,0
Csompi2001,1,blue,dot,1,4,no,rshift,416,0
Csompi2001,1,blue,dot,1,4,no,rshift,410,0
Csompi2001,1,blue,dot,1,7,no,rshift,401,0
Csompi2001,1,red,dot,1,3,no,lshift,399,0
Csompi2001,1,blue,dot,1,7,no,rshift,372,0
Csompi2001,1,red,dot,1,4,no,lshift,389,0
Csompi2001,1,red,dot,1,3,no,lshift,406,0
Csompi2001,1,red,dot,1,9,no,lshift,419,0
Csompi2001,1,red,dot,1,2,no,lshift,343,0
Csompi2001,1,red,dot,1,4,no,lshift,359,0
Csompi2001,1,red,dot,1,7,no,lshift,336,0
Csompi2001,1,blue,dot,1,7,no,rshift,333,0
Csompi2001,1,blue,dot,1,9,no,rshift,351,0
Csompi2001,1,red,dot,1,6,no,lshift,356,0
Csompi2001,1,blue,dot,1,9,no,rshift,424,0
Csompi2001,1,blue,dot,1,1,no,rshift,440,0
Csompi2001,1,red,dot,1,2,no,lshift,373,0
Csompi2001,1,blue,dot,1,2,no,rshift,496,0
Csompi2001,1,red,dot,1,2,no,lshift,420,0
Csompi2001,1,red,dot,1,8,no,lshift,407,0
Csompi2001,1,blue,dot,1,6,no,rshift,442,0
Csompi2001,1,red,dot,1,1,no,lshift,353,0
Csompi2001,1,red,dot,1,7,no,lshift,409,0
Csompi2001,1,blue,dot,1,6,no,rshift,393,0
Csompi2001,1,blue,dot,1,2,no,rshift,429,0
Csompi2001,1,blue,dot,1,6,no,rshift,349,0
Csompi2001,1,blue,dot,1,7,no,rshift,367,0
Csompi2001,1,blue,dot,1,6,no,rshift,373,0
Csompi2001,1,red,dot,1,8,no,lshift,310,0
Csompi2001,1,red,dot,1,9,no,lshift,330,0
Csompi2001,1,blue,dot,1,4,no,rshift,386,0
Csompi2001,1,red,dot,1,9,no,lshift,433,0
Csompi2001,1,red,dot,1,3,no,lshift,423,0
Csompi2001,1,blue,dot,1,8,no,rshift,450,0
Csompi2001,1,red,dot,1,8,no,lshift,408,0
Csompi2001,1,red,dot,1,3,no,lshift,322,0
Csompi2001,1,blue,dot,1,9,no,rshift,399,0
Csompi2001,1,red,dot,1,1,no,lshift,345,0
Csompi2001,1,blue,dot,1,2,no,rshift,419,0
Csompi2001,1,blue,dot,1,4,no,rshift,390,0
Csompi2001,1,blue,dot,1,1,no,rshift,375,0
Csompi2001,1,blue,dot,1,2,no,rshift,352,0
Csompi2001,1,red,dot,1,4,no,lshift,387,0
Csompi2001,1,blue,dot,1,7,no,rshift,430,0
Csompi2001,1,red,dot,1,7,no,lshift,437,0
Csompi2001,1,blue,dot,1,2,no,rshift,404,0
Csompi2001,1,blue,dot,1,8,no,rshift,470,0
Csompi2001,1,red,dot,1,4,no,lshift,380,0
Csompi2001,1,blue,dot,1,1,no,rshift,527,0
Csompi2001,1,blue,dot,1,8,no,rshift,507,0
Csompi2001,1,blue,dot,1,1,no,rshift,401,0
Csompi2001,1,red,dot,1,8,no,lshift,387,0
Csompi2001,1,blue,dot,1,9,no,rshift,372,0
Csompi2001,1,red,dot,1,2,no,lshift,437,0
Csompi2001,1,blue,dot,1,1,no,rshift,366,0
Csompi2001,1,red,dot,1,7,no,lshift,391,0
Csompi2001,1,red,dot,1,6,no,lshift,467,0
Csompi2001,1,red,dot,1,9,no,lshift,399,0
Csompi2001,1,blue,dot,1,6,no,rshift,369,0
Csompi2001,1,red,dot,1,3,no,lshift,457,0
Csompi2001,1,red,dot,1,7,no,lshift,371,0
Csompi2001,1,blue,dot,1,2,no,rshift,356,0
Csompi2001,1,red,dot,1,3,no,lshift,445,0
Csompi2001,1,red,dot,1,9,no,lshift,471,0
Csompi2001,1,blue,dot,1,8,no,rshift,368,0
Csompi2001,1,blue,dot,1,3,no,rshift,448,0
Csompi2001,1,blue,dot,1,6,no,rshift,479,0
Csompi2001,1,blue,dot,1,9,no,rshift,383,0
Csompi2001,1,red,dot,1,1,no,lshift,447,0
Csompi2001,1,red,dot,1,1,no,lshift,369,0
Csompi2001,1,red,dot,1,6,no,lshift,402,0
Csompi2001,1,red,dot,1,6,no,lshift,382,0
Csompi2001,1,blue,dot,1,8,no,rshift,399,0
Csompi2001,1,blue,dot,1,1,no,rshift,392,0
Csompi2001,1,red,dot,1,4,no,lshift,368,0
Csompi2001,1,blue,dot,1,1,no,rshift,410,0
Csompi2001,1,red,dot,1,2,no,lshift,366,0
Csompi2001,1,blue,dot,1,9,no,rshift,425,0
Csompi2001,1,blue,dot,1,6,no,rshift,329,0
Csompi2001,1,red,dot,1,2,no,lshift,322,0
Csompi2001,1,red,dot,1,1,no,lshift,402,0
Csompi2001,1,blue,dot,1,4,no,rshift,391,0
Csompi2001,1,red,dot,0,2,no,rshift,392,0
Csompi2001,1,blue,dot,1,3,no,rshift,442,0
Csompi2001,1,red,dot,1,6,no,lshift,492,0
Csompi2001,1,blue,dot,1,8,no,rshift,505,0
Csompi2001,1,red,dot,1,1,no,lshift,440,0
Csompi2001,1,blue,dot,1,7,no,rshift,462,0
Csompi2001,1,red,dot,1,1,no,lshift,381,0
Csompi2001,1,red,dot,1,6,no,lshift,425,0
Csompi2001,1,blue,dot,1,1,no,rshift,377,0
Csompi2001,1,blue,dot,1,6,no,rshift,476,0
Csompi2001,1,red,dot,1,4,no,lshift,386,0
Csompi2001,1,blue,dot,1,2,no,rshift,459,0
Csompi2001,1,red,dot,1,7,no,lshift,372,0
Csompi2001,1,blue,dot,1,8,no,rshift,390,0
Csompi2001,1,red,dot,1,4,no,lshift,408,0
Csompi2001,1,red,dot,1,8,no,lshift,463,0
Csompi2001,1,blue,dot,1,4,no,rshift,440,0
Csompi2001,1,red,dot,1,7,no,lshift,424,0
Csompi2001,1,blue,dot,1,9,no,rshift,492,0
Csompi2001,1,red,dot,1,6,no,lshift,406,0
Csompi2001,1,blue,dot,1,6,no,rshift,463,0
Csompi2001,1,red,dot,1,8,no,lshift,412,0
Csompi2001,1,red,dot,1,2,no,lshift,463,0
Csompi2001,1,blue,dot,1,7,no,rshift,390,0
Csompi2001,1,blue,dot,1,3,no,rshift,494,0
Csompi2001,1,blue,dot,1,8,no,rshift,397,0
Csompi2001,1,blue,dot,1,3,no,rshift,330,0
Csompi2001,1,red,dot,1,6,no,lshift,372,0
Csompi2001,1,red,dot,1,9,no,lshift,372,0
Csompi2001,1,red,dot,1,4,no,lshift,385,0
Csompi2001,1,blue,dot,1,3,no,rshift,520,0
Csompi2001,1,blue,dot,1,4,no,rshift,381,0
Csompi2001,1,blue,dot,1,9,no,rshift,353,0
Csompi2001,1,blue,dot,1,3,no,rshift,409,0
Csompi2001,1,red,dot,1,8,no,lshift,373,0
Csompi2001,1,blue,dot,1,3,no,rshift,398,0
Csompi2001,1,blue,dot,1,7,no,rshift,450,0
Csompi2001,1,red,dot,1,3,no,lshift,384,0
Csompi2001,1,blue,dot,1,1,no,rshift,402,0
Csompi2001,1,blue,dot,1,7,no,rshift,678,0
Csompi2001,1,red,dot,1,9,no,lshift,323,0
Csompi2001,1,blue,dot,1,8,no,rshift,414,0
Csompi2001,1,blue,dot,0,2,no,lshift,375,0
Csompi2001,1,blue,dot,1,9,no,rshift,473,0
Csompi2001,1,red,dot,1,2,no,lshift,528,0
Csompi2001,1,red,dot,1,6,no,lshift,500,0
Csompi2001,1,blue,dot,1,6,no,rshift,474,0
Csompi2001,1,red,dot,1,3,no,lshift,432,0
Csompi2001,1,red,dot,1,8,no,lshift,474,0
Csompi2001,1,blue,dot,1,7,no,rshift,393,0
Csompi2001,1,red,dot,1,9,no,lshift,409,0
Csompi2001,1,red,dot,1,1,no,lshift,481,0
Csompi2001,1,red,dot,1,4,no,lshift,433,0
Csompi2001,2,red,dot,1,6,no,lshift,580,0
Csompi2001,2,red,dot,1,6,no,lshift,430,0
Csompi2001,2,red,dot,1,7,no,lshift,413,0
Csompi2001,2,blue,dot,1,7,no,rshift,320,0
Csompi2001,2,blue,dot,1,8,no,rshift,358,0
Csompi2001,2,blue,dot,1,4,no,rshift,367,0
Csompi2001,2,red,dot,1,8,no,lshift,457,0
Csompi2001,2,red,dot,1,9,no,lshift,353,0
Csompi2001,2,red,dot,1,2,no,lshift,428,0
Csompi2001,2,blue,dot,1,2,no,rshift,362,0
Csompi2001,2,red,dot,1,4,no,lshift,393,0
Csompi2001,2,blue,dot,1,8,no,rshift,408,0
Csompi2001,2,blue,dot,1,3,no,rshift,393,0
Csompi2001,2,blue,dot,1,9,no,rshift,345,0
Csompi2001,2,red,dot,1,7,no,lshift,408,0
Csompi2001,2,red,dot,1,6,no,lshift,370,0
Csompi2001,2,blue,dot,1,4,no,rshift,396,0
Csompi2001,2,red,dot,1,6,no,lshift,389,0
Csompi2001,2,red,dot,1,6,no,lshift,496,0
Csompi2001,2,blue,dot,1,7,no,rshift,445,0
Csompi2001,2,blue,dot,1,2,no,rshift,491,0
Csompi2001,2,red,dot,1,4,no,lshift,380,0
Csompi2001,2,blue,dot,1,4,no,rshift,383,0
Csompi2001,2,blue,dot,1,1,no,rshift,390,0
Csompi2001,2,red,dot,1,6,no,lshift,368,0
Csompi2001,2,red,dot,1,1,no,lshift,325,0
Csompi2001,2,blue,dot,1,4,no,rshift,376,0
Csompi2001,2,blue,dot,1,7,no,rshift,435,0
Csompi2001,2,red,dot,1,9,no,lshift,372,0
Csompi2001,2,blue,dot,1,2,no,rshift,405,0
Csompi2001,2,red,dot,1,8,no,lshift,381,0
Csompi2001,2,red,dot,1,2,no,lshift,413,0
Csompi2001,2,red,dot,1,1,no,lshift,393,0
Csompi2001,2,red,dot,1,4,no,lshift,355,0
Csompi2001,2,red,dot,1,3,no,lshift,356,0
Csompi2001,2,blue,dot,1,8,no,rshift,359,0
Csompi2001,2,blue,dot,1,6,no,rshift,355,0
Csompi2001,2,red,dot,1,8,no,lshift,365,0
Csompi2001,2,red,dot,1,1,no,lshift,376,0
Csompi2001,2,blue,dot,1,1,no,rshift,355,0
Csompi2001,2,blue,dot,1,4,no,rshift,376,0
Csompi2001,2,blue,dot,1,3,no,rshift,334,0
Csompi2001,2,blue,dot,1,6,no,rshift,333,0
Csompi2001,2,blue,dot,1,1,no,rshift,327,0
Csompi2001,2,blue,dot,1,1,no,rshift,348,0
Csompi2001,2,blue,dot,1,6,no,rshift,359,0
Csompi2001,2,blue,dot,1,4,no,rshift,339,0
Csompi2001,2,red,dot,1,7,no,lshift,350,0
Csompi2001,2,blue,dot,1,6,no,rshift,403,0
Csompi2001,2,blue,dot,1,6,no,rshift,393,0
Csompi2001,2,red,dot,1,8,no,lshift,403,0
Csompi2001,2,red,dot,1,1,no,lshift,359,0
Csompi2001,2,blue,dot,1,2,no,rshift,345,0
Csompi2001,2,blue,dot,1,9,no,rshift,373,0
Csompi2001,2,blue,dot,1,8,no,rshift,343,0
Csompi2001,2,red,dot,1,8,no,lshift,362,0
Csompi2001,2,red,dot,1,3,no,lshift,331,0
Csompi2001,2,blue,dot,1,9,no,rshift,385,0
Csompi2001,2,red,dot,1,4,no,lshift,345,0
Csompi2001,2,red,dot,1,2,no,lshift,333,0
Csompi2001,2,blue,dot,1,3,no,rshift,336,0
Csompi2001,2,blue,dot,1,6,no,rshift,392,0
Csompi2001,2,red,dot,1,9,no,lshift,351,0
Csompi2001,2,red,dot,1,4,no,lshift,348,0
Csompi2001,2,red,dot,1,4,no,lshift,303,0
Csompi2001,2,blue,dot,1,9,no,rshift,307,0
Csompi2001,2,red,dot,1,6,no,lshift,361,0
Csompi2001,2,blue,dot,1,2,no,rshift,355,0
Csompi2001,2,red,dot,1,2,no,lshift,316,0
Csompi2001,2,red,dot,1,2,no,lshift,322,0
Csompi2001,2,red,dot,1,9,no,lshift,303,0
Csompi2001,2,red,dot,1,4,no,lshift,326,0
Csompi2001,2,red,dot,1,3,no,lshift,313,0
Csompi2001,2,blue,dot,1,6,no,rshift,374,0
Csompi2001,2,red,dot,1,9,no,lshift,330,0
Csompi2001,2,red,dot,1,2,no,lshift,300,0
Csompi2001,2,red,dot,1,1,no,lshift,364,0
Csompi2001,2,blue,dot,1,2,no,rshift,373,0
Csompi2001,2,red,dot,1,3,no,lshift,367,0
Csompi2001,2,red,dot,1,8,no,lshift,331,0
Csompi2001,2,blue,dot,1,3,no,rshift,421,0
Csompi2001,2,red,dot,1,7,no,lshift,374,0
Csompi2001,2,blue,dot,1,3,no,rshift,431,0
Csompi2001,2,red,dot,1,1,no,lshift,370,0
Csompi2001,2,red,dot,1,2,no,lshift,387,0
Csompi2001,2,red,dot,1,3,no,lshift,452,0
Csompi2001,2,red,dot,1,9,no,lshift,345,0
Csompi2001,2,red,dot,1,7,no,lshift,344,0
Csompi2001,2,blue,dot,1,1,no,rshift,350,0
Csompi2001,2,red,dot,1,2,no,lshift,401,0
Csompi2001,2,blue,dot,1,7,no,rshift,419,0
Csompi2001,2,red,dot,1,9,no,lshift,338,0
Csompi2001,2,red,dot,1,4,no,lshift,318,0
Csompi2001,2,red,dot,1,8,no,lshift,395,0
Csompi2001,2,red,dot,1,3,no,lshift,404,0
Csompi2001,2,blue,dot,1,7,no,rshift,372,0
Csompi2001,2,red,dot,1,4,no,lshift,425,0
Csompi2001,2,blue,dot,1,4,no,rshift,434,0
Csompi2001,2,blue,dot,1,8,no,rshift,633,0
Csompi2001,2,blue,dot,1,6,no,rshift,359,0
Csompi2001,2,red,dot,1,9,no,lshift,410,0
Csompi2001,2,red,dot,1,6,no,lshift,396,0
Csompi2001,2,red,dot,1,1,no,lshift,382,0
Csompi2001,2,blue,dot,1,4,no,rshift,458,0
Csompi2001,2,blue,dot,1,6,no,rshift,311,0
Csompi2001,2,blue,dot,1,8,no,rshift,356,0
Csompi2001,2,blue,dot,1,8,no,rshift,384,0
Csompi2001,2,red,dot,1,7,no,lshift,420,0
Csompi2001,2,blue,dot,1,9,no,rshift,436,0
Csompi2001,2,red,dot,1,7,no,lshift,425,0
Csompi2001,2,blue,dot,1,9,no,rshift,483,0
Csompi2001,2,blue,dot,1,4,no,rshift,559,0
Csompi2001,2,blue,dot,1,6,no,rshift,459,0
Csompi2001,2,red,dot,1,4,no,lshift,403,0
Csompi2001,2,blue,dot,1,3,no,rshift,377,0
Csompi2001,2,blue,dot,1,2,no,rshift,428,0
Csompi2001,2,blue,dot,1,7,no,rshift,350,0
Csompi2001,2,red,dot,1,9,no,lshift,389,0
Csompi2001,2,red,dot,1,8,no,lshift,395,0
Csompi2001,2,blue,dot,1,9,no,rshift,382,0
Csompi2001,2,blue,dot,1,8,no,rshift,359,0
Csompi2001,2,red,dot,1,7,no,lshift,339,0
Csompi2001,2,red,dot,1,2,no,lshift,405,0
Csompi2001,2,red,dot,1,8,no,lshift,352,0
Csompi2001,2,blue,dot,1,9,no,rshift,404,0
Csompi2001,2,blue,dot,1,7,no,rshift,382,0
Csompi2001,2,red,dot,1,3,no,lshift,382,0
Csompi2001,2,blue,dot,1,7,no,rshift,359,0
Csompi2001,2,blue,dot,0,3,no,lshift,362,0
Csompi2001,2,blue,dot,1,1,no,rshift,456,0
Csompi2001,2,blue,dot,1,1,no,rshift,399,0
Csompi2001,2,red,dot,1,3,no,lshift,382,0
Csompi2001,2,red,dot,1,1,no,lshift,553,0
Csompi2001,2,blue,dot,1,9,no,rshift,397,0
Csompi2001,2,red,dot,1,7,no,lshift,470,0
Csompi2001,2,blue,dot,1,2,no,rshift,372,0
Csompi2001,2,blue,dot,1,8,no,rshift,391,0
Csompi2001,2,red,dot,1,2,no,lshift,536,0
Csompi2001,2,red,dot,1,7,no,lshift,580,0
Csompi2001,2,red,dot,1,3,no,lshift,382,0
Csompi2001,2,blue,dot,1,2,no,rshift,394,0
Csompi2001,2,blue,dot,1,3,no,rshift,363,0
Csompi2001,2,red,dot,1,3,no,lshift,420,0
Csompi2001,2,blue,dot,1,3,no,rshift,429,0
Csompi2001,2,blue,dot,1,8,no,rshift,441,0
Csompi2001,2,blue,dot,1,4,no,rshift,344,0
Csompi2001,2,blue,dot,1,1,no,rshift,366,0
Csompi2001,2,blue,dot,1,7,no,rshift,375,0
Csompi2001,2,red,dot,1,1,no,lshift,417,0
Csompi2001,2,blue,dot,1,9,no,rshift,306,0
Csompi2001,2,red,dot,1,6,no,lshift,439,0
Csompi2001,2,blue,dot,1,3,no,rshift,356,0
Csompi2001,2,red,dot,1,6,no,lshift,419,0
Csompi2001,2,red,dot,1,8,no,lshift,693,0
Csompi2001,2,blue,dot,1,1,no,rshift,368,0
Csompi2001,2,blue,dot,1,1,no,rshift,386,0
Csompi2001,2,blue,dot,1,2,no,rshift,354,0
Csompi2001,2,red,dot,1,9,no,lshift,399,0
Csompi2001,2,blue,dot,1,7,no,rshift,409,0
Csompi2001,2,red,dot,1,1,no,lshift,394,0
Csompi2001,3,blue,dot,1,6,no,rshift,448,0
Csompi2001,3,red,dot,1,3,no,lshift,374,0
Csompi2001,3,red,dot,1,8,no,lshift,361,0
Csompi2001,3,red,dot,1,8,no,lshift,347,0
Csompi2001,3,red,dot,1,4,no,lshift,359,0
Csompi2001,3,red,dot,1,6,no,lshift,331,0
Csompi2001,3,blue,dot,1,2,no,rshift,373,0
Csompi2001,3,red,dot,1,4,no,lshift,385,0
Csompi2001,3,red,dot,1,1,no,lshift,363,0
Csompi2001,3,red,dot,1,9,no,lshift,344,0
Csompi2001,3,red,dot,1,4,no,lshift,370,0
Csompi2001,3,blue,dot,1,9,no,rshift,387,0
Csompi2001,3,blue,dot,1,8,no,rshift,357,0
Csompi2001,3,blue,dot,1,3,no,rshift,1205,0
Csompi2001,3,blue,dot,1,6,no,rshift,549,0
Csompi2001,3,red,dot,1,9,no,lshift,388,0
Csompi2001,3,blue,dot,1,9,no,rshift,334,0
Csompi2001,3,blue,dot,1,1,no,rshift,349,0
Csompi2001,3,blue,dot,1,9,no,rshift,381,0
Csompi2001,3,red,dot,1,9,no,lshift,423,0
Csompi2001,3,blue,dot,1,6,no,rshift,504,0
Csompi2001,3,red,dot,1,2,no,lshift,388,0
Csompi2001,3,blue,dot,1,1,no,rshift,328,0
Csompi2001,3,blue,dot,1,3,no,rshift,353,0
Csompi2001,3,blue,dot,1,7,no,rshift,384,0
Csompi2001,3,red,dot,1,7,no,lshift,456,0
Csompi2001,3,red,dot,1,8,no,lshift,407,0
Csompi2001,3,red,dot,1,2,no,lshift,360,0
Csompi2001,3,blue,dot,1,6,no,rshift,404,0
Csompi2001,3,blue,dot,1,7,no,rshift,367,0
Csompi2001,3,blue,dot,1,8,no,rshift,336,0
Csompi2001,3,blue,dot,1,9,no,rshift,380,0
Csompi2001,3,blue,dot,1,4,no,rshift,335,0
Csompi2001,3,red,dot,1,1,no,lshift,339,0
Csompi2001,3,blue,dot,1,1,no,rshift,686,0
Csompi2001,3,blue,dot,1,7,no,rshift,389,0
Csompi2001,3,red,dot,1,2,no,lshift,374,0
Csompi2001,3,blue,dot,1,4,no,rshift,426,0
Csompi2001,3,blue,dot,1,8,no,rshift,336,0
Csompi2001,3,red,dot,1,3,no,lshift,435,0
Csompi2001,3,red,dot,1,7,no,lshift,390,0
Csompi2001,3,blue,dot,1,1,no,rshift,487,0
Csompi2001,3,red,dot,1,1,no,lshift,413,0
Csompi2001,3,red,dot,1,8,no,lshift,430,0
Csompi2001,3,red,dot,1,2,no,lshift,358,0
Csompi2001,3,red,dot,1,3,no,lshift,353,0
Csompi2001,3,red,dot,1,3,no,lshift,365,0
Csompi2001,3,blue,dot,1,3,no,rshift,407,0
Csompi2001,3,red,dot,1,3,no,lshift,378,0
Csompi2001,3,blue,dot,1,4,no,rshift,389,0
Csompi2001,3,red,dot,1,8,no,lshift,385,0
Csompi2001,3,red,dot,1,7,no,lshift,432,0
Csompi2001,3,blue,dot,1,3,no,rshift,377,0
Csompi2001,3,red,dot,1,8,no,lshift,410,0
Csompi2001,3,blue,dot,1,2,no,rshift,325,0
Csompi2001,3,red,dot,1,6,no,lshift,402,0
Csompi2001,3,blue,dot,1,4,no,rshift,387,0
Csompi2001,3,blue,dot,1,2,no,rshift,365,0
Csompi2001,3,red,dot,1,1,no,lshift,382,0
Csompi2001,3,red,dot,1,6,no,lshift,432,0
Csompi2001,3,blue,dot,1,9,no,rshift,336,0
Csompi2001,3,red,dot,1,2,no,lshift,396,0
Csompi2001,3,blue,dot,1,7,no,rshift,421,0
Csompi2001,3,blue,dot,1,4,no,rshift,367,0
Csompi2001,3,blue,dot,1,2,no,rshift,358,0
Csompi2001,3,red,dot,1,3,no,lshift,417,0
Csompi2001,3,red,dot,1,6,no,lshift,434,0
Csompi2001,3,blue,dot,1,8,no,rshift,410,0
Csompi2001,3,blue,dot,1,8,no,rshift,338,0
Csompi2001,3,blue,dot,1,6,no,rshift,376,0
Csompi2001,3,red,dot,1,2,no,lshift,377,0
Csompi2001,3,red,dot,1,7,no,lshift,355,0
Csompi2001,3,blue,dot,1,6,no,rshift,313,0
Csompi2001,3,red,dot,1,4,no,lshift,374,0
Csompi2001,3,blue,dot,1,4,no,rshift,383,0
Csompi2001,3,blue,dot,1,1,no,rshift,361,0
Csompi2001,3,red,dot,1,4,no,lshift,375,0
Csompi2001,3,red,dot,1,6,no,lshift,369,0
Csompi2001,3,blue,dot,1,3,no,rshift,360,0
Csompi2001,3,blue,dot,1,1,no,rshift,333,0
Csompi2001,3,blue,dot,1,7,no,rshift,393,0
Csompi2001,3,red,dot,1,8,no,lshift,387,0
Csompi2001,3,blue,dot,1,6,no,rshift,432,0
Csompi2001,3,blue,dot,1,3,no,rshift,372,0
Csompi2001,3,red,dot,1,7,no,lshift,401,0
Csompi2001,3,red,dot,1,2,no,lshift,1218,0
Csompi2001,3,blue,dot,1,8,no,rshift,370,0
Csompi2001,3,red,dot,1,6,no,lshift,379,0
Csompi2001,3,red,dot,1,9,no,lshift,414,0
Csompi2001,3,blue,dot,1,1,no,rshift,377,0
Csompi2001,3,blue,dot,1,7,no,rshift,371,0
Csompi2001,3,red,dot,1,6,no,lshift,398,0
Csompi2001,3,red,dot,1,4,no,lshift,374,0
Csompi2001,3,blue,dot,1,2,no,rshift,314,0
Csompi2001,3,blue,dot,1,9,no,rshift,397,0
Csompi2001,3,blue,dot,1,1,no,rshift,360,0
Csompi2001,3,blue,dot,1,1,no,rshift,371,0
Csompi2001,3,red,dot,1,1,no,lshift,431,0
Csompi2001,3,red,dot,1,7,no,lshift,407,0
Csompi2001,3,red,dot,1,1,no,lshift,351,0
Csompi2001,3,red,dot,1,2,no,lshift,346,0
Csompi2001,3,blue,dot,1,7,no,rshift,326,0
Csompi2001,3,red,dot,1,4,no,lshift,356,0
Csompi2001,3,red,dot,1,4,no,lshift,373,0
Csompi2001,3,red,dot,1,9,no,lshift,393,0
Csompi2001,3,blue,dot,1,3,no,rshift,384,0
Csompi2001,3,red,dot,1,1,no,lshift,356,0
Csompi2001,3,blue,dot,1,3,no,rshift,357,0
Csompi2001,3,red,dot,1,7,no,lshift,355,0
Csompi2001,3,blue,dot,1,3,no,rshift,333,0
Csompi2001,3,red,dot,1,3,no,lshift,352,0
Csompi2001,3,red,dot,1,3,no,lshift,418,0
Csompi2001,3,blue,dot,1,4,no,rshift,375,0
Csompi2001,3,red,dot,1,9,no,lshift,351,0
Csompi2001,3,blue,dot,1,2,no,rshift,385,0
Csompi2001,3,red,dot,1,8,no,lshift,333,0
Csompi2001,3,blue,dot,1,3,no,rshift,486,0
Csompi2001,3,blue,dot,1,2,no,rshift,374,0
Csompi2001,3,red,dot,1,7,no,lshift,349,0
Csompi2001,3,blue,dot,1,7,no,rshift,310,0
Csompi2001,3,blue,dot,1,8,no,rshift,372,0
Csompi2001,3,red,dot,1,6,no,lshift,366,0
Csompi2001,3,blue,dot,1,4,no,rshift,345,0
Csompi2001,3,red,dot,1,6,no,lshift,347,0
Csompi2001,3,blue,dot,1,2,no,rshift,360,0
Csompi2001,3,blue,dot,1,6,no,rshift,353,0
Csompi2001,3,red,dot,1,9,no,lshift,335,0
Csompi2001,3,blue,dot,1,9,no,rshift,385,0
Csompi2001,3,blue,dot,1,9,no,rshift,386,0
Csompi2001,3,blue,dot,1,6,no,rshift,332,0
Csompi2001,3,red,dot,1,3,no,lshift,455,0
Csompi2001,3,blue,dot,1,8,no,rshift,505,0
Csompi2001,3,red,dot,1,9,no,lshift,358,0
Csompi2001,3,red,dot,1,7,no,lshift,384,0
Csompi2001,3,red,dot,1,4,no,lshift,409,0
Csompi2001,3,blue,dot,1,2,no,rshift,337,0
Csompi2001,3,blue,dot,1,6,no,rshift,366,0
Csompi2001,3,blue,dot,1,7,no,rshift,376,0
Csompi2001,3,red,dot,1,2,no,lshift,379,0
Csompi2001,3,red,dot,1,7,no,lshift,315,0
Csompi2001,3,blue,dot,1,2,no,rshift,360,0
Csompi2001,3,red,dot,1,3,no,lshift,371,0
Csompi2001,3,blue,dot,1,7,no,rshift,639,0
Csompi2001,3,red,dot,1,2,no,lshift,382,0
Csompi2001,3,blue,dot,1,8,no,rshift,369,0
Csompi2001,3,blue,dot,1,1,no,rshift,364,0
Csompi2001,3,blue,dot,1,8,no,rshift,334,0
Csompi2001,3,blue,dot,1,9,no,rshift,330,0
Csompi2001,3,red,dot,1,9,no,lshift,449,0
Csompi2001,3,red,dot,1,1,no,lshift,472,0
Csompi2001,3,red,dot,1,8,no,lshift,398,0
Csompi2001,3,red,dot,1,1,no,lshift,368,0
Csompi2001,3,blue,dot,1,4,no,rshift,404,0
Csompi2001,3,red,dot,1,6,no,lshift,342,0
Csompi2001,3,blue,dot,1,4,no,rshift,506,0
Csompi2001,3,red,dot,1,1,no,lshift,358,0
Csompi2001,3,red,dot,1,4,no,lshift,385,0
Csompi2001,3,blue,dot,1,9,no,rshift,331,0
Csompi2001,3,red,dot,1,9,no,lshift,398,0
Csompi2001,3,red,dot,1,8,no,lshift,383,0
Csompi2001,0,blue,arab,1,9,yes,rshift,604,0
Csompi2001,0,red,arab,1,8,yes,lshift,367,0
Csompi2001,0,blue,arab,0,1,yes,lshift,399,0
Csompi2001,0,blue,arab,1,2,yes,rshift,588,0
Csompi2001,0,red,arab,1,3,yes,lshift,427,0
Csompi2001,0,blue,arab,1,7,yes,rshift,487,0
Csompi2001,0,red,arab,1,6,yes,lshift,459,0
Csompi2001,0,red,arab,1,7,yes,lshift,496,0
Csompi2001,0,red,arab,1,9,yes,lshift,399,0
Csompi2001,0,blue,arab,1,4,yes,rshift,482,0
Csompi2001,0,blue,arab,1,3,yes,rshift,397,0
Csompi2001,0,blue,arab,1,8,yes,rshift,488,0
Csompi2001,0,red,arab,1,1,yes,lshift,413,0
Csompi2001,0,red,arab,1,2,yes,lshift,384,0
Csompi2001,0,blue,arab,1,6,yes,rshift,439,0
Csompi2001,0,red,arab,1,4,yes,lshift,434,0
Csompi2001,1,blue,arab,1,8,no,rshift,420,0
Csompi2001,1,red,arab,1,8,no,lshift,405,0
Csompi2001,1,red,arab,1,8,no,lshift,359,0
Csompi2001,1,red,arab,1,6,no,lshift,385,0
Csompi2001,1,blue,arab,1,3,no,rshift,338,0
Csompi2001,1,red,arab,1,2,no,lshift,392,0
Csompi2001,1,blue,arab,1,7,no,rshift,418,0
Csompi2001,1,blue,arab,1,1,no,rshift,384,0
Csompi2001,1,blue,arab,1,8,no,rshift,387,0
Csompi2001,1,blue,arab,1,1,no,rshift,382,0
Csompi2001,1,red,arab,1,8,no,lshift,360,0
Csompi2001,1,blue,arab,1,6,no,rshift,401,0
Csompi2001,1,blue,arab,1,4,no,rshift,356,0
Csompi2001,1,red,arab,1,8,no,lshift,389,0
Csompi2001,1,red,arab,1,9,no,lshift,336,0
Csompi2001,1,blue,arab,1,2,no,rshift,382,0
Csompi2001,1,blue,arab,1,2,no,rshift,414,0
Csompi2001,1,blue,arab,1,2,no,rshift,416,0
Csompi2001,1,red,arab,1,6,no,lshift,400,0
Csompi2001,1,blue,arab,1,7,no,rshift,411,0
Csompi2001,1,blue,arab,1,1,no,rshift,428,0
Csompi2001,1,blue,arab,1,8,no,rshift,365,0
Csompi2001,1,red,arab,1,2,no,lshift,470,0
Csompi2001,1,blue,arab,1,1,no,rshift,389,0
Csompi2001,1,blue,arab,1,8,no,rshift,354,0
Csompi2001,1,blue,arab,1,1,no,rshift,364,0
Csompi2001,1,red,arab,1,7,no,lshift,343,0
Csompi2001,1,red,arab,1,2,no,lshift,435,0
Csompi2001,1,blue,arab,1,1,no,rshift,321,0
Csompi2001,1,blue,arab,1,6,no,rshift,327,0
Csompi2001,1,red,arab,1,2,no,lshift,437,0
Csompi2001,1,blue,arab,1,3,no,rshift,379,0
Csompi2001,1,red,arab,1,6,no,lshift,382,0
Csompi2001,1,red,arab,1,7,no,lshift,367,0
Csompi2001,1,blue,arab,1,9,no,rshift,371,0
Csompi2001,1,red,arab,1,3,no,lshift,429,0
Csompi2001,1,red,arab,1,1,no,lshift,374,0
Csompi2001,1,blue,arab,1,1,no,rshift,376,0
Csompi2001,1,red,arab,1,1,no,lshift,451,0
Csompi2001,1,blue,arab,1,4,no,rshift,394,0
Csompi2001,1,red,arab,1,3,no,lshift,397,0
Csompi2001,1,red,arab,1,9,no,lshift,399,0
Csompi2001,1,blue,arab,1,7,no,rshift,377,0
Csompi2001,1,blue,arab,1,6,no,rshift,361,0
Csompi2001,1,blue,arab,1,4,no,rshift,387,0
Csompi2001,1,red,arab,1,3,no,lshift,462,0
Csompi2001,1,red,arab,1,4,no,lshift,367,0
Csompi2001,1,blue,arab,1,9,no,rshift,383,0
Csompi2001,1,blue,arab,1,2,no,rshift,409,0
Csompi2001,1,red,arab,1,4,no,lshift,386,0
Csompi2001,1,red,arab,1,4,no,lshift,348,0
Csompi2001,1,red,arab,1,4,no,lshift,338,0
Csompi2001,1,red,arab,1,1,no,lshift,356,0
Csompi2001,1,blue,arab,1,3,no,rshift,385,0
Csompi2001,1,red,arab,1,7,no,lshift,457,0
Csompi2001,1,red,arab,1,4,no,lshift,490,0
Csompi2001,1,blue,arab,1,9,no,rshift,376,0
Csompi2001,1,red,arab,1,7,no,lshift,459,0
Csompi2001,1,red,arab,1,6,no,lshift,331,0
Csompi2001,1,red,arab,1,3,no,lshift,454,0
Csompi2001,1,blue,arab,1,7,no,rshift,365,0
Csompi2001,1,red,arab,1,9,no,lshift,384,0
Csompi2001,1,blue,arab,1,3,no,rshift,354,0
Csompi2001,1,blue,arab,1,7,no,rshift,398,0
Csompi2001,1,blue,arab,1,4,no,rshift,327,0
Csompi2001,1,red,arab,1,8,no,lshift,316,0
Csompi2001,1,blue,arab,1,2,no,rshift,376,0
Csompi2001,1,blue,arab,1,1,no,rshift,379,0
Csompi2001,1,red,arab,1,2,no,lshift,397,0
Csompi2001,1,red,arab,1,1,no,lshift,391,0
Csompi2001,1,blue,arab,1,7,no,rshift,386,0
Csompi2001,1,blue,arab,1,8,no,rshift,314,0
Csompi2001,1,red,arab,1,9,no,lshift,375,0
Csompi2001,1,blue,arab,1,3,no,rshift,378,0
Csompi2001,1,red,arab,1,6,no,lshift,358,0
Csompi2001,1,blue,arab,1,2,no,rshift,378,0
Csompi2001,1,blue,arab,1,4,no,rshift,377,0
Csompi2001,1,red,arab,1,1,no,lshift,356,0
Csompi2001,1,red,arab,1,6,no,lshift,401,0
Csompi2001,1,red,arab,1,9,no,lshift,322,0
Csompi2001,1,red,arab,1,1,no,lshift,350,0
Csompi2001,1,red,arab,1,3,no,lshift,319,0
Csompi2001,1,blue,arab,1,9,no,rshift,485,0
Csompi2001,1,red,arab,1,3,no,lshift,425,0
Csompi2001,1,red,arab,1,4,no,lshift,483,0
Csompi2001,1,blue,arab,1,8,no,rshift,352,0
Csompi2001,1,red,arab,1,2,no,lshift,380,0
Csompi2001,1,blue,arab,1,6,no,rshift,400,0
Csompi2001,1,blue,arab,1,3,no,rshift,375,0
Csompi2001,1,blue,arab,1,8,no,rshift,336,0
Csompi2001,1,red,arab,1,9,no,lshift,542,0
Csompi2001,1,red,arab,1,8,no,lshift,436,0
Csompi2001,1,red,arab,1,7,no,lshift,369,0
Csompi2001,1,red,arab,1,2,no,lshift,316,0
Csompi2001,1,red,arab,1,6,no,lshift,353,0
Csompi2001,1,red,arab,1,4,no,lshift,359,0
Csompi2001,1,blue,arab,1,6,no,rshift,384,0
Csompi2001,1,red,arab,1,7,no,lshift,483,0
Csompi2001,1,blue,arab,1,4,no,rshift,382,0
Csompi2001,1,red,arab,1,7,no,lshift,354,0
Csompi2001,1,red,arab,1,9,no,lshift,350,0
Csompi2001,1,red,arab,1,2,no,lshift,336,0
Csompi2001,1,blue,arab,1,4,no,rshift,411,0
Csompi2001,1,blue,arab,1,9,no,rshift,407,0
Csompi2001,1,blue,arab,1,2,no,rshift,390,0
Csompi2001,1,red,arab,1,4,no,lshift,360,0
Csompi2001,1,red,arab,1,3,no,lshift,333,0
Csompi2001,1,red,arab,1,6,no,lshift,360,0
Csompi2001,1,blue,arab,1,1,no,rshift,426,0
Csompi2001,1,blue,arab,1,9,no,rshift,348,0
Csompi2001,1,blue,arab,1,6,no,rshift,337,0
Csompi2001,1,blue,arab,1,3,no,rshift,322,0
Csompi2001,1,red,arab,1,7,no,lshift,295,0
Csompi2001,1,blue,arab,1,2,no,rshift,382,0
Csompi2001,1,red,arab,1,2,no,lshift,359,0
Csompi2001,1,red,arab,1,3,no,lshift,404,0
Csompi2001,1,blue,arab,1,8,no,rshift,386,0
Csompi2001,1,blue,arab,1,7,no,rshift,366,0
Csompi2001,1,blue,arab,1,4,no,rshift,352,0
Csompi2001,1,blue,arab,1,1,no,rshift,339,0
Csompi2001,1,red,arab,1,8,no,lshift,329,0
Csompi2001,1,red,arab,1,8,no,lshift,372,0
Csompi2001,1,red,arab,1,8,no,lshift,318,0
Csompi2001,1,red,arab,1,9,no,lshift,324,0
Csompi2001,1,blue,arab,1,6,no,rshift,415,0
Csompi2001,1,red,arab,1,4,no,lshift,368,0
Csompi2001,1,red,arab,1,4,no,lshift,410,0
Csompi2001,1,red,arab,1,6,no,lshift,635,0
Csompi2001,1,blue,arab,1,7,no,rshift,322,0
Csompi2001,1,red,arab,1,1,no,lshift,352,0
Csompi2001,1,red,arab,1,1,no,lshift,339,0
Csompi2001,1,red,arab,1,9,no,lshift,358,0
Csompi2001,1,red,arab,1,1,no,lshift,321,0
Csompi2001,1,blue,arab,1,9,no,rshift,407,0
Csompi2001,1,blue,arab,1,3,no,rshift,360,0
Csompi2001,1,red,arab,1,7,no,lshift,378,0
Csompi2001,1,red,arab,1,3,no,lshift,339,0
Csompi2001,1,blue,arab,1,4,no,rshift,425,0
Csompi2001,1,blue,arab,1,2,no,rshift,507,0
Csompi2001,1,blue,arab,1,6,no,rshift,438,0
Csompi2001,1,red,arab,1,9,no,lshift,511,0
Csompi2001,1,red,arab,1,8,no,lshift,699,0
Csompi2001,1,blue,arab,1,7,no,rshift,506,0
Csompi2001,1,red,arab,1,1,no,lshift,390,0
Csompi2001,1,blue,arab,1,7,no,rshift,407,0
Csompi2001,1,blue,arab,1,4,no,rshift,339,0
Csompi2001,1,blue,arab,1,9,no,rshift,837,0
Csompi2001,1,red,arab,1,2,no,lshift,380,0
Csompi2001,1,blue,arab,1,6,no,rshift,433,0
Csompi2001,1,blue,arab,1,2,no,rshift,362,0
Csompi2001,1,blue,arab,0,9,no,lshift,427,0
Csompi2001,1,blue,arab,1,9,no,rshift,508,0
Csompi2001,1,blue,arab,1,8,no,rshift,393,0
Csompi2001,1,blue,arab,1,6,no,rshift,362,0
Csompi2001,1,blue,arab,1,3,no,rshift,357,0
Csompi2001,1,red,arab,1,7,no,lshift,425,0
Csompi2001,1,blue,arab,1,8,no,rshift,464,0
Csompi2001,1,red,arab,1,3,no,lshift,417,0
Csompi2001,1,blue,arab,1,3,no,rshift,386,0
Csompi2001,1,red,arab,1,6,no,lshift,429,0
Csompi2001,2,blue,arab,1,6,no,rshift,404,0
Csompi2001,2,blue,arab,1,3,no,rshift,397,0
Csompi2001,2,blue,arab,1,6,no,rshift,349,0
Csompi2001,2,blue,arab,1,3,no,rshift,307,0
Csompi2001,2,blue,arab,1,7,no,rshift,399,0
Csompi2001,2,red,arab,1,1,no,lshift,416,0
Csompi2001,2,blue,arab,1,1,no,rshift,394,0
Csompi2001,2,red,arab,1,7,no,lshift,378,0
Csompi2001,2,blue,arab,1,2,no,rshift,340,0
Csompi2001,2,red,arab,1,1,no,lshift,353,0
Csompi2001,2,blue,arab,1,3,no,rshift,404,0
Csompi2001,2,red,arab,1,9,no,lshift,445,0
Csompi2001,2,red,arab,1,7,no,lshift,389,0
Csompi2001,2,red,arab,1,6,no,lshift,392,0
Csompi2001,2,red,arab,1,4,no,lshift,368,0
Csompi2001,2,blue,arab,1,1,no,rshift,380,0
Csompi2001,2,blue,arab,1,1,no,rshift,446,0
Csompi2001,2,red,arab,1,3,no,lshift,380,0
Csompi2001,2,blue,arab,1,4,no,rshift,399,0
Csompi2001,2,red,arab,1,7,no,lshift,808,0
Csompi2001,2,red,arab,1,2,no,lshift,353,0
Csompi2001,2,blue,arab,1,3,no,rshift,381,0
Csompi2001,2,red,arab,1,6,no,lshift,385,0
Csompi2001,2,blue,arab,1,3,no,rshift,347,0
Csompi2001,2,blue,arab,1,7,no,rshift,405,0
Csompi2001,2,blue,arab,1,6,no,rshift,359,0
Csompi2001,2,blue,arab,1,9,no,rshift,338,0
Csompi2001,2,red,arab,1,9,no,lshift,405,0
Csompi2001,2,red,arab,1,9,no,lshift,304,0
Csompi2001,2,blue,arab,1,9,no,rshift,372,0
Csompi2001,2,red,arab,1,2,no,lshift,542,0
Csompi2001,2,blue,arab,1,4,no,rshift,419,0
Csompi2001,2,red,arab,1,7,no,lshift,379,0
Csompi2001,2,blue,arab,1,4,no,rshift,389,0
Csompi2001,2,blue,arab,1,1,no,rshift,334,0
Csompi2001,2,blue,arab,1,6,no,rshift,307,0
Csompi2001,2,red,arab,1,4,no,lshift,359,0
Csompi2001,2,blue,arab,1,7,no,rshift,394,0
Csompi2001,2,blue,arab,1,7,no,rshift,292,0
Csompi2001,2,red,arab,1,8,no,lshift,356,0
Csompi2001,2,blue,arab,1,3,no,rshift,350,0
Csompi2001,2,blue,arab,1,8,no,rshift,385,0
Csompi2001,2,red,arab,1,6,no,lshift,378,0
Csompi2001,2,red,arab,0,8,no,rshift,579,0
Csompi2001,2,red,arab,1,6,no,lshift,455,0
Csompi2001,2,red,arab,1,2,no,lshift,469,0
Csompi2001,2,blue,arab,1,7,no,rshift,405,0
Csompi2001,2,blue,arab,1,7,no,rshift,437,0
Csompi2001,2,red,arab,1,1,no,lshift,413,0
Csompi2001,2,red,arab,1,3,no,lshift,366,0
Csompi2001,2,red,arab,1,2,no,lshift,385,0
Csompi2001,2,blue,arab,1,2,no,rshift,467,0
Csompi2001,2,blue,arab,1,9,no,rshift,332,0
Csompi2001,2,red,arab,1,6,no,lshift,374,0
Csompi2001,2,red,arab,1,9,no,lshift,320,0
Csompi2001,2,blue,arab,1,7,no,rshift,365,0
Csompi2001,2,blue,arab,1,8,no,rshift,362,0
Csompi2001,2,red,arab,1,7,no,lshift,372,0
Csompi2001,2,red,arab,1,3,no,lshift,336,0
Csompi2001,2,blue,arab,1,4,no,rshift,402,0
Csompi2001,2,blue,arab,1,4,no,rshift,331,0
Csompi2001,2,blue,arab,1,8,no,rshift,368,0
Csompi2001,2,blue,arab,1,9,no,rshift,332,0
Csompi2001,2,red,arab,1,8,no,lshift,391,0
Csompi2001,2,blue,arab,1,2,no,rshift,377,0
Csompi2001,2,red,arab,1,7,no,lshift,323,0
Csompi2001,2,red,arab,1,7,no,lshift,359,0
Csompi2001,2,red,arab,1,4,no,lshift,361,0
Csompi2001,2,red,arab,1,8,no,lshift,320,0
Csompi2001,2,red,arab,1,7,no,lshift,394,0
Csompi2001,2,red,arab,1,6,no,lshift,278,0
Csompi2001,2,red,arab,1,9,no,lshift,347,0
Csompi2001,2,red,arab,1,4,no,lshift,350,0
Csompi2001,2,red,arab,1,7,no,lshift,340,0
Csompi2001,2,red,arab,1,3,no,lshift,295,0
Csompi2001,2,blue,arab,1,6,no,rshift,462,0
Csompi2001,2,red,arab,1,9,no,lshift,363,0
Csompi2001,2,blue,arab,0,4,no,lshift,400,0
Csompi2001,2,red,arab,1,9,no,lshift,375,0
Csompi2001,2,red,arab,1,6,no,lshift,346,0
Csompi2001,2,blue,arab,1,9,no,rshift,316,0
Csompi2001,2,red,arab,1,1,no,lshift,346,0
Csompi2001,2,blue,arab,1,2,no,rshift,390,0
Csompi2001,2,red,arab,1,2,no,lshift,335,0
Csompi2001,2,red,arab,1,6,no,lshift,485,0
Csompi2001,2,blue,arab,1,8,no,rshift,401,0
Csompi2001,2,blue,arab,1,8,no,rshift,374,0
Csompi2001,2,blue,arab,1,7,no,rshift,327,0
Csompi2001,2,red,arab,1,3,no,lshift,370,0
Csompi2001,2,red,arab,1,4,no,lshift,373,0
Csompi2001,2,red,arab,1,3,no,lshift,360,0
Csompi2001,2,red,arab,1,3,no,lshift,291,0
Csompi2001,2,red,arab,1,2,no,lshift,345,0
Csompi2001,2,blue,arab,1,6,no,rshift,319,0
Csompi2001,2,blue,arab,1,4,no,rshift,340,0
Csompi2001,2,blue,arab,1,6,no,rshift,295,0
Csompi2001,2,blue,arab,1,8,no,rshift,340,0
Csompi2001,2,red,arab,1,8,no,lshift,378,0
Csompi2001,2,blue,arab,1,7,no,rshift,379,0
Csompi2001,2,blue,arab,1,1,no,rshift,389,0
Csompi2001,2,blue,arab,1,1,no,rshift,359,0
Csompi2001,2,blue,arab,1,3,no,rshift,337,0
Csompi2001,2,red,arab,1,8,no,lshift,518,0
Csompi2001,2,blue,arab,1,3,no,rshift,345,0
Csompi2001,2,red,arab,1,4,no,lshift,414,0
Csompi2001,2,red,arab,1,1,no,lshift,375,0
Csompi2001,2,blue,arab,1,4,no,rshift,409,0
Csompi2001,2,blue,arab,1,6,no,rshift,323,0
Csompi2001,2,blue,arab,1,4,no,rshift,350,0
Csompi2001,2,blue,arab,1,1,no,rshift,378,0
Csompi2001,2,blue,arab,1,9,no,rshift,404,0
Csompi2001,2,red,arab,1,4,no,lshift,350,0
Csompi2001,2,blue,arab,1,9,no,rshift,370,0
Csompi2001,2,red,arab,1,2,no,lshift,458,0
Csompi2001,2,red,arab,1,1,no,lshift,345,0
Csompi2001,2,blue,arab,1,1,no,rshift,365,0
Csompi2001,2,blue,arab,1,9,no,rshift,354,0
Csompi2001,2,red,arab,1,2,no,lshift,378,0
Csompi2001,2,red,arab,1,1,no,lshift,373,0
Csompi2001,2,blue,arab,1,7,no,rshift,391,0
Csompi2001,2,red,arab,1,1,no,lshift,513,0
Csompi2001,2,red,arab,1,4,no,lshift,414,0
Csompi2001,2,blue,arab,1,2,no,rshift,385,0
Csompi2001,2,blue,arab,1,2,no,rshift,554,0
Csompi2001,2,blue,arab,1,3,no,rshift,325,0
Csompi2001,2,red,arab,1,8,no,lshift,363,0
Csompi2001,2,blue,arab,1,8,no,rshift,380,0
Csompi2001,2,blue,arab,1,4,no,rshift,374,0
Csompi2001,2,blue,arab,1,2,no,rshift,337,0
Csompi2001,2,red,arab,1,1,no,lshift,358,0
Csompi2001,2,blue,arab,1,8,no,rshift,367,0
Csompi2001,2,red,arab,1,8,no,lshift,465,0
Csompi2001,2,red,arab,1,3,no,lshift,360,0
Csompi2001,2,blue,arab,1,1,no,rshift,363,0
Csompi2001,2,red,arab,1,2,no,lshift,375,0
Csompi2001,2,blue,arab,1,2,no,rshift,385,0
Csompi2001,2,red,arab,1,9,no,lshift,475,0
Csompi2001,2,blue,arab,1,3,no,rshift,361,0
Csompi2001,2,red,arab,1,9,no,lshift,422,0
Csompi2001,2,blue,arab,1,9,no,rshift,372,0
Csompi2001,2,blue,arab,1,6,no,rshift,374,0
Csompi2001,2,red,arab,1,8,no,lshift,465,0
Csompi2001,2,red,arab,1,2,no,lshift,650,0
Csompi2001,2,red,arab,1,4,no,lshift,385,0
Csompi2001,2,blue,arab,1,8,no,rshift,322,0
Csompi2001,2,red,arab,1,4,no,lshift,366,0
Csompi2001,2,blue,arab,1,9,no,rshift,385,0
Csompi2001,2,blue,arab,1,2,no,rshift,348,0
Csompi2001,2,blue,arab,1,1,no,rshift,357,0
Csompi2001,2,red,arab,1,3,no,lshift,352,0
Csompi2001,2,red,arab,1,6,no,lshift,404,0
Csompi2001,2,blue,arab,1,6,no,rshift,366,0
Csompi2001,2,red,arab,1,3,no,lshift,512,0
Csompi2001,2,red,arab,1,1,no,lshift,389,0
Csompi2001,2,red,arab,1,6,no,lshift,304,0
Csompi2001,2,blue,arab,1,8,no,rshift,362,0
Csompi2001,2,red,arab,1,8,no,lshift,392,0
Csompi2001,2,red,arab,1,7,no,lshift,425,0
Csompi2001,2,red,arab,1,9,no,lshift,353,0
Csompi2001,2,blue,arab,1,2,no,rshift,390,0
Csompi2001,3,red,arab,1,3,no,lshift,371,0
Csompi2001,3,blue,arab,1,1,no,rshift,389,0
Csompi2001,3,blue,arab,1,7,no,rshift,327,0
Csompi2001,3,red,arab,1,4,no,lshift,356,0
Csompi2001,3,blue,arab,1,4,no,rshift,385,0
Csompi2001,3,blue,arab,1,7,no,rshift,475,0
Csompi2001,3,red,arab,1,6,no,lshift,376,0
Csompi2001,3,red,arab,1,9,no,lshift,426,0
Csompi2001,3,blue,arab,1,8,no,rshift,475,0
Csompi2001,3,blue,arab,1,2,no,rshift,442,0
Csompi2001,3,red,arab,1,3,no,lshift,465,0
Csompi2001,3,blue,arab,1,7,no,rshift,408,0
Csompi2001,3,red,arab,1,8,no,lshift,425,0
Csompi2001,3,red,arab,1,6,no,lshift,403,0
Csompi2001,3,blue,arab,1,2,no,rshift,404,0
Csompi2001,3,red,arab,1,9,no,lshift,347,0
Csompi2001,3,red,arab,1,7,no,lshift,399,0
Csompi2001,3,blue,arab,1,9,no,rshift,377,0
Csompi2001,3,blue,arab,1,2,no,rshift,508,0
Csompi2001,3,blue,arab,1,2,no,rshift,497,0
Csompi2001,3,blue,arab,1,4,no,rshift,353,0
Csompi2001,3,blue,arab,1,4,no,rshift,370,0
Csompi2001,3,red,arab,1,8,no,lshift,427,0
Csompi2001,3,red,arab,1,6,no,lshift,398,0
Csompi2001,3,blue,arab,1,6,no,rshift,430,0
Csompi2001,3,red,arab,1,3,no,lshift,527,0
Csompi2001,3,blue,arab,0,4,no,lshift,395,0
Csompi2001,3,blue,arab,1,7,no,rshift,598,0
Csompi2001,3,red,arab,1,3,no,lshift,624,0
Csompi2001,3,blue,arab,1,2,no,rshift,351,0
Csompi2001,3,blue,arab,1,7,no,rshift,338,0
Csompi2001,3,red,arab,1,1,no,lshift,407,0
Csompi2001,3,blue,arab,1,6,no,rshift,391,0
Csompi2001,3,blue,arab,1,7,no,rshift,338,0
Csompi2001,3,red,arab,1,2,no,lshift,422,0
Csompi2001,3,blue,arab,1,7,no,rshift,405,0
Csompi2001,3,red,arab,1,3,no,lshift,416,0
Csompi2001,3,blue,arab,1,8,no,rshift,344,0
Csompi2001,3,red,arab,1,7,no,lshift,373,0
Csompi2001,3,blue,arab,1,8,no,rshift,328,0
Csompi2001,3,blue,arab,1,8,no,rshift,477,0
Csompi2001,3,blue,arab,1,4,no,rshift,347,0
Csompi2001,3,blue,arab,1,4,no,rshift,349,0
Csompi2001,3,red,arab,1,1,no,lshift,393,0
Csompi2001,3,red,arab,1,9,no,lshift,379,0
Csompi2001,3,red,arab,1,8,no,lshift,367,0
Csompi2001,3,red,arab,1,4,no,lshift,344,0
Csompi2001,3,red,arab,1,3,no,lshift,421,0
Csompi2001,3,red,arab,1,3,no,lshift,380,0
Csompi2001,3,blue,arab,1,3,no,rshift,415,0
Csompi2001,3,blue,arab,1,3,no,rshift,378,0
Csompi2001,3,red,arab,1,3,no,lshift,402,0
Csompi2001,3,blue,arab,1,9,no,rshift,397,0
Csompi2001,3,red,arab,1,8,no,lshift,486,0
Csompi2001,3,red,arab,1,8,no,lshift,403,0
Csompi2001,3,blue,arab,1,3,no,rshift,789,0
Csompi2001,3,blue,arab,1,1,no,rshift,414,0
Csompi2001,3,red,arab,1,6,no,lshift,359,0
Csompi2001,3,blue,arab,1,7,no,rshift,435,0
Csompi2001,3,blue,arab,1,8,no,rshift,386,0
Csompi2001,3,red,arab,1,2,no,lshift,395,0
Csompi2001,3,red,arab,1,1,no,lshift,541,0
Csompi2001,3,red,arab,1,2,no,lshift,377,0
Csompi2001,3,blue,arab,1,2,no,rshift,460,0
Csompi2001,3,blue,arab,1,1,no,rshift,362,0
Csompi2001,3,red,arab,1,9,no,lshift,375,0
Csompi2001,3,blue,arab,1,9,no,rshift,407,0
Csompi2001,3,blue,arab,1,8,no,rshift,338,0
Csompi2001,3,red,arab,1,4,no,lshift,366,0
Csompi2001,3,blue,arab,1,4,no,rshift,393,0
Csompi2001,3,red,arab,1,8,no,lshift,371,0
Csompi2001,3,red,arab,1,4,no,lshift,367,0
Csompi2001,3,red,arab,1,9,no,lshift,312,0
Csompi2001,3,blue,arab,1,1,no,rshift,406,0
Csompi2001,3,red,arab,1,1,no,lshift,358,0
Csompi2001,3,blue,arab,1,6,no,rshift,305,0
Csompi2001,3,blue,arab,1,1,no,rshift,367,0
Csompi2001,3,blue,arab,1,1,no,rshift,386,0
Csompi2001,3,blue,arab,1,8,no,rshift,356,0
Csompi2001,3,blue,arab,1,2,no,rshift,326,0
Csompi2001,3,blue,arab,1,3,no,rshift,346,0
Csompi2001,3,red,arab,1,3,no,lshift,456,0
Csompi2001,3,red,arab,1,8,no,lshift,350,0
Csompi2001,3,blue,arab,1,2,no,rshift,409,0
Csompi2001,3,blue,arab,1,6,no,rshift,365,0
Csompi2001,3,blue,arab,1,6,no,rshift,350,0
Csompi2001,3,red,arab,1,6,no,lshift,379,0
Csompi2001,3,red,arab,1,9,no,lshift,420,0
Csompi2001,3,red,arab,1,9,no,lshift,333,0
Csompi2001,3,blue,arab,1,1,no,rshift,393,0
Csompi2001,3,red,arab,1,7,no,lshift,490,0
Csompi2001,3,red,arab,1,7,no,lshift,344,0
Csompi2001,3,red,arab,1,4,no,lshift,372,0
Csompi2001,3,blue,arab,1,8,no,rshift,416,0
Csompi2001,3,blue,arab,1,1,no,rshift,314,0
Csompi2001,3,red,arab,1,4,no,lshift,367,0
Csompi2001,3,blue,arab,1,3,no,rshift,438,0
Csompi2001,3,red,arab,1,8,no,lshift,639,0
Csompi2001,3,red,arab,1,3,no,lshift,543,0
Csompi2001,3,red,arab,1,7,no,lshift,515,0
Csompi2001,3,blue,arab,1,1,no,rshift,456,0
Csompi2001,3,red,arab,1,6,no,lshift,344,0
Csompi2001,3,blue,arab,1,9,no,rshift,406,0
Csompi2001,3,red,arab,1,9,no,lshift,342,0
Csompi2001,3,blue,arab,1,8,no,rshift,417,0
Csompi2001,3,red,arab,1,7,no,lshift,353,0
Csompi2001,3,red,arab,1,2,no,lshift,629,0
Csompi2001,3,blue,arab,1,2,no,rshift,637,0
Csompi2001,3,blue,arab,1,3,no,rshift,348,0
Csompi2001,3,red,arab,1,2,no,lshift,345,0
Csompi2001,3,red,arab,1,4,no,lshift,3244,0
Csompi2001,3,blue,arab,1,3,no,rshift,395,0
Csompi2001,3,blue,arab,1,9,no,rshift,366,0
Csompi2001,3,red,arab,1,7,no,lshift,399,0
Csompi2001,3,blue,arab,1,3,no,rshift,376,0
Csompi2001,3,blue,arab,1,6,no,rshift,555,0
Csompi2001,3,blue,arab,1,3,no,rshift,336,0
Csompi2001,3,blue,arab,1,3,no,rshift,331,0
Csompi2001,3,red,arab,1,6,no,lshift,375,0
Csompi2001,3,blue,arab,1,6,no,rshift,482,0
Csompi2001,3,blue,arab,1,1,no,rshift,375,0
Csompi2001,3,blue,arab,1,9,no,rshift,321,0
Csompi2001,3,red,arab,1,4,no,lshift,406,0
Csompi2001,3,red,arab,0,2,no,rshift,367,0
Csompi2001,3,blue,arab,1,9,no,rshift,417,0
Csompi2001,3,blue,arab,1,9,no,rshift,418,0
Csompi2001,3,blue,arab,1,7,no,rshift,442,0
Csompi2001,3,red,arab,1,1,no,lshift,426,0
Csompi2001,3,red,arab,1,1,no,lshift,387,0
Csompi2001,3,red,arab,1,1,no,lshift,372,0
Csompi2001,3,red,arab,1,7,no,lshift,469,0
Csompi2001,3,red,arab,1,8,no,lshift,349,0
Csompi2001,3,blue,arab,1,4,no,rshift,600,0
Csompi2001,3,red,arab,1,9,no,lshift,369,0
Csompi2001,3,red,arab,1,2,no,lshift,340,0
Csompi2001,3,blue,arab,1,9,no,rshift,410,0
Csompi2001,3,red,arab,1,7,no,lshift,467,0
Csompi2001,3,red,arab,1,6,no,lshift,440,0
Csompi2001,3,blue,arab,1,8,no,rshift,375,0
Csompi2001,3,red,arab,1,1,no,lshift,402,0
Csompi2001,3,blue,arab,1,2,no,rshift,459,0
Csompi2001,3,red,arab,1,4,no,lshift,395,0
Csompi2001,3,red,arab,1,9,no,lshift,381,0
Csompi2001,3,blue,arab,1,6,no,rshift,399,0
Csompi2001,3,red,arab,1,2,no,lshift,424,0
Csompi2001,3,blue,arab,1,9,no,rshift,400,0
Csompi2001,3,red,arab,1,6,no,lshift,474,0
Csompi2001,3,red,arab,1,2,no,lshift,368,0
Csompi2001,3,red,arab,1,1,no,lshift,355,0
Csompi2001,3,red,arab,1,1,no,lshift,326,0
Csompi2001,3,red,arab,1,8,no,lshift,355,0
Csompi2001,3,blue,arab,1,6,no,rshift,344,0
Csompi2001,3,red,arab,1,6,no,lshift,362,0
Csompi2001,3,red,arab,1,7,no,lshift,325,0
Csompi2001,3,red,arab,1,4,no,lshift,344,0
Csompi2001,3,blue,arab,1,4,no,rshift,407,0
Csompi2001,3,blue,arab,1,6,no,rshift,336,0
Csompi2001,3,red,arab,1,2,no,lshift,378,0
Csompi2001,3,blue,arab,1,4,no,rshift,387,0
Csompi2001,3,blue,arab,1,7,no,rshift,334,0
Csompi2001,0,blue,classic,1,9,yes,lshift,1076,0
Csompi2001,0,blue,classic,1,6,yes,rshift,714,0
Csompi2001,0,blue,classic,1,4,yes,rshift,800,0
Csompi2001,0,blue,classic,1,3,yes,lshift,593,0
Csompi2001,0,blue,classic,0,7,yes,rshift,868,0
Csompi2001,0,blue,classic,1,2,yes,rshift,802,0
Csompi2001,0,blue,classic,1,8,yes,rshift,981,0
Csompi2001,0,blue,classic,1,1,yes,lshift,871,0
Csompi2001,1,blue,classic,1,6,yes,lshift,694,0
Csompi2001,1,blue,classic,1,1,yes,rshift,524,0
Csompi2001,1,blue,classic,1,9,yes,rshift,585,0
Csompi2001,1,blue,classic,1,3,yes,rshift,715,0
Csompi2001,1,blue,classic,1,2,yes,lshift,488,0
Csompi2001,1,blue,classic,1,4,yes,lshift,478,0
Csompi2001,1,blue,classic,1,8,yes,lshift,461,0
Csompi2001,1,blue,classic,1,7,yes,rshift,484,0
Csompi2001,2,blue,classic,1,2,no,rshift,741,0
Csompi2001,2,blue,classic,1,1,no,lshift,688,0
Csompi2001,2,blue,classic,1,9,no,lshift,943,0
Csompi2001,2,blue,classic,1,8,no,rshift,692,0
Csompi2001,2,blue,classic,1,1,no,lshift,836,0
Csompi2001,2,blue,classic,1,4,no,rshift,795,0
Csompi2001,2,blue,classic,1,9,no,lshift,590,0
Csompi2001,2,blue,classic,1,2,no,rshift,552,0
Csompi2001,2,blue,classic,1,6,no,rshift,947,0
Csompi2001,2,blue,classic,1,9,no,lshift,521,0
Csompi2001,2,blue,classic,1,6,no,rshift,749,0
Csompi2001,2,blue,classic,1,6,no,rshift,505,0
Csompi2001,2,blue,classic,1,3,no,lshift,568,0
Csompi2001,2,blue,classic,1,4,no,rshift,675,0
Csompi2001,2,blue,classic,1,8,no,rshift,666,0
Csompi2001,2,blue,classic,1,3,no,lshift,754,0
Csompi2001,2,blue,classic,1,6,no,rshift,573,0
Csompi2001,2,blue,classic,1,8,no,rshift,474,0
Csompi2001,2,blue,classic,1,4,no,rshift,561,0
Csompi2001,2,blue,classic,1,6,no,rshift,436,0
Csompi2001,2,blue,classic,1,6,no,rshift,468,0
Csompi2001,2,blue,classic,1,9,no,lshift,525,0
Csompi2001,2,blue,classic,1,8,no,rshift,536,0
Csompi2001,2,blue,classic,1,2,no,rshift,460,0
Csompi2001,2,blue,classic,1,3,no,lshift,766,0
Csompi2001,2,blue,classic,1,9,no,lshift,721,0
Csompi2001,2,blue,classic,1,8,no,rshift,622,0
Csompi2001,2,blue,classic,1,1,no,lshift,606,0
Csompi2001,2,blue,classic,1,1,no,lshift,449,0
Csompi2001,2,blue,classic,1,9,no,lshift,464,0
Csompi2001,2,blue,classic,1,6,no,rshift,544,0
Csompi2001,2,blue,classic,1,1,no,lshift,749,0
Csompi2001,2,blue,classic,1,4,no,rshift,752,0
Csompi2001,2,blue,classic,1,9,no,lshift,677,0
Csompi2001,2,blue,classic,1,9,no,lshift,459,0
Csompi2001,2,blue,classic,1,7,no,lshift,419,0
Csompi2001,2,blue,classic,1,9,no,lshift,564,0
Csompi2001,2,blue,classic,1,8,no,rshift,712,0
Csompi2001,2,blue,classic,1,6,no,rshift,670,0
Csompi2001,2,blue,classic,1,2,no,rshift,469,0
Csompi2001,2,blue,classic,1,3,no,lshift,597,0
Csompi2001,2,blue,classic,1,2,no,rshift,479,0
Csompi2001,2,blue,classic,1,9,no,lshift,541,0
Csompi2001,2,blue,classic,1,6,no,rshift,514,0
Csompi2001,2,blue,classic,1,7,no,lshift,560,0
Csompi2001,2,blue,classic,1,8,no,rshift,548,0
Csompi2001,2,blue,classic,1,1,no,lshift,537,0
Csompi2001,2,blue,classic,1,7,no,lshift,900,0
Csompi2001,2,blue,classic,1,3,no,lshift,881,0
Csompi2001,2,blue,classic,1,3,no,lshift,432,0
Csompi2001,2,blue,classic,1,6,no,rshift,602,0
Csompi2001,2,blue,classic,1,8,no,rshift,770,0
Csompi2001,2,blue,classic,1,7,no,lshift,506,0
Csompi2001,2,blue,classic,1,4,no,rshift,608,0
Csompi2001,2,blue,classic,1,7,no,lshift,715,0
Csompi2001,2,blue,classic,1,2,no,rshift,616,0
Csompi2001,2,blue,classic,1,1,no,lshift,586,0
Csompi2001,2,blue,classic,1,6,no,rshift,644,0
Csompi2001,2,blue,classic,1,1,no,lshift,494,0
Csompi2001,2,blue,classic,1,9,no,lshift,611,0
Csompi2001,2,blue,classic,1,1,no,lshift,599,0
Csompi2001,2,blue,classic,1,2,no,rshift,584,0
Csompi2001,2,blue,classic,1,4,no,rshift,506,0
Csompi2001,2,blue,classic,1,8,no,rshift,616,0
Csompi2001,2,blue,classic,1,3,no,lshift,601,0
Csompi2001,2,blue,classic,1,7,no,lshift,412,0
Csompi2001,2,blue,classic,1,4,no,rshift,509,0
Csompi2001,2,blue,classic,1,2,no,rshift,435,0
Csompi2001,2,blue,classic,1,7,no,lshift,484,0
Csompi2001,2,blue,classic,1,6,no,rshift,522,0
Csompi2001,2,blue,classic,1,9,no,lshift,535,0
Csompi2001,2,blue,classic,1,2,no,rshift,498,0
Csompi2001,2,blue,classic,1,1,no,lshift,834,0
Csompi2001,2,blue,classic,1,9,no,lshift,777,0
Csompi2001,2,blue,classic,1,7,no,lshift,635,0
Csompi2001,2,blue,classic,1,3,no,lshift,725,0
Csompi2001,2,blue,classic,1,3,no,lshift,458,0
Csompi2001,2,blue,classic,1,8,no,rshift,537,0
Csompi2001,2,blue,classic,1,3,no,lshift,614,0
Csompi2001,2,blue,classic,1,7,no,lshift,569,0
Csompi2001,2,blue,classic,1,2,no,rshift,579,0
Csompi2001,2,blue,classic,1,4,no,rshift,552,0
Csompi2001,2,blue,classic,1,4,no,rshift,530,0
Csompi2001,2,blue,classic,1,6,no,rshift,440,0
Csompi2001,2,blue,classic,1,8,no,rshift,407,0
Csompi2001,2,blue,classic,1,7,no,lshift,427,0
Csompi2001,2,blue,classic,1,8,no,rshift,578,0
Csompi2001,2,blue,classic,1,9,no,lshift,590,0
Csompi2001,2,blue,classic,1,8,no,rshift,520,0
Csompi2001,2,blue,classic,1,1,no,lshift,638,0
Csompi2001,2,blue,classic,1,4,no,rshift,502,0
Csompi2001,2,blue,classic,1,4,no,rshift,684,0
Csompi2001,2,blue,classic,1,1,no,lshift,827,0
Csompi2001,2,blue,classic,1,7,no,lshift,595,0
Csompi2001,2,blue,classic,1,2,no,rshift,631,0
Csompi2001,2,blue,classic,1,3,no,lshift,512,0
Csompi2001,2,blue,classic,1,1,no,lshift,629,0
Csompi2001,2,blue,classic,1,2,no,rshift,551,0
Csompi2001,2,blue,classic,1,6,no,rshift,596,0
Csompi2001,2,blue,classic,1,4,no,rshift,421,0
Csompi2001,2,blue,classic,1,1,no,lshift,520,0
Csompi2001,2,blue,classic,1,2,no,rshift,716,0
Csompi2001,2,blue,classic,1,3,no,lshift,738,0
Csompi2001,2,blue,classic,1,2,no,rshift,542,0
Csompi2001,2,blue,classic,1,3,no,lshift,466,0
Csompi2001,2,blue,classic,0,4,no,lshift,433,0
Csompi2001,2,blue,classic,1,7,no,lshift,571,0
Csompi2001,2,blue,classic,1,4,no,rshift,677,0
Csompi2001,2,blue,classic,1,7,no,lshift,844,0
Csompi2001,2,blue,classic,1,3,no,lshift,621,0
Csompi2001,2,blue,classic,1,7,no,lshift,438,0
Csompi2001,2,blue,classic,1,8,no,rshift,566,0
Csompi2001,3,blue,classic,1,2,no,lshift,432,0
Csompi2001,3,blue,classic,1,7,no,rshift,520,0
Csompi2001,3,blue,classic,1,8,no,lshift,494,0
Csompi2001,3,blue,classic,1,6,no,lshift,557,0
Csompi2001,3,blue,classic,1,3,no,rshift,506,0
Csompi2001,3,blue,classic,1,2,no,lshift,495,0
Csompi2001,3,blue,classic,1,6,no,lshift,519,0
Csompi2001,3,blue,classic,1,9,no,rshift,548,0
Csompi2001,3,blue,classic,1,6,no,lshift,520,0
Csompi2001,3,blue,classic,1,1,no,rshift,454,0
Csompi2001,3,blue,classic,1,2,no,lshift,622,0
Csompi2001,3,blue,classic,1,7,no,rshift,543,0
Csompi2001,3,blue,classic,1,6,no,lshift,554,0
Csompi2001,3,blue,classic,1,6,no,lshift,558,0
Csompi2001,3,blue,classic,1,8,no,lshift,451,0
Csompi2001,3,blue,classic,1,6,no,lshift,386,0
Csompi2001,3,blue,classic,1,7,no,rshift,486,0
Csompi2001,3,blue,classic,1,8,no,lshift,492,0
Csompi2001,3,blue,classic,1,3,no,rshift,536,0
Csompi2001,3,blue,classic,1,8,no,lshift,516,0
Csompi2001,3,blue,classic,1,2,no,lshift,572,0
Csompi2001,3,blue,classic,0,9,no,lshift,1,0
Csompi2001,3,blue,classic,1,4,no,lshift,584,0
Csompi2001,3,blue,classic,1,6,no,lshift,595,0
Csompi2001,3,blue,classic,1,6,no,lshift,413,0
Csompi2001,3,blue,classic,1,4,no,lshift,431,0
Csompi2001,3,blue,classic,1,3,no,rshift,554,0
Csompi2001,3,blue,classic,1,4,no,lshift,509,0
Csompi2001,3,blue,classic,1,1,no,rshift,523,0
Csompi2001,3,blue,classic,1,9,no,rshift,832,0
Csompi2001,3,blue,classic,1,4,no,lshift,546,0
Csompi2001,3,blue,classic,1,8,no,lshift,854,0
Csompi2001,3,blue,classic,1,4,no,lshift,422,0
Csompi2001,3,blue,classic,1,6,no,lshift,463,0
Csompi2001,3,blue,classic,1,7,no,rshift,536,0
Csompi2001,3,blue,classic,1,7,no,rshift,410,0
Csompi2001,3,blue,classic,1,6,no,lshift,629,0
Csompi2001,3,blue,classic,1,9,no,rshift,637,0
Csompi2001,3,blue,classic,1,6,no,lshift,485,0
Csompi2001,3,blue,classic,1,3,no,rshift,535,0
Csompi2001,3,blue,classic,1,6,no,lshift,529,0
Csompi2001,3,blue,classic,1,1,no,rshift,624,0
Csompi2001,3,blue,classic,1,9,no,rshift,569,0
Csompi2001,3,blue,classic,1,7,no,rshift,540,0
Csompi2001,3,blue,classic,1,8,no,lshift,553,0
Csompi2001,3,blue,classic,1,1,no,rshift,628,0
Csompi2001,3,blue,classic,1,1,no,rshift,477,0
Csompi2001,3,blue,classic,1,3,no,rshift,629,0
Csompi2001,3,blue,classic,1,2,no,lshift,608,0
Csompi2001,3,blue,classic,1,9,no,rshift,721,0
Csompi2001,3,blue,classic,1,9,no,rshift,397,0
Csompi2001,3,blue,classic,1,2,no,lshift,600,0
Csompi2001,3,blue,classic,1,7,no,rshift,498,0
Csompi2001,3,blue,classic,1,1,no,rshift,625,0
Csompi2001,3,blue,classic,1,8,no,lshift,530,0
Csompi2001,3,blue,classic,1,7,no,rshift,568,0
Csompi2001,3,blue,classic,1,3,no,rshift,516,0
Csompi2001,3,blue,classic,1,1,no,rshift,417,0
Csompi2001,3,blue,classic,1,9,no,rshift,555,0
Csompi2001,3,blue,classic,1,3,no,rshift,581,0
Csompi2001,3,blue,classic,1,3,no,rshift,393,0
Csompi2001,3,blue,classic,1,2,no,lshift,541,0
Csompi2001,3,blue,classic,0,4,no,rshift,528,0
Csompi2001,3,blue,classic,1,3,no,rshift,565,0
Csompi2001,3,blue,classic,1,7,no,rshift,560,0
Csompi2001,3,blue,classic,1,6,no,lshift,556,0
Csompi2001,3,blue,classic,1,1,no,rshift,872,0
Csompi2001,3,blue,classic,1,1,no,rshift,656,0
Csompi2001,3,blue,classic,1,9,no,rshift,584,0
Csompi2001,3,blue,classic,1,4,no,lshift,819,0
Csompi2001,3,blue,classic,1,1,no,rshift,522,0
Csompi2001,3,blue,classic,1,8,no,lshift,553,0
Csompi2001,3,blue,classic,1,4,no,lshift,419,0
Csompi2001,3,blue,classic,1,1,no,rshift,535,0
Csompi2001,3,blue,classic,1,4,no,lshift,601,0
Csompi2001,3,blue,classic,1,7,no,rshift,651,0
Csompi2001,3,blue,classic,1,8,no,lshift,548,0
Csompi2001,3,blue,classic,1,8,no,lshift,496,0
Csompi2001,3,blue,classic,1,8,no,lshift,477,0
Csompi2001,3,blue,classic,1,6,no,lshift,701,0
Csompi2001,3,blue,classic,1,1,no,rshift,523,0
Csompi2001,3,blue,classic,1,3,no,rshift,536,0
Csompi2001,3,blue,classic,1,7,no,rshift,444,0
Csompi2001,3,blue,classic,1,2,no,lshift,493,0
Csompi2001,3,blue,classic,1,4,no,lshift,492,0
Csompi2001,3,blue,classic,1,9,no,rshift,651,0
Csompi2001,3,blue,classic,1,2,no,lshift,603,0
Csompi2001,3,blue,classic,1,2,no,lshift,380,0
Csompi2001,3,blue,classic,1,3,no,rshift,585,0
Csompi2001,3,blue,classic,1,4,no,lshift,722,0
Csompi2001,3,blue,classic,1,3,no,rshift,656,0
Csompi2001,3,blue,classic,1,9,no,rshift,567,0
Csompi2001,3,blue,classic,0,1,no,lshift,507,0
Csompi2001,3,blue,classic,1,2,no,lshift,602,0
Csompi2001,3,blue,classic,1,8,no,lshift,514,0
Csompi2001,3,blue,classic,1,7,no,rshift,544,0
Csompi2001,3,blue,classic,1,9,no,rshift,612,0
Csompi2001,3,blue,classic,1,4,no,lshift,599,0
Csompi2001,3,blue,classic,1,1,no,rshift,753,0
Csompi2001,3,blue,classic,0,2,no,rshift,725,0
Csompi2001,3,blue,classic,1,2,no,lshift,1410,0
Csompi2001,3,blue,classic,1,8,no,lshift,582,0
Csompi2001,3,blue,classic,1,9,no,rshift,512,0
Csompi2001,3,blue,classic,1,9,no,rshift,455,0
Csompi2001,3,blue,classic,1,7,no,rshift,509,0
Csompi2001,3,blue,classic,1,3,no,rshift,643,0
Csompi2001,3,blue,classic,1,4,no,lshift,627,0
Csompi2001,3,blue,classic,1,3,no,rshift,566,0
Csompi2001,3,blue,classic,1,8,no,lshift,712,0
Csompi2001,3,blue,classic,1,2,no,lshift,470,0
Csompi2001,3,blue,classic,1,4,no,lshift,438,0
Csompi2001,3,blue,classic,1,7,no,rshift,485,0
