ID_name,block,color,condition,correct_keyboard_response,number,practice,response_keyboard_response,response_time_keyboard_response,subject_nr
szundi23,0,blue,dot,1,2,yes,lshift,817,0
szundi23,0,blue,dot,1,1,yes,lshift,438,0
szundi23,0,red,dot,1,7,yes,rshift,370,0
szundi23,0,red,dot,1,3,yes,rshift,581,0
szundi23,0,blue,dot,1,6,yes,lshift,452,0
szundi23,0,blue,dot,1,3,yes,lshift,426,0
szundi23,0,blue,dot,1,7,yes,lshift,423,0
szundi23,0,red,dot,1,4,yes,rshift,315,0
szundi23,0,blue,dot,1,8,yes,lshift,348,0
szundi23,0,red,dot,1,8,yes,rshift,351,0
szundi23,0,red,dot,1,9,yes,rshift,690,0
szundi23,0,blue,dot,1,4,yes,lshift,394,0
szundi23,0,blue,dot,1,9,yes,lshift,442,0
szundi23,0,red,dot,1,2,yes,rshift,355,0
szundi23,0,red,dot,1,1,yes,rshift,461,0
szundi23,0,red,dot,1,6,yes,rshift,394,0
szundi23,1,red,dot,1,2,no,rshift,536,0
szundi23,1,blue,dot,1,7,no,lshift,5814,0
szundi23,1,blue,dot,1,8,no,lshift,362,0
szundi23,1,red,dot,1,3,no,rshift,289,0
szundi23,1,red,dot,1,6,no,rshift,387,0
szundi23,1,red,dot,1,4,no,rshift,397,0
szundi23,1,blue,dot,1,9,no,lshift,367,0
szundi23,1,blue,dot,1,9,no,lshift,331,0
szundi23,1,red,dot,1,9,no,rshift,308,0
szundi23,1,red,dot,1,4,no,rshift,816,0
szundi23,1,red,dot,1,4,no,rshift,515,0
szundi23,1,blue,dot,1,1,no,lshift,291,0
szundi23,1,red,dot,1,4,no,rshift,367,0
szundi23,1,red,dot,1,6,no,rshift,386,0
szundi23,1,blue,dot,1,4,no,lshift,379,0
szundi23,1,blue,dot,1,4,no,lshift,338,0
szundi23,1,red,dot,1,8,no,rshift,380,0
szundi23,1,red,dot,1,7,no,rshift,424,0
szundi23,1,red,dot,1,7,no,rshift,318,0
szundi23,1,red,dot,1,2,no,rshift,464,0
szundi23,1,blue,dot,1,1,no,lshift,293,0
szundi23,1,blue,dot,1,1,no,lshift,448,0
szundi23,1,blue,dot,1,6,no,lshift,315,0
szundi23,1,red,dot,1,8,no,rshift,303,0
szundi23,1,red,dot,1,3,no,rshift,377,0
szundi23,1,blue,dot,1,8,no,lshift,337,0
szundi23,1,red,dot,1,2,no,rshift,364,0
szundi23,1,blue,dot,1,7,no,lshift,403,0
szundi23,1,blue,dot,1,1,no,lshift,435,0
szundi23,1,blue,dot,1,2,no,lshift,288,0
szundi23,1,red,dot,1,6,no,rshift,396,0
szundi23,1,blue,dot,1,6,no,lshift,421,0
szundi23,1,red,dot,1,8,no,rshift,390,0
szundi23,1,blue,dot,1,2,no,lshift,574,0
szundi23,1,blue,dot,1,6,no,lshift,365,0
szundi23,1,blue,dot,1,6,no,lshift,315,0
szundi23,1,red,dot,1,8,no,rshift,488,0
szundi23,1,blue,dot,1,7,no,lshift,379,0
szundi23,1,red,dot,1,9,no,rshift,404,0
szundi23,1,red,dot,1,4,no,rshift,319,0
szundi23,1,red,dot,1,6,no,rshift,300,0
szundi23,1,red,dot,1,4,no,rshift,247,0
szundi23,1,blue,dot,1,7,no,lshift,362,0
szundi23,1,blue,dot,1,9,no,lshift,371,0
szundi23,1,red,dot,1,3,no,rshift,344,0
szundi23,1,blue,dot,1,2,no,lshift,298,0
szundi23,1,blue,dot,1,3,no,lshift,332,0
szundi23,1,blue,dot,1,7,no,lshift,344,0
szundi23,1,blue,dot,1,4,no,lshift,292,0
szundi23,1,red,dot,1,3,no,rshift,358,0
szundi23,1,blue,dot,1,9,no,lshift,428,0
szundi23,1,blue,dot,1,3,no,lshift,487,0
szundi23,1,red,dot,1,9,no,rshift,357,0
szundi23,1,blue,dot,1,6,no,lshift,377,0
szundi23,1,blue,dot,1,4,no,lshift,456,0
szundi23,1,blue,dot,1,9,no,lshift,306,0
szundi23,1,red,dot,0,4,no,lshift,204,0
szundi23,1,red,dot,1,9,no,rshift,326,0
szundi23,1,red,dot,1,1,no,rshift,368,0
szundi23,1,blue,dot,1,7,no,lshift,567,0
szundi23,1,blue,dot,1,4,no,lshift,360,0
szundi23,1,red,dot,1,6,no,rshift,300,0
szundi23,1,red,dot,1,9,no,rshift,336,0
szundi23,1,red,dot,1,1,no,rshift,383,0
szundi23,1,red,dot,1,1,no,rshift,394,0
szundi23,1,red,dot,1,1,no,rshift,366,0
szundi23,1,red,dot,1,9,no,rshift,5660,0
szundi23,1,red,dot,1,3,no,rshift,10173,0
szundi23,1,blue,dot,1,8,no,lshift,1327,0
szundi23,1,blue,dot,1,8,no,lshift,504,0
szundi23,1,red,dot,1,2,no,rshift,458,0
szundi23,1,red,dot,1,1,no,rshift,2063,0
szundi23,1,blue,dot,1,2,no,lshift,438,0
szundi23,1,blue,dot,1,3,no,lshift,439,0
szundi23,1,blue,dot,1,7,no,lshift,405,0
szundi23,1,red,dot,1,4,no,rshift,380,0
szundi23,1,red,dot,1,9,no,rshift,393,0
szundi23,1,red,dot,1,7,no,rshift,332,0
szundi23,1,blue,dot,1,8,no,lshift,380,0
szundi23,1,red,dot,1,8,no,rshift,1076,0
szundi23,1,red,dot,1,7,no,rshift,1134,0
szundi23,1,red,dot,1,3,no,rshift,855,0
szundi23,1,red,dot,1,8,no,rshift,530,0
szundi23,1,blue,dot,1,1,no,lshift,910,0
szundi23,1,red,dot,1,1,no,rshift,382,0
szundi23,1,red,dot,1,2,no,rshift,415,0
szundi23,1,blue,dot,1,4,no,lshift,391,0
szundi23,1,red,dot,1,2,no,rshift,371,0
szundi23,1,blue,dot,1,6,no,lshift,510,0
szundi23,1,blue,dot,1,3,no,lshift,470,0
szundi23,1,red,dot,1,7,no,rshift,392,0
szundi23,1,blue,dot,1,7,no,lshift,521,0
szundi23,1,red,dot,1,8,no,rshift,402,0
szundi23,1,blue,dot,1,4,no,lshift,381,0
szundi23,1,red,dot,1,6,no,rshift,416,0
szundi23,1,blue,dot,1,3,no,lshift,615,0
szundi23,1,blue,dot,1,3,no,lshift,347,0
szundi23,1,blue,dot,1,1,no,lshift,342,0
szundi23,1,blue,dot,1,6,no,lshift,377,0
szundi23,1,blue,dot,1,2,no,lshift,398,0
szundi23,1,red,dot,1,8,no,rshift,3797,0
szundi23,1,red,dot,1,8,no,rshift,372,0
szundi23,1,red,dot,1,4,no,rshift,246,0
szundi23,1,blue,dot,1,2,no,lshift,388,0
szundi23,1,blue,dot,1,2,no,lshift,564,0
szundi23,1,blue,dot,1,4,no,lshift,268,0
szundi23,1,blue,dot,1,2,no,lshift,310,0
szundi23,1,red,dot,1,3,no,rshift,463,0
szundi23,1,red,dot,1,7,no,rshift,408,0
szundi23,1,red,dot,1,7,no,rshift,377,0
szundi23,1,red,dot,1,2,no,rshift,362,0
szundi23,1,red,dot,1,1,no,rshift,343,0
szundi23,1,red,dot,1,6,no,rshift,7820,0
szundi23,1,blue,dot,1,1,no,lshift,380,0
szundi23,1,red,dot,1,7,no,rshift,352,0
szundi23,1,blue,dot,1,9,no,lshift,451,0
szundi23,1,blue,dot,1,1,no,lshift,580,0
szundi23,1,blue,dot,1,2,no,lshift,354,0
szundi23,1,red,dot,1,9,no,rshift,479,0
szundi23,1,red,dot,1,6,no,rshift,378,0
szundi23,1,red,dot,1,1,no,rshift,376,0
szundi23,1,red,dot,1,4,no,rshift,422,0
szundi23,1,blue,dot,1,9,no,lshift,432,0
szundi23,1,blue,dot,1,4,no,lshift,589,0
szundi23,1,red,dot,1,3,no,rshift,863,0
szundi23,1,blue,dot,1,8,no,lshift,466,0
szundi23,1,red,dot,1,2,no,rshift,396,0
szundi23,1,red,dot,1,3,no,rshift,419,0
szundi23,1,red,dot,1,9,no,rshift,320,0
szundi23,1,blue,dot,1,6,no,lshift,438,0
szundi23,1,blue,dot,1,7,no,lshift,492,0
szundi23,1,red,dot,1,8,no,rshift,419,0
szundi23,1,blue,dot,1,9,no,lshift,1093,0
szundi23,1,blue,dot,1,1,no,lshift,946,0
szundi23,1,blue,dot,1,1,no,lshift,441,0
szundi23,1,red,dot,1,6,no,rshift,406,0
szundi23,1,blue,dot,1,8,no,lshift,529,0
szundi23,1,blue,dot,1,7,no,lshift,379,0
szundi23,1,blue,dot,1,8,no,lshift,231,0
szundi23,1,red,dot,1,1,no,rshift,546,0
szundi23,1,blue,dot,1,4,no,lshift,528,0
szundi23,1,red,dot,1,7,no,rshift,362,0
szundi23,1,red,dot,1,9,no,rshift,396,0
szundi23,1,blue,dot,1,9,no,lshift,507,0
szundi23,1,red,dot,1,6,no,rshift,619,0
szundi23,1,red,dot,1,1,no,rshift,1262,0
szundi23,1,blue,dot,1,3,no,lshift,699,0
szundi23,1,blue,dot,1,6,no,lshift,984,0
szundi23,1,blue,dot,1,6,no,lshift,507,0
szundi23,1,blue,dot,0,3,no,rshift,814,0
szundi23,1,red,dot,1,2,no,rshift,374,0
szundi23,1,red,dot,1,3,no,rshift,343,0
szundi23,1,blue,dot,1,8,no,lshift,414,0
szundi23,1,blue,dot,1,3,no,lshift,459,0
szundi23,1,red,dot,1,2,no,rshift,424,0
szundi23,1,blue,dot,1,2,no,lshift,660,0
szundi23,1,blue,dot,1,8,no,lshift,367,0
szundi23,1,blue,dot,1,9,no,lshift,392,0
szundi23,1,red,dot,0,7,no,lshift,75,0
szundi23,1,blue,dot,1,3,no,lshift,2390,0
szundi23,2,blue,dot,1,4,no,lshift,656,0
szundi23,2,red,dot,1,3,no,rshift,423,0
szundi23,2,blue,dot,0,6,no,rshift,271,0
szundi23,2,red,dot,1,8,no,rshift,392,0
szundi23,2,red,dot,1,3,no,rshift,415,0
szundi23,2,blue,dot,1,7,no,lshift,409,0
szundi23,2,blue,dot,1,3,no,lshift,428,0
szundi23,2,blue,dot,1,9,no,lshift,337,0
szundi23,2,blue,dot,1,6,no,lshift,412,0
szundi23,2,red,dot,1,7,no,rshift,482,0
szundi23,2,blue,dot,1,4,no,lshift,747,0
szundi23,2,blue,dot,1,2,no,lshift,351,0
szundi23,2,blue,dot,1,7,no,lshift,361,0
szundi23,2,red,dot,1,4,no,rshift,636,0
szundi23,2,blue,dot,1,3,no,lshift,436,0
szundi23,2,blue,dot,1,1,no,lshift,329,0
szundi23,2,blue,dot,1,8,no,lshift,451,0
szundi23,2,red,dot,1,1,no,rshift,441,0
szundi23,2,blue,dot,1,3,no,lshift,412,0
szundi23,2,blue,dot,1,7,no,lshift,456,0
szundi23,2,blue,dot,1,7,no,lshift,412,0
szundi23,2,red,dot,1,9,no,rshift,547,0
szundi23,2,red,dot,1,2,no,rshift,355,0
szundi23,2,blue,dot,1,1,no,lshift,387,0
szundi23,2,red,dot,1,6,no,rshift,415,0
szundi23,2,red,dot,1,8,no,rshift,388,0
szundi23,2,blue,dot,1,3,no,lshift,431,0
szundi23,2,red,dot,0,6,no,lshift,320,0
szundi23,2,blue,dot,1,6,no,lshift,489,0
szundi23,2,red,dot,1,1,no,rshift,746,0
szundi23,2,red,dot,1,3,no,rshift,283,0
szundi23,2,red,dot,1,2,no,rshift,305,0
szundi23,2,blue,dot,1,9,no,lshift,382,0
szundi23,2,blue,dot,1,9,no,lshift,436,0
szundi23,2,red,dot,1,8,no,rshift,420,0
szundi23,2,blue,dot,1,9,no,lshift,394,0
szundi23,2,red,dot,1,7,no,rshift,399,0
szundi23,2,red,dot,1,8,no,rshift,530,0
szundi23,2,red,dot,1,7,no,rshift,526,0
szundi23,2,blue,dot,1,6,no,lshift,410,0
szundi23,2,blue,dot,1,3,no,lshift,330,0
szundi23,2,blue,dot,0,7,no,rshift,444,0
szundi23,2,blue,dot,1,7,no,lshift,633,0
szundi23,2,blue,dot,1,1,no,lshift,743,0
szundi23,2,blue,dot,1,3,no,lshift,531,0
szundi23,2,red,dot,1,7,no,rshift,800,0
szundi23,2,red,dot,1,8,no,rshift,345,0
szundi23,2,red,dot,1,6,no,rshift,469,0
szundi23,2,red,dot,1,4,no,rshift,423,0
szundi23,2,red,dot,1,8,no,rshift,558,0
szundi23,2,blue,dot,1,8,no,lshift,1428,0
szundi23,2,blue,dot,1,2,no,lshift,330,0
szundi23,2,blue,dot,1,9,no,lshift,295,0
szundi23,2,red,dot,0,6,no,lshift,225,0
szundi23,2,red,dot,1,3,no,rshift,317,0
szundi23,2,blue,dot,1,9,no,lshift,426,0
szundi23,2,blue,dot,1,1,no,lshift,658,0
szundi23,2,red,dot,1,3,no,rshift,724,0
szundi23,2,red,dot,1,2,no,rshift,334,0
szundi23,2,blue,dot,1,6,no,lshift,395,0
szundi23,2,red,dot,1,4,no,rshift,454,0
szundi23,2,red,dot,1,6,no,rshift,357,0
szundi23,2,red,dot,1,8,no,rshift,381,0
szundi23,2,red,dot,1,2,no,rshift,507,0
szundi23,2,blue,dot,1,2,no,lshift,362,0
szundi23,2,blue,dot,1,4,no,lshift,422,0
szundi23,2,red,dot,1,4,no,rshift,483,0
szundi23,2,red,dot,1,6,no,rshift,401,0
szundi23,2,red,dot,1,2,no,rshift,426,0
szundi23,2,red,dot,1,3,no,rshift,525,0
szundi23,2,red,dot,1,3,no,rshift,452,0
szundi23,2,blue,dot,1,8,no,lshift,1282,0
szundi23,2,blue,dot,1,2,no,lshift,342,0
szundi23,2,blue,dot,1,9,no,lshift,357,0
szundi23,2,red,dot,1,1,no,rshift,524,0
szundi23,2,red,dot,1,2,no,rshift,609,0
szundi23,2,red,dot,1,1,no,rshift,411,0
szundi23,2,red,dot,1,8,no,rshift,466,0
szundi23,2,red,dot,1,7,no,rshift,375,0
szundi23,2,red,dot,1,9,no,rshift,1908,0
szundi23,2,red,dot,1,9,no,rshift,352,0
szundi23,2,blue,dot,1,6,no,lshift,384,0
szundi23,2,red,dot,1,1,no,rshift,392,0
szundi23,2,red,dot,1,8,no,rshift,373,0
szundi23,2,blue,dot,1,1,no,lshift,379,0
szundi23,2,red,dot,1,8,no,rshift,596,0
szundi23,2,blue,dot,1,6,no,lshift,406,0
szundi23,2,red,dot,1,1,no,rshift,622,0
szundi23,2,red,dot,1,7,no,rshift,410,0
szundi23,2,blue,dot,1,7,no,lshift,507,0
szundi23,2,red,dot,1,1,no,rshift,558,0
szundi23,2,blue,dot,1,3,no,lshift,403,0
szundi23,2,blue,dot,1,7,no,lshift,404,0
szundi23,2,red,dot,1,1,no,rshift,561,0
szundi23,2,blue,dot,1,1,no,lshift,452,0
szundi23,2,blue,dot,1,2,no,lshift,940,0
szundi23,2,red,dot,1,2,no,rshift,483,0
szundi23,2,blue,dot,1,1,no,lshift,634,0
szundi23,2,red,dot,1,9,no,rshift,463,0
szundi23,2,blue,dot,1,3,no,lshift,459,0
szundi23,2,blue,dot,1,6,no,lshift,660,0
szundi23,2,red,dot,1,6,no,rshift,390,0
szundi23,2,blue,dot,1,4,no,lshift,401,0
szundi23,2,blue,dot,1,9,no,lshift,409,0
szundi23,2,blue,dot,1,4,no,lshift,389,0
szundi23,2,red,dot,1,2,no,rshift,464,0
szundi23,2,blue,dot,1,4,no,lshift,409,0
szundi23,2,blue,dot,1,8,no,lshift,389,0
szundi23,2,red,dot,1,9,no,rshift,587,0
szundi23,2,blue,dot,1,2,no,lshift,349,0
szundi23,2,blue,dot,1,8,no,lshift,613,0
szundi23,2,blue,dot,1,4,no,lshift,659,0
szundi23,2,blue,dot,1,6,no,lshift,2290,0
szundi23,2,blue,dot,1,2,no,lshift,364,0
szundi23,2,red,dot,1,9,no,rshift,431,0
szundi23,2,red,dot,1,6,no,rshift,331,0
szundi23,2,blue,dot,1,4,no,lshift,451,0
szundi23,2,blue,dot,1,8,no,lshift,588,0
szundi23,2,blue,dot,1,3,no,lshift,580,0
szundi23,2,blue,dot,1,9,no,lshift,1032,0
szundi23,2,blue,dot,1,1,no,lshift,311,0
szundi23,2,blue,dot,1,4,no,lshift,1085,0
szundi23,2,blue,dot,1,3,no,lshift,316,0
szundi23,2,blue,dot,1,8,no,lshift,307,0
szundi23,2,blue,dot,1,1,no,lshift,305,0
szundi23,2,red,dot,1,4,no,rshift,419,0
szundi23,2,red,dot,1,9,no,rshift,372,0
szundi23,2,blue,dot,1,2,no,lshift,447,0
szundi23,2,blue,dot,1,7,no,lshift,627,0
szundi23,2,red,dot,1,9,no,rshift,608,0
szundi23,2,red,dot,1,9,no,rshift,365,0
szundi23,2,red,dot,1,4,no,rshift,392,0
szundi23,2,blue,dot,1,9,no,lshift,406,0
szundi23,2,blue,dot,1,8,no,lshift,327,0
szundi23,2,red,dot,0,3,no,lshift,251,0
szundi23,2,blue,dot,1,8,no,lshift,465,0
szundi23,2,red,dot,1,4,no,rshift,443,0
szundi23,2,red,dot,1,4,no,rshift,436,0
szundi23,2,red,dot,1,9,no,rshift,490,0
szundi23,2,blue,dot,1,4,no,lshift,1338,0
szundi23,2,red,dot,1,4,no,rshift,551,0
szundi23,2,blue,dot,1,1,no,lshift,525,0
szundi23,2,red,dot,1,4,no,rshift,547,0
szundi23,2,red,dot,1,7,no,rshift,616,0
szundi23,2,red,dot,1,7,no,rshift,347,0
szundi23,2,blue,dot,1,6,no,lshift,416,0
szundi23,2,red,dot,1,3,no,rshift,545,0
szundi23,2,red,dot,1,1,no,rshift,353,0
szundi23,2,red,dot,1,3,no,rshift,490,0
szundi23,2,red,dot,1,6,no,rshift,1043,0
szundi23,2,red,dot,1,6,no,rshift,387,0
szundi23,2,red,dot,1,7,no,rshift,364,0
szundi23,2,red,dot,1,7,no,rshift,419,0
szundi23,2,blue,dot,1,2,no,lshift,674,0
szundi23,2,blue,dot,1,7,no,lshift,573,0
szundi23,2,red,dot,1,2,no,rshift,459,0
szundi23,2,blue,dot,1,2,no,lshift,876,0
szundi23,2,red,dot,1,2,no,rshift,454,0
szundi23,2,blue,dot,1,8,no,lshift,505,0
szundi23,2,red,dot,1,1,no,rshift,368,0
szundi23,3,blue,dot,1,9,no,lshift,1239,0
szundi23,3,blue,dot,1,8,no,lshift,294,0
szundi23,3,red,dot,0,1,no,lshift,248,0
szundi23,3,red,dot,1,3,no,rshift,296,0
szundi23,3,red,dot,1,6,no,rshift,1036,0
szundi23,3,blue,dot,1,7,no,lshift,541,0
szundi23,3,red,dot,1,8,no,rshift,690,0
szundi23,3,blue,dot,1,4,no,lshift,553,0
szundi23,3,blue,dot,1,3,no,lshift,477,0
szundi23,3,blue,dot,1,6,no,lshift,1189,0
szundi23,3,red,dot,1,7,no,rshift,1907,0
szundi23,3,red,dot,1,2,no,rshift,386,0
szundi23,3,blue,dot,0,7,no,rshift,736,0
szundi23,3,red,dot,0,3,no,lshift,804,0
szundi23,3,red,dot,1,9,no,rshift,1387,0
szundi23,3,red,dot,1,4,no,rshift,848,0
szundi23,3,red,dot,1,3,no,rshift,510,0
szundi23,3,red,dot,1,7,no,rshift,1889,0
szundi23,3,red,dot,1,4,no,rshift,260,0
szundi23,3,blue,dot,1,3,no,lshift,2730,0
szundi23,3,blue,dot,1,1,no,lshift,946,0
szundi23,3,blue,dot,1,1,no,lshift,811,0
szundi23,3,red,dot,1,1,no,rshift,1124,0
szundi23,3,blue,dot,1,9,no,lshift,875,0
szundi23,3,blue,dot,1,2,no,lshift,298,0
szundi23,3,red,dot,0,7,no,lshift,248,0
szundi23,3,red,dot,0,3,no,lshift,345,0
szundi23,3,blue,dot,1,3,no,lshift,419,0
szundi23,3,blue,dot,1,1,no,lshift,267,0
szundi23,3,blue,dot,1,9,no,lshift,320,0
szundi23,3,blue,dot,1,6,no,lshift,323,0
szundi23,3,red,dot,1,3,no,rshift,577,0
szundi23,3,blue,dot,1,2,no,lshift,851,0
szundi23,3,blue,dot,1,7,no,lshift,323,0
szundi23,3,blue,dot,1,1,no,lshift,352,0
szundi23,3,red,dot,1,4,no,rshift,368,0
szundi23,3,red,dot,1,6,no,rshift,921,0
szundi23,3,red,dot,1,9,no,rshift,420,0
szundi23,3,blue,dot,1,2,no,lshift,937,0
szundi23,3,red,dot,1,7,no,rshift,457,0
szundi23,3,blue,dot,1,8,no,lshift,386,0
szundi23,3,red,dot,1,4,no,rshift,423,0
szundi23,3,blue,dot,1,4,no,lshift,823,0
szundi23,3,blue,dot,1,6,no,lshift,317,0
szundi23,3,blue,dot,1,3,no,lshift,3445,0
szundi23,3,red,dot,1,6,no,rshift,3232,0
szundi23,3,red,dot,1,1,no,rshift,1506,0
szundi23,3,blue,dot,1,7,no,lshift,541,0
szundi23,3,red,dot,1,6,no,rshift,922,0
szundi23,3,red,dot,1,1,no,rshift,450,0
szundi23,3,red,dot,1,7,no,rshift,1182,0
szundi23,3,red,dot,1,4,no,rshift,483,0
szundi23,3,blue,dot,1,1,no,lshift,519,0
szundi23,3,blue,dot,1,4,no,lshift,540,0
szundi23,3,red,dot,1,1,no,rshift,737,0
szundi23,3,red,dot,1,9,no,rshift,405,0
szundi23,3,blue,dot,1,9,no,lshift,535,0
szundi23,3,blue,dot,1,3,no,lshift,310,0
szundi23,3,red,dot,1,6,no,rshift,539,0
szundi23,3,blue,dot,0,8,no,rshift,920,0
szundi23,3,blue,dot,1,4,no,lshift,403,0
szundi23,3,red,dot,1,7,no,rshift,420,0
szundi23,3,red,dot,1,9,no,rshift,357,0
szundi23,3,blue,dot,1,6,no,lshift,387,0
szundi23,3,blue,dot,1,2,no,lshift,368,0
szundi23,3,red,dot,1,9,no,rshift,427,0
szundi23,3,blue,dot,1,2,no,lshift,411,0
szundi23,3,red,dot,1,6,no,rshift,408,0
szundi23,3,red,dot,1,3,no,rshift,412,0
szundi23,3,red,dot,1,6,no,rshift,456,0
szundi23,3,red,dot,1,8,no,rshift,565,0
szundi23,3,blue,dot,1,6,no,lshift,1146,0
szundi23,3,blue,dot,1,1,no,lshift,739,0
szundi23,3,red,dot,1,9,no,rshift,519,0
szundi23,3,red,dot,1,2,no,rshift,492,0
szundi23,3,red,dot,1,7,no,rshift,596,0
szundi23,3,red,dot,1,6,no,rshift,1123,0
szundi23,3,blue,dot,1,9,no,lshift,808,0
szundi23,3,red,dot,1,7,no,rshift,1284,0
szundi23,3,blue,dot,1,4,no,lshift,991,0
szundi23,3,red,dot,1,8,no,rshift,442,0
szundi23,3,blue,dot,1,4,no,lshift,575,0
szundi23,3,red,dot,1,2,no,rshift,1101,0
szundi23,3,red,dot,1,8,no,rshift,663,0
szundi23,3,blue,dot,1,9,no,lshift,942,0
szundi23,3,red,dot,1,7,no,rshift,639,0
szundi23,3,red,dot,1,3,no,rshift,999,0
szundi23,3,blue,dot,1,7,no,lshift,492,0
szundi23,3,blue,dot,1,7,no,lshift,499,0
szundi23,3,red,dot,1,9,no,rshift,526,0
szundi23,3,blue,dot,1,3,no,lshift,528,0
szundi23,3,blue,dot,1,6,no,lshift,359,0
szundi23,3,red,dot,1,4,no,rshift,413,0
szundi23,3,red,dot,1,4,no,rshift,777,0
szundi23,3,red,dot,1,4,no,rshift,360,0
szundi23,3,blue,dot,1,6,no,lshift,636,0
szundi23,3,blue,dot,1,8,no,lshift,374,0
szundi23,3,blue,dot,1,7,no,lshift,1326,0
szundi23,3,red,dot,1,1,no,rshift,2658,0
szundi23,3,blue,dot,1,3,no,lshift,1116,0
szundi23,3,red,dot,1,4,no,rshift,1283,0
szundi23,3,blue,dot,1,9,no,lshift,2265,0
szundi23,3,red,dot,1,1,no,rshift,632,0
szundi23,3,blue,dot,1,2,no,lshift,1428,0
szundi23,3,red,dot,1,3,no,rshift,362,0
szundi23,3,red,dot,1,2,no,rshift,391,0
szundi23,3,blue,dot,1,9,no,lshift,529,0
szundi23,3,blue,dot,1,4,no,lshift,1530,0
szundi23,3,blue,dot,1,7,no,lshift,323,0
szundi23,3,red,dot,1,8,no,rshift,434,0
szundi23,3,red,dot,1,8,no,rshift,518,0
szundi23,3,red,dot,1,1,no,rshift,634,0
szundi23,3,blue,dot,1,1,no,lshift,523,0
szundi23,3,blue,dot,1,4,no,lshift,1892,0
szundi23,3,blue,dot,1,8,no,lshift,802,0
szundi23,3,red,dot,1,1,no,rshift,519,0
szundi23,3,red,dot,1,1,no,rshift,395,0
szundi23,3,blue,dot,1,9,no,lshift,386,0
szundi23,3,blue,dot,1,1,no,lshift,505,0
szundi23,3,blue,dot,1,3,no,lshift,399,0
szundi23,3,red,dot,1,8,no,rshift,585,0
szundi23,3,blue,dot,1,6,no,lshift,464,0
szundi23,3,blue,dot,1,7,no,lshift,346,0
szundi23,3,blue,dot,1,8,no,lshift,877,0
szundi23,3,blue,dot,1,8,no,lshift,639,0
szundi23,3,blue,dot,1,7,no,lshift,588,0
szundi23,3,blue,dot,1,1,no,lshift,1146,0
szundi23,3,red,dot,1,2,no,rshift,619,0
szundi23,3,blue,dot,1,3,no,lshift,395,0
szundi23,3,red,dot,1,8,no,rshift,609,0
szundi23,3,blue,dot,1,1,no,lshift,978,0
szundi23,3,red,dot,1,2,no,rshift,391,0
szundi23,3,red,dot,1,9,no,rshift,388,0
szundi23,3,red,dot,1,2,no,rshift,368,0
szundi23,3,blue,dot,1,2,no,lshift,415,0
szundi23,3,red,dot,1,9,no,rshift,468,0
szundi23,3,red,dot,1,7,no,rshift,559,0
szundi23,3,red,dot,1,9,no,rshift,413,0
szundi23,3,blue,dot,1,2,no,lshift,493,0
szundi23,3,blue,dot,0,8,no,rshift,595,0
szundi23,3,red,dot,1,6,no,rshift,336,0
szundi23,3,blue,dot,1,4,no,lshift,487,0
szundi23,3,blue,dot,1,2,no,lshift,322,0
szundi23,3,red,dot,1,8,no,rshift,410,0
szundi23,3,blue,dot,1,8,no,lshift,412,0
szundi23,3,red,dot,1,2,no,rshift,441,0
szundi23,3,blue,dot,1,8,no,lshift,384,0
szundi23,3,blue,dot,1,6,no,lshift,437,0
szundi23,3,blue,dot,1,9,no,lshift,265,0
szundi23,3,red,dot,1,3,no,rshift,407,0
szundi23,3,red,dot,1,2,no,rshift,308,0
szundi23,3,red,dot,1,4,no,rshift,344,0
szundi23,3,blue,dot,1,6,no,lshift,416,0
szundi23,3,blue,dot,1,2,no,lshift,887,0
szundi23,3,red,dot,1,2,no,rshift,404,0
szundi23,3,blue,dot,1,4,no,lshift,679,0
szundi23,3,blue,dot,1,3,no,lshift,441,0
szundi23,3,red,dot,1,8,no,rshift,400,0
szundi23,3,red,dot,1,6,no,rshift,545,0
szundi23,3,red,dot,1,3,no,rshift,1072,0
szundi23,0,red,arab,1,6,yes,rshift,2032,0
szundi23,0,blue,arab,1,7,yes,lshift,430,0
szundi23,0,blue,arab,1,8,yes,lshift,468,0
szundi23,0,blue,arab,1,9,yes,lshift,345,0
szundi23,0,blue,arab,1,2,yes,lshift,295,0
szundi23,0,blue,arab,1,3,yes,lshift,301,0
szundi23,0,red,arab,1,9,yes,rshift,5709,0
szundi23,0,red,arab,1,8,yes,rshift,566,0
szundi23,0,blue,arab,1,6,yes,lshift,303,0
szundi23,0,red,arab,1,1,yes,rshift,429,0
szundi23,0,red,arab,1,7,yes,rshift,342,0
szundi23,0,blue,arab,1,4,yes,lshift,349,0
szundi23,0,red,arab,1,2,yes,rshift,399,0
szundi23,0,blue,arab,1,1,yes,lshift,325,0
szundi23,0,red,arab,1,4,yes,rshift,335,0
szundi23,0,red,arab,1,3,yes,rshift,327,0
szundi23,1,red,arab,0,9,no,lshift,527,0
szundi23,1,red,arab,1,4,no,rshift,303,0
szundi23,1,blue,arab,1,7,no,lshift,303,0
szundi23,1,red,arab,1,4,no,rshift,437,0
szundi23,1,red,arab,1,6,no,rshift,282,0
szundi23,1,red,arab,1,3,no,rshift,156,0
szundi23,1,red,arab,1,2,no,rshift,216,0
szundi23,1,blue,arab,1,1,no,lshift,352,0
szundi23,1,blue,arab,1,2,no,lshift,271,0
szundi23,1,red,arab,1,3,no,rshift,351,0
szundi23,1,blue,arab,1,9,no,lshift,651,0
szundi23,1,blue,arab,1,4,no,lshift,574,0
szundi23,1,blue,arab,1,8,no,lshift,447,0
szundi23,1,red,arab,1,4,no,rshift,392,0
szundi23,1,blue,arab,1,9,no,lshift,356,0
szundi23,1,blue,arab,1,6,no,lshift,380,0
szundi23,1,blue,arab,1,1,no,lshift,198,0
szundi23,1,red,arab,1,7,no,rshift,548,0
szundi23,1,blue,arab,1,7,no,lshift,526,0
szundi23,1,blue,arab,1,1,no,lshift,1200,0
szundi23,1,red,arab,1,6,no,rshift,498,0
szundi23,1,blue,arab,1,2,no,lshift,415,0
szundi23,1,red,arab,1,8,no,rshift,463,0
szundi23,1,red,arab,1,8,no,rshift,330,0
szundi23,1,red,arab,1,8,no,rshift,290,0
szundi23,1,blue,arab,1,8,no,lshift,572,0
szundi23,1,red,arab,0,9,no,lshift,414,0
szundi23,1,blue,arab,1,6,no,lshift,432,0
szundi23,1,red,arab,1,6,no,rshift,368,0
szundi23,1,blue,arab,1,4,no,lshift,331,0
szundi23,1,blue,arab,1,2,no,lshift,337,0
szundi23,1,red,arab,1,3,no,rshift,461,0
szundi23,1,blue,arab,1,7,no,lshift,388,0
szundi23,1,red,arab,1,3,no,rshift,411,0
szundi23,1,blue,arab,1,2,no,lshift,475,0
szundi23,1,red,arab,1,1,no,rshift,584,0
szundi23,1,blue,arab,1,3,no,lshift,424,0
szundi23,1,red,arab,1,9,no,rshift,382,0
szundi23,1,blue,arab,1,9,no,lshift,377,0
szundi23,1,red,arab,1,8,no,rshift,396,0
szundi23,1,red,arab,1,8,no,rshift,352,0
szundi23,1,blue,arab,1,7,no,lshift,340,0
szundi23,1,red,arab,1,1,no,rshift,400,0
szundi23,1,red,arab,1,3,no,rshift,344,0
szundi23,1,blue,arab,1,6,no,lshift,509,0
szundi23,1,red,arab,1,6,no,rshift,413,0
szundi23,1,blue,arab,1,9,no,lshift,422,0
szundi23,1,blue,arab,1,7,no,lshift,478,0
szundi23,1,blue,arab,1,2,no,lshift,350,0
szundi23,1,blue,arab,1,2,no,lshift,348,0
szundi23,1,blue,arab,1,6,no,lshift,354,0
szundi23,1,red,arab,1,9,no,rshift,5104,0
szundi23,1,blue,arab,1,6,no,lshift,367,0
szundi23,1,blue,arab,0,3,no,rshift,618,0
szundi23,1,red,arab,0,2,no,lshift,421,0
szundi23,1,red,arab,1,9,no,rshift,528,0
szundi23,1,blue,arab,1,2,no,lshift,391,0
szundi23,1,blue,arab,1,4,no,lshift,520,0
szundi23,1,red,arab,1,7,no,rshift,430,0
szundi23,1,blue,arab,1,4,no,lshift,450,0
szundi23,1,blue,arab,1,9,no,lshift,443,0
szundi23,1,blue,arab,1,4,no,lshift,505,0
szundi23,1,red,arab,1,6,no,rshift,410,0
szundi23,1,red,arab,1,4,no,rshift,376,0
szundi23,1,red,arab,1,6,no,rshift,341,0
szundi23,1,blue,arab,1,2,no,lshift,292,0
szundi23,1,red,arab,1,7,no,rshift,466,0
szundi23,1,blue,arab,1,3,no,lshift,497,0
szundi23,1,blue,arab,1,1,no,lshift,345,0
szundi23,1,blue,arab,1,2,no,lshift,464,0
szundi23,1,blue,arab,1,8,no,lshift,322,0
szundi23,1,blue,arab,1,1,no,lshift,345,0
szundi23,1,blue,arab,1,7,no,lshift,839,0
szundi23,1,blue,arab,1,4,no,lshift,298,0
szundi23,1,blue,arab,1,8,no,lshift,372,0
szundi23,1,red,arab,1,2,no,rshift,432,0
szundi23,1,red,arab,1,9,no,rshift,386,0
szundi23,1,red,arab,1,1,no,rshift,472,0
szundi23,1,red,arab,1,2,no,rshift,558,0
szundi23,1,blue,arab,1,8,no,lshift,486,0
szundi23,1,blue,arab,1,1,no,lshift,634,0
szundi23,1,red,arab,1,8,no,rshift,484,0
szundi23,1,blue,arab,1,9,no,lshift,657,0
szundi23,1,blue,arab,1,6,no,lshift,446,0
szundi23,1,blue,arab,1,9,no,lshift,258,0
szundi23,1,red,arab,0,8,no,lshift,287,0
szundi23,1,red,arab,1,7,no,rshift,339,0
szundi23,1,red,arab,1,6,no,rshift,303,0
szundi23,1,red,arab,1,1,no,rshift,290,0
szundi23,1,red,arab,1,1,no,rshift,280,0
szundi23,1,red,arab,1,1,no,rshift,240,0
szundi23,1,blue,arab,1,3,no,lshift,669,0
szundi23,1,blue,arab,1,3,no,lshift,350,0
szundi23,1,red,arab,1,8,no,rshift,286,0
szundi23,1,blue,arab,0,8,no,rshift,328,0
szundi23,1,blue,arab,1,9,no,lshift,483,0
szundi23,1,red,arab,1,9,no,rshift,402,0
szundi23,1,red,arab,1,7,no,rshift,299,0
szundi23,1,blue,arab,1,7,no,lshift,528,0
szundi23,1,blue,arab,0,3,no,rshift,604,0
szundi23,1,red,arab,1,4,no,rshift,516,0
szundi23,1,blue,arab,1,8,no,lshift,559,0
szundi23,1,red,arab,1,2,no,rshift,418,0
szundi23,1,blue,arab,1,8,no,lshift,819,0
szundi23,1,red,arab,1,2,no,rshift,462,0
szundi23,1,red,arab,1,1,no,rshift,1563,0
szundi23,1,blue,arab,0,9,no,rshift,363,0
szundi23,1,blue,arab,1,3,no,lshift,485,0
szundi23,1,red,arab,1,9,no,rshift,444,0
szundi23,1,blue,arab,1,8,no,lshift,522,0
szundi23,1,blue,arab,1,6,no,lshift,414,0
szundi23,1,red,arab,1,3,no,rshift,442,0
szundi23,1,red,arab,1,6,no,rshift,489,0
szundi23,1,blue,arab,1,4,no,lshift,344,0
szundi23,1,red,arab,1,7,no,rshift,389,0
szundi23,1,red,arab,1,6,no,rshift,343,0
szundi23,1,red,arab,1,3,no,rshift,342,0
szundi23,1,red,arab,1,2,no,rshift,335,0
szundi23,1,red,arab,1,7,no,rshift,302,0
szundi23,1,blue,arab,1,1,no,lshift,473,0
szundi23,1,blue,arab,1,6,no,lshift,508,0
szundi23,1,red,arab,1,1,no,rshift,394,0
szundi23,1,blue,arab,1,4,no,lshift,505,0
szundi23,1,red,arab,1,4,no,rshift,755,0
szundi23,1,red,arab,1,4,no,rshift,835,0
szundi23,1,red,arab,1,8,no,rshift,329,0
szundi23,1,red,arab,1,7,no,rshift,334,0
szundi23,1,blue,arab,1,1,no,lshift,419,0
szundi23,1,blue,arab,1,1,no,lshift,2622,0
szundi23,1,red,arab,1,1,no,rshift,442,0
szundi23,1,blue,arab,1,9,no,lshift,563,0
szundi23,1,red,arab,1,3,no,rshift,401,0
szundi23,1,blue,arab,1,7,no,lshift,449,0
szundi23,1,blue,arab,1,1,no,lshift,440,0
szundi23,1,red,arab,1,6,no,rshift,368,0
szundi23,1,red,arab,1,9,no,rshift,964,0
szundi23,1,blue,arab,1,6,no,lshift,290,0
szundi23,1,red,arab,1,3,no,rshift,323,0
szundi23,1,blue,arab,1,2,no,lshift,805,0
szundi23,1,red,arab,1,7,no,rshift,385,0
szundi23,1,blue,arab,1,6,no,lshift,984,0
szundi23,1,blue,arab,1,4,no,lshift,586,0
szundi23,1,red,arab,1,2,no,rshift,931,0
szundi23,1,blue,arab,1,3,no,lshift,619,0
szundi23,1,red,arab,1,4,no,rshift,415,0
szundi23,1,red,arab,0,8,no,lshift,480,0
szundi23,1,red,arab,1,4,no,rshift,1617,0
szundi23,1,red,arab,1,3,no,rshift,404,0
szundi23,1,blue,arab,1,7,no,lshift,2910,0
szundi23,1,red,arab,0,2,no,lshift,712,0
szundi23,1,blue,arab,1,8,no,lshift,413,0
szundi23,1,red,arab,1,7,no,rshift,371,0
szundi23,1,blue,arab,1,3,no,lshift,416,0
szundi23,1,red,arab,1,9,no,rshift,601,0
szundi23,1,blue,arab,1,4,no,lshift,351,0
szundi23,1,red,arab,1,1,no,rshift,434,0
szundi23,1,blue,arab,1,7,no,lshift,414,0
szundi23,1,red,arab,1,2,no,rshift,401,0
szundi23,1,red,arab,1,4,no,rshift,325,0
szundi23,1,blue,arab,1,3,no,lshift,784,0
szundi23,2,red,arab,1,3,no,rshift,755,0
szundi23,2,blue,arab,0,3,no,rshift,269,0
szundi23,2,red,arab,0,2,no,lshift,396,0
szundi23,2,blue,arab,1,8,no,lshift,552,0
szundi23,2,blue,arab,1,8,no,lshift,379,0
szundi23,2,red,arab,1,3,no,rshift,441,0
szundi23,2,red,arab,1,1,no,rshift,371,0
szundi23,2,blue,arab,1,6,no,lshift,491,0
szundi23,2,blue,arab,1,1,no,lshift,471,0
szundi23,2,red,arab,1,1,no,rshift,455,0
szundi23,2,red,arab,1,3,no,rshift,324,0
szundi23,2,red,arab,1,1,no,rshift,268,0
szundi23,2,red,arab,1,1,no,rshift,350,0
szundi23,2,blue,arab,1,7,no,lshift,423,0
szundi23,2,red,arab,1,6,no,rshift,479,0
szundi23,2,blue,arab,1,6,no,lshift,686,0
szundi23,2,red,arab,1,4,no,rshift,421,0
szundi23,2,blue,arab,1,3,no,lshift,450,0
szundi23,2,blue,arab,1,2,no,lshift,431,0
szundi23,2,red,arab,1,2,no,rshift,507,0
szundi23,2,red,arab,1,9,no,rshift,355,0
szundi23,2,red,arab,1,9,no,rshift,789,0
szundi23,2,red,arab,1,2,no,rshift,756,0
szundi23,2,red,arab,1,9,no,rshift,649,0
szundi23,2,red,arab,1,8,no,rshift,3371,0
szundi23,2,red,arab,1,9,no,rshift,2477,0
szundi23,2,red,arab,1,8,no,rshift,309,0
szundi23,2,blue,arab,0,4,no,rshift,260,0
szundi23,2,blue,arab,1,7,no,lshift,286,0
szundi23,2,blue,arab,1,6,no,lshift,282,0
szundi23,2,red,arab,1,2,no,rshift,385,0
szundi23,2,blue,arab,1,9,no,lshift,476,0
szundi23,2,blue,arab,1,9,no,lshift,359,0
szundi23,2,blue,arab,1,7,no,lshift,322,0
szundi23,2,red,arab,1,8,no,rshift,381,0
szundi23,2,blue,arab,1,4,no,lshift,389,0
szundi23,2,blue,arab,1,8,no,lshift,774,0
szundi23,2,blue,arab,1,4,no,lshift,393,0
szundi23,2,red,arab,1,4,no,rshift,404,0
szundi23,2,red,arab,1,7,no,rshift,917,0
szundi23,2,blue,arab,1,8,no,lshift,509,0
szundi23,2,red,arab,1,6,no,rshift,557,0
szundi23,2,blue,arab,1,1,no,lshift,403,0
szundi23,2,blue,arab,1,4,no,lshift,318,0
szundi23,2,red,arab,1,6,no,rshift,366,0
szundi23,2,blue,arab,1,6,no,lshift,413,0
szundi23,2,blue,arab,1,3,no,lshift,446,0
szundi23,2,blue,arab,1,2,no,lshift,340,0
szundi23,2,blue,arab,1,8,no,lshift,405,0
szundi23,2,red,arab,1,8,no,rshift,474,0
szundi23,2,red,arab,1,6,no,rshift,412,0
szundi23,2,blue,arab,1,8,no,lshift,515,0
szundi23,2,red,arab,1,6,no,rshift,392,0
szundi23,2,red,arab,1,3,no,rshift,316,0
szundi23,2,blue,arab,1,2,no,lshift,419,0
szundi23,2,red,arab,1,4,no,rshift,378,0
szundi23,2,red,arab,1,7,no,rshift,363,0
szundi23,2,blue,arab,1,1,no,lshift,391,0
szundi23,2,blue,arab,1,4,no,lshift,557,0
szundi23,2,red,arab,1,2,no,rshift,582,0
szundi23,2,blue,arab,1,8,no,lshift,435,0
szundi23,2,blue,arab,1,4,no,lshift,325,0
szundi23,2,red,arab,1,1,no,rshift,397,0
szundi23,2,blue,arab,1,3,no,lshift,390,0
szundi23,2,blue,arab,1,9,no,lshift,241,0
szundi23,2,red,arab,1,3,no,rshift,401,0
szundi23,2,red,arab,1,8,no,rshift,325,0
szundi23,2,red,arab,1,4,no,rshift,408,0
szundi23,2,blue,arab,1,2,no,lshift,342,0
szundi23,2,blue,arab,1,8,no,lshift,535,0
szundi23,2,blue,arab,1,8,no,lshift,401,0
szundi23,2,red,arab,1,2,no,rshift,884,0
szundi23,2,blue,arab,1,3,no,lshift,488,0
szundi23,2,red,arab,1,4,no,rshift,376,0
szundi23,2,red,arab,1,1,no,rshift,284,0
szundi23,2,blue,arab,1,7,no,lshift,412,0
szundi23,2,red,arab,1,6,no,rshift,668,0
szundi23,2,blue,arab,1,4,no,lshift,378,0
szundi23,2,blue,arab,1,3,no,lshift,462,0
szundi23,2,red,arab,1,4,no,rshift,350,0
szundi23,2,red,arab,1,7,no,rshift,318,0
szundi23,2,red,arab,1,4,no,rshift,321,0
szundi23,2,blue,arab,1,6,no,lshift,433,0
szundi23,2,blue,arab,1,1,no,lshift,323,0
szundi23,2,blue,arab,1,4,no,lshift,355,0
szundi23,2,red,arab,1,6,no,rshift,341,0
szundi23,2,red,arab,1,1,no,rshift,270,0
szundi23,2,blue,arab,0,3,no,rshift,397,0
szundi23,2,red,arab,1,2,no,rshift,386,0
szundi23,2,red,arab,1,7,no,rshift,327,0
szundi23,2,blue,arab,1,2,no,lshift,787,0
szundi23,2,blue,arab,1,3,no,lshift,420,0
szundi23,2,red,arab,1,9,no,rshift,360,0
szundi23,2,blue,arab,1,1,no,lshift,407,0
szundi23,2,red,arab,1,8,no,rshift,394,0
szundi23,2,red,arab,1,2,no,rshift,565,0
szundi23,2,blue,arab,1,2,no,lshift,386,0
szundi23,2,red,arab,1,7,no,rshift,355,0
szundi23,2,blue,arab,1,1,no,lshift,342,0
szundi23,2,blue,arab,1,6,no,lshift,330,0
szundi23,2,blue,arab,1,1,no,lshift,434,0
szundi23,2,blue,arab,1,7,no,lshift,399,0
szundi23,2,blue,arab,1,9,no,lshift,387,0
szundi23,2,red,arab,1,3,no,rshift,646,0
szundi23,2,blue,arab,1,6,no,lshift,358,0
szundi23,2,blue,arab,1,9,no,lshift,317,0
szundi23,2,red,arab,1,7,no,rshift,460,0
szundi23,2,red,arab,0,8,no,lshift,455,0
szundi23,2,red,arab,1,6,no,rshift,394,0
szundi23,2,red,arab,1,9,no,rshift,376,0
szundi23,2,red,arab,1,9,no,rshift,308,0
szundi23,2,red,arab,0,1,no,lshift,379,0
szundi23,2,blue,arab,1,7,no,lshift,512,0
szundi23,2,red,arab,1,9,no,rshift,624,0
szundi23,2,blue,arab,1,7,no,lshift,385,0
szundi23,2,blue,arab,1,1,no,lshift,439,0
szundi23,2,red,arab,1,3,no,rshift,358,0
szundi23,2,red,arab,1,1,no,rshift,370,0
szundi23,2,blue,arab,1,6,no,lshift,430,0
szundi23,2,red,arab,1,6,no,rshift,394,0
szundi23,2,blue,arab,1,2,no,lshift,408,0
szundi23,2,blue,arab,1,7,no,lshift,305,0
szundi23,2,red,arab,1,9,no,rshift,408,0
szundi23,2,blue,arab,1,2,no,lshift,379,0
szundi23,2,blue,arab,1,3,no,lshift,400,0
szundi23,2,blue,arab,1,9,no,lshift,468,0
szundi23,2,blue,arab,1,9,no,lshift,455,0
szundi23,2,red,arab,1,8,no,rshift,534,0
szundi23,2,red,arab,1,4,no,rshift,1163,0
szundi23,2,blue,arab,1,7,no,lshift,325,0
szundi23,2,blue,arab,1,8,no,lshift,271,0
szundi23,2,red,arab,1,3,no,rshift,404,0
szundi23,2,blue,arab,1,1,no,lshift,270,0
szundi23,2,red,arab,1,3,no,rshift,432,0
szundi23,2,red,arab,1,1,no,rshift,583,0
szundi23,2,red,arab,1,7,no,rshift,870,0
szundi23,2,red,arab,1,7,no,rshift,336,0
szundi23,2,red,arab,1,7,no,rshift,610,0
szundi23,2,blue,arab,1,1,no,lshift,589,0
szundi23,2,red,arab,0,8,no,lshift,362,0
szundi23,2,red,arab,1,2,no,rshift,590,0
szundi23,2,blue,arab,1,3,no,lshift,1202,0
szundi23,2,blue,arab,1,9,no,lshift,866,0
szundi23,2,blue,arab,1,4,no,lshift,1281,0
szundi23,2,blue,arab,1,4,no,lshift,2399,0
szundi23,2,red,arab,1,4,no,rshift,844,0
szundi23,2,red,arab,1,3,no,rshift,378,0
szundi23,2,red,arab,1,9,no,rshift,403,0
szundi23,2,blue,arab,1,6,no,lshift,409,0
szundi23,2,red,arab,1,8,no,rshift,428,0
szundi23,2,red,arab,1,7,no,rshift,644,0
szundi23,2,blue,arab,1,7,no,lshift,489,0
szundi23,2,blue,arab,1,2,no,lshift,449,0
szundi23,2,red,arab,1,2,no,rshift,408,0
szundi23,2,blue,arab,1,9,no,lshift,417,0
szundi23,2,blue,arab,1,6,no,lshift,385,0
szundi23,2,blue,arab,1,9,no,lshift,328,0
szundi23,2,red,arab,1,6,no,rshift,545,0
szundi23,2,blue,arab,1,2,no,lshift,396,0
szundi23,2,red,arab,1,4,no,rshift,386,0
szundi23,3,red,arab,1,3,no,rshift,4606,0
szundi23,3,blue,arab,1,4,no,lshift,539,0
szundi23,3,blue,arab,1,2,no,lshift,325,0
szundi23,3,blue,arab,1,9,no,lshift,934,0
szundi23,3,red,arab,1,3,no,rshift,469,0
szundi23,3,blue,arab,1,4,no,lshift,548,0
szundi23,3,blue,arab,1,1,no,lshift,275,0
szundi23,3,red,arab,1,2,no,rshift,375,0
szundi23,3,red,arab,1,7,no,rshift,391,0
szundi23,3,blue,arab,1,8,no,lshift,478,0
szundi23,3,blue,arab,1,6,no,lshift,326,0
szundi23,3,blue,arab,1,8,no,lshift,325,0
szundi23,3,blue,arab,1,4,no,lshift,314,0
szundi23,3,red,arab,1,8,no,rshift,411,0
szundi23,3,red,arab,1,2,no,rshift,437,0
szundi23,3,red,arab,1,8,no,rshift,416,0
szundi23,3,red,arab,1,9,no,rshift,459,0
szundi23,3,blue,arab,1,2,no,lshift,974,0
szundi23,3,blue,arab,0,3,no,rshift,369,0
szundi23,3,blue,arab,1,9,no,lshift,658,0
szundi23,3,red,arab,1,3,no,rshift,416,0
szundi23,3,red,arab,1,3,no,rshift,507,0
szundi23,3,red,arab,1,2,no,rshift,512,0
szundi23,3,red,arab,1,6,no,rshift,413,0
szundi23,3,red,arab,1,9,no,rshift,338,0
szundi23,3,blue,arab,1,8,no,lshift,3067,0
szundi23,3,red,arab,1,6,no,rshift,401,0
szundi23,3,red,arab,1,7,no,rshift,700,0
szundi23,3,blue,arab,1,7,no,lshift,384,0
szundi23,3,red,arab,1,4,no,rshift,517,0
szundi23,3,blue,arab,1,6,no,lshift,413,0
szundi23,3,blue,arab,1,9,no,lshift,355,0
szundi23,3,red,arab,1,7,no,rshift,343,0
szundi23,3,blue,arab,1,3,no,lshift,389,0
szundi23,3,red,arab,1,7,no,rshift,353,0
szundi23,3,blue,arab,1,8,no,lshift,482,0
szundi23,3,blue,arab,1,6,no,lshift,691,0
szundi23,3,red,arab,1,3,no,rshift,280,0
szundi23,3,blue,arab,1,1,no,lshift,453,0
szundi23,3,blue,arab,1,1,no,lshift,811,0
szundi23,3,red,arab,1,9,no,rshift,992,0
szundi23,3,red,arab,1,4,no,rshift,4967,0
szundi23,3,blue,arab,1,4,no,lshift,386,0
szundi23,3,red,arab,1,8,no,rshift,494,0
szundi23,3,blue,arab,1,8,no,lshift,437,0
szundi23,3,red,arab,0,6,no,lshift,321,0
szundi23,3,red,arab,1,1,no,rshift,453,0
szundi23,3,blue,arab,0,1,no,rshift,309,0
szundi23,3,red,arab,1,7,no,rshift,368,0
szundi23,3,red,arab,1,1,no,rshift,417,0
szundi23,3,red,arab,1,6,no,rshift,418,0
szundi23,3,blue,arab,1,4,no,lshift,662,0
szundi23,3,red,arab,1,2,no,rshift,501,0
szundi23,3,blue,arab,1,4,no,lshift,614,0
szundi23,3,blue,arab,1,1,no,lshift,418,0
szundi23,3,blue,arab,1,7,no,lshift,240,0
szundi23,3,blue,arab,1,7,no,lshift,472,0
szundi23,3,blue,arab,1,2,no,lshift,431,0
szundi23,3,red,arab,1,1,no,rshift,572,0
szundi23,3,blue,arab,1,8,no,lshift,598,0
szundi23,3,blue,arab,1,9,no,lshift,577,0
szundi23,3,blue,arab,1,3,no,lshift,367,0
szundi23,3,red,arab,1,1,no,rshift,1021,0
szundi23,3,blue,arab,1,7,no,lshift,307,0
szundi23,3,red,arab,0,2,no,lshift,344,0
szundi23,3,blue,arab,1,7,no,lshift,650,0
szundi23,3,red,arab,1,4,no,rshift,399,0
szundi23,3,red,arab,1,6,no,rshift,881,0
szundi23,3,blue,arab,1,6,no,lshift,315,0
szundi23,3,blue,arab,1,6,no,lshift,291,0
szundi23,3,blue,arab,1,4,no,lshift,432,0
szundi23,3,blue,arab,1,3,no,lshift,395,0
szundi23,3,blue,arab,1,6,no,lshift,354,0
szundi23,3,blue,arab,1,1,no,lshift,425,0
szundi23,3,red,arab,0,2,no,lshift,406,0
szundi23,3,red,arab,1,9,no,rshift,533,0
szundi23,3,blue,arab,1,2,no,lshift,523,0
szundi23,3,red,arab,1,9,no,rshift,469,0
szundi23,3,blue,arab,1,7,no,lshift,1142,0
szundi23,3,blue,arab,1,9,no,lshift,501,0
szundi23,3,blue,arab,1,6,no,lshift,914,0
szundi23,3,blue,arab,1,3,no,lshift,396,0
szundi23,3,red,arab,1,4,no,rshift,328,0
szundi23,3,red,arab,1,7,no,rshift,1250,0
szundi23,3,blue,arab,1,4,no,lshift,475,0
szundi23,3,red,arab,1,3,no,rshift,448,0
szundi23,3,blue,arab,1,6,no,lshift,303,0
szundi23,3,red,arab,1,2,no,rshift,702,0
szundi23,3,red,arab,1,1,no,rshift,413,0
szundi23,3,red,arab,1,3,no,rshift,355,0
szundi23,3,blue,arab,1,7,no,lshift,398,0
szundi23,3,red,arab,0,8,no,lshift,416,0
szundi23,3,blue,arab,1,1,no,lshift,516,0
szundi23,3,red,arab,1,1,no,rshift,503,0
szundi23,3,blue,arab,1,9,no,lshift,577,0
szundi23,3,red,arab,1,6,no,rshift,497,0
szundi23,3,red,arab,1,8,no,rshift,330,0
szundi23,3,blue,arab,1,7,no,lshift,499,0
szundi23,3,blue,arab,0,8,no,rshift,830,0
szundi23,3,blue,arab,1,9,no,lshift,939,0
szundi23,3,blue,arab,1,1,no,lshift,497,0
szundi23,3,blue,arab,1,7,no,lshift,1097,0
szundi23,3,red,arab,1,8,no,rshift,762,0
szundi23,3,red,arab,0,3,no,lshift,647,0
szundi23,3,blue,arab,1,2,no,lshift,732,0
szundi23,3,red,arab,1,2,no,rshift,451,0
szundi23,3,blue,arab,1,2,no,lshift,476,0
szundi23,3,red,arab,1,9,no,rshift,711,0
szundi23,3,blue,arab,1,3,no,lshift,898,0
szundi23,3,red,arab,1,6,no,rshift,392,0
szundi23,3,blue,arab,1,3,no,lshift,1181,0
szundi23,3,blue,arab,1,8,no,lshift,443,0
szundi23,3,red,arab,1,4,no,rshift,443,0
szundi23,3,red,arab,1,3,no,rshift,1002,0
szundi23,3,blue,arab,1,2,no,lshift,706,0
szundi23,3,red,arab,1,6,no,rshift,707,0
szundi23,3,red,arab,1,8,no,rshift,426,0
szundi23,3,red,arab,1,7,no,rshift,453,0
szundi23,3,blue,arab,1,6,no,lshift,653,0
szundi23,3,red,arab,1,4,no,rshift,525,0
szundi23,3,red,arab,1,4,no,rshift,443,0
szundi23,3,red,arab,1,7,no,rshift,725,0
szundi23,3,blue,arab,1,6,no,lshift,721,0
szundi23,3,blue,arab,1,3,no,lshift,606,0
szundi23,3,red,arab,1,4,no,rshift,517,0
szundi23,3,blue,arab,1,8,no,lshift,523,0
szundi23,3,blue,arab,1,4,no,lshift,477,0
szundi23,3,red,arab,1,9,no,rshift,368,0
szundi23,3,red,arab,1,2,no,rshift,435,0
szundi23,3,red,arab,1,8,no,rshift,430,0
szundi23,3,blue,arab,1,2,no,lshift,471,0
szundi23,3,red,arab,1,1,no,rshift,673,0
szundi23,3,red,arab,1,6,no,rshift,553,0
szundi23,3,red,arab,1,1,no,rshift,414,0
szundi23,3,red,arab,1,1,no,rshift,390,0
szundi23,3,red,arab,1,7,no,rshift,712,0
szundi23,3,blue,arab,1,7,no,lshift,2111,0
szundi23,3,red,arab,1,8,no,rshift,377,0
szundi23,3,blue,arab,1,4,no,lshift,482,0
szundi23,3,blue,arab,1,9,no,lshift,922,0
szundi23,3,red,arab,1,9,no,rshift,399,0
szundi23,3,red,arab,1,7,no,rshift,1917,0
szundi23,3,blue,arab,1,1,no,lshift,1493,0
szundi23,3,blue,arab,1,9,no,lshift,531,0
szundi23,3,blue,arab,1,8,no,lshift,1011,0
szundi23,3,blue,arab,1,2,no,lshift,389,0
szundi23,3,blue,arab,1,3,no,lshift,2185,0
szundi23,3,red,arab,1,3,no,rshift,589,0
szundi23,3,blue,arab,0,1,no,rshift,1736,0
szundi23,3,red,arab,1,1,no,rshift,608,0
szundi23,3,blue,arab,1,3,no,lshift,333,0
szundi23,3,red,arab,1,2,no,rshift,582,0
szundi23,3,red,arab,1,6,no,rshift,644,0
szundi23,3,red,arab,1,9,no,rshift,761,0
szundi23,3,red,arab,1,9,no,rshift,345,0
szundi23,3,red,arab,1,4,no,rshift,438,0
szundi23,3,red,arab,1,8,no,rshift,541,0
szundi23,3,blue,arab,1,9,no,lshift,627,0
szundi23,3,red,arab,1,4,no,rshift,660,0
szundi23,3,blue,arab,1,2,no,lshift,665,0
szundi23,0,blue,classic,1,4,yes,lshift,1842,0
szundi23,0,blue,classic,1,6,yes,lshift,694,0
szundi23,0,blue,classic,1,1,yes,rshift,878,0
szundi23,0,blue,classic,1,7,yes,rshift,756,0
szundi23,0,blue,classic,1,3,yes,rshift,621,0
szundi23,0,blue,classic,1,8,yes,lshift,633,0
szundi23,0,blue,classic,1,9,yes,rshift,873,0
szundi23,0,blue,classic,1,2,yes,lshift,730,0
szundi23,1,blue,classic,1,4,yes,rshift,596,0
szundi23,1,blue,classic,1,3,yes,lshift,784,0
szundi23,1,blue,classic,1,7,yes,lshift,761,0
szundi23,1,blue,classic,1,6,yes,rshift,888,0
szundi23,1,blue,classic,1,2,yes,rshift,883,0
szundi23,1,blue,classic,1,9,yes,lshift,620,0
szundi23,1,blue,classic,1,8,yes,rshift,688,0
szundi23,1,blue,classic,1,1,yes,lshift,630,0
szundi23,2,blue,classic,1,8,no,lshift,2840,0
szundi23,2,blue,classic,1,1,no,rshift,1042,0
szundi23,2,blue,classic,1,9,no,rshift,1886,0
szundi23,2,blue,classic,1,8,no,lshift,743,0
szundi23,2,blue,classic,1,6,no,lshift,499,0
szundi23,2,blue,classic,1,9,no,rshift,600,0
szundi23,2,blue,classic,1,7,no,rshift,823,0
szundi23,2,blue,classic,1,1,no,rshift,959,0
szundi23,2,blue,classic,1,3,no,rshift,869,0
szundi23,2,blue,classic,1,2,no,lshift,550,0
szundi23,2,blue,classic,1,9,no,rshift,631,0
szundi23,2,blue,classic,1,3,no,rshift,969,0
szundi23,2,blue,classic,1,8,no,lshift,899,0
szundi23,2,blue,classic,1,8,no,lshift,1156,0
szundi23,2,blue,classic,1,3,no,rshift,531,0
szundi23,2,blue,classic,1,7,no,rshift,809,0
szundi23,2,blue,classic,1,7,no,rshift,448,0
szundi23,2,blue,classic,1,1,no,rshift,606,0
szundi23,2,blue,classic,1,2,no,lshift,584,0
szundi23,2,blue,classic,1,1,no,rshift,781,0
szundi23,2,blue,classic,1,2,no,lshift,704,0
szundi23,2,blue,classic,1,9,no,rshift,929,0
szundi23,2,blue,classic,0,4,no,rshift,743,0
szundi23,2,blue,classic,1,7,no,rshift,592,0
szundi23,2,blue,classic,1,4,no,lshift,551,0
szundi23,2,blue,classic,1,2,no,lshift,628,0
szundi23,2,blue,classic,1,1,no,rshift,738,0
szundi23,2,blue,classic,1,2,no,lshift,1411,0
szundi23,2,blue,classic,1,8,no,lshift,526,0
szundi23,2,blue,classic,1,4,no,lshift,948,0
szundi23,2,blue,classic,1,6,no,lshift,542,0
szundi23,2,blue,classic,1,3,no,rshift,819,0
szundi23,2,blue,classic,0,1,no,lshift,977,0
szundi23,2,blue,classic,1,7,no,rshift,962,0
szundi23,2,blue,classic,1,7,no,rshift,855,0
szundi23,2,blue,classic,1,3,no,rshift,539,0
szundi23,2,blue,classic,1,6,no,lshift,631,0
szundi23,2,blue,classic,1,7,no,rshift,983,0
szundi23,2,blue,classic,1,2,no,lshift,711,0
szundi23,2,blue,classic,1,3,no,rshift,958,0
szundi23,2,blue,classic,1,6,no,lshift,1304,0
szundi23,2,blue,classic,1,7,no,rshift,558,0
szundi23,2,blue,classic,1,1,no,rshift,1586,0
szundi23,2,blue,classic,1,4,no,lshift,1119,0
szundi23,2,blue,classic,1,3,no,rshift,688,0
szundi23,2,blue,classic,1,4,no,lshift,1211,0
szundi23,2,blue,classic,1,6,no,lshift,1284,0
szundi23,2,blue,classic,1,7,no,rshift,571,0
szundi23,2,blue,classic,0,3,no,lshift,467,0
szundi23,2,blue,classic,1,8,no,lshift,367,0
szundi23,2,blue,classic,1,4,no,lshift,710,0
szundi23,2,blue,classic,1,6,no,lshift,730,0
szundi23,2,blue,classic,1,2,no,lshift,650,0
szundi23,2,blue,classic,1,8,no,lshift,554,0
szundi23,2,blue,classic,1,9,no,rshift,565,0
szundi23,2,blue,classic,1,2,no,lshift,980,0
szundi23,2,blue,classic,0,4,no,rshift,458,0
szundi23,2,blue,classic,1,6,no,lshift,449,0
szundi23,2,blue,classic,1,6,no,lshift,627,0
szundi23,2,blue,classic,1,9,no,rshift,618,0
szundi23,2,blue,classic,1,1,no,rshift,625,0
szundi23,2,blue,classic,1,8,no,lshift,526,0
szundi23,2,blue,classic,1,1,no,rshift,866,0
szundi23,2,blue,classic,1,1,no,rshift,573,0
szundi23,2,blue,classic,1,2,no,lshift,884,0
szundi23,2,blue,classic,1,3,no,rshift,560,0
szundi23,2,blue,classic,1,2,no,lshift,542,0
szundi23,2,blue,classic,1,2,no,lshift,538,0
szundi23,2,blue,classic,1,8,no,lshift,544,0
szundi23,2,blue,classic,1,6,no,lshift,875,0
szundi23,2,blue,classic,1,7,no,rshift,513,0
szundi23,2,blue,classic,1,4,no,lshift,797,0
szundi23,2,blue,classic,1,1,no,rshift,759,0
szundi23,2,blue,classic,1,8,no,lshift,717,0
szundi23,2,blue,classic,1,6,no,lshift,3360,0
szundi23,2,blue,classic,1,6,no,lshift,1151,0
szundi23,2,blue,classic,1,9,no,rshift,601,0
szundi23,2,blue,classic,1,1,no,rshift,538,0
szundi23,2,blue,classic,1,4,no,lshift,633,0
szundi23,2,blue,classic,1,3,no,rshift,1194,0
szundi23,2,blue,classic,1,4,no,lshift,542,0
szundi23,2,blue,classic,1,7,no,rshift,2370,0
szundi23,2,blue,classic,1,9,no,rshift,541,0
szundi23,2,blue,classic,1,4,no,lshift,604,0
szundi23,2,blue,classic,1,9,no,rshift,616,0
szundi23,2,blue,classic,1,9,no,rshift,514,0
szundi23,2,blue,classic,1,4,no,lshift,582,0
szundi23,2,blue,classic,1,9,no,rshift,601,0
szundi23,2,blue,classic,1,4,no,lshift,787,0
szundi23,2,blue,classic,1,9,no,rshift,477,0
szundi23,2,blue,classic,1,8,no,lshift,620,0
szundi23,2,blue,classic,1,3,no,rshift,602,0
szundi23,2,blue,classic,1,4,no,lshift,603,0
szundi23,2,blue,classic,1,3,no,rshift,1881,0
szundi23,2,blue,classic,1,1,no,rshift,1491,0
szundi23,2,blue,classic,1,7,no,rshift,805,0
szundi23,2,blue,classic,1,6,no,lshift,930,0
szundi23,2,blue,classic,1,7,no,rshift,767,0
szundi23,2,blue,classic,1,8,no,lshift,984,0
szundi23,2,blue,classic,1,9,no,rshift,601,0
szundi23,2,blue,classic,1,2,no,lshift,659,0
szundi23,2,blue,classic,1,3,no,rshift,790,0
szundi23,2,blue,classic,1,1,no,rshift,512,0
szundi23,2,blue,classic,1,2,no,lshift,615,0
szundi23,2,blue,classic,1,7,no,rshift,826,0
szundi23,2,blue,classic,1,6,no,lshift,624,0
szundi23,2,blue,classic,1,8,no,lshift,661,0
szundi23,2,blue,classic,1,9,no,rshift,1257,0
szundi23,2,blue,classic,1,2,no,lshift,468,0
szundi23,2,blue,classic,1,3,no,rshift,770,0
szundi23,2,blue,classic,1,6,no,lshift,490,0
szundi23,2,blue,classic,1,8,no,lshift,995,0
szundi23,1,blue,classic,1,6,no,rshift,2779,0
szundi23,1,blue,classic,1,4,no,rshift,585,0
szundi23,1,blue,classic,1,3,no,lshift,2101,0
szundi23,1,blue,classic,1,3,no,lshift,487,0
szundi23,1,blue,classic,0,2,no,lshift,432,0
szundi23,1,blue,classic,1,6,no,rshift,513,0
szundi23,1,blue,classic,1,4,no,rshift,565,0
szundi23,1,blue,classic,1,3,no,lshift,855,0
szundi23,1,blue,classic,0,9,no,rshift,794,0
szundi23,1,blue,classic,0,8,no,lshift,559,0
szundi23,1,blue,classic,1,6,no,rshift,683,0
szundi23,1,blue,classic,1,1,no,lshift,494,0
szundi23,1,blue,classic,1,4,no,rshift,441,0
szundi23,1,blue,classic,1,8,no,rshift,468,0
szundi23,1,blue,classic,1,7,no,lshift,500,0
szundi23,1,blue,classic,1,4,no,rshift,543,0
szundi23,1,blue,classic,1,1,no,lshift,918,0
szundi23,1,blue,classic,1,6,no,rshift,850,0
szundi23,1,blue,classic,1,2,no,rshift,842,0
szundi23,1,blue,classic,1,9,no,lshift,766,0
szundi23,1,blue,classic,1,7,no,lshift,601,0
szundi23,1,blue,classic,1,1,no,lshift,704,0
szundi23,1,blue,classic,1,6,no,rshift,515,0
szundi23,1,blue,classic,1,7,no,lshift,719,0
szundi23,1,blue,classic,0,2,no,lshift,563,0
szundi23,1,blue,classic,1,4,no,rshift,615,0
szundi23,1,blue,classic,1,3,no,lshift,487,0
szundi23,1,blue,classic,1,3,no,lshift,796,0
szundi23,1,blue,classic,1,6,no,rshift,423,0
szundi23,1,blue,classic,1,9,no,lshift,1979,0
szundi23,1,blue,classic,0,2,no,lshift,945,0
szundi23,1,blue,classic,1,1,no,lshift,516,0
szundi23,1,blue,classic,1,7,no,lshift,597,0
szundi23,1,blue,classic,1,1,no,lshift,667,0
szundi23,1,blue,classic,1,4,no,rshift,3506,0
szundi23,1,blue,classic,1,9,no,lshift,618,0
szundi23,1,blue,classic,1,3,no,lshift,677,0
szundi23,1,blue,classic,1,7,no,lshift,616,0
szundi23,1,blue,classic,1,7,no,lshift,817,0
szundi23,1,blue,classic,1,2,no,rshift,803,0
szundi23,1,blue,classic,1,8,no,rshift,884,0
szundi23,1,blue,classic,1,9,no,lshift,493,0
szundi23,1,blue,classic,1,6,no,rshift,641,0
szundi23,1,blue,classic,1,1,no,lshift,551,0
szundi23,1,blue,classic,1,7,no,lshift,733,0
szundi23,1,blue,classic,0,2,no,lshift,843,0
szundi23,1,blue,classic,1,6,no,rshift,815,0
szundi23,1,blue,classic,1,3,no,lshift,1135,0
szundi23,1,blue,classic,1,6,no,rshift,589,0
szundi23,1,blue,classic,1,4,no,rshift,645,0
szundi23,1,blue,classic,1,4,no,rshift,802,0
szundi23,1,blue,classic,1,9,no,lshift,543,0
szundi23,1,blue,classic,0,9,no,rshift,602,0
szundi23,1,blue,classic,0,7,no,rshift,394,0
szundi23,1,blue,classic,1,9,no,lshift,696,0
szundi23,1,blue,classic,1,4,no,rshift,536,0
szundi23,1,blue,classic,1,2,no,rshift,767,0
szundi23,1,blue,classic,1,3,no,lshift,702,0
szundi23,1,blue,classic,1,6,no,rshift,1096,0
szundi23,1,blue,classic,1,6,no,rshift,475,0
szundi23,1,blue,classic,1,9,no,lshift,651,0
szundi23,1,blue,classic,1,1,no,lshift,497,0
szundi23,1,blue,classic,1,1,no,lshift,462,0
szundi23,1,blue,classic,1,2,no,rshift,1079,0
szundi23,1,blue,classic,1,3,no,lshift,1198,0
szundi23,1,blue,classic,1,3,no,lshift,621,0
szundi23,1,blue,classic,1,8,no,rshift,640,0
szundi23,1,blue,classic,1,7,no,lshift,620,0
szundi23,1,blue,classic,0,2,no,lshift,652,0
szundi23,1,blue,classic,1,8,no,rshift,813,0
szundi23,1,blue,classic,1,4,no,rshift,428,0
szundi23,1,blue,classic,1,2,no,rshift,772,0
szundi23,1,blue,classic,1,1,no,lshift,843,0
szundi23,1,blue,classic,0,4,no,lshift,409,0
szundi23,1,blue,classic,1,1,no,lshift,787,0
szundi23,1,blue,classic,1,7,no,lshift,597,0
szundi23,1,blue,classic,1,3,no,lshift,2517,0
szundi23,1,blue,classic,1,8,no,rshift,459,0
szundi23,1,blue,classic,0,2,no,lshift,477,0
szundi23,1,blue,classic,1,8,no,rshift,722,0
szundi23,1,blue,classic,1,8,no,rshift,425,0
szundi23,1,blue,classic,1,8,no,rshift,474,0
szundi23,1,blue,classic,1,9,no,lshift,754,0
szundi23,1,blue,classic,1,2,no,rshift,895,0
szundi23,1,blue,classic,0,9,no,rshift,578,0
szundi23,1,blue,classic,1,3,no,lshift,591,0
szundi23,1,blue,classic,1,7,no,lshift,536,0
szundi23,1,blue,classic,1,8,no,rshift,522,0
szundi23,1,blue,classic,1,7,no,lshift,1100,0
szundi23,1,blue,classic,1,6,no,rshift,577,0
szundi23,1,blue,classic,0,2,no,lshift,540,0
szundi23,1,blue,classic,1,7,no,lshift,1156,0
szundi23,1,blue,classic,1,6,no,rshift,604,0
szundi23,1,blue,classic,1,8,no,rshift,573,0
szundi23,1,blue,classic,1,4,no,rshift,514,0
szundi23,1,blue,classic,1,4,no,rshift,495,0
szundi23,1,blue,classic,1,1,no,lshift,512,0
szundi23,1,blue,classic,1,8,no,rshift,471,0
szundi23,1,blue,classic,1,7,no,lshift,1081,0
szundi23,1,blue,classic,0,9,no,rshift,539,0
szundi23,1,blue,classic,1,9,no,lshift,757,0
szundi23,1,blue,classic,1,8,no,rshift,554,0
szundi23,1,blue,classic,1,3,no,lshift,742,0
szundi23,1,blue,classic,1,8,no,rshift,909,0
szundi23,1,blue,classic,1,4,no,rshift,1434,0
szundi23,1,blue,classic,1,6,no,rshift,774,0
szundi23,1,blue,classic,1,1,no,lshift,549,0
szundi23,1,blue,classic,1,1,no,lshift,1314,0
szundi23,1,blue,classic,1,3,no,lshift,2289,0
szundi23,1,blue,classic,1,1,no,lshift,2093,0
szundi23,1,blue,classic,1,9,no,lshift,1353,0
szundi23,1,blue,classic,1,2,no,rshift,980,0
