ID_name,block,color,condition,correct_keyboard_response,number,practice,response_keyboard_response,response_time_keyboard_response,subject_nr
dózsaket,0,blue,dot,1,3,yes,lshift,892,1
dózsaket,0,red,dot,1,6,yes,rshift,328,1
dózsaket,0,red,dot,1,2,yes,rshift,513,1
dózsaket,0,red,dot,1,9,yes,rshift,410,1
dózsaket,0,blue,dot,1,8,yes,lshift,350,1
dózsaket,0,blue,dot,0,6,yes,rshift,139,1
dózsaket,0,red,dot,0,7,yes,lshift,419,1
dózsaket,0,blue,dot,0,4,yes,rshift,708,1
dózsaket,0,red,dot,0,4,yes,lshift,409,1
dózsaket,0,red,dot,0,8,yes,lshift,456,1
dózsaket,0,blue,dot,0,2,yes,rshift,501,1
dózsaket,0,red,dot,1,1,yes,rshift,638,1
dózsaket,0,blue,dot,1,1,yes,lshift,363,1
dózsaket,0,blue,dot,1,9,yes,lshift,507,1
dózsaket,0,red,dot,1,3,yes,rshift,344,1
dózsaket,0,blue,dot,1,7,yes,lshift,423,1
dózsaket,1,blue,dot,1,1,no,lshift,614,1
dózsaket,1,red,dot,1,6,no,rshift,462,1
dózsaket,1,blue,dot,1,7,no,lshift,478,1
dózsaket,1,blue,dot,1,8,no,lshift,398,1
dózsaket,1,red,dot,1,1,no,rshift,498,1
dózsaket,1,blue,dot,1,2,no,lshift,419,1
dózsaket,1,blue,dot,1,9,no,lshift,352,1
dózsaket,1,red,dot,1,6,no,rshift,312,1
dózsaket,1,blue,dot,1,3,no,lshift,403,1
dózsaket,1,blue,dot,1,7,no,lshift,447,1
dózsaket,1,blue,dot,1,8,no,lshift,415,1
dózsaket,1,blue,dot,1,1,no,lshift,345,1
dózsaket,1,blue,dot,1,2,no,lshift,387,1
dózsaket,1,blue,dot,1,1,no,lshift,319,1
dózsaket,1,red,dot,1,8,no,rshift,448,1
dózsaket,1,red,dot,1,1,no,rshift,356,1
dózsaket,1,red,dot,1,4,no,rshift,349,1
dózsaket,1,blue,dot,1,8,no,lshift,379,1
dózsaket,1,blue,dot,1,9,no,lshift,372,1
dózsaket,1,blue,dot,1,8,no,lshift,315,1
dózsaket,1,red,dot,1,9,no,rshift,380,1
dózsaket,1,red,dot,1,4,no,rshift,390,1
dózsaket,1,blue,dot,1,4,no,lshift,403,1
dózsaket,1,blue,dot,1,2,no,lshift,366,1
dózsaket,1,red,dot,1,8,no,rshift,520,1
dózsaket,1,red,dot,1,8,no,rshift,385,1
dózsaket,1,blue,dot,1,2,no,lshift,354,1
dózsaket,1,red,dot,1,6,no,rshift,362,1
dózsaket,1,red,dot,1,8,no,rshift,361,1
dózsaket,1,red,dot,1,8,no,rshift,380,1
dózsaket,1,blue,dot,1,9,no,lshift,373,1
dózsaket,1,red,dot,1,4,no,rshift,393,1
dózsaket,1,red,dot,1,9,no,rshift,403,1
dózsaket,1,blue,dot,1,9,no,lshift,374,1
dózsaket,1,blue,dot,1,6,no,lshift,429,1
dózsaket,1,red,dot,1,9,no,rshift,400,1
dózsaket,1,blue,dot,1,2,no,lshift,476,1
dózsaket,1,blue,dot,1,9,no,lshift,331,1
dózsaket,1,blue,dot,1,3,no,lshift,397,1
dózsaket,1,red,dot,1,9,no,rshift,415,1
dózsaket,1,blue,dot,1,7,no,lshift,368,1
dózsaket,1,blue,dot,1,6,no,lshift,355,1
dózsaket,1,blue,dot,1,4,no,lshift,338,1
dózsaket,1,red,dot,1,1,no,rshift,350,1
dózsaket,1,red,dot,1,4,no,rshift,473,1
dózsaket,1,red,dot,1,3,no,rshift,430,1
dózsaket,1,blue,dot,1,4,no,lshift,320,1
dózsaket,1,red,dot,1,1,no,rshift,433,1
dózsaket,1,blue,dot,1,3,no,lshift,384,1
dózsaket,1,red,dot,1,2,no,rshift,416,1
dózsaket,1,red,dot,1,7,no,rshift,454,1
dózsaket,1,red,dot,1,1,no,rshift,418,1
dózsaket,1,red,dot,1,3,no,rshift,418,1
dózsaket,1,red,dot,1,1,no,rshift,371,1
dózsaket,1,blue,dot,1,7,no,lshift,357,1
dózsaket,1,blue,dot,1,4,no,lshift,401,1
dózsaket,1,blue,dot,1,4,no,lshift,390,1
dózsaket,1,red,dot,1,4,no,rshift,405,1
dózsaket,1,blue,dot,1,2,no,lshift,325,1
dózsaket,1,red,dot,1,3,no,rshift,415,1
dózsaket,1,blue,dot,1,1,no,lshift,333,1
dózsaket,1,red,dot,1,3,no,rshift,381,1
dózsaket,1,red,dot,1,8,no,rshift,434,1
dózsaket,1,blue,dot,1,1,no,lshift,367,1
dózsaket,1,blue,dot,1,3,no,lshift,354,1
dózsaket,1,blue,dot,1,6,no,lshift,314,1
dózsaket,1,blue,dot,1,1,no,lshift,297,1
dózsaket,1,blue,dot,1,8,no,lshift,320,1
dózsaket,1,blue,dot,1,2,no,lshift,345,1
dózsaket,1,blue,dot,1,9,no,lshift,366,1
dózsaket,1,red,dot,1,9,no,rshift,458,1
dózsaket,1,red,dot,1,3,no,rshift,431,1
dózsaket,1,blue,dot,1,8,no,lshift,416,1
dózsaket,1,red,dot,1,2,no,rshift,435,1
dózsaket,1,blue,dot,1,9,no,lshift,439,1
dózsaket,1,red,dot,1,2,no,rshift,442,1
dózsaket,1,red,dot,1,9,no,rshift,459,1
dózsaket,1,blue,dot,1,3,no,lshift,356,1
dózsaket,1,blue,dot,1,7,no,lshift,411,1
dózsaket,1,blue,dot,1,4,no,lshift,353,1
dózsaket,1,red,dot,1,4,no,rshift,407,1
dózsaket,1,blue,dot,1,1,no,lshift,351,1
dózsaket,1,red,dot,1,7,no,rshift,427,1
dózsaket,1,red,dot,1,1,no,rshift,466,1
dózsaket,1,blue,dot,1,3,no,lshift,367,1
dózsaket,1,blue,dot,1,7,no,lshift,375,1
dózsaket,1,blue,dot,1,6,no,lshift,401,1
dózsaket,1,blue,dot,1,4,no,lshift,379,1
dózsaket,1,red,dot,1,7,no,rshift,465,1
dózsaket,1,red,dot,1,6,no,rshift,412,1
dózsaket,1,blue,dot,1,3,no,lshift,367,1
dózsaket,1,red,dot,1,2,no,rshift,402,1
dózsaket,1,red,dot,1,7,no,rshift,400,1
dózsaket,1,blue,dot,1,6,no,lshift,417,1
dózsaket,1,blue,dot,1,4,no,lshift,345,1
dózsaket,1,blue,dot,1,6,no,lshift,329,1
dózsaket,1,red,dot,1,3,no,rshift,370,1
dózsaket,1,red,dot,1,4,no,rshift,503,1
dózsaket,1,red,dot,1,7,no,rshift,371,1
dózsaket,1,blue,dot,1,7,no,lshift,375,1
dózsaket,1,red,dot,1,1,no,rshift,407,1
dózsaket,1,red,dot,1,7,no,rshift,378,1
dózsaket,1,blue,dot,1,3,no,lshift,360,1
dózsaket,1,red,dot,1,8,no,rshift,422,1
dózsaket,1,red,dot,0,8,no,lshift,338,1
dózsaket,1,blue,dot,1,6,no,lshift,495,1
dózsaket,1,blue,dot,1,6,no,lshift,406,1
dózsaket,1,red,dot,1,7,no,rshift,434,1
dózsaket,1,blue,dot,1,9,no,lshift,516,1
dózsaket,1,blue,dot,1,8,no,lshift,450,1
dózsaket,1,red,dot,1,6,no,rshift,343,1
dózsaket,1,blue,dot,1,9,no,lshift,408,1
dózsaket,1,red,dot,1,7,no,rshift,801,1
dózsaket,1,red,dot,1,6,no,rshift,409,1
dózsaket,1,red,dot,1,4,no,rshift,381,1
dózsaket,1,red,dot,1,9,no,rshift,381,1
dózsaket,1,red,dot,1,2,no,rshift,374,1
dózsaket,1,red,dot,1,2,no,rshift,347,1
dózsaket,1,red,dot,1,9,no,rshift,343,1
dózsaket,1,blue,dot,1,7,no,lshift,419,1
dózsaket,1,blue,dot,1,7,no,lshift,337,1
dózsaket,1,blue,dot,1,1,no,lshift,402,1
dózsaket,1,red,dot,1,9,no,rshift,416,1
dózsaket,1,red,dot,1,3,no,rshift,405,1
dózsaket,1,blue,dot,1,2,no,lshift,389,1
dózsaket,1,blue,dot,1,2,no,lshift,393,1
dózsaket,1,blue,dot,1,6,no,lshift,385,1
dózsaket,1,red,dot,1,4,no,rshift,414,1
dózsaket,1,blue,dot,1,3,no,lshift,507,1
dózsaket,1,red,dot,1,6,no,rshift,432,1
dózsaket,1,red,dot,1,3,no,rshift,497,1
dózsaket,1,blue,dot,1,8,no,lshift,463,1
dózsaket,1,red,dot,1,3,no,rshift,479,1
dózsaket,1,blue,dot,1,1,no,lshift,447,1
dózsaket,1,red,dot,1,3,no,rshift,359,1
dózsaket,1,red,dot,1,8,no,rshift,415,1
dózsaket,1,red,dot,1,6,no,rshift,379,1
dózsaket,1,red,dot,1,4,no,rshift,421,1
dózsaket,1,blue,dot,1,2,no,lshift,351,1
dózsaket,1,blue,dot,1,6,no,lshift,336,1
dózsaket,1,red,dot,1,8,no,rshift,393,1
dózsaket,1,blue,dot,1,9,no,lshift,432,1
dózsaket,1,red,dot,1,1,no,rshift,372,1
dózsaket,1,red,dot,1,2,no,rshift,456,1
dózsaket,1,red,dot,1,7,no,rshift,381,1
dózsaket,1,red,dot,1,7,no,rshift,423,1
dózsaket,1,blue,dot,1,3,no,lshift,347,1
dózsaket,1,blue,dot,1,8,no,lshift,345,1
dózsaket,1,red,dot,1,1,no,rshift,376,1
dózsaket,1,blue,dot,1,4,no,lshift,363,1
dózsaket,1,blue,dot,1,7,no,lshift,386,1
dózsaket,1,blue,dot,1,1,no,lshift,399,1
dózsaket,1,red,dot,1,2,no,rshift,354,1
dózsaket,1,red,dot,1,9,no,rshift,382,1
dózsaket,1,red,dot,1,6,no,rshift,376,1
dózsaket,1,blue,dot,1,8,no,lshift,368,1
dózsaket,1,red,dot,1,6,no,rshift,422,1
dózsaket,1,blue,dot,1,4,no,lshift,349,1
dózsaket,1,red,dot,1,2,no,rshift,419,1
dózsaket,1,red,dot,1,2,no,rshift,387,1
dózsaket,2,blue,dot,1,8,no,lshift,371,1
dózsaket,2,blue,dot,1,9,no,lshift,360,1
dózsaket,2,blue,dot,1,3,no,lshift,353,1
dózsaket,2,red,dot,1,6,no,rshift,394,1
dózsaket,2,red,dot,1,8,no,rshift,490,1
dózsaket,2,red,dot,1,2,no,rshift,365,1
dózsaket,2,red,dot,1,4,no,rshift,346,1
dózsaket,2,blue,dot,1,8,no,lshift,344,1
dózsaket,2,blue,dot,1,9,no,lshift,324,1
dózsaket,2,red,dot,1,8,no,rshift,399,1
dózsaket,2,red,dot,1,7,no,rshift,394,1
dózsaket,2,red,dot,1,8,no,rshift,391,1
dózsaket,2,red,dot,1,9,no,rshift,391,1
dózsaket,2,red,dot,1,3,no,rshift,331,1
dózsaket,2,red,dot,1,7,no,rshift,362,1
dózsaket,2,red,dot,1,8,no,rshift,336,1
dózsaket,2,red,dot,1,2,no,rshift,361,1
dózsaket,2,red,dot,1,1,no,rshift,353,1
dózsaket,2,blue,dot,1,4,no,lshift,313,1
dózsaket,2,blue,dot,1,6,no,lshift,342,1
dózsaket,2,red,dot,1,9,no,rshift,472,1
dózsaket,2,blue,dot,1,9,no,lshift,443,1
dózsaket,2,red,dot,1,1,no,rshift,400,1
dózsaket,2,blue,dot,1,7,no,lshift,474,1
dózsaket,2,blue,dot,1,9,no,lshift,333,1
dózsaket,2,red,dot,1,1,no,rshift,386,1
dózsaket,2,blue,dot,1,2,no,lshift,422,1
dózsaket,2,blue,dot,1,4,no,lshift,450,1
dózsaket,2,red,dot,1,9,no,rshift,421,1
dózsaket,2,blue,dot,1,7,no,lshift,454,1
dózsaket,2,blue,dot,1,8,no,lshift,439,1
dózsaket,2,blue,dot,1,4,no,lshift,524,1
dózsaket,2,blue,dot,1,8,no,lshift,421,1
dózsaket,2,blue,dot,1,3,no,lshift,380,1
dózsaket,2,blue,dot,1,1,no,lshift,439,1
dózsaket,2,blue,dot,1,4,no,lshift,397,1
dózsaket,2,red,dot,1,3,no,rshift,340,1
dózsaket,2,red,dot,1,2,no,rshift,443,1
dózsaket,2,red,dot,1,6,no,rshift,407,1
dózsaket,2,blue,dot,1,1,no,lshift,957,1
dózsaket,2,red,dot,1,4,no,rshift,490,1
dózsaket,2,blue,dot,1,2,no,lshift,481,1
dózsaket,2,red,dot,1,4,no,rshift,428,1
dózsaket,2,red,dot,1,1,no,rshift,509,1
dózsaket,2,blue,dot,1,8,no,lshift,391,1
dózsaket,2,red,dot,1,6,no,rshift,429,1
dózsaket,2,blue,dot,1,1,no,lshift,407,1
dózsaket,2,blue,dot,1,1,no,lshift,443,1
dózsaket,2,blue,dot,1,7,no,lshift,458,1
dózsaket,2,red,dot,1,3,no,rshift,392,1
dózsaket,2,blue,dot,1,3,no,lshift,659,1
dózsaket,2,red,dot,1,6,no,rshift,390,1
dózsaket,2,blue,dot,1,1,no,lshift,287,1
dózsaket,2,blue,dot,1,3,no,lshift,403,1
dózsaket,2,blue,dot,1,8,no,lshift,382,1
dózsaket,2,blue,dot,1,4,no,lshift,395,1
dózsaket,2,blue,dot,1,3,no,lshift,359,1
dózsaket,2,red,dot,1,8,no,rshift,435,1
dózsaket,2,blue,dot,1,2,no,lshift,408,1
dózsaket,2,red,dot,1,2,no,rshift,416,1
dózsaket,2,red,dot,1,8,no,rshift,474,1
dózsaket,2,red,dot,1,4,no,rshift,387,1
dózsaket,2,red,dot,1,6,no,rshift,456,1
dózsaket,2,blue,dot,1,8,no,lshift,366,1
dózsaket,2,blue,dot,1,6,no,lshift,355,1
dózsaket,2,blue,dot,1,3,no,lshift,316,1
dózsaket,2,blue,dot,1,2,no,lshift,429,1
dózsaket,2,blue,dot,1,9,no,lshift,343,1
dózsaket,2,red,dot,1,1,no,rshift,376,1
dózsaket,2,red,dot,1,8,no,rshift,352,1
dózsaket,2,blue,dot,1,6,no,lshift,405,1
dózsaket,2,blue,dot,1,8,no,lshift,349,1
dózsaket,2,red,dot,1,4,no,rshift,402,1
dózsaket,2,red,dot,1,6,no,rshift,380,1
dózsaket,2,blue,dot,1,3,no,lshift,462,1
dózsaket,2,red,dot,1,3,no,rshift,401,1
dózsaket,2,red,dot,1,3,no,rshift,323,1
dózsaket,2,blue,dot,1,6,no,lshift,397,1
dózsaket,2,blue,dot,1,6,no,lshift,345,1
dózsaket,2,blue,dot,1,9,no,lshift,381,1
dózsaket,2,red,dot,1,2,no,rshift,340,1
dózsaket,2,blue,dot,1,2,no,lshift,380,1
dózsaket,2,red,dot,1,1,no,rshift,410,1
dózsaket,2,blue,dot,1,7,no,lshift,404,1
dózsaket,2,red,dot,1,3,no,rshift,368,1
dózsaket,2,red,dot,1,7,no,rshift,417,1
dózsaket,2,red,dot,1,7,no,rshift,453,1
dózsaket,2,red,dot,1,2,no,rshift,400,1
dózsaket,2,blue,dot,1,9,no,lshift,455,1
dózsaket,2,blue,dot,1,1,no,lshift,328,1
dózsaket,2,blue,dot,1,1,no,lshift,353,1
dózsaket,2,red,dot,1,2,no,rshift,625,1
dózsaket,2,blue,dot,1,7,no,lshift,468,1
dózsaket,2,blue,dot,1,6,no,lshift,391,1
dózsaket,2,red,dot,1,4,no,rshift,377,1
dózsaket,2,red,dot,1,3,no,rshift,384,1
dózsaket,2,blue,dot,1,8,no,lshift,474,1
dózsaket,2,blue,dot,1,3,no,lshift,380,1
dózsaket,2,red,dot,1,7,no,rshift,481,1
dózsaket,2,red,dot,1,2,no,rshift,392,1
dózsaket,2,red,dot,1,3,no,rshift,352,1
dózsaket,2,blue,dot,1,8,no,lshift,352,1
dózsaket,2,blue,dot,1,7,no,lshift,365,1
dózsaket,2,blue,dot,1,2,no,lshift,496,1
dózsaket,2,red,dot,1,6,no,rshift,392,1
dózsaket,2,red,dot,1,9,no,rshift,354,1
dózsaket,2,blue,dot,1,6,no,lshift,335,1
dózsaket,2,red,dot,1,3,no,rshift,386,1
dózsaket,2,red,dot,1,7,no,rshift,387,1
dózsaket,2,red,dot,1,1,no,rshift,404,1
dózsaket,2,blue,dot,1,7,no,lshift,391,1
dózsaket,2,red,dot,1,9,no,rshift,404,1
dózsaket,2,red,dot,1,8,no,rshift,405,1
dózsaket,2,red,dot,1,6,no,rshift,461,1
dózsaket,2,blue,dot,1,2,no,lshift,416,1
dózsaket,2,red,dot,1,4,no,rshift,464,1
dózsaket,2,blue,dot,1,7,no,lshift,526,1
dózsaket,2,blue,dot,1,1,no,lshift,350,1
dózsaket,2,blue,dot,1,9,no,lshift,360,1
dózsaket,2,blue,dot,1,6,no,lshift,389,1
dózsaket,2,red,dot,1,9,no,rshift,368,1
dózsaket,2,red,dot,1,9,no,rshift,400,1
dózsaket,2,blue,dot,1,2,no,lshift,378,1
dózsaket,2,red,dot,1,4,no,rshift,392,1
dózsaket,2,blue,dot,1,9,no,lshift,391,1
dózsaket,2,red,dot,1,7,no,rshift,400,1
dózsaket,2,red,dot,1,6,no,rshift,450,1
dózsaket,2,blue,dot,1,3,no,lshift,369,1
dózsaket,2,blue,dot,1,9,no,lshift,363,1
dózsaket,2,blue,dot,1,4,no,lshift,338,1
dózsaket,2,red,dot,1,9,no,rshift,382,1
dózsaket,2,blue,dot,1,3,no,lshift,360,1
dózsaket,2,red,dot,1,9,no,rshift,354,1
dózsaket,2,blue,dot,1,6,no,lshift,464,1
dózsaket,2,red,dot,1,2,no,rshift,421,1
dózsaket,2,red,dot,1,6,no,rshift,497,1
dózsaket,2,red,dot,1,3,no,rshift,395,1
dózsaket,2,red,dot,1,9,no,rshift,342,1
dózsaket,2,blue,dot,1,2,no,lshift,364,1
dózsaket,2,blue,dot,1,4,no,lshift,550,1
dózsaket,2,red,dot,1,7,no,rshift,389,1
dózsaket,2,red,dot,1,7,no,rshift,360,1
dózsaket,2,red,dot,1,2,no,rshift,452,1
dózsaket,2,red,dot,1,1,no,rshift,363,1
dózsaket,2,blue,dot,1,7,no,lshift,399,1
dózsaket,2,red,dot,1,4,no,rshift,411,1
dózsaket,2,blue,dot,1,4,no,lshift,407,1
dózsaket,2,red,dot,1,1,no,rshift,354,1
dózsaket,2,red,dot,1,8,no,rshift,372,1
dózsaket,2,blue,dot,1,6,no,lshift,442,1
dózsaket,2,red,dot,1,8,no,rshift,381,1
dózsaket,2,blue,dot,1,2,no,lshift,371,1
dózsaket,2,blue,dot,1,4,no,lshift,411,1
dózsaket,2,red,dot,1,1,no,rshift,382,1
dózsaket,2,red,dot,1,7,no,rshift,395,1
dózsaket,2,red,dot,1,4,no,rshift,389,1
dózsaket,2,blue,dot,1,4,no,lshift,465,1
dózsaket,2,blue,dot,1,1,no,lshift,388,1
dózsaket,2,blue,dot,1,1,no,lshift,409,1
dózsaket,2,blue,dot,1,7,no,lshift,308,1
dózsaket,3,red,dot,1,6,no,rshift,432,1
dózsaket,3,red,dot,1,8,no,rshift,371,1
dózsaket,3,blue,dot,1,9,no,lshift,346,1
dózsaket,3,blue,dot,1,4,no,lshift,379,1
dózsaket,3,red,dot,1,3,no,rshift,398,1
dózsaket,3,blue,dot,1,1,no,lshift,380,1
dózsaket,3,blue,dot,1,4,no,lshift,326,1
dózsaket,3,red,dot,1,3,no,rshift,392,1
dózsaket,3,red,dot,1,4,no,rshift,314,1
dózsaket,3,red,dot,1,7,no,rshift,309,1
dózsaket,3,blue,dot,1,6,no,lshift,388,1
dózsaket,3,blue,dot,1,4,no,lshift,353,1
dózsaket,3,red,dot,1,1,no,rshift,369,1
dózsaket,3,blue,dot,1,2,no,lshift,421,1
dózsaket,3,blue,dot,1,1,no,lshift,483,1
dózsaket,3,blue,dot,1,8,no,lshift,309,1
dózsaket,3,blue,dot,1,8,no,lshift,316,1
dózsaket,3,red,dot,1,9,no,rshift,390,1
dózsaket,3,blue,dot,1,9,no,lshift,370,1
dózsaket,3,blue,dot,1,4,no,lshift,357,1
dózsaket,3,red,dot,1,1,no,rshift,391,1
dózsaket,3,blue,dot,1,7,no,lshift,389,1
dózsaket,3,red,dot,1,6,no,rshift,391,1
dózsaket,3,blue,dot,1,7,no,lshift,489,1
dózsaket,3,red,dot,1,7,no,rshift,361,1
dózsaket,3,red,dot,1,2,no,rshift,385,1
dózsaket,3,red,dot,1,7,no,rshift,383,1
dózsaket,3,blue,dot,1,6,no,lshift,426,1
dózsaket,3,blue,dot,1,3,no,lshift,414,1
dózsaket,3,blue,dot,1,3,no,lshift,357,1
dózsaket,3,blue,dot,1,4,no,lshift,322,1
dózsaket,3,blue,dot,1,6,no,lshift,407,1
dózsaket,3,red,dot,1,4,no,rshift,462,1
dózsaket,3,blue,dot,1,9,no,lshift,398,1
dózsaket,3,blue,dot,1,7,no,lshift,322,1
dózsaket,3,blue,dot,1,3,no,lshift,292,1
dózsaket,3,blue,dot,1,4,no,lshift,338,1
dózsaket,3,blue,dot,1,7,no,lshift,369,1
dózsaket,3,blue,dot,1,4,no,lshift,355,1
dózsaket,3,red,dot,1,6,no,rshift,288,1
dózsaket,3,red,dot,1,1,no,rshift,339,1
dózsaket,3,red,dot,1,1,no,rshift,364,1
dózsaket,3,blue,dot,1,3,no,lshift,346,1
dózsaket,3,red,dot,1,4,no,rshift,400,1
dózsaket,3,red,dot,1,6,no,rshift,449,1
dózsaket,3,blue,dot,1,1,no,lshift,373,1
dózsaket,3,blue,dot,1,8,no,lshift,355,1
dózsaket,3,blue,dot,1,1,no,lshift,322,1
dózsaket,3,red,dot,1,8,no,rshift,372,1
dózsaket,3,red,dot,1,9,no,rshift,338,1
dózsaket,3,red,dot,1,3,no,rshift,349,1
dózsaket,3,blue,dot,1,8,no,lshift,361,1
dózsaket,3,red,dot,1,7,no,rshift,386,1
dózsaket,3,red,dot,1,2,no,rshift,377,1
dózsaket,3,blue,dot,1,4,no,lshift,348,1
dózsaket,3,red,dot,1,4,no,rshift,397,1
dózsaket,3,blue,dot,1,9,no,lshift,348,1
dózsaket,3,blue,dot,1,6,no,lshift,306,1
dózsaket,3,red,dot,1,9,no,rshift,389,1
dózsaket,3,blue,dot,1,2,no,lshift,354,1
dózsaket,3,red,dot,1,9,no,rshift,445,1
dózsaket,3,blue,dot,1,9,no,lshift,430,1
dózsaket,3,blue,dot,1,2,no,lshift,401,1
dózsaket,3,red,dot,1,2,no,rshift,318,1
dózsaket,3,blue,dot,1,1,no,lshift,321,1
dózsaket,3,red,dot,1,2,no,rshift,367,1
dózsaket,3,blue,dot,1,3,no,lshift,334,1
dózsaket,3,red,dot,1,6,no,rshift,399,1
dózsaket,3,red,dot,1,2,no,rshift,370,1
dózsaket,3,red,dot,1,7,no,rshift,354,1
dózsaket,3,red,dot,1,1,no,rshift,373,1
dózsaket,3,red,dot,1,1,no,rshift,371,1
dózsaket,3,blue,dot,1,9,no,lshift,475,1
dózsaket,3,red,dot,1,4,no,rshift,473,1
dózsaket,3,red,dot,1,3,no,rshift,454,1
dózsaket,3,blue,dot,1,2,no,lshift,386,1
dózsaket,3,red,dot,1,2,no,rshift,384,1
dózsaket,3,blue,dot,1,6,no,lshift,435,1
dózsaket,3,red,dot,1,1,no,rshift,582,1
dózsaket,3,blue,dot,1,3,no,lshift,396,1
dózsaket,3,blue,dot,1,1,no,lshift,370,1
dózsaket,3,blue,dot,1,6,no,lshift,428,1
dózsaket,3,red,dot,1,6,no,rshift,424,1
dózsaket,3,red,dot,1,9,no,rshift,365,1
dózsaket,3,blue,dot,1,3,no,lshift,370,1
dózsaket,3,red,dot,1,8,no,rshift,425,1
dózsaket,3,red,dot,1,3,no,rshift,364,1
dózsaket,3,blue,dot,1,9,no,lshift,342,1
dózsaket,3,red,dot,1,2,no,rshift,452,1
dózsaket,3,red,dot,1,7,no,rshift,338,1
dózsaket,3,red,dot,1,9,no,rshift,340,1
dózsaket,3,red,dot,1,1,no,rshift,369,1
dózsaket,3,blue,dot,1,3,no,lshift,348,1
dózsaket,3,red,dot,1,7,no,rshift,393,1
dózsaket,3,red,dot,1,3,no,rshift,353,1
dózsaket,3,red,dot,1,4,no,rshift,347,1
dózsaket,3,red,dot,1,8,no,rshift,331,1
dózsaket,3,blue,dot,1,1,no,lshift,268,1
dózsaket,3,blue,dot,1,7,no,lshift,564,1
dózsaket,3,red,dot,1,1,no,rshift,376,1
dózsaket,3,blue,dot,1,6,no,lshift,427,1
dózsaket,3,red,dot,1,2,no,rshift,359,1
dózsaket,3,red,dot,1,6,no,rshift,346,1
dózsaket,3,red,dot,1,2,no,rshift,333,1
dózsaket,3,red,dot,1,6,no,rshift,373,1
dózsaket,3,blue,dot,1,3,no,lshift,328,1
dózsaket,3,red,dot,1,7,no,rshift,399,1
dózsaket,3,blue,dot,1,2,no,lshift,457,1
dózsaket,3,blue,dot,1,7,no,lshift,320,1
dózsaket,3,red,dot,1,9,no,rshift,393,1
dózsaket,3,red,dot,1,4,no,rshift,424,1
dózsaket,3,blue,dot,1,2,no,lshift,340,1
dózsaket,3,blue,dot,1,8,no,lshift,298,1
dózsaket,3,blue,dot,1,9,no,lshift,351,1
dózsaket,3,blue,dot,1,8,no,lshift,271,1
dózsaket,3,blue,dot,1,7,no,lshift,378,1
dózsaket,3,red,dot,1,9,no,rshift,335,1
dózsaket,3,red,dot,1,7,no,rshift,482,1
dózsaket,3,red,dot,1,7,no,rshift,402,1
dózsaket,3,red,dot,1,3,no,rshift,413,1
dózsaket,3,blue,dot,1,6,no,lshift,387,1
dózsaket,3,blue,dot,1,2,no,lshift,440,1
dózsaket,3,red,dot,1,4,no,rshift,352,1
dózsaket,3,red,dot,1,4,no,rshift,336,1
dózsaket,3,red,dot,1,1,no,rshift,337,1
dózsaket,3,blue,dot,1,7,no,lshift,340,1
dózsaket,3,red,dot,1,9,no,rshift,334,1
dózsaket,3,blue,dot,1,1,no,lshift,439,1
dózsaket,3,red,dot,1,2,no,rshift,355,1
dózsaket,3,red,dot,1,8,no,rshift,370,1
dózsaket,3,blue,dot,1,2,no,lshift,420,1
dózsaket,3,blue,dot,1,8,no,lshift,396,1
dózsaket,3,blue,dot,1,4,no,lshift,355,1
dózsaket,3,blue,dot,1,8,no,lshift,356,1
dózsaket,3,blue,dot,1,8,no,lshift,373,1
dózsaket,3,blue,dot,1,1,no,lshift,430,1
dózsaket,3,blue,dot,1,6,no,lshift,329,1
dózsaket,3,red,dot,1,6,no,rshift,326,1
dózsaket,3,red,dot,1,6,no,rshift,431,1
dózsaket,3,blue,dot,1,1,no,lshift,422,1
dózsaket,3,red,dot,1,8,no,rshift,443,1
dózsaket,3,red,dot,1,3,no,rshift,389,1
dózsaket,3,red,dot,1,9,no,rshift,445,1
dózsaket,3,red,dot,1,3,no,rshift,393,1
dózsaket,3,red,dot,1,8,no,rshift,420,1
dózsaket,3,red,dot,1,3,no,rshift,368,1
dózsaket,3,blue,dot,1,8,no,lshift,444,1
dózsaket,3,blue,dot,1,2,no,lshift,337,1
dózsaket,3,red,dot,1,4,no,rshift,385,1
dózsaket,3,blue,dot,1,9,no,lshift,419,1
dózsaket,3,blue,dot,1,2,no,lshift,341,1
dózsaket,3,red,dot,1,8,no,rshift,408,1
dózsaket,3,blue,dot,1,7,no,lshift,374,1
dózsaket,3,red,dot,1,8,no,rshift,383,1
dózsaket,3,blue,dot,1,3,no,lshift,344,1
dózsaket,3,blue,dot,1,4,no,lshift,357,1
dózsaket,3,red,dot,1,8,no,rshift,446,1
dózsaket,3,blue,dot,1,6,no,lshift,461,1
dózsaket,3,blue,dot,1,9,no,lshift,333,1
dózsaket,3,blue,dot,1,7,no,lshift,310,1
dózsaket,0,red,arab,1,8,yes,rshift,534,1
dózsaket,0,blue,arab,1,3,yes,lshift,402,1
dózsaket,0,red,arab,1,9,yes,rshift,360,1
dózsaket,0,red,arab,1,1,yes,rshift,439,1
dózsaket,0,blue,arab,0,6,yes,rshift,369,1
dózsaket,0,red,arab,1,6,yes,rshift,438,1
dózsaket,0,blue,arab,1,8,yes,lshift,486,1
dózsaket,0,red,arab,1,7,yes,rshift,437,1
dózsaket,0,blue,arab,1,9,yes,lshift,486,1
dózsaket,0,blue,arab,1,4,yes,lshift,383,1
dózsaket,0,blue,arab,1,1,yes,lshift,489,1
dózsaket,0,blue,arab,1,7,yes,lshift,425,1
dózsaket,0,red,arab,1,3,yes,rshift,409,1
dózsaket,0,blue,arab,1,2,yes,lshift,380,1
dózsaket,0,red,arab,1,2,yes,rshift,436,1
dózsaket,0,red,arab,1,4,yes,rshift,398,1
dózsaket,1,blue,arab,1,8,no,lshift,551,1
dózsaket,1,blue,arab,1,3,no,lshift,383,1
dózsaket,1,blue,arab,1,7,no,lshift,372,1
dózsaket,1,blue,arab,1,7,no,lshift,429,1
dózsaket,1,blue,arab,1,8,no,lshift,376,1
dózsaket,1,blue,arab,1,4,no,lshift,363,1
dózsaket,1,red,arab,1,7,no,rshift,431,1
dózsaket,1,red,arab,1,1,no,rshift,457,1
dózsaket,1,red,arab,1,2,no,rshift,405,1
dózsaket,1,blue,arab,1,4,no,lshift,388,1
dózsaket,1,blue,arab,1,4,no,lshift,352,1
dózsaket,1,red,arab,1,8,no,rshift,327,1
dózsaket,1,red,arab,1,8,no,rshift,438,1
dózsaket,1,blue,arab,1,3,no,lshift,415,1
dózsaket,1,red,arab,1,9,no,rshift,395,1
dózsaket,1,blue,arab,1,8,no,lshift,382,1
dózsaket,1,blue,arab,1,9,no,lshift,332,1
dózsaket,1,red,arab,1,2,no,rshift,346,1
dózsaket,1,blue,arab,1,2,no,lshift,385,1
dózsaket,1,blue,arab,1,8,no,lshift,352,1
dózsaket,1,red,arab,1,6,no,rshift,376,1
dózsaket,1,blue,arab,1,9,no,lshift,430,1
dózsaket,1,red,arab,1,8,no,rshift,453,1
dózsaket,1,blue,arab,1,7,no,lshift,457,1
dózsaket,1,red,arab,1,9,no,rshift,431,1
dózsaket,1,red,arab,1,7,no,rshift,444,1
dózsaket,1,blue,arab,1,3,no,lshift,391,1
dózsaket,1,red,arab,1,9,no,rshift,432,1
dózsaket,1,red,arab,1,3,no,rshift,496,1
dózsaket,1,blue,arab,1,9,no,lshift,334,1
dózsaket,1,blue,arab,1,1,no,lshift,378,1
dózsaket,1,blue,arab,1,8,no,lshift,455,1
dózsaket,1,red,arab,1,2,no,rshift,398,1
dózsaket,1,blue,arab,1,2,no,lshift,406,1
dózsaket,1,red,arab,1,3,no,rshift,394,1
dózsaket,1,blue,arab,1,6,no,lshift,366,1
dózsaket,1,red,arab,1,6,no,rshift,417,1
dózsaket,1,red,arab,1,1,no,rshift,431,1
dózsaket,1,red,arab,1,2,no,rshift,377,1
dózsaket,1,blue,arab,1,6,no,lshift,357,1
dózsaket,1,red,arab,1,6,no,rshift,384,1
dózsaket,1,blue,arab,1,3,no,lshift,421,1
dózsaket,1,red,arab,1,6,no,rshift,416,1
dózsaket,1,red,arab,1,7,no,rshift,390,1
dózsaket,1,blue,arab,1,3,no,lshift,406,1
dózsaket,1,blue,arab,1,1,no,lshift,374,1
dózsaket,1,red,arab,1,1,no,rshift,387,1
dózsaket,1,blue,arab,1,9,no,lshift,351,1
dózsaket,1,red,arab,1,8,no,rshift,396,1
dózsaket,1,blue,arab,1,6,no,lshift,389,1
dózsaket,1,red,arab,1,4,no,rshift,439,1
dózsaket,1,blue,arab,1,9,no,lshift,506,1
dózsaket,1,blue,arab,1,6,no,lshift,391,1
dózsaket,1,blue,arab,1,9,no,lshift,334,1
dózsaket,1,red,arab,1,2,no,rshift,387,1
dózsaket,1,red,arab,1,3,no,rshift,367,1
dózsaket,1,red,arab,1,4,no,rshift,386,1
dózsaket,1,red,arab,1,4,no,rshift,509,1
dózsaket,1,blue,arab,1,3,no,lshift,404,1
dózsaket,1,blue,arab,1,2,no,lshift,389,1
dózsaket,1,blue,arab,1,7,no,lshift,385,1
dózsaket,1,red,arab,1,3,no,rshift,393,1
dózsaket,1,red,arab,1,9,no,rshift,598,1
dózsaket,1,red,arab,1,3,no,rshift,440,1
dózsaket,1,red,arab,1,3,no,rshift,429,1
dózsaket,1,red,arab,1,3,no,rshift,431,1
dózsaket,1,blue,arab,1,8,no,lshift,521,1
dózsaket,1,blue,arab,1,6,no,lshift,315,1
dózsaket,1,red,arab,1,9,no,rshift,401,1
dózsaket,1,blue,arab,1,1,no,lshift,409,1
dózsaket,1,red,arab,1,9,no,rshift,427,1
dózsaket,1,blue,arab,1,1,no,lshift,469,1
dózsaket,1,red,arab,1,7,no,rshift,426,1
dózsaket,1,blue,arab,1,8,no,lshift,446,1
dózsaket,1,blue,arab,1,2,no,lshift,406,1
dózsaket,1,blue,arab,1,9,no,lshift,386,1
dózsaket,1,red,arab,1,9,no,rshift,404,1
dózsaket,1,red,arab,1,8,no,rshift,426,1
dózsaket,1,blue,arab,1,3,no,lshift,355,1
dózsaket,1,blue,arab,1,7,no,lshift,392,1
dózsaket,1,blue,arab,1,6,no,lshift,361,1
dózsaket,1,blue,arab,1,1,no,lshift,354,1
dózsaket,1,red,arab,1,4,no,rshift,374,1
dózsaket,1,blue,arab,1,9,no,lshift,360,1
dózsaket,1,red,arab,1,2,no,rshift,346,1
dózsaket,1,red,arab,1,8,no,rshift,426,1
dózsaket,1,red,arab,1,1,no,rshift,431,1
dózsaket,1,blue,arab,1,4,no,lshift,401,1
dózsaket,1,blue,arab,1,6,no,lshift,336,1
dózsaket,1,blue,arab,1,6,no,lshift,355,1
dózsaket,1,red,arab,1,7,no,rshift,379,1
dózsaket,1,red,arab,1,1,no,rshift,452,1
dózsaket,1,blue,arab,1,3,no,lshift,383,1
dózsaket,1,red,arab,1,1,no,rshift,400,1
dózsaket,1,red,arab,1,9,no,rshift,375,1
dózsaket,1,blue,arab,1,9,no,lshift,388,1
dózsaket,1,red,arab,1,6,no,rshift,542,1
dózsaket,1,blue,arab,1,6,no,lshift,509,1
dózsaket,1,red,arab,1,6,no,rshift,369,1
dózsaket,1,blue,arab,1,4,no,lshift,433,1
dózsaket,1,blue,arab,1,7,no,lshift,431,1
dózsaket,1,red,arab,1,4,no,rshift,405,1
dózsaket,1,blue,arab,1,4,no,lshift,423,1
dózsaket,1,red,arab,1,7,no,rshift,332,1
dózsaket,1,blue,arab,1,4,no,lshift,340,1
dózsaket,1,red,arab,1,8,no,rshift,420,1
dózsaket,1,red,arab,1,4,no,rshift,408,1
dózsaket,1,red,arab,1,2,no,rshift,380,1
dózsaket,1,blue,arab,1,1,no,lshift,331,1
dózsaket,1,red,arab,1,4,no,rshift,372,1
dózsaket,1,blue,arab,1,2,no,lshift,389,1
dózsaket,1,red,arab,1,3,no,rshift,413,1
dózsaket,1,blue,arab,1,9,no,lshift,435,1
dózsaket,1,red,arab,1,1,no,rshift,380,1
dózsaket,1,blue,arab,1,1,no,lshift,502,1
dózsaket,1,red,arab,1,4,no,rshift,432,1
dózsaket,1,blue,arab,1,4,no,lshift,373,1
dózsaket,1,red,arab,1,7,no,rshift,405,1
dózsaket,1,blue,arab,1,1,no,lshift,428,1
dózsaket,1,blue,arab,1,1,no,lshift,499,1
dózsaket,1,blue,arab,1,4,no,lshift,394,1
dózsaket,1,blue,arab,1,2,no,lshift,303,1
dózsaket,1,blue,arab,1,7,no,lshift,358,1
dózsaket,1,red,arab,1,2,no,rshift,374,1
dózsaket,1,blue,arab,1,1,no,lshift,371,1
dózsaket,1,blue,arab,1,6,no,lshift,387,1
dózsaket,1,blue,arab,1,4,no,lshift,326,1
dózsaket,1,blue,arab,1,7,no,lshift,381,1
dózsaket,1,red,arab,1,3,no,rshift,388,1
dózsaket,1,red,arab,1,6,no,rshift,449,1
dózsaket,1,blue,arab,1,7,no,lshift,366,1
dózsaket,1,blue,arab,1,2,no,lshift,326,1
dózsaket,1,blue,arab,1,3,no,lshift,334,1
dózsaket,1,red,arab,1,3,no,rshift,447,1
dózsaket,1,red,arab,1,8,no,rshift,420,1
dózsaket,1,red,arab,1,2,no,rshift,421,1
dózsaket,1,red,arab,1,7,no,rshift,467,1
dózsaket,1,red,arab,1,1,no,rshift,397,1
dózsaket,1,red,arab,1,4,no,rshift,435,1
dózsaket,1,red,arab,1,6,no,rshift,414,1
dózsaket,1,blue,arab,1,2,no,lshift,297,1
dózsaket,1,red,arab,1,7,no,rshift,442,1
dózsaket,1,blue,arab,1,8,no,lshift,306,1
dózsaket,1,blue,arab,1,8,no,lshift,347,1
dózsaket,1,red,arab,1,1,no,rshift,426,1
dózsaket,1,blue,arab,1,2,no,lshift,410,1
dózsaket,1,red,arab,1,2,no,rshift,338,1
dózsaket,1,blue,arab,1,8,no,lshift,330,1
dózsaket,1,red,arab,1,9,no,rshift,365,1
dózsaket,1,blue,arab,1,3,no,lshift,423,1
dózsaket,1,red,arab,1,7,no,rshift,419,1
dózsaket,1,red,arab,1,8,no,rshift,402,1
dózsaket,1,red,arab,1,6,no,rshift,368,1
dózsaket,1,red,arab,1,4,no,rshift,445,1
dózsaket,1,red,arab,1,6,no,rshift,430,1
dózsaket,1,red,arab,1,8,no,rshift,366,1
dózsaket,1,blue,arab,1,7,no,lshift,300,1
dózsaket,1,red,arab,1,1,no,rshift,401,1
dózsaket,1,blue,arab,1,2,no,lshift,425,1
dózsaket,1,red,arab,1,9,no,rshift,324,1
dózsaket,2,blue,arab,1,3,no,lshift,381,1
dózsaket,2,red,arab,1,1,no,rshift,349,1
dózsaket,2,blue,arab,1,2,no,lshift,319,1
dózsaket,2,blue,arab,1,8,no,lshift,331,1
dózsaket,2,red,arab,1,2,no,rshift,414,1
dózsaket,2,red,arab,1,8,no,rshift,398,1
dózsaket,2,red,arab,1,8,no,rshift,344,1
dózsaket,2,blue,arab,1,9,no,lshift,393,1
dózsaket,2,red,arab,1,8,no,rshift,425,1
dózsaket,2,blue,arab,1,2,no,lshift,404,1
dózsaket,2,red,arab,1,2,no,rshift,392,1
dózsaket,2,blue,arab,1,2,no,lshift,319,1
dózsaket,2,blue,arab,1,3,no,lshift,316,1
dózsaket,2,red,arab,1,8,no,rshift,402,1
dózsaket,2,blue,arab,1,9,no,lshift,369,1
dózsaket,2,blue,arab,1,7,no,lshift,411,1
dózsaket,2,red,arab,1,4,no,rshift,359,1
dózsaket,2,blue,arab,1,2,no,lshift,397,1
dózsaket,2,red,arab,1,8,no,rshift,387,1
dózsaket,2,blue,arab,1,6,no,lshift,329,1
dózsaket,2,red,arab,1,6,no,rshift,354,1
dózsaket,2,blue,arab,1,7,no,lshift,361,1
dózsaket,2,blue,arab,1,2,no,lshift,340,1
dózsaket,2,blue,arab,1,3,no,lshift,558,1
dózsaket,2,blue,arab,1,1,no,lshift,357,1
dózsaket,2,blue,arab,1,4,no,lshift,331,1
dózsaket,2,red,arab,1,3,no,rshift,394,1
dózsaket,2,blue,arab,1,1,no,lshift,404,1
dózsaket,2,red,arab,1,4,no,rshift,376,1
dózsaket,2,blue,arab,1,9,no,lshift,399,1
dózsaket,2,red,arab,1,9,no,rshift,343,1
dózsaket,2,red,arab,1,1,no,rshift,318,1
dózsaket,2,red,arab,1,6,no,rshift,362,1
dózsaket,2,red,arab,1,2,no,rshift,352,1
dózsaket,2,blue,arab,1,7,no,lshift,382,1
dózsaket,2,red,arab,1,9,no,rshift,409,1
dózsaket,2,blue,arab,1,8,no,lshift,472,1
dózsaket,2,red,arab,1,1,no,rshift,428,1
dózsaket,2,blue,arab,1,2,no,lshift,397,1
dózsaket,2,red,arab,1,1,no,rshift,403,1
dózsaket,2,blue,arab,1,3,no,lshift,368,1
dózsaket,2,red,arab,1,2,no,rshift,380,1
dózsaket,2,blue,arab,1,1,no,lshift,473,1
dózsaket,2,red,arab,1,4,no,rshift,394,1
dózsaket,2,red,arab,1,2,no,rshift,308,1
dózsaket,2,blue,arab,1,8,no,lshift,368,1
dózsaket,2,blue,arab,1,9,no,lshift,330,1
dózsaket,2,red,arab,1,6,no,rshift,346,1
dózsaket,2,red,arab,1,3,no,rshift,454,1
dózsaket,2,blue,arab,1,7,no,lshift,417,1
dózsaket,2,blue,arab,1,8,no,lshift,372,1
dózsaket,2,red,arab,1,1,no,rshift,366,1
dózsaket,2,red,arab,1,8,no,rshift,457,1
dózsaket,2,red,arab,1,6,no,rshift,365,1
dózsaket,2,blue,arab,1,6,no,lshift,423,1
dózsaket,2,blue,arab,1,3,no,lshift,354,1
dózsaket,2,red,arab,1,9,no,rshift,376,1
dózsaket,2,blue,arab,1,3,no,lshift,385,1
dózsaket,2,blue,arab,1,2,no,lshift,356,1
dózsaket,2,red,arab,1,4,no,rshift,408,1
dózsaket,2,blue,arab,1,3,no,lshift,422,1
dózsaket,2,red,arab,1,4,no,rshift,341,1
dózsaket,2,red,arab,1,2,no,rshift,395,1
dózsaket,2,red,arab,1,7,no,rshift,443,1
dózsaket,2,blue,arab,1,8,no,lshift,514,1
dózsaket,2,red,arab,1,9,no,rshift,463,1
dózsaket,2,blue,arab,1,1,no,lshift,392,1
dózsaket,2,blue,arab,1,3,no,lshift,466,1
dózsaket,2,blue,arab,1,3,no,lshift,365,1
dózsaket,2,blue,arab,1,8,no,lshift,358,1
dózsaket,2,blue,arab,1,8,no,lshift,333,1
dózsaket,2,blue,arab,1,1,no,lshift,342,1
dózsaket,2,blue,arab,1,9,no,lshift,297,1
dózsaket,2,blue,arab,1,7,no,lshift,328,1
dózsaket,2,blue,arab,1,7,no,lshift,364,1
dózsaket,2,red,arab,1,7,no,rshift,454,1
dózsaket,2,blue,arab,1,3,no,lshift,300,1
dózsaket,2,blue,arab,1,1,no,lshift,349,1
dózsaket,2,blue,arab,1,6,no,lshift,323,1
dózsaket,2,red,arab,1,2,no,rshift,548,1
dózsaket,2,blue,arab,1,9,no,lshift,359,1
dózsaket,2,blue,arab,1,8,no,lshift,338,1
dózsaket,2,red,arab,1,3,no,rshift,418,1
dózsaket,2,blue,arab,1,6,no,lshift,531,1
dózsaket,2,blue,arab,1,4,no,lshift,341,1
dózsaket,2,red,arab,1,1,no,rshift,339,1
dózsaket,2,blue,arab,1,2,no,lshift,317,1
dózsaket,2,blue,arab,1,7,no,lshift,289,1
dózsaket,2,blue,arab,1,4,no,lshift,373,1
dózsaket,2,red,arab,1,1,no,rshift,328,1
dózsaket,2,red,arab,1,7,no,rshift,389,1
dózsaket,2,red,arab,1,4,no,rshift,344,1
dózsaket,2,blue,arab,1,1,no,lshift,337,1
dózsaket,2,red,arab,1,9,no,rshift,390,1
dózsaket,2,blue,arab,1,7,no,lshift,342,1
dózsaket,2,red,arab,1,6,no,rshift,398,1
dózsaket,2,blue,arab,1,6,no,lshift,300,1
dózsaket,2,red,arab,1,9,no,rshift,390,1
dózsaket,2,red,arab,1,6,no,rshift,364,1
dózsaket,2,red,arab,0,7,no,lshift,284,1
dózsaket,2,red,arab,1,6,no,rshift,444,1
dózsaket,2,red,arab,1,3,no,rshift,423,1
dózsaket,2,blue,arab,1,2,no,lshift,389,1
dózsaket,2,blue,arab,1,6,no,lshift,333,1
dózsaket,2,blue,arab,1,4,no,lshift,407,1
dózsaket,2,red,arab,1,3,no,rshift,399,1
dózsaket,2,blue,arab,1,1,no,lshift,377,1
dózsaket,2,blue,arab,1,4,no,lshift,333,1
dózsaket,2,blue,arab,1,8,no,lshift,360,1
dózsaket,2,red,arab,1,3,no,rshift,349,1
dózsaket,2,red,arab,1,7,no,rshift,378,1
dózsaket,2,red,arab,1,7,no,rshift,352,1
dózsaket,2,blue,arab,1,2,no,lshift,315,1
dózsaket,2,red,arab,1,9,no,rshift,414,1
dózsaket,2,red,arab,1,9,no,rshift,383,1
dózsaket,2,blue,arab,1,9,no,lshift,353,1
dózsaket,2,red,arab,1,7,no,rshift,334,1
dózsaket,2,blue,arab,1,6,no,lshift,470,1
dózsaket,2,blue,arab,1,4,no,lshift,450,1
dózsaket,2,blue,arab,1,4,no,lshift,462,1
dózsaket,2,red,arab,1,2,no,rshift,367,1
dózsaket,2,blue,arab,1,9,no,lshift,451,1
dózsaket,2,blue,arab,1,4,no,lshift,355,1
dózsaket,2,red,arab,1,6,no,rshift,341,1
dózsaket,2,blue,arab,1,6,no,lshift,384,1
dózsaket,2,blue,arab,1,6,no,lshift,313,1
dózsaket,2,blue,arab,1,6,no,lshift,375,1
dózsaket,2,blue,arab,1,9,no,lshift,395,1
dózsaket,2,red,arab,1,6,no,rshift,379,1
dózsaket,2,red,arab,1,8,no,rshift,560,1
dózsaket,2,blue,arab,1,9,no,lshift,522,1
dózsaket,2,red,arab,1,6,no,rshift,501,1
dózsaket,2,red,arab,1,4,no,rshift,409,1
dózsaket,2,red,arab,1,7,no,rshift,442,1
dózsaket,2,blue,arab,1,1,no,lshift,342,1
dózsaket,2,blue,arab,1,7,no,lshift,445,1
dózsaket,2,red,arab,1,3,no,rshift,453,1
dózsaket,2,red,arab,1,8,no,rshift,419,1
dózsaket,2,red,arab,1,4,no,rshift,375,1
dózsaket,2,blue,arab,1,7,no,lshift,406,1
dózsaket,2,red,arab,1,1,no,rshift,412,1
dózsaket,2,red,arab,1,7,no,rshift,330,1
dózsaket,2,red,arab,1,3,no,rshift,381,1
dózsaket,2,blue,arab,1,4,no,lshift,523,1
dózsaket,2,red,arab,1,8,no,rshift,420,1
dózsaket,2,red,arab,1,8,no,rshift,448,1
dózsaket,2,red,arab,0,1,no,lshift,384,1
dózsaket,2,red,arab,1,7,no,rshift,469,1
dózsaket,2,red,arab,1,2,no,rshift,407,1
dózsaket,2,red,arab,1,3,no,rshift,356,1
dózsaket,2,red,arab,1,4,no,rshift,373,1
dózsaket,2,red,arab,1,1,no,rshift,371,1
dózsaket,2,red,arab,1,3,no,rshift,402,1
dózsaket,2,red,arab,1,4,no,rshift,353,1
dózsaket,2,red,arab,1,2,no,rshift,365,1
dózsaket,2,blue,arab,1,8,no,lshift,306,1
dózsaket,2,blue,arab,1,4,no,lshift,377,1
dózsaket,2,red,arab,1,9,no,rshift,373,1
dózsaket,2,red,arab,1,9,no,rshift,361,1
dózsaket,2,blue,arab,1,1,no,lshift,473,1
dózsaket,3,red,arab,1,6,no,rshift,335,1
dózsaket,3,red,arab,1,8,no,rshift,344,1
dózsaket,3,blue,arab,1,2,no,lshift,422,1
dózsaket,3,red,arab,1,6,no,rshift,461,1
dózsaket,3,red,arab,1,9,no,rshift,387,1
dózsaket,3,red,arab,1,1,no,rshift,370,1
dózsaket,3,red,arab,1,3,no,rshift,352,1
dózsaket,3,red,arab,1,9,no,rshift,454,1
dózsaket,3,red,arab,1,2,no,rshift,438,1
dózsaket,3,blue,arab,1,2,no,lshift,327,1
dózsaket,3,red,arab,1,8,no,rshift,382,1
dózsaket,3,blue,arab,1,7,no,lshift,393,1
dózsaket,3,blue,arab,1,7,no,lshift,325,1
dózsaket,3,blue,arab,1,2,no,lshift,403,1
dózsaket,3,red,arab,1,9,no,rshift,380,1
dózsaket,3,blue,arab,1,7,no,lshift,374,1
dózsaket,3,blue,arab,1,8,no,lshift,343,1
dózsaket,3,red,arab,1,8,no,rshift,357,1
dózsaket,3,blue,arab,1,6,no,lshift,500,1
dózsaket,3,blue,arab,1,1,no,lshift,386,1
dózsaket,3,blue,arab,1,8,no,lshift,327,1
dózsaket,3,red,arab,1,3,no,rshift,379,1
dózsaket,3,red,arab,1,4,no,rshift,381,1
dózsaket,3,red,arab,1,8,no,rshift,409,1
dózsaket,3,red,arab,1,2,no,rshift,370,1
dózsaket,3,red,arab,1,9,no,rshift,360,1
dózsaket,3,blue,arab,1,9,no,lshift,418,1
dózsaket,3,blue,arab,1,9,no,lshift,382,1
dózsaket,3,blue,arab,1,4,no,lshift,303,1
dózsaket,3,red,arab,1,3,no,rshift,428,1
dózsaket,3,red,arab,1,4,no,rshift,390,1
dózsaket,3,blue,arab,1,6,no,lshift,352,1
dózsaket,3,blue,arab,1,9,no,lshift,388,1
dózsaket,3,blue,arab,1,4,no,lshift,330,1
dózsaket,3,red,arab,1,9,no,rshift,409,1
dózsaket,3,blue,arab,1,1,no,lshift,399,1
dózsaket,3,red,arab,1,6,no,rshift,395,1
dózsaket,3,red,arab,1,1,no,rshift,312,1
dózsaket,3,blue,arab,1,3,no,lshift,341,1
dózsaket,3,blue,arab,1,9,no,lshift,322,1
dózsaket,3,red,arab,1,3,no,rshift,397,1
dózsaket,3,blue,arab,0,4,no,rshift,274,1
dózsaket,3,red,arab,1,6,no,rshift,559,1
dózsaket,3,red,arab,1,4,no,rshift,383,1
dózsaket,3,red,arab,1,3,no,rshift,370,1
dózsaket,3,blue,arab,1,1,no,lshift,358,1
dózsaket,3,blue,arab,1,6,no,lshift,313,1
dózsaket,3,blue,arab,1,8,no,lshift,355,1
dózsaket,3,blue,arab,1,3,no,lshift,332,1
dózsaket,3,red,arab,1,4,no,rshift,418,1
dózsaket,3,blue,arab,1,4,no,lshift,342,1
dózsaket,3,red,arab,1,7,no,rshift,343,1
dózsaket,3,blue,arab,1,7,no,lshift,355,1
dózsaket,3,blue,arab,1,3,no,lshift,362,1
dózsaket,3,red,arab,1,6,no,rshift,324,1
dózsaket,3,red,arab,1,1,no,rshift,367,1
dózsaket,3,red,arab,1,1,no,rshift,318,1
dózsaket,3,red,arab,1,9,no,rshift,426,1
dózsaket,3,blue,arab,1,1,no,lshift,335,1
dózsaket,3,red,arab,1,7,no,rshift,373,1
dózsaket,3,red,arab,1,1,no,rshift,314,1
dózsaket,3,red,arab,1,3,no,rshift,506,1
dózsaket,3,red,arab,1,8,no,rshift,407,1
dózsaket,3,red,arab,1,3,no,rshift,375,1
dózsaket,3,blue,arab,1,4,no,lshift,428,1
dózsaket,3,blue,arab,1,6,no,lshift,300,1
dózsaket,3,blue,arab,1,2,no,lshift,364,1
dózsaket,3,blue,arab,1,2,no,lshift,344,1
dózsaket,3,blue,arab,1,8,no,lshift,337,1
dózsaket,3,blue,arab,1,7,no,lshift,349,1
dózsaket,3,red,arab,1,7,no,rshift,376,1
dózsaket,3,red,arab,1,2,no,rshift,353,1
dózsaket,3,blue,arab,1,2,no,lshift,415,1
dózsaket,3,blue,arab,1,8,no,lshift,313,1
dózsaket,3,blue,arab,1,7,no,lshift,327,1
dózsaket,3,blue,arab,1,1,no,lshift,332,1
dózsaket,3,red,arab,1,7,no,rshift,306,1
dózsaket,3,red,arab,1,8,no,rshift,343,1
dózsaket,3,blue,arab,1,2,no,lshift,369,1
dózsaket,3,red,arab,1,2,no,rshift,404,1
dózsaket,3,blue,arab,1,1,no,lshift,368,1
dózsaket,3,red,arab,1,9,no,rshift,459,1
dózsaket,3,red,arab,1,7,no,rshift,408,1
dózsaket,3,blue,arab,1,7,no,lshift,398,1
dózsaket,3,blue,arab,1,9,no,lshift,495,1
dózsaket,3,blue,arab,1,8,no,lshift,333,1
dózsaket,3,red,arab,1,1,no,rshift,441,1
dózsaket,3,red,arab,1,6,no,rshift,361,1
dózsaket,3,red,arab,1,7,no,rshift,373,1
dózsaket,3,red,arab,1,8,no,rshift,347,1
dózsaket,3,red,arab,1,3,no,rshift,401,1
dózsaket,3,blue,arab,1,7,no,lshift,431,1
dózsaket,3,blue,arab,1,3,no,lshift,336,1
dózsaket,3,red,arab,1,2,no,rshift,388,1
dózsaket,3,blue,arab,1,9,no,lshift,388,1
dózsaket,3,red,arab,1,9,no,rshift,397,1
dózsaket,3,red,arab,1,1,no,rshift,351,1
dózsaket,3,blue,arab,1,2,no,lshift,365,1
dózsaket,3,red,arab,1,4,no,rshift,370,1
dózsaket,3,red,arab,1,4,no,rshift,381,1
dózsaket,3,red,arab,1,1,no,rshift,331,1
dózsaket,3,red,arab,1,9,no,rshift,372,1
dózsaket,3,blue,arab,1,6,no,lshift,356,1
dózsaket,3,red,arab,1,6,no,rshift,319,1
dózsaket,3,red,arab,1,4,no,rshift,433,1
dózsaket,3,blue,arab,1,6,no,lshift,364,1
dózsaket,3,blue,arab,1,3,no,lshift,339,1
dózsaket,3,blue,arab,1,8,no,lshift,352,1
dózsaket,3,red,arab,1,1,no,rshift,377,1
dózsaket,3,blue,arab,1,7,no,lshift,326,1
dózsaket,3,red,arab,1,7,no,rshift,349,1
dózsaket,3,red,arab,1,8,no,rshift,464,1
dózsaket,3,blue,arab,1,6,no,lshift,494,1
dózsaket,3,blue,arab,1,8,no,lshift,270,1
dózsaket,3,red,arab,1,4,no,rshift,354,1
dózsaket,3,red,arab,1,3,no,rshift,396,1
dózsaket,3,blue,arab,1,8,no,lshift,613,1
dózsaket,3,red,arab,1,8,no,rshift,323,1
dózsaket,3,blue,arab,1,9,no,lshift,468,1
dózsaket,3,blue,arab,1,4,no,lshift,401,1
dózsaket,3,red,arab,1,7,no,rshift,415,1
dózsaket,3,red,arab,0,6,no,lshift,273,1
dózsaket,3,blue,arab,1,7,no,lshift,477,1
dózsaket,3,red,arab,1,3,no,rshift,390,1
dózsaket,3,red,arab,1,7,no,rshift,433,1
dózsaket,3,red,arab,1,2,no,rshift,478,1
dózsaket,3,blue,arab,1,3,no,lshift,431,1
dózsaket,3,blue,arab,1,3,no,lshift,300,1
dózsaket,3,blue,arab,1,3,no,lshift,312,1
dózsaket,3,red,arab,1,4,no,rshift,398,1
dózsaket,3,blue,arab,1,4,no,lshift,377,1
dózsaket,3,blue,arab,1,4,no,lshift,451,1
dózsaket,3,blue,arab,1,8,no,lshift,411,1
dózsaket,3,blue,arab,1,4,no,lshift,380,1
dózsaket,3,blue,arab,1,2,no,lshift,348,1
dózsaket,3,blue,arab,1,3,no,lshift,306,1
dózsaket,3,red,arab,1,2,no,rshift,420,1
dózsaket,3,blue,arab,1,1,no,lshift,414,1
dózsaket,3,blue,arab,1,6,no,lshift,372,1
dózsaket,3,blue,arab,1,1,no,lshift,349,1
dózsaket,3,blue,arab,1,6,no,lshift,309,1
dózsaket,3,red,arab,1,9,no,rshift,362,1
dózsaket,3,red,arab,1,2,no,rshift,375,1
dózsaket,3,red,arab,1,6,no,rshift,421,1
dózsaket,3,red,arab,1,4,no,rshift,413,1
dózsaket,3,blue,arab,1,9,no,lshift,391,1
dózsaket,3,blue,arab,1,3,no,lshift,439,1
dózsaket,3,red,arab,1,2,no,rshift,375,1
dózsaket,3,blue,arab,1,1,no,lshift,319,1
dózsaket,3,red,arab,1,8,no,rshift,371,1
dózsaket,3,blue,arab,1,9,no,lshift,350,1
dózsaket,3,red,arab,1,7,no,rshift,378,1
dózsaket,3,red,arab,0,1,no,lshift,354,1
dózsaket,3,red,arab,1,6,no,rshift,435,1
dózsaket,3,blue,arab,1,1,no,lshift,362,1
dózsaket,3,blue,arab,1,6,no,lshift,362,1
dózsaket,3,blue,arab,1,4,no,lshift,371,1
dózsaket,3,blue,arab,1,9,no,lshift,379,1
dózsaket,3,red,arab,1,2,no,rshift,288,1
dózsaket,3,blue,arab,1,2,no,lshift,350,1
dózsaket,0,blue,classic,1,8,yes,rshift,2161,1
dózsaket,0,blue,classic,1,1,yes,lshift,637,1
dózsaket,0,blue,classic,1,6,yes,rshift,912,1
dózsaket,0,blue,classic,1,4,yes,rshift,721,1
dózsaket,0,blue,classic,1,3,yes,lshift,663,1
dózsaket,0,blue,classic,1,2,yes,rshift,700,1
dózsaket,0,blue,classic,1,9,yes,lshift,764,1
dózsaket,0,blue,classic,1,7,yes,lshift,685,1
dózsaket,1,blue,classic,0,2,yes,rshift,671,1
dózsaket,1,blue,classic,0,3,yes,lshift,1018,1
dózsaket,1,blue,classic,1,8,yes,lshift,1194,1
dózsaket,1,blue,classic,1,9,yes,rshift,1422,1
dózsaket,1,blue,classic,1,7,yes,rshift,976,1
dózsaket,1,blue,classic,1,4,yes,lshift,1647,1
dózsaket,1,blue,classic,1,1,yes,rshift,826,1
dózsaket,1,blue,classic,1,6,yes,lshift,1240,1
dózsaket,2,blue,classic,1,9,no,lshift,3772,1
dózsaket,2,blue,classic,1,6,no,rshift,1205,1
dózsaket,2,blue,classic,1,2,no,rshift,763,1
dózsaket,2,blue,classic,1,4,no,rshift,658,1
dózsaket,2,blue,classic,1,1,no,lshift,671,1
dózsaket,2,blue,classic,1,8,no,rshift,529,1
dózsaket,2,blue,classic,1,2,no,rshift,486,1
dózsaket,2,blue,classic,1,2,no,rshift,445,1
dózsaket,2,blue,classic,1,9,no,lshift,782,1
dózsaket,2,blue,classic,1,8,no,rshift,779,1
dózsaket,2,blue,classic,1,3,no,lshift,529,1
dózsaket,2,blue,classic,1,1,no,lshift,538,1
dózsaket,2,blue,classic,1,8,no,rshift,636,1
dózsaket,2,blue,classic,1,8,no,rshift,473,1
dózsaket,2,blue,classic,1,6,no,rshift,458,1
dózsaket,2,blue,classic,1,9,no,lshift,588,1
dózsaket,2,blue,classic,1,6,no,rshift,604,1
dózsaket,2,blue,classic,1,7,no,lshift,512,1
dózsaket,2,blue,classic,1,6,no,rshift,484,1
dózsaket,2,blue,classic,1,4,no,rshift,505,1
dózsaket,2,blue,classic,1,7,no,lshift,602,1
dózsaket,2,blue,classic,1,6,no,rshift,511,1
dózsaket,2,blue,classic,1,7,no,lshift,525,1
dózsaket,2,blue,classic,1,7,no,lshift,710,1
dózsaket,2,blue,classic,1,4,no,rshift,959,1
dózsaket,2,blue,classic,1,7,no,lshift,545,1
dózsaket,2,blue,classic,1,3,no,lshift,597,1
dózsaket,2,blue,classic,1,4,no,rshift,511,1
dózsaket,2,blue,classic,1,8,no,rshift,468,1
dózsaket,2,blue,classic,1,2,no,rshift,482,1
dózsaket,2,blue,classic,1,1,no,lshift,459,1
dózsaket,2,blue,classic,1,8,no,rshift,481,1
dózsaket,2,blue,classic,1,1,no,lshift,474,1
dózsaket,2,blue,classic,1,8,no,rshift,436,1
dózsaket,2,blue,classic,1,6,no,rshift,557,1
dózsaket,2,blue,classic,1,4,no,rshift,488,1
dózsaket,2,blue,classic,1,7,no,lshift,542,1
dózsaket,2,blue,classic,1,4,no,rshift,391,1
dózsaket,2,blue,classic,1,9,no,lshift,540,1
dózsaket,2,blue,classic,1,6,no,rshift,476,1
dózsaket,2,blue,classic,1,2,no,rshift,433,1
dózsaket,2,blue,classic,1,1,no,lshift,500,1
dózsaket,2,blue,classic,1,3,no,lshift,513,1
dózsaket,2,blue,classic,1,9,no,lshift,538,1
dózsaket,2,blue,classic,1,8,no,rshift,498,1
dózsaket,2,blue,classic,1,4,no,rshift,593,1
dózsaket,2,blue,classic,1,1,no,lshift,498,1
dózsaket,2,blue,classic,1,1,no,lshift,539,1
dózsaket,2,blue,classic,1,6,no,rshift,486,1
dózsaket,2,blue,classic,1,7,no,lshift,504,1
dózsaket,2,blue,classic,1,4,no,rshift,549,1
dózsaket,2,blue,classic,1,3,no,lshift,458,1
dózsaket,2,blue,classic,1,9,no,lshift,541,1
dózsaket,2,blue,classic,1,7,no,lshift,512,1
dózsaket,2,blue,classic,1,4,no,rshift,490,1
dózsaket,2,blue,classic,1,7,no,lshift,502,1
dózsaket,2,blue,classic,1,2,no,rshift,482,1
dózsaket,2,blue,classic,1,1,no,lshift,458,1
dózsaket,2,blue,classic,1,2,no,rshift,453,1
dózsaket,2,blue,classic,1,4,no,rshift,449,1
dózsaket,2,blue,classic,1,9,no,lshift,496,1
dózsaket,2,blue,classic,1,9,no,lshift,497,1
dózsaket,2,blue,classic,1,3,no,lshift,511,1
dózsaket,2,blue,classic,1,7,no,lshift,545,1
dózsaket,2,blue,classic,1,9,no,lshift,473,1
dózsaket,2,blue,classic,1,6,no,rshift,491,1
dózsaket,2,blue,classic,1,6,no,rshift,468,1
dózsaket,2,blue,classic,1,1,no,lshift,460,1
dózsaket,2,blue,classic,0,2,no,lshift,542,1
dózsaket,2,blue,classic,1,4,no,rshift,635,1
dózsaket,2,blue,classic,1,8,no,rshift,422,1
dózsaket,2,blue,classic,1,7,no,lshift,492,1
dózsaket,2,blue,classic,1,6,no,rshift,485,1
dózsaket,2,blue,classic,1,1,no,lshift,433,1
dózsaket,2,blue,classic,1,7,no,lshift,661,1
dózsaket,2,blue,classic,1,3,no,lshift,581,1
dózsaket,2,blue,classic,1,3,no,lshift,425,1
dózsaket,2,blue,classic,1,3,no,lshift,411,1
dózsaket,2,blue,classic,1,1,no,lshift,511,1
dózsaket,2,blue,classic,1,2,no,rshift,531,1
dózsaket,2,blue,classic,1,6,no,rshift,500,1
dózsaket,2,blue,classic,1,3,no,lshift,434,1
dózsaket,2,blue,classic,1,1,no,lshift,527,1
dózsaket,2,blue,classic,1,2,no,rshift,502,1
dózsaket,2,blue,classic,1,4,no,rshift,540,1
dózsaket,2,blue,classic,1,9,no,lshift,556,1
dózsaket,2,blue,classic,1,8,no,rshift,537,1
dózsaket,2,blue,classic,1,9,no,lshift,451,1
dózsaket,2,blue,classic,1,3,no,lshift,554,1
dózsaket,2,blue,classic,1,2,no,rshift,542,1
dózsaket,2,blue,classic,1,2,no,rshift,431,1
dózsaket,2,blue,classic,1,4,no,rshift,508,1
dózsaket,2,blue,classic,1,9,no,lshift,746,1
dózsaket,2,blue,classic,1,6,no,rshift,514,1
dózsaket,2,blue,classic,1,2,no,rshift,512,1
dózsaket,2,blue,classic,1,3,no,lshift,476,1
dózsaket,2,blue,classic,1,7,no,lshift,687,1
dózsaket,2,blue,classic,1,8,no,rshift,513,1
dózsaket,2,blue,classic,1,9,no,lshift,496,1
dózsaket,2,blue,classic,1,6,no,rshift,441,1
dózsaket,2,blue,classic,1,4,no,rshift,658,1
dózsaket,2,blue,classic,1,3,no,lshift,455,1
dózsaket,2,blue,classic,1,7,no,lshift,579,1
dózsaket,2,blue,classic,1,9,no,lshift,703,1
dózsaket,2,blue,classic,1,2,no,rshift,1203,1
dózsaket,2,blue,classic,1,8,no,rshift,480,1
dózsaket,2,blue,classic,1,8,no,rshift,475,1
dózsaket,2,blue,classic,1,3,no,lshift,550,1
dózsaket,2,blue,classic,1,3,no,lshift,436,1
dózsaket,2,blue,classic,1,1,no,lshift,460,1
dózsaket,2,blue,classic,1,1,no,lshift,424,1
dózsaket,2,blue,classic,1,8,no,rshift,667,1
dózsaket,3,blue,classic,1,7,no,rshift,958,1
dózsaket,3,blue,classic,1,8,no,lshift,680,1
dózsaket,3,blue,classic,1,7,no,rshift,800,1
dózsaket,3,blue,classic,1,6,no,lshift,969,1
dózsaket,3,blue,classic,1,8,no,lshift,559,1
dózsaket,3,blue,classic,1,4,no,lshift,463,1
dózsaket,3,blue,classic,1,9,no,rshift,722,1
dózsaket,3,blue,classic,1,1,no,rshift,1365,1
dózsaket,3,blue,classic,1,1,no,rshift,502,1
dózsaket,3,blue,classic,1,8,no,lshift,667,1
dózsaket,3,blue,classic,1,6,no,lshift,776,1
dózsaket,3,blue,classic,1,4,no,lshift,552,1
dózsaket,3,blue,classic,1,7,no,rshift,464,1
dózsaket,3,blue,classic,1,3,no,rshift,595,1
dózsaket,3,blue,classic,1,4,no,lshift,603,1
dózsaket,3,blue,classic,1,6,no,lshift,619,1
dózsaket,3,blue,classic,1,7,no,rshift,476,1
dózsaket,3,blue,classic,1,2,no,lshift,448,1
dózsaket,3,blue,classic,1,8,no,lshift,606,1
dózsaket,3,blue,classic,1,2,no,lshift,570,1
dózsaket,3,blue,classic,1,3,no,rshift,494,1
dózsaket,3,blue,classic,1,1,no,rshift,680,1
dózsaket,3,blue,classic,1,3,no,rshift,654,1
dózsaket,3,blue,classic,1,2,no,lshift,626,1
dózsaket,3,blue,classic,1,4,no,lshift,556,1
dózsaket,3,blue,classic,1,1,no,rshift,609,1
dózsaket,3,blue,classic,1,8,no,lshift,940,1
dózsaket,3,blue,classic,1,4,no,lshift,504,1
dózsaket,3,blue,classic,1,9,no,rshift,592,1
dózsaket,3,blue,classic,1,7,no,rshift,599,1
dózsaket,3,blue,classic,1,1,no,rshift,498,1
dózsaket,3,blue,classic,1,7,no,rshift,479,1
dózsaket,3,blue,classic,1,7,no,rshift,472,1
dózsaket,3,blue,classic,1,8,no,lshift,519,1
dózsaket,3,blue,classic,1,8,no,lshift,445,1
dózsaket,3,blue,classic,1,9,no,rshift,458,1
dózsaket,3,blue,classic,1,8,no,lshift,494,1
dózsaket,3,blue,classic,1,3,no,rshift,490,1
dózsaket,3,blue,classic,1,7,no,rshift,734,1
dózsaket,3,blue,classic,1,4,no,lshift,678,1
dózsaket,3,blue,classic,1,7,no,rshift,567,1
dózsaket,3,blue,classic,1,6,no,lshift,722,1
dózsaket,3,blue,classic,1,8,no,lshift,664,1
dózsaket,3,blue,classic,1,1,no,rshift,491,1
dózsaket,3,blue,classic,1,3,no,rshift,563,1
dózsaket,3,blue,classic,1,8,no,lshift,807,1
dózsaket,3,blue,classic,1,6,no,lshift,539,1
dózsaket,3,blue,classic,1,2,no,lshift,479,1
dózsaket,3,blue,classic,1,3,no,rshift,499,1
dózsaket,3,blue,classic,1,7,no,rshift,449,1
dózsaket,3,blue,classic,1,9,no,rshift,489,1
dózsaket,3,blue,classic,1,2,no,lshift,556,1
dózsaket,3,blue,classic,1,8,no,lshift,450,1
dózsaket,3,blue,classic,1,1,no,rshift,517,1
dózsaket,3,blue,classic,1,6,no,lshift,486,1
dózsaket,3,blue,classic,1,9,no,rshift,392,1
dózsaket,3,blue,classic,1,3,no,rshift,452,1
dózsaket,3,blue,classic,1,7,no,rshift,690,1
dózsaket,3,blue,classic,1,3,no,rshift,653,1
dózsaket,3,blue,classic,1,1,no,rshift,552,1
dózsaket,3,blue,classic,1,1,no,rshift,472,1
dózsaket,3,blue,classic,1,3,no,rshift,427,1
dózsaket,3,blue,classic,1,4,no,lshift,487,1
dózsaket,3,blue,classic,1,4,no,lshift,447,1
dózsaket,3,blue,classic,1,7,no,rshift,555,1
dózsaket,3,blue,classic,1,9,no,rshift,528,1
dózsaket,3,blue,classic,1,9,no,rshift,385,1
dózsaket,3,blue,classic,1,6,no,lshift,525,1
dózsaket,3,blue,classic,1,9,no,rshift,559,1
dózsaket,3,blue,classic,1,4,no,lshift,512,1
dózsaket,3,blue,classic,1,9,no,rshift,492,1
dózsaket,3,blue,classic,1,1,no,rshift,596,1
dózsaket,3,blue,classic,1,7,no,rshift,408,1
dózsaket,3,blue,classic,1,4,no,lshift,575,1
dózsaket,3,blue,classic,1,1,no,rshift,906,1
dózsaket,3,blue,classic,1,1,no,rshift,575,1
dózsaket,3,blue,classic,1,2,no,lshift,726,1
dózsaket,3,blue,classic,1,6,no,lshift,463,1
dózsaket,3,blue,classic,1,9,no,rshift,529,1
dózsaket,3,blue,classic,1,6,no,lshift,846,1
dózsaket,3,blue,classic,1,2,no,lshift,452,1
dózsaket,3,blue,classic,1,2,no,lshift,479,1
dózsaket,3,blue,classic,1,6,no,lshift,502,1
dózsaket,3,blue,classic,1,4,no,lshift,405,1
dózsaket,3,blue,classic,1,7,no,rshift,491,1
dózsaket,3,blue,classic,1,3,no,rshift,648,1
dózsaket,3,blue,classic,0,8,no,rshift,889,1
dózsaket,3,blue,classic,1,6,no,lshift,698,1
dózsaket,3,blue,classic,1,2,no,lshift,516,1
dózsaket,3,blue,classic,1,6,no,lshift,538,1
dózsaket,3,blue,classic,1,4,no,lshift,413,1
dózsaket,3,blue,classic,1,6,no,lshift,391,1
dózsaket,3,blue,classic,1,1,no,rshift,460,1
dózsaket,3,blue,classic,1,9,no,rshift,588,1
dózsaket,3,blue,classic,1,2,no,lshift,457,1
dózsaket,3,blue,classic,1,2,no,lshift,487,1
dózsaket,3,blue,classic,1,3,no,rshift,489,1
dózsaket,3,blue,classic,1,4,no,lshift,461,1
dózsaket,3,blue,classic,1,3,no,rshift,523,1
dózsaket,3,blue,classic,1,3,no,rshift,446,1
dózsaket,3,blue,classic,1,2,no,lshift,527,1
dózsaket,3,blue,classic,1,9,no,rshift,514,1
dózsaket,3,blue,classic,1,2,no,lshift,423,1
dózsaket,3,blue,classic,1,9,no,rshift,406,1
dózsaket,3,blue,classic,1,4,no,lshift,453,1
dózsaket,3,blue,classic,1,6,no,lshift,513,1
dózsaket,3,blue,classic,1,8,no,lshift,305,1
dózsaket,3,blue,classic,1,8,no,lshift,443,1
dózsaket,3,blue,classic,1,9,no,rshift,463,1
dózsaket,3,blue,classic,1,2,no,lshift,431,1
dózsaket,3,blue,classic,1,3,no,rshift,468,1
dózsaket,3,blue,classic,1,1,no,rshift,526,1
