ID_name,block,color,condition,correct_keyboard_response,number,practice,response_keyboard_response,response_time_keyboard_response,subject_nr
FLRCCA,0,red,dot,0,8,yes,lshift,550,1
FLRCCA,0,red,dot,1,1,yes,rshift,870,1
FLRCCA,0,red,dot,1,2,yes,rshift,356,1
FLRCCA,0,blue,dot,1,6,yes,lshift,437,1
FLRCCA,0,red,dot,1,7,yes,rshift,471,1
FLRCCA,0,red,dot,0,4,yes,lshift,510,1
FLRCCA,0,red,dot,1,9,yes,rshift,1419,1
FLRCCA,0,red,dot,1,3,yes,rshift,776,1
FLRCCA,0,blue,dot,1,2,yes,lshift,678,1
FLRCCA,0,blue,dot,1,1,yes,lshift,940,1
FLRCCA,0,blue,dot,1,8,yes,lshift,529,1
FLRCCA,0,blue,dot,1,4,yes,lshift,452,1
FLRCCA,0,red,dot,1,6,yes,rshift,736,1
FLRCCA,0,blue,dot,1,9,yes,lshift,500,1
FLRCCA,0,blue,dot,1,3,yes,lshift,650,1
FLRCCA,0,blue,dot,1,7,yes,lshift,472,1
FLRCCA,1,red,dot,1,9,no,rshift,846,1
FLRCCA,1,red,dot,1,3,no,rshift,535,1
FLRCCA,1,blue,dot,1,6,no,lshift,854,1
FLRCCA,1,blue,dot,1,9,no,lshift,423,1
FLRCCA,1,blue,dot,1,1,no,lshift,506,1
FLRCCA,1,red,dot,1,1,no,rshift,461,1
FLRCCA,1,red,dot,1,2,no,rshift,497,1
FLRCCA,1,red,dot,1,1,no,rshift,538,1
FLRCCA,1,blue,dot,1,6,no,lshift,437,1
FLRCCA,1,red,dot,1,3,no,rshift,781,1
FLRCCA,1,red,dot,1,6,no,rshift,531,1
FLRCCA,1,red,dot,1,9,no,rshift,383,1
FLRCCA,1,red,dot,1,3,no,rshift,508,1
FLRCCA,1,blue,dot,1,3,no,lshift,525,1
FLRCCA,1,red,dot,1,7,no,rshift,561,1
FLRCCA,1,blue,dot,1,4,no,lshift,385,1
FLRCCA,1,blue,dot,1,2,no,lshift,607,1
FLRCCA,1,red,dot,1,2,no,rshift,892,1
FLRCCA,1,blue,dot,1,7,no,lshift,419,1
FLRCCA,1,blue,dot,1,6,no,lshift,471,1
FLRCCA,1,red,dot,1,6,no,rshift,556,1
FLRCCA,1,red,dot,1,8,no,rshift,533,1
FLRCCA,1,red,dot,1,1,no,rshift,539,1
FLRCCA,1,blue,dot,1,8,no,lshift,347,1
FLRCCA,1,red,dot,1,4,no,rshift,537,1
FLRCCA,1,blue,dot,1,8,no,lshift,528,1
FLRCCA,1,red,dot,1,8,no,rshift,452,1
FLRCCA,1,blue,dot,1,1,no,lshift,449,1
FLRCCA,1,red,dot,1,2,no,rshift,537,1
FLRCCA,1,blue,dot,1,6,no,lshift,421,1
FLRCCA,1,red,dot,1,4,no,rshift,452,1
FLRCCA,1,red,dot,1,4,no,rshift,629,1
FLRCCA,1,red,dot,1,7,no,rshift,901,1
FLRCCA,1,red,dot,1,9,no,rshift,2309,1
FLRCCA,1,blue,dot,1,4,no,lshift,947,1
FLRCCA,1,red,dot,1,9,no,rshift,2377,1
FLRCCA,1,blue,dot,1,7,no,lshift,564,1
FLRCCA,1,blue,dot,1,2,no,lshift,457,1
FLRCCA,1,red,dot,1,8,no,rshift,756,1
FLRCCA,1,red,dot,1,9,no,rshift,618,1
FLRCCA,1,red,dot,1,1,no,rshift,359,1
FLRCCA,1,blue,dot,1,3,no,lshift,331,1
FLRCCA,1,blue,dot,1,7,no,lshift,387,1
FLRCCA,1,red,dot,1,4,no,rshift,527,1
FLRCCA,1,blue,dot,1,2,no,lshift,482,1
FLRCCA,1,blue,dot,1,8,no,lshift,488,1
FLRCCA,1,blue,dot,1,8,no,lshift,721,1
FLRCCA,1,blue,dot,1,2,no,lshift,625,1
FLRCCA,1,red,dot,1,9,no,rshift,434,1
FLRCCA,1,blue,dot,1,1,no,lshift,465,1
FLRCCA,1,red,dot,1,7,no,rshift,421,1
FLRCCA,1,red,dot,1,8,no,rshift,551,1
FLRCCA,1,red,dot,1,4,no,rshift,411,1
FLRCCA,1,red,dot,1,9,no,rshift,347,1
FLRCCA,1,blue,dot,1,1,no,lshift,452,1
FLRCCA,1,blue,dot,1,3,no,lshift,466,1
FLRCCA,1,red,dot,1,2,no,rshift,518,1
FLRCCA,1,blue,dot,1,7,no,lshift,435,1
FLRCCA,1,red,dot,1,1,no,rshift,840,1
FLRCCA,1,red,dot,1,8,no,rshift,1052,1
FLRCCA,1,blue,dot,1,7,no,lshift,441,1
FLRCCA,1,blue,dot,1,7,no,lshift,324,1
FLRCCA,1,blue,dot,1,4,no,lshift,945,1
FLRCCA,1,blue,dot,1,4,no,lshift,472,1
FLRCCA,1,red,dot,1,3,no,rshift,576,1
FLRCCA,1,blue,dot,1,9,no,lshift,731,1
FLRCCA,1,blue,dot,1,3,no,lshift,526,1
FLRCCA,1,blue,dot,1,9,no,lshift,431,1
FLRCCA,1,red,dot,1,3,no,rshift,498,1
FLRCCA,1,red,dot,1,1,no,rshift,463,1
FLRCCA,1,blue,dot,1,9,no,lshift,354,1
FLRCCA,1,blue,dot,1,9,no,lshift,378,1
FLRCCA,1,red,dot,1,7,no,rshift,429,1
FLRCCA,1,red,dot,1,2,no,rshift,477,1
FLRCCA,1,blue,dot,1,9,no,lshift,355,1
FLRCCA,1,red,dot,1,3,no,rshift,608,1
FLRCCA,1,red,dot,1,2,no,rshift,750,1
FLRCCA,1,blue,dot,1,1,no,lshift,389,1
FLRCCA,1,blue,dot,1,9,no,lshift,519,1
FLRCCA,1,red,dot,1,3,no,rshift,426,1
FLRCCA,1,red,dot,1,9,no,rshift,443,1
FLRCCA,1,blue,dot,1,1,no,lshift,362,1
FLRCCA,1,red,dot,1,2,no,rshift,413,1
FLRCCA,1,red,dot,1,6,no,rshift,420,1
FLRCCA,1,blue,dot,1,8,no,lshift,324,1
FLRCCA,1,red,dot,1,9,no,rshift,592,1
FLRCCA,1,red,dot,1,8,no,rshift,485,1
FLRCCA,1,red,dot,1,8,no,rshift,447,1
FLRCCA,1,blue,dot,1,7,no,lshift,496,1
FLRCCA,1,blue,dot,1,8,no,lshift,818,1
FLRCCA,1,red,dot,1,7,no,rshift,2441,1
FLRCCA,1,red,dot,1,6,no,rshift,426,1
FLRCCA,1,blue,dot,1,6,no,lshift,996,1
FLRCCA,1,blue,dot,1,6,no,lshift,879,1
FLRCCA,1,blue,dot,1,7,no,lshift,873,1
FLRCCA,1,blue,dot,1,3,no,lshift,408,1
FLRCCA,1,blue,dot,1,6,no,lshift,379,1
FLRCCA,1,blue,dot,1,4,no,lshift,3419,1
FLRCCA,1,red,dot,1,2,no,rshift,730,1
FLRCCA,1,blue,dot,1,1,no,lshift,1827,1
FLRCCA,1,red,dot,1,1,no,rshift,1178,1
FLRCCA,1,red,dot,1,9,no,rshift,909,1
FLRCCA,1,red,dot,1,2,no,rshift,398,1
FLRCCA,1,red,dot,1,4,no,rshift,459,1
FLRCCA,1,red,dot,1,3,no,rshift,1145,1
FLRCCA,1,red,dot,1,1,no,rshift,1444,1
FLRCCA,1,blue,dot,1,6,no,lshift,1213,1
FLRCCA,1,red,dot,1,3,no,rshift,1356,1
FLRCCA,1,blue,dot,1,2,no,lshift,1132,1
FLRCCA,1,blue,dot,1,7,no,lshift,668,1
FLRCCA,1,blue,dot,1,2,no,lshift,484,1
FLRCCA,1,blue,dot,1,1,no,lshift,2193,1
FLRCCA,1,red,dot,1,4,no,rshift,2099,1
FLRCCA,1,red,dot,1,6,no,rshift,2292,1
FLRCCA,1,red,dot,1,2,no,rshift,478,1
FLRCCA,1,red,dot,1,6,no,rshift,5631,1
FLRCCA,1,blue,dot,1,8,no,lshift,4989,1
FLRCCA,1,red,dot,1,6,no,rshift,756,1
FLRCCA,1,blue,dot,1,4,no,lshift,1698,1
FLRCCA,1,red,dot,1,4,no,rshift,1079,1
FLRCCA,1,blue,dot,1,3,no,lshift,874,1
FLRCCA,1,blue,dot,1,6,no,lshift,5486,1
FLRCCA,1,blue,dot,1,1,no,lshift,880,1
FLRCCA,1,blue,dot,1,2,no,lshift,449,1
FLRCCA,1,blue,dot,1,3,no,lshift,315,1
FLRCCA,1,red,dot,1,7,no,rshift,1866,1
FLRCCA,1,red,dot,1,6,no,rshift,5736,1
FLRCCA,1,blue,dot,1,2,no,lshift,2573,1
FLRCCA,1,blue,dot,1,7,no,lshift,2399,1
FLRCCA,1,red,dot,1,7,no,rshift,1457,1
FLRCCA,1,blue,dot,1,3,no,lshift,1391,1
FLRCCA,1,red,dot,1,4,no,rshift,999,1
FLRCCA,1,blue,dot,1,8,no,lshift,511,1
FLRCCA,1,blue,dot,1,4,no,lshift,409,1
FLRCCA,1,red,dot,1,7,no,rshift,445,1
FLRCCA,1,blue,dot,1,4,no,lshift,495,1
FLRCCA,1,red,dot,1,8,no,rshift,584,1
FLRCCA,1,red,dot,1,8,no,rshift,697,1
FLRCCA,1,blue,dot,1,6,no,lshift,542,1
FLRCCA,1,blue,dot,1,2,no,lshift,489,1
FLRCCA,1,blue,dot,1,9,no,lshift,437,1
FLRCCA,1,red,dot,1,3,no,rshift,553,1
FLRCCA,1,blue,dot,1,9,no,lshift,507,1
FLRCCA,1,blue,dot,1,3,no,lshift,419,1
FLRCCA,1,red,dot,1,1,no,rshift,609,1
FLRCCA,1,blue,dot,0,3,no,rshift,502,1
FLRCCA,1,red,dot,1,4,no,rshift,664,1
FLRCCA,1,red,dot,1,6,no,rshift,757,1
FLRCCA,1,blue,dot,1,4,no,lshift,462,1
FLRCCA,1,red,dot,1,7,no,rshift,520,1
FLRCCA,1,blue,dot,1,4,no,lshift,514,1
FLRCCA,1,blue,dot,1,8,no,lshift,506,1
FLRCCA,1,blue,dot,1,8,no,lshift,596,1
FLRCCA,1,blue,dot,1,1,no,lshift,500,1
FLRCCA,1,red,dot,1,6,no,rshift,479,1
FLRCCA,1,red,dot,1,8,no,rshift,527,1
FLRCCA,1,blue,dot,1,9,no,lshift,968,1
FLRCCA,1,red,dot,1,7,no,rshift,331,1
FLRCCA,1,red,dot,1,1,no,rshift,310,1
FLRCCA,1,blue,dot,1,2,no,lshift,1170,1
FLRCCA,2,blue,dot,1,2,no,lshift,1060,1
FLRCCA,2,blue,dot,0,3,no,rshift,325,1
FLRCCA,2,blue,dot,1,9,no,lshift,934,1
FLRCCA,2,red,dot,1,8,no,rshift,2787,1
FLRCCA,2,blue,dot,1,4,no,lshift,1324,1
FLRCCA,2,red,dot,1,8,no,rshift,711,1
FLRCCA,2,blue,dot,1,6,no,lshift,1122,1
FLRCCA,2,blue,dot,1,1,no,lshift,409,1
FLRCCA,2,blue,dot,1,1,no,lshift,505,1
FLRCCA,2,blue,dot,1,4,no,lshift,768,1
FLRCCA,2,red,dot,1,6,no,rshift,1527,1
FLRCCA,2,blue,dot,1,6,no,lshift,450,1
FLRCCA,2,red,dot,1,1,no,rshift,816,1
FLRCCA,2,blue,dot,1,1,no,lshift,618,1
FLRCCA,2,red,dot,1,4,no,rshift,931,1
FLRCCA,2,red,dot,1,3,no,rshift,1432,1
FLRCCA,2,blue,dot,1,6,no,lshift,1227,1
FLRCCA,2,red,dot,1,2,no,rshift,1310,1
FLRCCA,2,red,dot,1,9,no,rshift,807,1
FLRCCA,2,red,dot,1,4,no,rshift,793,1
FLRCCA,2,blue,dot,1,7,no,lshift,1161,1
FLRCCA,2,blue,dot,1,6,no,lshift,1920,1
FLRCCA,2,red,dot,1,7,no,rshift,1084,1
FLRCCA,2,blue,dot,1,3,no,lshift,2976,1
FLRCCA,2,red,dot,1,8,no,rshift,5356,1
FLRCCA,2,red,dot,1,1,no,rshift,4086,1
FLRCCA,2,blue,dot,1,7,no,lshift,2789,1
FLRCCA,2,blue,dot,1,8,no,lshift,517,1
FLRCCA,2,red,dot,1,3,no,rshift,897,1
FLRCCA,2,red,dot,1,7,no,rshift,2662,1
FLRCCA,2,red,dot,1,7,no,rshift,4566,1
FLRCCA,2,red,dot,1,2,no,rshift,1620,1
FLRCCA,2,blue,dot,1,7,no,lshift,1010,1
FLRCCA,2,blue,dot,1,8,no,lshift,448,1
FLRCCA,2,red,dot,1,7,no,rshift,736,1
FLRCCA,2,blue,dot,1,4,no,lshift,477,1
FLRCCA,2,red,dot,1,8,no,rshift,844,1
FLRCCA,2,red,dot,1,4,no,rshift,2494,1
FLRCCA,2,blue,dot,1,8,no,lshift,1243,1
FLRCCA,2,red,dot,1,4,no,rshift,2105,1
FLRCCA,2,red,dot,1,4,no,rshift,2918,1
FLRCCA,2,blue,dot,1,6,no,lshift,752,1
FLRCCA,2,blue,dot,1,6,no,lshift,1214,1
FLRCCA,2,blue,dot,1,2,no,lshift,789,1
FLRCCA,2,red,dot,1,6,no,rshift,564,1
FLRCCA,2,blue,dot,1,2,no,lshift,748,1
FLRCCA,2,red,dot,1,1,no,rshift,735,1
FLRCCA,2,blue,dot,1,9,no,lshift,2922,1
FLRCCA,2,red,dot,1,2,no,rshift,4238,1
FLRCCA,2,red,dot,1,6,no,rshift,2370,1
FLRCCA,2,blue,dot,1,4,no,lshift,1097,1
FLRCCA,2,red,dot,1,1,no,rshift,1839,1
FLRCCA,2,red,dot,1,3,no,rshift,1850,1
FLRCCA,2,blue,dot,1,1,no,lshift,3787,1
FLRCCA,2,red,dot,1,2,no,rshift,4076,1
FLRCCA,2,blue,dot,1,2,no,lshift,3050,1
FLRCCA,2,blue,dot,1,8,no,lshift,2886,1
FLRCCA,2,blue,dot,1,7,no,lshift,639,1
FLRCCA,2,red,dot,1,2,no,rshift,2899,1
FLRCCA,2,red,dot,1,4,no,rshift,519,1
FLRCCA,2,red,dot,1,1,no,rshift,565,1
FLRCCA,2,red,dot,1,6,no,rshift,418,1
FLRCCA,2,blue,dot,1,7,no,lshift,802,1
FLRCCA,2,red,dot,1,3,no,rshift,805,1
FLRCCA,2,red,dot,1,3,no,rshift,438,1
FLRCCA,2,red,dot,1,6,no,rshift,420,1
FLRCCA,2,blue,dot,1,4,no,lshift,892,1
FLRCCA,2,blue,dot,1,3,no,lshift,895,1
FLRCCA,2,blue,dot,1,3,no,lshift,942,1
FLRCCA,2,red,dot,1,2,no,rshift,2318,1
FLRCCA,2,blue,dot,1,7,no,lshift,861,1
FLRCCA,2,blue,dot,1,1,no,lshift,927,1
FLRCCA,2,red,dot,1,8,no,rshift,748,1
FLRCCA,2,blue,dot,1,2,no,lshift,2430,1
FLRCCA,2,blue,dot,1,1,no,lshift,407,1
FLRCCA,2,blue,dot,1,8,no,lshift,625,1
FLRCCA,2,blue,dot,1,6,no,lshift,551,1
FLRCCA,2,blue,dot,1,6,no,lshift,2973,1
FLRCCA,2,red,dot,1,7,no,rshift,2007,1
FLRCCA,2,red,dot,1,8,no,rshift,1310,1
FLRCCA,2,red,dot,1,1,no,rshift,420,1
FLRCCA,2,blue,dot,1,3,no,lshift,1032,1
FLRCCA,2,blue,dot,1,9,no,lshift,385,1
FLRCCA,2,red,dot,1,6,no,rshift,682,1
FLRCCA,2,red,dot,1,9,no,rshift,828,1
FLRCCA,2,red,dot,1,9,no,rshift,757,1
FLRCCA,2,blue,dot,1,3,no,lshift,1066,1
FLRCCA,2,red,dot,1,3,no,rshift,941,1
FLRCCA,2,red,dot,1,7,no,rshift,401,1
FLRCCA,2,blue,dot,1,2,no,lshift,1230,1
FLRCCA,2,blue,dot,1,9,no,lshift,362,1
FLRCCA,2,blue,dot,1,1,no,lshift,358,1
FLRCCA,2,blue,dot,1,9,no,lshift,514,1
FLRCCA,2,blue,dot,1,1,no,lshift,513,1
FLRCCA,2,red,dot,1,3,no,rshift,945,1
FLRCCA,2,red,dot,1,7,no,rshift,521,1
FLRCCA,2,red,dot,1,4,no,rshift,412,1
FLRCCA,2,blue,dot,1,1,no,lshift,984,1
FLRCCA,2,red,dot,1,1,no,rshift,786,1
FLRCCA,2,blue,dot,1,7,no,lshift,966,1
FLRCCA,2,red,dot,1,4,no,rshift,536,1
FLRCCA,2,red,dot,1,2,no,rshift,545,1
FLRCCA,2,red,dot,1,4,no,rshift,1325,1
FLRCCA,2,blue,dot,0,9,no,rshift,946,1
FLRCCA,2,blue,dot,1,1,no,lshift,1217,1
FLRCCA,2,blue,dot,1,9,no,lshift,1255,1
FLRCCA,2,red,dot,1,9,no,rshift,1240,1
FLRCCA,2,red,dot,1,3,no,rshift,938,1
FLRCCA,2,red,dot,1,8,no,rshift,364,1
FLRCCA,2,blue,dot,1,3,no,lshift,1301,1
FLRCCA,2,blue,dot,1,2,no,lshift,391,1
FLRCCA,2,red,dot,0,7,no,lshift,536,1
FLRCCA,2,red,dot,1,1,no,rshift,532,1
FLRCCA,2,red,dot,1,4,no,rshift,506,1
FLRCCA,2,blue,dot,1,4,no,lshift,439,1
FLRCCA,2,blue,dot,1,4,no,lshift,628,1
FLRCCA,2,blue,dot,1,4,no,lshift,581,1
FLRCCA,2,blue,dot,1,9,no,lshift,556,1
FLRCCA,2,red,dot,1,1,no,rshift,417,1
FLRCCA,2,blue,dot,1,8,no,lshift,552,1
FLRCCA,2,red,dot,1,9,no,rshift,512,1
FLRCCA,2,red,dot,1,2,no,rshift,822,1
FLRCCA,2,red,dot,1,6,no,rshift,789,1
FLRCCA,2,red,dot,1,9,no,rshift,797,1
FLRCCA,2,blue,dot,1,7,no,lshift,588,1
FLRCCA,2,red,dot,0,8,no,lshift,1613,1
FLRCCA,2,red,dot,1,2,no,rshift,1193,1
FLRCCA,2,red,dot,1,9,no,rshift,1043,1
FLRCCA,2,red,dot,1,9,no,rshift,610,1
FLRCCA,2,blue,dot,1,8,no,lshift,1441,1
FLRCCA,2,blue,dot,1,4,no,lshift,520,1
FLRCCA,2,red,dot,1,2,no,rshift,1013,1
FLRCCA,2,red,dot,1,1,no,rshift,452,1
FLRCCA,2,blue,dot,1,6,no,lshift,1222,1
FLRCCA,2,red,dot,1,8,no,rshift,979,1
FLRCCA,2,blue,dot,1,8,no,lshift,1288,1
FLRCCA,2,red,dot,1,3,no,rshift,879,1
FLRCCA,2,blue,dot,1,2,no,lshift,1377,1
FLRCCA,2,red,dot,1,6,no,rshift,1228,1
FLRCCA,2,blue,dot,1,8,no,lshift,1097,1
FLRCCA,2,blue,dot,1,2,no,lshift,460,1
FLRCCA,2,blue,dot,1,7,no,lshift,452,1
FLRCCA,2,blue,dot,1,9,no,lshift,439,1
FLRCCA,2,red,dot,1,9,no,rshift,799,1
FLRCCA,2,red,dot,1,7,no,rshift,702,1
FLRCCA,2,red,dot,1,7,no,rshift,2100,1
FLRCCA,2,blue,dot,1,3,no,lshift,581,1
FLRCCA,2,red,dot,1,9,no,rshift,487,1
FLRCCA,2,blue,dot,1,7,no,lshift,551,1
FLRCCA,2,red,dot,1,8,no,rshift,844,1
FLRCCA,2,red,dot,1,6,no,rshift,625,1
FLRCCA,2,blue,dot,1,3,no,lshift,474,1
FLRCCA,2,red,dot,1,3,no,rshift,860,1
FLRCCA,2,blue,dot,1,9,no,lshift,1514,1
FLRCCA,2,blue,dot,1,6,no,lshift,952,1
FLRCCA,2,blue,dot,1,4,no,lshift,2003,1
FLRCCA,2,blue,dot,1,3,no,lshift,1506,1
FLRCCA,2,blue,dot,1,2,no,lshift,930,1
FLRCCA,2,red,dot,1,6,no,rshift,1525,1
FLRCCA,2,blue,dot,1,8,no,lshift,927,1
FLRCCA,3,blue,dot,1,1,no,lshift,835,1
FLRCCA,3,blue,dot,1,2,no,lshift,904,1
FLRCCA,3,blue,dot,1,6,no,lshift,1256,1
FLRCCA,3,red,dot,1,7,no,rshift,407,1
FLRCCA,3,red,dot,1,4,no,rshift,172,1
FLRCCA,3,red,dot,1,9,no,rshift,410,1
FLRCCA,3,blue,dot,1,8,no,lshift,1036,1
FLRCCA,3,blue,dot,1,9,no,lshift,1331,1
FLRCCA,3,blue,dot,1,6,no,lshift,359,1
FLRCCA,3,blue,dot,1,7,no,lshift,433,1
FLRCCA,3,blue,dot,1,7,no,lshift,613,1
FLRCCA,3,red,dot,1,3,no,rshift,1540,1
FLRCCA,3,blue,dot,1,9,no,lshift,398,1
FLRCCA,3,red,dot,1,2,no,rshift,2182,1
FLRCCA,3,red,dot,1,1,no,rshift,1981,1
FLRCCA,3,blue,dot,1,1,no,lshift,1076,1
FLRCCA,3,blue,dot,1,8,no,lshift,1732,1
FLRCCA,3,red,dot,1,2,no,rshift,2026,1
FLRCCA,3,red,dot,1,4,no,rshift,1021,1
FLRCCA,3,red,dot,1,8,no,rshift,1291,1
FLRCCA,3,blue,dot,1,3,no,lshift,955,1
FLRCCA,3,blue,dot,1,1,no,lshift,706,1
FLRCCA,3,red,dot,1,1,no,rshift,8941,1
FLRCCA,3,blue,dot,1,8,no,lshift,621,1
FLRCCA,3,red,dot,1,9,no,rshift,411,1
FLRCCA,3,red,dot,1,9,no,rshift,465,1
FLRCCA,3,red,dot,1,7,no,rshift,394,1
FLRCCA,3,red,dot,1,6,no,rshift,410,1
FLRCCA,3,red,dot,1,1,no,rshift,430,1
FLRCCA,3,red,dot,1,9,no,rshift,1267,1
FLRCCA,3,red,dot,1,2,no,rshift,798,1
FLRCCA,3,blue,dot,1,3,no,lshift,907,1
FLRCCA,3,blue,dot,1,8,no,lshift,948,1
FLRCCA,3,blue,dot,1,6,no,lshift,1085,1
FLRCCA,3,red,dot,1,1,no,rshift,822,1
FLRCCA,3,blue,dot,1,8,no,lshift,1387,1
FLRCCA,3,blue,dot,1,1,no,lshift,458,1
FLRCCA,3,blue,dot,1,4,no,lshift,429,1
FLRCCA,3,red,dot,1,8,no,rshift,910,1
FLRCCA,3,blue,dot,1,4,no,lshift,1209,1
FLRCCA,3,red,dot,1,3,no,rshift,930,1
FLRCCA,3,blue,dot,1,7,no,lshift,573,1
FLRCCA,3,blue,dot,1,2,no,lshift,390,1
FLRCCA,3,blue,dot,1,9,no,lshift,380,1
FLRCCA,3,red,dot,1,1,no,rshift,851,1
FLRCCA,3,red,dot,1,3,no,rshift,1665,1
FLRCCA,3,red,dot,1,3,no,rshift,839,1
FLRCCA,3,red,dot,1,6,no,rshift,1262,1
FLRCCA,3,red,dot,1,8,no,rshift,843,1
FLRCCA,3,blue,dot,1,8,no,lshift,1488,1
FLRCCA,3,blue,dot,1,2,no,lshift,410,1
FLRCCA,3,blue,dot,1,6,no,lshift,428,1
FLRCCA,3,red,dot,1,7,no,rshift,1156,1
FLRCCA,3,red,dot,1,4,no,rshift,1284,1
FLRCCA,3,blue,dot,1,3,no,lshift,928,1
FLRCCA,3,red,dot,1,4,no,rshift,925,1
FLRCCA,3,blue,dot,1,9,no,lshift,924,1
FLRCCA,3,blue,dot,1,4,no,lshift,1073,1
FLRCCA,3,red,dot,1,8,no,rshift,604,1
FLRCCA,3,blue,dot,1,7,no,lshift,874,1
FLRCCA,3,red,dot,1,6,no,rshift,546,1
FLRCCA,3,red,dot,1,7,no,rshift,397,1
FLRCCA,3,red,dot,1,1,no,rshift,317,1
FLRCCA,3,red,dot,1,7,no,rshift,376,1
FLRCCA,3,red,dot,1,7,no,rshift,351,1
FLRCCA,3,blue,dot,1,9,no,lshift,1703,1
FLRCCA,3,red,dot,1,3,no,rshift,392,1
FLRCCA,3,blue,dot,1,3,no,lshift,438,1
FLRCCA,3,blue,dot,1,2,no,lshift,492,1
FLRCCA,3,red,dot,1,2,no,rshift,361,1
FLRCCA,3,red,dot,1,3,no,rshift,453,1
FLRCCA,3,blue,dot,1,8,no,lshift,1164,1
FLRCCA,3,red,dot,1,2,no,rshift,1207,1
FLRCCA,3,blue,dot,1,9,no,lshift,760,1
FLRCCA,3,blue,dot,1,9,no,lshift,394,1
FLRCCA,3,red,dot,1,2,no,rshift,794,1
FLRCCA,3,red,dot,1,8,no,rshift,889,1
FLRCCA,3,red,dot,1,6,no,rshift,800,1
FLRCCA,3,red,dot,1,8,no,rshift,772,1
FLRCCA,3,blue,dot,1,6,no,lshift,892,1
FLRCCA,3,red,dot,1,1,no,rshift,1219,1
FLRCCA,3,red,dot,1,4,no,rshift,722,1
FLRCCA,3,red,dot,1,6,no,rshift,420,1
FLRCCA,3,red,dot,1,3,no,rshift,330,1
FLRCCA,3,red,dot,1,4,no,rshift,378,1
FLRCCA,3,red,dot,1,7,no,rshift,1301,1
FLRCCA,3,red,dot,1,3,no,rshift,323,1
FLRCCA,3,red,dot,1,9,no,rshift,355,1
FLRCCA,3,red,dot,1,8,no,rshift,436,1
FLRCCA,3,red,dot,1,2,no,rshift,277,1
FLRCCA,3,blue,dot,1,7,no,lshift,459,1
FLRCCA,3,red,dot,1,8,no,rshift,309,1
FLRCCA,3,blue,dot,1,1,no,lshift,429,1
FLRCCA,3,blue,dot,1,1,no,lshift,457,1
FLRCCA,3,blue,dot,1,3,no,lshift,521,1
FLRCCA,3,blue,dot,1,6,no,lshift,439,1
FLRCCA,3,blue,dot,1,3,no,lshift,435,1
FLRCCA,3,blue,dot,1,2,no,lshift,422,1
FLRCCA,3,red,dot,1,2,no,rshift,475,1
FLRCCA,3,red,dot,1,6,no,rshift,486,1
FLRCCA,3,red,dot,1,9,no,rshift,401,1
FLRCCA,3,blue,dot,1,3,no,lshift,952,1
FLRCCA,3,blue,dot,1,1,no,lshift,1177,1
FLRCCA,3,blue,dot,1,1,no,lshift,1635,1
FLRCCA,3,blue,dot,1,4,no,lshift,901,1
FLRCCA,3,blue,dot,1,9,no,lshift,2265,1
FLRCCA,3,red,dot,1,2,no,rshift,409,1
FLRCCA,3,blue,dot,1,3,no,lshift,1799,1
FLRCCA,3,blue,dot,1,7,no,lshift,1527,1
FLRCCA,3,blue,dot,1,1,no,lshift,407,1
FLRCCA,3,red,dot,1,4,no,rshift,1082,1
FLRCCA,3,blue,dot,1,7,no,lshift,484,1
FLRCCA,3,red,dot,1,1,no,rshift,1064,1
FLRCCA,3,blue,dot,1,4,no,lshift,531,1
FLRCCA,3,red,dot,1,9,no,rshift,1767,1
FLRCCA,3,blue,dot,1,3,no,lshift,1246,1
FLRCCA,3,blue,dot,1,2,no,lshift,395,1
FLRCCA,3,red,dot,1,6,no,rshift,810,1
FLRCCA,3,blue,dot,1,6,no,lshift,1137,1
FLRCCA,3,blue,dot,1,2,no,lshift,3483,1
FLRCCA,3,blue,dot,1,8,no,lshift,5390,1
FLRCCA,3,blue,dot,1,4,no,lshift,371,1
FLRCCA,3,red,dot,1,6,no,rshift,852,1
FLRCCA,3,red,dot,1,1,no,rshift,791,1
FLRCCA,3,blue,dot,1,8,no,lshift,903,1
FLRCCA,3,blue,dot,1,4,no,lshift,870,1
FLRCCA,3,red,dot,1,9,no,rshift,630,1
FLRCCA,3,blue,dot,1,9,no,lshift,419,1
FLRCCA,3,blue,dot,1,4,no,lshift,1169,1
FLRCCA,3,red,dot,1,7,no,rshift,778,1
FLRCCA,3,blue,dot,1,8,no,lshift,682,1
FLRCCA,3,blue,dot,1,6,no,lshift,510,1
FLRCCA,3,red,dot,1,8,no,rshift,497,1
FLRCCA,3,blue,dot,1,6,no,lshift,421,1
FLRCCA,3,blue,dot,1,2,no,lshift,454,1
FLRCCA,3,red,dot,1,1,no,rshift,529,1
FLRCCA,3,blue,dot,1,3,no,lshift,539,1
FLRCCA,3,red,dot,1,3,no,rshift,447,1
FLRCCA,3,blue,dot,1,7,no,lshift,476,1
FLRCCA,3,red,dot,1,9,no,rshift,650,1
FLRCCA,3,blue,dot,1,9,no,lshift,392,1
FLRCCA,3,blue,dot,1,4,no,lshift,389,1
FLRCCA,3,red,dot,1,2,no,rshift,686,1
FLRCCA,3,blue,dot,1,7,no,lshift,365,1
FLRCCA,3,blue,dot,0,6,no,rshift,310,1
FLRCCA,3,blue,dot,1,2,no,lshift,390,1
FLRCCA,3,blue,dot,1,2,no,lshift,446,1
FLRCCA,3,blue,dot,1,7,no,lshift,460,1
FLRCCA,3,red,dot,1,8,no,rshift,421,1
FLRCCA,3,blue,dot,1,4,no,lshift,529,1
FLRCCA,3,blue,dot,1,1,no,lshift,410,1
FLRCCA,3,red,dot,1,4,no,rshift,1796,1
FLRCCA,3,red,dot,1,4,no,rshift,669,1
FLRCCA,3,red,dot,1,6,no,rshift,414,1
FLRCCA,3,red,dot,1,9,no,rshift,827,1
FLRCCA,3,red,dot,1,3,no,rshift,650,1
FLRCCA,3,red,dot,1,7,no,rshift,319,1
FLRCCA,3,red,dot,1,7,no,rshift,441,1
FLRCCA,3,red,dot,1,6,no,rshift,496,1
FLRCCA,3,red,dot,1,4,no,rshift,416,1
FLRCCA,0,blue,arab,1,7,yes,lshift,1393,1
FLRCCA,0,red,arab,1,2,yes,rshift,382,1
FLRCCA,0,red,arab,1,1,yes,rshift,538,1
FLRCCA,0,red,arab,1,7,yes,rshift,1219,1
FLRCCA,0,blue,arab,1,9,yes,lshift,476,1
FLRCCA,0,red,arab,1,3,yes,rshift,460,1
FLRCCA,0,blue,arab,1,2,yes,lshift,458,1
FLRCCA,0,blue,arab,1,1,yes,lshift,430,1
FLRCCA,0,blue,arab,1,8,yes,lshift,418,1
FLRCCA,0,red,arab,1,9,yes,rshift,431,1
FLRCCA,0,red,arab,1,6,yes,rshift,492,1
FLRCCA,0,blue,arab,1,4,yes,lshift,404,1
FLRCCA,0,blue,arab,1,6,yes,lshift,446,1
FLRCCA,0,red,arab,1,4,yes,rshift,808,1
FLRCCA,0,red,arab,1,8,yes,rshift,3105,1
FLRCCA,0,blue,arab,1,3,yes,lshift,382,1
FLRCCA,1,blue,arab,1,4,no,lshift,3313,1
FLRCCA,1,red,arab,1,1,no,rshift,482,1
FLRCCA,1,blue,arab,1,4,no,lshift,1028,1
FLRCCA,1,red,arab,1,4,no,rshift,2511,1
FLRCCA,1,red,arab,1,3,no,rshift,483,1
FLRCCA,1,red,arab,1,4,no,rshift,372,1
FLRCCA,1,blue,arab,1,1,no,lshift,938,1
FLRCCA,1,red,arab,1,4,no,rshift,862,1
FLRCCA,1,red,arab,1,7,no,rshift,433,1
FLRCCA,1,red,arab,1,7,no,rshift,436,1
FLRCCA,1,blue,arab,1,8,no,lshift,940,1
FLRCCA,1,blue,arab,1,7,no,lshift,461,1
FLRCCA,1,red,arab,1,1,no,rshift,753,1
FLRCCA,1,blue,arab,1,2,no,lshift,407,1
FLRCCA,1,red,arab,1,8,no,rshift,661,1
FLRCCA,1,blue,arab,1,4,no,lshift,614,1
FLRCCA,1,red,arab,1,7,no,rshift,451,1
FLRCCA,1,blue,arab,1,6,no,lshift,627,1
FLRCCA,1,red,arab,1,1,no,rshift,865,1
FLRCCA,1,red,arab,1,6,no,rshift,680,1
FLRCCA,1,blue,arab,1,8,no,lshift,555,1
FLRCCA,1,blue,arab,1,2,no,lshift,425,1
FLRCCA,1,blue,arab,1,7,no,lshift,470,1
FLRCCA,1,red,arab,1,3,no,rshift,636,1
FLRCCA,1,blue,arab,1,4,no,lshift,510,1
FLRCCA,1,red,arab,1,4,no,rshift,441,1
FLRCCA,1,blue,arab,1,3,no,lshift,400,1
FLRCCA,1,blue,arab,1,4,no,lshift,571,1
FLRCCA,1,blue,arab,1,1,no,lshift,503,1
FLRCCA,1,blue,arab,1,8,no,lshift,453,1
FLRCCA,1,blue,arab,1,1,no,lshift,351,1
FLRCCA,1,red,arab,1,8,no,rshift,1287,1
FLRCCA,1,red,arab,1,3,no,rshift,476,1
FLRCCA,1,blue,arab,1,6,no,lshift,506,1
FLRCCA,1,blue,arab,1,6,no,lshift,417,1
FLRCCA,1,blue,arab,1,1,no,lshift,539,1
FLRCCA,1,blue,arab,1,3,no,lshift,470,1
FLRCCA,1,blue,arab,1,2,no,lshift,404,1
FLRCCA,1,blue,arab,1,8,no,lshift,463,1
FLRCCA,1,blue,arab,1,6,no,lshift,457,1
FLRCCA,1,blue,arab,1,7,no,lshift,486,1
FLRCCA,1,red,arab,1,6,no,rshift,524,1
FLRCCA,1,red,arab,1,9,no,rshift,502,1
FLRCCA,1,red,arab,1,8,no,rshift,505,1
FLRCCA,1,red,arab,1,2,no,rshift,586,1
FLRCCA,1,red,arab,1,3,no,rshift,509,1
FLRCCA,1,red,arab,1,3,no,rshift,989,1
FLRCCA,1,red,arab,1,9,no,rshift,598,1
FLRCCA,1,blue,arab,1,9,no,lshift,523,1
FLRCCA,1,blue,arab,1,9,no,lshift,491,1
FLRCCA,1,red,arab,1,7,no,rshift,539,1
FLRCCA,1,blue,arab,1,9,no,lshift,480,1
FLRCCA,1,red,arab,1,3,no,rshift,1196,1
FLRCCA,1,blue,arab,1,8,no,lshift,400,1
FLRCCA,1,red,arab,1,1,no,rshift,680,1
FLRCCA,1,blue,arab,1,3,no,lshift,2167,1
FLRCCA,1,blue,arab,1,6,no,lshift,580,1
FLRCCA,1,blue,arab,1,9,no,lshift,443,1
FLRCCA,1,blue,arab,1,1,no,lshift,410,1
FLRCCA,1,blue,arab,1,2,no,lshift,484,1
FLRCCA,1,red,arab,1,7,no,rshift,562,1
FLRCCA,1,blue,arab,1,1,no,lshift,550,1
FLRCCA,1,blue,arab,1,8,no,lshift,689,1
FLRCCA,1,blue,arab,1,8,no,lshift,444,1
FLRCCA,1,red,arab,1,4,no,rshift,411,1
FLRCCA,1,blue,arab,1,7,no,lshift,376,1
FLRCCA,1,red,arab,1,1,no,rshift,1333,1
FLRCCA,1,blue,arab,1,7,no,lshift,493,1
FLRCCA,1,red,arab,1,2,no,rshift,546,1
FLRCCA,1,red,arab,1,7,no,rshift,487,1
FLRCCA,1,blue,arab,1,2,no,lshift,1292,1
FLRCCA,1,red,arab,1,3,no,rshift,560,1
FLRCCA,1,red,arab,1,7,no,rshift,807,1
FLRCCA,1,red,arab,1,9,no,rshift,532,1
FLRCCA,1,blue,arab,1,4,no,lshift,606,1
FLRCCA,1,blue,arab,1,2,no,lshift,681,1
FLRCCA,1,red,arab,1,6,no,rshift,458,1
FLRCCA,1,red,arab,1,8,no,rshift,689,1
FLRCCA,1,blue,arab,1,1,no,lshift,433,1
FLRCCA,1,blue,arab,1,8,no,lshift,521,1
FLRCCA,1,blue,arab,1,7,no,lshift,514,1
FLRCCA,1,red,arab,1,2,no,rshift,427,1
FLRCCA,1,red,arab,1,1,no,rshift,411,1
FLRCCA,1,red,arab,1,8,no,rshift,1519,1
FLRCCA,1,blue,arab,1,3,no,lshift,470,1
FLRCCA,1,red,arab,1,1,no,rshift,550,1
FLRCCA,1,red,arab,1,4,no,rshift,478,1
FLRCCA,1,red,arab,1,2,no,rshift,663,1
FLRCCA,1,red,arab,1,1,no,rshift,608,1
FLRCCA,1,red,arab,1,4,no,rshift,1208,1
FLRCCA,1,red,arab,1,3,no,rshift,539,1
FLRCCA,1,red,arab,1,4,no,rshift,520,1
FLRCCA,1,red,arab,1,9,no,rshift,1223,1
FLRCCA,1,blue,arab,1,7,no,lshift,549,1
FLRCCA,1,blue,arab,1,9,no,lshift,487,1
FLRCCA,1,red,arab,1,8,no,rshift,743,1
FLRCCA,1,blue,arab,1,2,no,lshift,420,1
FLRCCA,1,blue,arab,1,6,no,lshift,443,1
FLRCCA,1,blue,arab,1,7,no,lshift,468,1
FLRCCA,1,blue,arab,1,9,no,lshift,350,1
FLRCCA,1,red,arab,1,4,no,rshift,543,1
FLRCCA,1,blue,arab,1,2,no,lshift,607,1
FLRCCA,1,red,arab,1,2,no,rshift,556,1
FLRCCA,1,blue,arab,1,6,no,lshift,525,1
FLRCCA,1,red,arab,1,7,no,rshift,522,1
FLRCCA,1,blue,arab,1,4,no,lshift,383,1
FLRCCA,1,red,arab,1,6,no,rshift,377,1
FLRCCA,1,blue,arab,1,4,no,lshift,429,1
FLRCCA,1,blue,arab,1,6,no,lshift,398,1
FLRCCA,1,red,arab,1,3,no,rshift,519,1
FLRCCA,1,red,arab,1,7,no,rshift,415,1
FLRCCA,1,red,arab,1,9,no,rshift,539,1
FLRCCA,1,red,arab,1,3,no,rshift,409,1
FLRCCA,1,red,arab,1,6,no,rshift,435,1
FLRCCA,1,blue,arab,1,3,no,lshift,418,1
FLRCCA,1,red,arab,1,1,no,rshift,348,1
FLRCCA,1,red,arab,1,9,no,rshift,438,1
FLRCCA,1,blue,arab,0,2,no,rshift,258,1
FLRCCA,1,red,arab,1,2,no,rshift,342,1
FLRCCA,1,blue,arab,1,3,no,lshift,532,1
FLRCCA,1,red,arab,1,4,no,rshift,789,1
FLRCCA,1,blue,arab,1,4,no,lshift,452,1
FLRCCA,1,blue,arab,1,6,no,lshift,485,1
FLRCCA,1,red,arab,1,6,no,rshift,548,1
FLRCCA,1,blue,arab,1,9,no,lshift,450,1
FLRCCA,1,blue,arab,1,1,no,lshift,883,1
FLRCCA,1,blue,arab,1,4,no,lshift,452,1
FLRCCA,1,red,arab,1,8,no,rshift,425,1
FLRCCA,1,blue,arab,1,6,no,lshift,378,1
FLRCCA,1,red,arab,1,2,no,rshift,416,1
FLRCCA,1,red,arab,1,6,no,rshift,629,1
FLRCCA,1,red,arab,1,6,no,rshift,654,1
FLRCCA,1,blue,arab,1,7,no,lshift,416,1
FLRCCA,1,blue,arab,1,1,no,lshift,456,1
FLRCCA,1,red,arab,1,2,no,rshift,564,1
FLRCCA,1,red,arab,1,6,no,rshift,454,1
FLRCCA,1,blue,arab,1,8,no,lshift,474,1
FLRCCA,1,red,arab,1,9,no,rshift,595,1
FLRCCA,1,blue,arab,1,3,no,lshift,497,1
FLRCCA,1,red,arab,1,7,no,rshift,890,1
FLRCCA,1,red,arab,1,2,no,rshift,601,1
FLRCCA,1,red,arab,1,6,no,rshift,533,1
FLRCCA,1,red,arab,1,8,no,rshift,691,1
FLRCCA,1,red,arab,1,2,no,rshift,601,1
FLRCCA,1,red,arab,1,9,no,rshift,650,1
FLRCCA,1,blue,arab,1,2,no,lshift,572,1
FLRCCA,1,blue,arab,1,3,no,lshift,641,1
FLRCCA,1,red,arab,1,8,no,rshift,580,1
FLRCCA,1,blue,arab,1,9,no,lshift,498,1
FLRCCA,1,blue,arab,1,3,no,lshift,901,1
FLRCCA,1,red,arab,1,8,no,rshift,667,1
FLRCCA,1,blue,arab,1,9,no,lshift,814,1
FLRCCA,1,blue,arab,1,7,no,lshift,523,1
FLRCCA,1,blue,arab,1,8,no,lshift,446,1
FLRCCA,1,blue,arab,1,9,no,lshift,452,1
FLRCCA,1,red,arab,1,1,no,rshift,542,1
FLRCCA,1,red,arab,1,9,no,rshift,510,1
FLRCCA,1,blue,arab,1,1,no,lshift,659,1
FLRCCA,1,red,arab,1,9,no,rshift,746,1
FLRCCA,1,blue,arab,1,3,no,lshift,444,1
FLRCCA,2,blue,arab,1,7,no,lshift,1296,1
FLRCCA,2,red,arab,1,1,no,rshift,819,1
FLRCCA,2,red,arab,1,2,no,rshift,680,1
FLRCCA,2,red,arab,1,8,no,rshift,462,1
FLRCCA,2,blue,arab,1,4,no,lshift,390,1
FLRCCA,2,blue,arab,1,2,no,lshift,525,1
FLRCCA,2,red,arab,1,8,no,rshift,474,1
FLRCCA,2,blue,arab,1,6,no,lshift,408,1
FLRCCA,2,red,arab,1,1,no,rshift,514,1
FLRCCA,2,red,arab,1,8,no,rshift,328,1
FLRCCA,2,red,arab,1,2,no,rshift,429,1
FLRCCA,2,blue,arab,1,9,no,lshift,451,1
FLRCCA,2,blue,arab,1,2,no,lshift,477,1
FLRCCA,2,red,arab,1,3,no,rshift,805,1
FLRCCA,2,red,arab,1,3,no,rshift,2471,1
FLRCCA,2,red,arab,1,6,no,rshift,699,1
FLRCCA,2,blue,arab,1,8,no,lshift,683,1
FLRCCA,2,red,arab,1,4,no,rshift,781,1
FLRCCA,2,red,arab,1,2,no,rshift,587,1
FLRCCA,2,red,arab,1,4,no,rshift,607,1
FLRCCA,2,blue,arab,1,3,no,lshift,672,1
FLRCCA,2,blue,arab,1,8,no,lshift,736,1
FLRCCA,2,blue,arab,1,2,no,lshift,713,1
FLRCCA,2,blue,arab,1,1,no,lshift,614,1
FLRCCA,2,red,arab,1,1,no,rshift,507,1
FLRCCA,2,red,arab,1,3,no,rshift,611,1
FLRCCA,2,blue,arab,1,3,no,lshift,628,1
FLRCCA,2,blue,arab,1,9,no,lshift,696,1
FLRCCA,2,red,arab,1,8,no,rshift,527,1
FLRCCA,2,blue,arab,1,9,no,lshift,910,1
FLRCCA,2,red,arab,1,4,no,rshift,311,1
FLRCCA,2,red,arab,1,7,no,rshift,165,1
FLRCCA,2,blue,arab,0,6,no,rshift,1769,1
FLRCCA,2,blue,arab,1,6,no,lshift,2263,1
FLRCCA,2,red,arab,1,2,no,rshift,385,1
FLRCCA,2,blue,arab,1,4,no,lshift,781,1
FLRCCA,2,red,arab,1,9,no,rshift,401,1
FLRCCA,2,blue,arab,1,4,no,lshift,467,1
FLRCCA,2,red,arab,1,8,no,rshift,450,1
FLRCCA,2,blue,arab,1,6,no,lshift,443,1
FLRCCA,2,blue,arab,1,7,no,lshift,550,1
FLRCCA,2,blue,arab,1,1,no,lshift,431,1
FLRCCA,2,blue,arab,0,9,no,rshift,353,1
FLRCCA,2,red,arab,1,3,no,rshift,370,1
FLRCCA,2,blue,arab,1,1,no,lshift,437,1
FLRCCA,2,red,arab,1,6,no,rshift,506,1
FLRCCA,2,blue,arab,1,9,no,lshift,525,1
FLRCCA,2,blue,arab,1,7,no,lshift,464,1
FLRCCA,2,blue,arab,1,3,no,lshift,421,1
FLRCCA,2,blue,arab,1,1,no,lshift,429,1
FLRCCA,2,blue,arab,1,6,no,lshift,606,1
FLRCCA,2,red,arab,1,1,no,rshift,528,1
FLRCCA,2,red,arab,1,7,no,rshift,575,1
FLRCCA,2,blue,arab,1,2,no,lshift,563,1
FLRCCA,2,red,arab,1,8,no,rshift,4628,1
FLRCCA,2,blue,arab,1,4,no,lshift,649,1
FLRCCA,2,blue,arab,1,8,no,lshift,460,1
FLRCCA,2,red,arab,1,2,no,rshift,687,1
FLRCCA,2,blue,arab,1,6,no,lshift,434,1
FLRCCA,2,blue,arab,1,4,no,lshift,360,1
FLRCCA,2,red,arab,1,4,no,rshift,434,1
FLRCCA,2,red,arab,1,4,no,rshift,655,1
FLRCCA,2,blue,arab,1,1,no,lshift,411,1
FLRCCA,2,blue,arab,1,1,no,lshift,555,1
FLRCCA,2,red,arab,1,6,no,rshift,508,1
FLRCCA,2,red,arab,1,4,no,rshift,349,1
FLRCCA,2,blue,arab,1,6,no,lshift,426,1
FLRCCA,2,red,arab,1,9,no,rshift,433,1
FLRCCA,2,blue,arab,1,9,no,lshift,557,1
FLRCCA,2,blue,arab,1,2,no,lshift,433,1
FLRCCA,2,red,arab,1,2,no,rshift,425,1
FLRCCA,2,red,arab,1,1,no,rshift,372,1
FLRCCA,2,blue,arab,1,1,no,lshift,474,1
FLRCCA,2,red,arab,0,9,no,lshift,604,1
FLRCCA,2,red,arab,1,1,no,rshift,414,1
FLRCCA,2,blue,arab,1,7,no,lshift,398,1
FLRCCA,2,blue,arab,1,8,no,lshift,529,1
FLRCCA,2,blue,arab,1,2,no,lshift,425,1
FLRCCA,2,red,arab,1,3,no,rshift,478,1
FLRCCA,2,red,arab,1,9,no,rshift,606,1
FLRCCA,2,red,arab,1,9,no,rshift,400,1
FLRCCA,2,red,arab,1,8,no,rshift,409,1
FLRCCA,2,blue,arab,1,6,no,lshift,457,1
FLRCCA,2,blue,arab,1,9,no,lshift,523,1
FLRCCA,2,red,arab,1,2,no,rshift,410,1
FLRCCA,2,red,arab,1,7,no,rshift,395,1
FLRCCA,2,blue,arab,1,1,no,lshift,484,1
FLRCCA,2,blue,arab,1,9,no,lshift,471,1
FLRCCA,2,red,arab,1,9,no,rshift,437,1
FLRCCA,2,red,arab,1,7,no,rshift,578,1
FLRCCA,2,red,arab,0,4,no,lshift,400,1
FLRCCA,2,red,arab,1,6,no,rshift,2997,1
FLRCCA,2,red,arab,1,1,no,rshift,586,1
FLRCCA,2,red,arab,1,3,no,rshift,754,1
FLRCCA,2,red,arab,1,6,no,rshift,508,1
FLRCCA,2,red,arab,1,7,no,rshift,688,1
FLRCCA,2,red,arab,1,2,no,rshift,1587,1
FLRCCA,2,blue,arab,1,6,no,lshift,2210,1
FLRCCA,2,blue,arab,1,7,no,lshift,1219,1
FLRCCA,2,red,arab,1,2,no,rshift,471,1
FLRCCA,2,blue,arab,1,4,no,lshift,930,1
FLRCCA,2,blue,arab,1,7,no,lshift,911,1
FLRCCA,2,blue,arab,1,8,no,lshift,859,1
FLRCCA,2,blue,arab,1,3,no,lshift,955,1
FLRCCA,2,red,arab,1,8,no,rshift,437,1
FLRCCA,2,red,arab,1,1,no,rshift,466,1
FLRCCA,2,red,arab,1,3,no,rshift,506,1
FLRCCA,2,blue,arab,1,2,no,lshift,1245,1
FLRCCA,2,red,arab,1,9,no,rshift,732,1
FLRCCA,2,blue,arab,1,8,no,lshift,1035,1
FLRCCA,2,blue,arab,1,2,no,lshift,1014,1
FLRCCA,2,blue,arab,1,2,no,lshift,879,1
FLRCCA,2,blue,arab,1,4,no,lshift,653,1
FLRCCA,2,blue,arab,1,3,no,lshift,432,1
FLRCCA,2,blue,arab,1,4,no,lshift,478,1
FLRCCA,2,blue,arab,1,8,no,lshift,536,1
FLRCCA,2,red,arab,1,3,no,rshift,487,1
FLRCCA,2,red,arab,1,6,no,rshift,419,1
FLRCCA,2,red,arab,1,7,no,rshift,567,1
FLRCCA,2,blue,arab,1,3,no,lshift,482,1
FLRCCA,2,blue,arab,1,9,no,lshift,558,1
FLRCCA,2,red,arab,1,7,no,rshift,443,1
FLRCCA,2,red,arab,1,4,no,rshift,394,1
FLRCCA,2,blue,arab,1,6,no,lshift,577,1
FLRCCA,2,blue,arab,1,7,no,lshift,446,1
FLRCCA,2,blue,arab,1,2,no,lshift,508,1
FLRCCA,2,blue,arab,1,7,no,lshift,1584,1
FLRCCA,2,blue,arab,1,1,no,lshift,450,1
FLRCCA,2,red,arab,1,4,no,rshift,466,1
FLRCCA,2,red,arab,1,8,no,rshift,388,1
FLRCCA,2,blue,arab,1,3,no,lshift,1231,1
FLRCCA,2,red,arab,0,9,no,lshift,862,1
FLRCCA,2,blue,arab,1,8,no,lshift,389,1
FLRCCA,2,red,arab,1,9,no,rshift,680,1
FLRCCA,2,blue,arab,1,3,no,lshift,534,1
FLRCCA,2,red,arab,1,1,no,rshift,630,1
FLRCCA,2,red,arab,1,7,no,rshift,423,1
FLRCCA,2,red,arab,1,6,no,rshift,407,1
FLRCCA,2,blue,arab,1,1,no,lshift,484,1
FLRCCA,2,red,arab,1,6,no,rshift,368,1
FLRCCA,2,red,arab,1,3,no,rshift,447,1
FLRCCA,2,blue,arab,1,8,no,lshift,517,1
FLRCCA,2,red,arab,1,9,no,rshift,1080,1
FLRCCA,2,blue,arab,1,8,no,lshift,549,1
FLRCCA,2,blue,arab,1,3,no,lshift,537,1
FLRCCA,2,blue,arab,1,4,no,lshift,449,1
FLRCCA,2,blue,arab,1,7,no,lshift,493,1
FLRCCA,2,red,arab,1,3,no,rshift,657,1
FLRCCA,2,blue,arab,1,4,no,lshift,454,1
FLRCCA,2,blue,arab,1,7,no,lshift,420,1
FLRCCA,2,red,arab,1,6,no,rshift,394,1
FLRCCA,2,red,arab,1,1,no,rshift,517,1
FLRCCA,2,red,arab,1,4,no,rshift,400,1
FLRCCA,2,red,arab,1,6,no,rshift,438,1
FLRCCA,2,blue,arab,1,9,no,lshift,557,1
FLRCCA,2,red,arab,1,2,no,rshift,574,1
FLRCCA,2,red,arab,1,8,no,rshift,470,1
FLRCCA,2,red,arab,1,7,no,rshift,507,1
FLRCCA,2,red,arab,1,7,no,rshift,824,1
FLRCCA,2,blue,arab,1,3,no,lshift,395,1
FLRCCA,3,blue,arab,1,6,no,lshift,975,1
FLRCCA,3,blue,arab,1,9,no,lshift,599,1
FLRCCA,3,blue,arab,1,2,no,lshift,388,1
FLRCCA,3,blue,arab,1,6,no,lshift,482,1
FLRCCA,3,blue,arab,1,8,no,lshift,384,1
FLRCCA,3,red,arab,1,9,no,rshift,816,1
FLRCCA,3,red,arab,1,7,no,rshift,397,1
FLRCCA,3,red,arab,1,4,no,rshift,301,1
FLRCCA,3,blue,arab,1,3,no,lshift,502,1
FLRCCA,3,blue,arab,1,7,no,lshift,497,1
FLRCCA,3,red,arab,1,7,no,rshift,460,1
FLRCCA,3,red,arab,1,9,no,rshift,626,1
FLRCCA,3,blue,arab,1,8,no,lshift,590,1
FLRCCA,3,blue,arab,1,9,no,lshift,772,1
FLRCCA,3,blue,arab,1,3,no,lshift,570,1
FLRCCA,3,red,arab,1,3,no,rshift,590,1
FLRCCA,3,red,arab,1,9,no,rshift,420,1
FLRCCA,3,blue,arab,1,8,no,lshift,464,1
FLRCCA,3,blue,arab,1,6,no,lshift,474,1
FLRCCA,3,red,arab,1,2,no,rshift,418,1
FLRCCA,3,blue,arab,1,3,no,lshift,590,1
FLRCCA,3,red,arab,1,8,no,rshift,541,1
FLRCCA,3,blue,arab,1,4,no,lshift,1118,1
FLRCCA,3,red,arab,1,1,no,rshift,449,1
FLRCCA,3,blue,arab,1,7,no,lshift,1208,1
FLRCCA,3,blue,arab,1,2,no,lshift,1153,1
FLRCCA,3,blue,arab,1,4,no,lshift,551,1
FLRCCA,3,blue,arab,1,4,no,lshift,468,1
FLRCCA,3,red,arab,1,6,no,rshift,590,1
FLRCCA,3,red,arab,1,4,no,rshift,494,1
FLRCCA,3,red,arab,1,6,no,rshift,379,1
FLRCCA,3,blue,arab,1,9,no,lshift,993,1
FLRCCA,3,red,arab,1,3,no,rshift,416,1
FLRCCA,3,blue,arab,1,6,no,lshift,352,1
FLRCCA,3,blue,arab,1,7,no,lshift,579,1
FLRCCA,3,blue,arab,1,2,no,lshift,403,1
FLRCCA,3,blue,arab,1,7,no,lshift,561,1
FLRCCA,3,blue,arab,1,6,no,lshift,797,1
FLRCCA,3,blue,arab,1,2,no,lshift,441,1
FLRCCA,3,red,arab,1,9,no,rshift,472,1
FLRCCA,3,red,arab,1,9,no,rshift,550,1
FLRCCA,3,red,arab,1,2,no,rshift,695,1
FLRCCA,3,red,arab,1,8,no,rshift,816,1
FLRCCA,3,blue,arab,1,8,no,lshift,434,1
FLRCCA,3,red,arab,1,2,no,rshift,457,1
FLRCCA,3,blue,arab,1,8,no,lshift,468,1
FLRCCA,3,red,arab,1,6,no,rshift,585,1
FLRCCA,3,blue,arab,1,1,no,lshift,389,1
FLRCCA,3,red,arab,1,6,no,rshift,736,1
FLRCCA,3,red,arab,1,2,no,rshift,714,1
FLRCCA,3,red,arab,1,7,no,rshift,580,1
FLRCCA,3,red,arab,1,1,no,rshift,403,1
FLRCCA,3,blue,arab,1,9,no,lshift,546,1
FLRCCA,3,red,arab,1,8,no,rshift,1047,1
FLRCCA,3,blue,arab,1,8,no,lshift,441,1
FLRCCA,3,blue,arab,1,7,no,lshift,490,1
FLRCCA,3,red,arab,1,9,no,rshift,552,1
FLRCCA,3,red,arab,0,6,no,lshift,1117,1
FLRCCA,3,blue,arab,1,8,no,lshift,917,1
FLRCCA,3,blue,arab,1,6,no,lshift,489,1
FLRCCA,3,blue,arab,1,1,no,lshift,624,1
FLRCCA,3,red,arab,1,1,no,rshift,888,1
FLRCCA,3,red,arab,1,4,no,rshift,1478,1
FLRCCA,3,red,arab,1,1,no,rshift,460,1
FLRCCA,3,blue,arab,1,2,no,lshift,1735,1
FLRCCA,3,blue,arab,1,9,no,lshift,879,1
FLRCCA,3,red,arab,1,6,no,rshift,410,1
FLRCCA,3,red,arab,1,8,no,rshift,408,1
FLRCCA,3,blue,arab,1,7,no,lshift,428,1
FLRCCA,3,red,arab,1,3,no,rshift,458,1
FLRCCA,3,blue,arab,1,1,no,lshift,463,1
FLRCCA,3,red,arab,1,1,no,rshift,465,1
FLRCCA,3,blue,arab,1,4,no,lshift,406,1
FLRCCA,3,red,arab,1,1,no,rshift,507,1
FLRCCA,3,blue,arab,1,6,no,lshift,346,1
FLRCCA,3,blue,arab,1,7,no,lshift,610,1
FLRCCA,3,red,arab,1,4,no,rshift,446,1
FLRCCA,3,blue,arab,1,9,no,lshift,508,1
FLRCCA,3,red,arab,1,9,no,rshift,497,1
FLRCCA,3,red,arab,1,6,no,rshift,573,1
FLRCCA,3,red,arab,1,7,no,rshift,483,1
FLRCCA,3,red,arab,1,8,no,rshift,887,1
FLRCCA,3,red,arab,1,4,no,rshift,441,1
FLRCCA,3,red,arab,1,7,no,rshift,436,1
FLRCCA,3,blue,arab,1,1,no,lshift,559,1
FLRCCA,3,blue,arab,1,9,no,lshift,400,1
FLRCCA,3,blue,arab,1,3,no,lshift,934,1
FLRCCA,3,red,arab,1,3,no,rshift,559,1
FLRCCA,3,red,arab,0,7,no,lshift,608,1
FLRCCA,3,blue,arab,1,4,no,lshift,611,1
FLRCCA,3,blue,arab,1,2,no,lshift,483,1
FLRCCA,3,blue,arab,1,6,no,lshift,552,1
FLRCCA,3,blue,arab,1,3,no,lshift,480,1
FLRCCA,3,blue,arab,1,9,no,lshift,529,1
FLRCCA,3,red,arab,1,6,no,rshift,480,1
FLRCCA,3,blue,arab,1,1,no,lshift,494,1
FLRCCA,3,blue,arab,1,4,no,lshift,401,1
FLRCCA,3,red,arab,1,1,no,rshift,462,1
FLRCCA,3,blue,arab,1,2,no,lshift,504,1
FLRCCA,3,blue,arab,1,1,no,lshift,390,1
FLRCCA,3,blue,arab,1,1,no,lshift,601,1
FLRCCA,3,red,arab,1,8,no,rshift,2106,1
FLRCCA,3,blue,arab,1,3,no,lshift,774,1
FLRCCA,3,red,arab,1,2,no,rshift,639,1
FLRCCA,3,red,arab,1,2,no,rshift,777,1
FLRCCA,3,red,arab,1,9,no,rshift,629,1
FLRCCA,3,red,arab,1,3,no,rshift,678,1
FLRCCA,3,red,arab,1,4,no,rshift,484,1
FLRCCA,3,blue,arab,1,3,no,lshift,500,1
FLRCCA,3,blue,arab,1,8,no,lshift,458,1
FLRCCA,3,red,arab,1,2,no,rshift,630,1
FLRCCA,3,red,arab,1,1,no,rshift,503,1
FLRCCA,3,blue,arab,1,2,no,lshift,465,1
FLRCCA,3,red,arab,1,1,no,rshift,448,1
FLRCCA,3,blue,arab,1,1,no,lshift,472,1
FLRCCA,3,blue,arab,1,7,no,lshift,481,1
FLRCCA,3,blue,arab,1,6,no,lshift,442,1
FLRCCA,3,blue,arab,1,7,no,lshift,445,1
FLRCCA,3,blue,arab,1,9,no,lshift,432,1
FLRCCA,3,red,arab,1,8,no,rshift,615,1
FLRCCA,3,red,arab,1,7,no,rshift,499,1
FLRCCA,3,red,arab,1,7,no,rshift,393,1
FLRCCA,3,red,arab,1,2,no,rshift,404,1
FLRCCA,3,red,arab,1,8,no,rshift,643,1
FLRCCA,3,red,arab,1,4,no,rshift,577,1
FLRCCA,3,red,arab,1,2,no,rshift,492,1
FLRCCA,3,red,arab,1,1,no,rshift,487,1
FLRCCA,3,red,arab,1,4,no,rshift,355,1
FLRCCA,3,blue,arab,1,3,no,lshift,501,1
FLRCCA,3,red,arab,1,4,no,rshift,546,1
FLRCCA,3,blue,arab,1,2,no,lshift,689,1
FLRCCA,3,blue,arab,1,8,no,lshift,640,1
FLRCCA,3,red,arab,1,3,no,rshift,735,1
FLRCCA,3,red,arab,1,8,no,rshift,588,1
FLRCCA,3,red,arab,1,3,no,rshift,465,1
FLRCCA,3,red,arab,1,6,no,rshift,462,1
FLRCCA,3,red,arab,1,8,no,rshift,328,1
FLRCCA,3,red,arab,1,7,no,rshift,386,1
FLRCCA,3,blue,arab,0,1,no,rshift,236,1
FLRCCA,3,blue,arab,1,2,no,lshift,1065,1
FLRCCA,3,red,arab,1,3,no,rshift,589,1
FLRCCA,3,blue,arab,1,3,no,lshift,476,1
FLRCCA,3,blue,arab,1,4,no,lshift,529,1
FLRCCA,3,blue,arab,1,1,no,lshift,402,1
FLRCCA,3,blue,arab,1,9,no,lshift,686,1
FLRCCA,3,blue,arab,1,4,no,lshift,463,1
FLRCCA,3,red,arab,1,3,no,rshift,380,1
FLRCCA,3,blue,arab,1,3,no,lshift,641,1
FLRCCA,3,blue,arab,1,8,no,lshift,509,1
FLRCCA,3,blue,arab,1,7,no,lshift,1030,1
FLRCCA,3,blue,arab,1,4,no,lshift,520,1
FLRCCA,3,blue,arab,1,6,no,lshift,574,1
FLRCCA,3,blue,arab,1,4,no,lshift,474,1
FLRCCA,3,red,arab,1,4,no,rshift,641,1
FLRCCA,3,red,arab,1,7,no,rshift,843,1
FLRCCA,3,red,arab,1,6,no,rshift,424,1
FLRCCA,3,red,arab,1,3,no,rshift,417,1
FLRCCA,3,red,arab,1,9,no,rshift,481,1
FLRCCA,3,red,arab,1,2,no,rshift,730,1
FLRCCA,3,red,arab,1,9,no,rshift,497,1
FLRCCA,0,red,classic,1,2,yes,lshift,7989,1
FLRCCA,0,red,classic,1,7,yes,rshift,2017,1
FLRCCA,0,red,classic,1,1,yes,rshift,1564,1
FLRCCA,0,red,classic,0,8,yes,rshift,1002,1
FLRCCA,0,red,classic,1,9,yes,rshift,809,1
FLRCCA,0,red,classic,1,6,yes,lshift,1041,1
FLRCCA,0,red,classic,1,4,yes,lshift,846,1
FLRCCA,0,red,classic,1,3,yes,rshift,745,1
FLRCCA,1,red,classic,1,2,yes,rshift,789,1
FLRCCA,1,red,classic,0,8,yes,lshift,1092,1
FLRCCA,1,red,classic,1,4,yes,rshift,649,1
FLRCCA,1,red,classic,1,9,yes,lshift,598,1
FLRCCA,1,red,classic,1,6,yes,rshift,615,1
FLRCCA,1,red,classic,0,3,yes,rshift,419,1
FLRCCA,1,red,classic,1,7,yes,lshift,1529,1
FLRCCA,1,red,classic,1,1,yes,lshift,882,1
FLRCCA,2,red,classic,1,4,no,lshift,6165,1
FLRCCA,2,red,classic,1,1,no,rshift,691,1
FLRCCA,2,red,classic,1,9,no,rshift,830,1
FLRCCA,2,red,classic,1,3,no,rshift,753,1
FLRCCA,2,red,classic,1,1,no,rshift,797,1
FLRCCA,2,red,classic,1,6,no,lshift,472,1
FLRCCA,2,red,classic,1,8,no,lshift,599,1
FLRCCA,2,red,classic,1,7,no,rshift,765,1
FLRCCA,2,red,classic,1,3,no,rshift,601,1
FLRCCA,2,red,classic,1,2,no,lshift,702,1
FLRCCA,2,red,classic,1,7,no,rshift,533,1
FLRCCA,2,red,classic,1,2,no,lshift,1189,1
FLRCCA,2,red,classic,1,6,no,lshift,657,1
FLRCCA,2,red,classic,1,8,no,lshift,732,1
FLRCCA,2,red,classic,1,7,no,rshift,722,1
FLRCCA,2,red,classic,1,9,no,rshift,714,1
FLRCCA,2,red,classic,1,7,no,rshift,820,1
FLRCCA,2,red,classic,1,9,no,rshift,660,1
FLRCCA,2,red,classic,1,9,no,rshift,552,1
FLRCCA,2,red,classic,1,4,no,lshift,1705,1
FLRCCA,2,red,classic,1,2,no,lshift,476,1
FLRCCA,2,red,classic,1,7,no,rshift,582,1
FLRCCA,2,red,classic,1,2,no,lshift,565,1
FLRCCA,2,red,classic,1,8,no,lshift,760,1
FLRCCA,2,red,classic,1,3,no,rshift,566,1
FLRCCA,2,red,classic,1,1,no,rshift,537,1
FLRCCA,2,red,classic,1,3,no,rshift,591,1
FLRCCA,2,red,classic,1,1,no,rshift,502,1
FLRCCA,2,red,classic,1,8,no,lshift,693,1
FLRCCA,2,red,classic,1,9,no,rshift,589,1
FLRCCA,2,red,classic,1,3,no,rshift,748,1
FLRCCA,2,red,classic,1,1,no,rshift,467,1
FLRCCA,2,red,classic,1,2,no,lshift,595,1
FLRCCA,2,red,classic,1,9,no,rshift,500,1
FLRCCA,2,red,classic,1,4,no,lshift,733,1
FLRCCA,2,red,classic,1,7,no,rshift,576,1
FLRCCA,2,red,classic,1,1,no,rshift,720,1
FLRCCA,2,red,classic,1,4,no,lshift,624,1
FLRCCA,2,red,classic,1,4,no,lshift,818,1
FLRCCA,2,red,classic,1,2,no,lshift,452,1
FLRCCA,2,red,classic,1,8,no,lshift,618,1
FLRCCA,2,red,classic,1,1,no,rshift,748,1
FLRCCA,2,red,classic,1,6,no,lshift,753,1
FLRCCA,2,red,classic,1,6,no,lshift,476,1
FLRCCA,2,red,classic,1,7,no,rshift,597,1
FLRCCA,2,red,classic,1,8,no,lshift,640,1
FLRCCA,2,red,classic,1,9,no,rshift,558,1
FLRCCA,2,red,classic,1,8,no,lshift,654,1
FLRCCA,2,red,classic,1,9,no,rshift,580,1
FLRCCA,2,red,classic,1,6,no,lshift,524,1
FLRCCA,2,red,classic,1,9,no,rshift,1310,1
FLRCCA,2,red,classic,1,7,no,rshift,541,1
FLRCCA,2,red,classic,1,8,no,lshift,645,1
FLRCCA,2,red,classic,1,8,no,lshift,658,1
FLRCCA,2,red,classic,1,6,no,lshift,588,1
FLRCCA,2,red,classic,1,2,no,lshift,563,1
FLRCCA,2,red,classic,1,2,no,lshift,468,1
FLRCCA,2,red,classic,1,7,no,rshift,703,1
FLRCCA,2,red,classic,1,1,no,rshift,807,1
FLRCCA,2,red,classic,1,6,no,lshift,482,1
FLRCCA,2,red,classic,1,1,no,rshift,630,1
FLRCCA,2,red,classic,1,3,no,rshift,723,1
FLRCCA,2,red,classic,0,1,no,lshift,627,1
FLRCCA,2,red,classic,1,8,no,lshift,447,1
FLRCCA,2,red,classic,1,6,no,lshift,479,1
FLRCCA,2,red,classic,1,2,no,lshift,1266,1
FLRCCA,2,red,classic,1,3,no,rshift,511,1
FLRCCA,2,red,classic,1,9,no,rshift,719,1
FLRCCA,2,red,classic,1,3,no,rshift,629,1
FLRCCA,2,red,classic,1,3,no,rshift,549,1
FLRCCA,2,red,classic,1,7,no,rshift,803,1
FLRCCA,2,red,classic,1,7,no,rshift,578,1
FLRCCA,2,red,classic,1,6,no,lshift,499,1
FLRCCA,2,red,classic,1,6,no,lshift,735,1
FLRCCA,2,red,classic,1,9,no,rshift,525,1
FLRCCA,2,red,classic,1,3,no,rshift,955,1
FLRCCA,2,red,classic,1,9,no,rshift,595,1
FLRCCA,2,red,classic,1,9,no,rshift,541,1
FLRCCA,2,red,classic,1,1,no,rshift,557,1
FLRCCA,2,red,classic,1,6,no,lshift,493,1
FLRCCA,2,red,classic,1,3,no,rshift,1208,1
FLRCCA,2,red,classic,1,6,no,lshift,542,1
FLRCCA,2,red,classic,1,4,no,lshift,482,1
FLRCCA,2,red,classic,1,8,no,lshift,475,1
FLRCCA,2,red,classic,1,4,no,lshift,523,1
FLRCCA,2,red,classic,1,6,no,lshift,571,1
FLRCCA,2,red,classic,1,1,no,rshift,633,1
FLRCCA,2,red,classic,1,2,no,lshift,818,1
FLRCCA,2,red,classic,1,8,no,lshift,560,1
FLRCCA,2,red,classic,1,1,no,rshift,406,1
FLRCCA,2,red,classic,1,4,no,lshift,754,1
FLRCCA,2,red,classic,1,4,no,lshift,455,1
FLRCCA,2,red,classic,1,3,no,rshift,653,1
FLRCCA,2,red,classic,1,6,no,lshift,496,1
FLRCCA,2,red,classic,1,3,no,rshift,1023,1
FLRCCA,2,red,classic,1,2,no,lshift,671,1
FLRCCA,2,red,classic,1,7,no,rshift,692,1
FLRCCA,2,red,classic,1,4,no,lshift,475,1
FLRCCA,2,red,classic,1,8,no,lshift,708,1
FLRCCA,2,red,classic,1,1,no,rshift,581,1
FLRCCA,2,red,classic,1,2,no,lshift,504,1
FLRCCA,2,red,classic,1,8,no,lshift,677,1
FLRCCA,2,red,classic,1,7,no,rshift,564,1
FLRCCA,2,red,classic,1,3,no,rshift,811,1
FLRCCA,2,red,classic,1,4,no,lshift,596,1
FLRCCA,2,red,classic,1,4,no,lshift,500,1
FLRCCA,2,red,classic,1,4,no,lshift,961,1
FLRCCA,2,red,classic,1,4,no,lshift,459,1
FLRCCA,2,red,classic,1,2,no,lshift,446,1
FLRCCA,2,red,classic,1,9,no,rshift,681,1
FLRCCA,2,red,classic,1,7,no,rshift,490,1
FLRCCA,2,red,classic,1,2,no,lshift,819,1
FLRCCA,1,red,classic,1,6,no,rshift,1287,1
FLRCCA,1,red,classic,1,3,no,lshift,711,1
FLRCCA,1,red,classic,1,8,no,rshift,610,1
FLRCCA,1,red,classic,1,7,no,lshift,619,1
FLRCCA,1,red,classic,1,9,no,lshift,725,1
FLRCCA,1,red,classic,1,8,no,rshift,682,1
FLRCCA,1,red,classic,1,9,no,lshift,954,1
FLRCCA,1,red,classic,1,9,no,lshift,677,1
FLRCCA,1,red,classic,1,1,no,lshift,881,1
FLRCCA,1,red,classic,1,2,no,rshift,801,1
FLRCCA,1,red,classic,1,6,no,rshift,538,1
FLRCCA,1,red,classic,1,1,no,lshift,583,1
FLRCCA,1,red,classic,1,6,no,rshift,621,1
FLRCCA,1,red,classic,1,8,no,rshift,524,1
FLRCCA,1,red,classic,1,7,no,lshift,1071,1
FLRCCA,1,red,classic,1,4,no,rshift,630,1
FLRCCA,1,red,classic,1,3,no,lshift,600,1
FLRCCA,1,red,classic,1,1,no,lshift,656,1
FLRCCA,1,red,classic,1,9,no,lshift,743,1
FLRCCA,1,red,classic,1,7,no,lshift,699,1
FLRCCA,1,red,classic,1,8,no,rshift,555,1
FLRCCA,1,red,classic,1,3,no,lshift,638,1
FLRCCA,1,red,classic,1,2,no,rshift,484,1
FLRCCA,1,red,classic,1,6,no,rshift,533,1
FLRCCA,1,red,classic,1,3,no,lshift,493,1
FLRCCA,1,red,classic,1,3,no,lshift,768,1
FLRCCA,1,red,classic,1,2,no,rshift,897,1
FLRCCA,1,red,classic,1,2,no,rshift,453,1
FLRCCA,1,red,classic,1,1,no,lshift,573,1
FLRCCA,1,red,classic,1,3,no,lshift,772,1
FLRCCA,1,red,classic,1,9,no,lshift,943,1
FLRCCA,1,red,classic,1,6,no,rshift,1150,1
FLRCCA,1,red,classic,1,3,no,lshift,780,1
FLRCCA,1,red,classic,1,2,no,rshift,1494,1
FLRCCA,1,red,classic,1,7,no,lshift,843,1
FLRCCA,1,red,classic,1,1,no,lshift,603,1
FLRCCA,1,red,classic,1,3,no,lshift,609,1
FLRCCA,1,red,classic,1,2,no,rshift,623,1
FLRCCA,1,red,classic,1,8,no,rshift,550,1
FLRCCA,1,red,classic,1,1,no,lshift,986,1
FLRCCA,1,red,classic,1,4,no,rshift,589,1
FLRCCA,1,red,classic,1,1,no,lshift,530,1
FLRCCA,1,red,classic,1,6,no,rshift,646,1
FLRCCA,1,red,classic,1,7,no,lshift,557,1
FLRCCA,1,red,classic,1,6,no,rshift,616,1
FLRCCA,1,red,classic,1,1,no,lshift,795,1
FLRCCA,1,red,classic,0,9,no,rshift,504,1
FLRCCA,1,red,classic,1,2,no,rshift,497,1
FLRCCA,1,red,classic,1,8,no,rshift,508,1
FLRCCA,1,red,classic,1,8,no,rshift,476,1
FLRCCA,1,red,classic,1,3,no,lshift,574,1
FLRCCA,1,red,classic,1,9,no,lshift,1014,1
FLRCCA,1,red,classic,1,4,no,rshift,617,1
FLRCCA,1,red,classic,1,9,no,lshift,703,1
FLRCCA,1,red,classic,1,3,no,lshift,564,1
FLRCCA,1,red,classic,1,1,no,lshift,520,1
FLRCCA,1,red,classic,1,4,no,rshift,589,1
FLRCCA,1,red,classic,1,6,no,rshift,627,1
FLRCCA,1,red,classic,1,7,no,lshift,467,1
FLRCCA,1,red,classic,1,9,no,lshift,700,1
FLRCCA,1,red,classic,1,3,no,lshift,520,1
FLRCCA,1,red,classic,1,4,no,rshift,691,1
FLRCCA,1,red,classic,1,2,no,rshift,598,1
FLRCCA,1,red,classic,1,2,no,rshift,687,1
FLRCCA,1,red,classic,1,4,no,rshift,484,1
FLRCCA,1,red,classic,1,7,no,lshift,629,1
FLRCCA,1,red,classic,1,4,no,rshift,565,1
FLRCCA,1,red,classic,1,8,no,rshift,504,1
FLRCCA,1,red,classic,1,8,no,rshift,494,1
FLRCCA,1,red,classic,1,6,no,rshift,497,1
FLRCCA,1,red,classic,1,2,no,rshift,480,1
FLRCCA,1,red,classic,1,7,no,lshift,1227,1
FLRCCA,1,red,classic,1,9,no,lshift,738,1
FLRCCA,1,red,classic,1,8,no,rshift,591,1
FLRCCA,1,red,classic,1,6,no,rshift,477,1
FLRCCA,1,red,classic,1,7,no,lshift,607,1
FLRCCA,1,red,classic,1,3,no,lshift,708,1
FLRCCA,1,red,classic,1,4,no,rshift,714,1
FLRCCA,1,red,classic,1,3,no,lshift,770,1
FLRCCA,1,red,classic,1,4,no,rshift,444,1
FLRCCA,1,red,classic,1,3,no,lshift,691,1
FLRCCA,1,red,classic,1,7,no,lshift,740,1
FLRCCA,1,red,classic,1,2,no,rshift,867,1
FLRCCA,1,red,classic,1,4,no,rshift,899,1
FLRCCA,1,red,classic,1,8,no,rshift,783,1
FLRCCA,1,red,classic,1,2,no,rshift,748,1
FLRCCA,1,red,classic,1,4,no,rshift,727,1
FLRCCA,1,red,classic,1,1,no,lshift,574,1
FLRCCA,1,red,classic,1,4,no,rshift,778,1
FLRCCA,1,red,classic,1,6,no,rshift,555,1
FLRCCA,1,red,classic,1,8,no,rshift,1559,1
FLRCCA,1,red,classic,1,2,no,rshift,1594,1
FLRCCA,1,red,classic,1,7,no,lshift,1429,1
FLRCCA,1,red,classic,1,7,no,lshift,813,1
FLRCCA,1,red,classic,1,1,no,lshift,1108,1
FLRCCA,1,red,classic,1,8,no,rshift,1516,1
FLRCCA,1,red,classic,1,6,no,rshift,392,1
FLRCCA,1,red,classic,1,6,no,rshift,400,1
FLRCCA,1,red,classic,1,7,no,lshift,611,1
FLRCCA,1,red,classic,1,1,no,lshift,807,1
FLRCCA,1,red,classic,1,7,no,lshift,970,1
FLRCCA,1,red,classic,1,9,no,lshift,733,1
FLRCCA,1,red,classic,1,4,no,rshift,1626,1
FLRCCA,1,red,classic,1,1,no,lshift,658,1
FLRCCA,1,red,classic,1,2,no,rshift,1852,1
FLRCCA,1,red,classic,1,9,no,lshift,904,1
FLRCCA,1,red,classic,1,9,no,lshift,601,1
FLRCCA,1,red,classic,1,6,no,rshift,548,1
FLRCCA,1,red,classic,1,1,no,lshift,616,1
FLRCCA,1,red,classic,1,4,no,rshift,605,1
FLRCCA,1,red,classic,1,9,no,lshift,672,1
FLRCCA,1,red,classic,1,8,no,rshift,415,1
