ID_name,block,color,condition,correct_keyboard_response,number,practice,response_keyboard_response,response_time_keyboard_response,subject_nr
Hullócsillag,0,blue,dot,1,6,yes,lshift,800,0
Hullócsillag,0,red,dot,1,2,yes,rshift,485,0
Hullócsillag,0,blue,dot,1,2,yes,lshift,533,0
Hullócsillag,0,blue,dot,1,9,yes,lshift,563,0
Hullócsillag,0,red,dot,1,8,yes,rshift,440,0
Hullócsillag,0,blue,dot,1,8,yes,lshift,492,0
Hullócsillag,0,blue,dot,1,4,yes,lshift,578,0
Hullócsillag,0,red,dot,1,6,yes,rshift,540,0
Hullócsillag,0,red,dot,1,1,yes,rshift,482,0
Hullócsillag,0,red,dot,1,9,yes,rshift,516,0
Hullócsillag,0,red,dot,1,7,yes,rshift,472,0
Hullócsillag,0,red,dot,1,4,yes,rshift,573,0
Hullócsillag,0,blue,dot,1,3,yes,lshift,600,0
Hullócsillag,0,blue,dot,1,1,yes,lshift,4908,0
Hullócsillag,0,red,dot,1,3,yes,rshift,472,0
Hullócsillag,0,blue,dot,1,7,yes,lshift,511,0
Hullócsillag,1,red,dot,1,4,no,rshift,497,0
Hullócsillag,1,red,dot,1,1,no,rshift,400,0
Hullócsillag,1,blue,dot,1,4,no,lshift,394,0
Hullócsillag,1,red,dot,1,7,no,rshift,362,0
Hullócsillag,1,red,dot,1,9,no,rshift,402,0
Hullócsillag,1,red,dot,1,2,no,rshift,407,0
Hullócsillag,1,red,dot,1,7,no,rshift,439,0
Hullócsillag,1,red,dot,1,6,no,rshift,360,0
Hullócsillag,1,blue,dot,1,3,no,lshift,1555,0
Hullócsillag,1,blue,dot,1,8,no,lshift,491,0
Hullócsillag,1,blue,dot,1,7,no,lshift,444,0
Hullócsillag,1,blue,dot,1,9,no,lshift,561,0
Hullócsillag,1,red,dot,1,2,no,rshift,426,0
Hullócsillag,1,blue,dot,1,7,no,lshift,459,0
Hullócsillag,1,blue,dot,1,6,no,lshift,374,0
Hullócsillag,1,blue,dot,1,7,no,lshift,372,0
Hullócsillag,1,red,dot,1,2,no,rshift,387,0
Hullócsillag,1,red,dot,1,2,no,rshift,367,0
Hullócsillag,1,blue,dot,1,3,no,lshift,425,0
Hullócsillag,1,red,dot,1,8,no,rshift,394,0
Hullócsillag,1,red,dot,1,7,no,rshift,365,0
Hullócsillag,1,blue,dot,1,8,no,lshift,411,0
Hullócsillag,1,blue,dot,1,1,no,lshift,381,0
Hullócsillag,1,red,dot,1,1,no,rshift,359,0
Hullócsillag,1,red,dot,1,8,no,rshift,346,0
Hullócsillag,1,red,dot,1,1,no,rshift,399,0
Hullócsillag,1,red,dot,1,9,no,rshift,367,0
Hullócsillag,1,blue,dot,1,4,no,lshift,424,0
Hullócsillag,1,blue,dot,1,1,no,lshift,436,0
Hullócsillag,1,blue,dot,1,7,no,lshift,404,0
Hullócsillag,1,red,dot,1,1,no,rshift,449,0
Hullócsillag,1,red,dot,1,1,no,rshift,393,0
Hullócsillag,1,blue,dot,1,4,no,lshift,411,0
Hullócsillag,1,red,dot,1,3,no,rshift,418,0
Hullócsillag,1,red,dot,1,4,no,rshift,428,0
Hullócsillag,1,blue,dot,1,8,no,lshift,419,0
Hullócsillag,1,blue,dot,1,9,no,lshift,432,0
Hullócsillag,1,red,dot,1,9,no,rshift,326,0
Hullócsillag,1,blue,dot,1,6,no,lshift,348,0
Hullócsillag,1,red,dot,1,7,no,rshift,469,0
Hullócsillag,1,blue,dot,1,7,no,lshift,444,0
Hullócsillag,1,blue,dot,1,4,no,lshift,394,0
Hullócsillag,1,red,dot,1,4,no,rshift,384,0
Hullócsillag,1,blue,dot,1,3,no,lshift,345,0
Hullócsillag,1,red,dot,1,3,no,rshift,406,0
Hullócsillag,1,red,dot,1,3,no,rshift,419,0
Hullócsillag,1,blue,dot,1,4,no,lshift,395,0
Hullócsillag,1,red,dot,1,2,no,rshift,387,0
Hullócsillag,1,red,dot,1,2,no,rshift,442,0
Hullócsillag,1,blue,dot,1,1,no,lshift,389,0
Hullócsillag,1,blue,dot,1,7,no,lshift,362,0
Hullócsillag,1,blue,dot,1,3,no,lshift,468,0
Hullócsillag,1,blue,dot,1,6,no,lshift,376,0
Hullócsillag,1,red,dot,1,6,no,rshift,336,0
Hullócsillag,1,blue,dot,1,4,no,lshift,368,0
Hullócsillag,1,red,dot,1,8,no,rshift,389,0
Hullócsillag,1,blue,dot,1,8,no,lshift,403,0
Hullócsillag,1,blue,dot,1,6,no,lshift,562,0
Hullócsillag,1,blue,dot,1,9,no,lshift,485,0
Hullócsillag,1,red,dot,1,7,no,rshift,353,0
Hullócsillag,1,red,dot,1,2,no,rshift,371,0
Hullócsillag,1,blue,dot,1,2,no,lshift,374,0
Hullócsillag,1,blue,dot,1,3,no,lshift,387,0
Hullócsillag,1,red,dot,1,2,no,rshift,437,0
Hullócsillag,1,red,dot,1,8,no,rshift,428,0
Hullócsillag,1,blue,dot,1,9,no,lshift,402,0
Hullócsillag,1,red,dot,1,1,no,rshift,330,0
Hullócsillag,1,blue,dot,1,4,no,lshift,420,0
Hullócsillag,1,red,dot,1,3,no,rshift,333,0
Hullócsillag,1,red,dot,1,4,no,rshift,429,0
Hullócsillag,1,red,dot,1,3,no,rshift,361,0
Hullócsillag,1,red,dot,1,6,no,rshift,358,0
Hullócsillag,1,blue,dot,1,3,no,lshift,441,0
Hullócsillag,1,red,dot,1,6,no,rshift,428,0
Hullócsillag,1,blue,dot,1,2,no,lshift,406,0
Hullócsillag,1,blue,dot,1,8,no,lshift,420,0
Hullócsillag,1,red,dot,1,8,no,rshift,375,0
Hullócsillag,1,blue,dot,1,8,no,lshift,481,0
Hullócsillag,1,red,dot,1,9,no,rshift,398,0
Hullócsillag,1,blue,dot,1,6,no,lshift,379,0
Hullócsillag,1,blue,dot,1,1,no,lshift,332,0
Hullócsillag,1,red,dot,1,4,no,rshift,334,0
Hullócsillag,1,red,dot,1,7,no,rshift,351,0
Hullócsillag,1,red,dot,1,4,no,rshift,329,0
Hullócsillag,1,red,dot,1,3,no,rshift,398,0
Hullócsillag,1,red,dot,1,8,no,rshift,976,0
Hullócsillag,1,blue,dot,1,3,no,lshift,360,0
Hullócsillag,1,blue,dot,1,2,no,lshift,461,0
Hullócsillag,1,red,dot,1,9,no,rshift,358,0
Hullócsillag,1,red,dot,1,4,no,rshift,369,0
Hullócsillag,1,red,dot,1,9,no,rshift,335,0
Hullócsillag,1,red,dot,1,2,no,rshift,385,0
Hullócsillag,1,blue,dot,1,2,no,lshift,381,0
Hullócsillag,1,red,dot,1,6,no,rshift,410,0
Hullócsillag,1,red,dot,1,4,no,rshift,384,0
Hullócsillag,1,red,dot,1,1,no,rshift,433,0
Hullócsillag,1,red,dot,1,2,no,rshift,335,0
Hullócsillag,1,blue,dot,1,1,no,lshift,338,0
Hullócsillag,1,red,dot,1,3,no,rshift,354,0
Hullócsillag,1,red,dot,1,8,no,rshift,361,0
Hullócsillag,1,blue,dot,1,4,no,lshift,319,0
Hullócsillag,1,blue,dot,1,9,no,lshift,391,0
Hullócsillag,1,blue,dot,1,8,no,lshift,491,0
Hullócsillag,1,blue,dot,1,1,no,lshift,456,0
Hullócsillag,1,blue,dot,1,9,no,lshift,439,0
Hullócsillag,1,blue,dot,1,6,no,lshift,1385,0
Hullócsillag,1,blue,dot,1,1,no,lshift,395,0
Hullócsillag,1,blue,dot,1,1,no,lshift,432,0
Hullócsillag,1,red,dot,1,4,no,rshift,462,0
Hullócsillag,1,blue,dot,1,7,no,lshift,421,0
Hullócsillag,1,blue,dot,1,7,no,lshift,431,0
Hullócsillag,1,blue,dot,1,9,no,lshift,401,0
Hullócsillag,1,red,dot,1,9,no,rshift,345,0
Hullócsillag,1,red,dot,1,9,no,rshift,404,0
Hullócsillag,1,blue,dot,1,2,no,lshift,370,0
Hullócsillag,1,red,dot,1,1,no,rshift,433,0
Hullócsillag,1,blue,dot,1,1,no,lshift,362,0
Hullócsillag,1,red,dot,1,8,no,rshift,461,0
Hullócsillag,1,red,dot,1,1,no,rshift,409,0
Hullócsillag,1,blue,dot,1,3,no,lshift,437,0
Hullócsillag,1,red,dot,1,6,no,rshift,411,0
Hullócsillag,1,blue,dot,1,4,no,lshift,396,0
Hullócsillag,1,blue,dot,1,9,no,lshift,436,0
Hullócsillag,1,blue,dot,1,2,no,lshift,599,0
Hullócsillag,1,blue,dot,1,7,no,lshift,423,0
Hullócsillag,1,blue,dot,1,6,no,lshift,435,0
Hullócsillag,1,blue,dot,1,2,no,lshift,2323,0
Hullócsillag,1,red,dot,1,6,no,rshift,433,0
Hullócsillag,1,red,dot,1,8,no,rshift,397,0
Hullócsillag,1,red,dot,1,3,no,rshift,425,0
Hullócsillag,1,blue,dot,1,7,no,lshift,457,0
Hullócsillag,1,blue,dot,1,8,no,lshift,578,0
Hullócsillag,1,red,dot,1,4,no,rshift,346,0
Hullócsillag,1,red,dot,1,9,no,rshift,311,0
Hullócsillag,1,blue,dot,1,6,no,lshift,298,0
Hullócsillag,1,blue,dot,1,2,no,lshift,296,0
Hullócsillag,1,red,dot,1,3,no,rshift,324,0
Hullócsillag,1,blue,dot,1,3,no,lshift,442,0
Hullócsillag,1,blue,dot,1,2,no,lshift,401,0
Hullócsillag,1,blue,dot,1,9,no,lshift,382,0
Hullócsillag,1,blue,dot,1,6,no,lshift,422,0
Hullócsillag,1,blue,dot,1,8,no,lshift,460,0
Hullócsillag,1,red,dot,1,6,no,rshift,769,0
Hullócsillag,1,blue,dot,1,1,no,lshift,378,0
Hullócsillag,1,red,dot,1,7,no,rshift,666,0
Hullócsillag,1,red,dot,1,9,no,rshift,573,0
Hullócsillag,1,blue,dot,1,3,no,lshift,381,0
Hullócsillag,1,blue,dot,1,2,no,lshift,533,0
Hullócsillag,1,blue,dot,1,9,no,lshift,350,0
Hullócsillag,1,red,dot,1,3,no,rshift,423,0
Hullócsillag,1,red,dot,1,6,no,rshift,533,0
Hullócsillag,1,blue,dot,1,6,no,lshift,371,0
Hullócsillag,1,red,dot,1,7,no,rshift,459,0
Hullócsillag,1,red,dot,1,6,no,rshift,406,0
Hullócsillag,1,red,dot,1,1,no,rshift,402,0
Hullócsillag,1,red,dot,1,7,no,rshift,380,0
Hullócsillag,1,red,dot,1,8,no,rshift,397,0
Hullócsillag,1,blue,dot,1,8,no,lshift,1664,0
Hullócsillag,1,red,dot,1,7,no,rshift,399,0
Hullócsillag,1,blue,dot,1,4,no,lshift,413,0
Hullócsillag,2,blue,dot,1,3,no,lshift,514,0
Hullócsillag,2,blue,dot,1,6,no,lshift,665,0
Hullócsillag,2,blue,dot,1,8,no,lshift,407,0
Hullócsillag,2,red,dot,1,3,no,rshift,367,0
Hullócsillag,2,red,dot,1,3,no,rshift,417,0
Hullócsillag,2,blue,dot,1,7,no,lshift,391,0
Hullócsillag,2,blue,dot,1,2,no,lshift,351,0
Hullócsillag,2,blue,dot,1,8,no,lshift,437,0
Hullócsillag,2,blue,dot,1,6,no,lshift,443,0
Hullócsillag,2,blue,dot,1,1,no,lshift,484,0
Hullócsillag,2,red,dot,1,6,no,rshift,797,0
Hullócsillag,2,blue,dot,1,9,no,lshift,429,0
Hullócsillag,2,blue,dot,1,1,no,lshift,360,0
Hullócsillag,2,red,dot,1,6,no,rshift,394,0
Hullócsillag,2,red,dot,1,7,no,rshift,431,0
Hullócsillag,2,blue,dot,1,3,no,lshift,434,0
Hullócsillag,2,blue,dot,1,4,no,lshift,385,0
Hullócsillag,2,red,dot,1,6,no,rshift,460,0
Hullócsillag,2,blue,dot,1,4,no,lshift,347,0
Hullócsillag,2,blue,dot,1,9,no,lshift,348,0
Hullócsillag,2,red,dot,1,1,no,rshift,391,0
Hullócsillag,2,blue,dot,1,6,no,lshift,410,0
Hullócsillag,2,blue,dot,1,2,no,lshift,401,0
Hullócsillag,2,red,dot,1,2,no,rshift,409,0
Hullócsillag,2,red,dot,1,7,no,rshift,352,0
Hullócsillag,2,red,dot,1,7,no,rshift,360,0
Hullócsillag,2,red,dot,1,9,no,rshift,318,0
Hullócsillag,2,red,dot,1,3,no,rshift,307,0
Hullócsillag,2,blue,dot,1,8,no,lshift,414,0
Hullócsillag,2,blue,dot,1,1,no,lshift,402,0
Hullócsillag,2,blue,dot,1,4,no,lshift,364,0
Hullócsillag,2,blue,dot,1,6,no,lshift,375,0
Hullócsillag,2,red,dot,1,4,no,rshift,412,0
Hullócsillag,2,blue,dot,1,8,no,lshift,393,0
Hullócsillag,2,red,dot,1,9,no,rshift,370,0
Hullócsillag,2,blue,dot,1,6,no,lshift,354,0
Hullócsillag,2,red,dot,1,8,no,rshift,382,0
Hullócsillag,2,blue,dot,1,8,no,lshift,324,0
Hullócsillag,2,blue,dot,1,7,no,lshift,385,0
Hullócsillag,2,blue,dot,1,6,no,lshift,394,0
Hullócsillag,2,blue,dot,1,2,no,lshift,402,0
Hullócsillag,2,blue,dot,1,4,no,lshift,381,0
Hullócsillag,2,blue,dot,1,1,no,lshift,461,0
Hullócsillag,2,blue,dot,1,8,no,lshift,381,0
Hullócsillag,2,red,dot,1,4,no,rshift,378,0
Hullócsillag,2,red,dot,1,6,no,rshift,490,0
Hullócsillag,2,blue,dot,1,7,no,lshift,400,0
Hullócsillag,2,red,dot,1,6,no,rshift,445,0
Hullócsillag,2,blue,dot,1,2,no,lshift,387,0
Hullócsillag,2,blue,dot,1,4,no,lshift,635,0
Hullócsillag,2,blue,dot,1,1,no,lshift,407,0
Hullócsillag,2,blue,dot,1,1,no,lshift,356,0
Hullócsillag,2,red,dot,1,3,no,rshift,475,0
Hullócsillag,2,blue,dot,1,2,no,lshift,384,0
Hullócsillag,2,blue,dot,1,6,no,lshift,413,0
Hullócsillag,2,red,dot,1,4,no,rshift,389,0
Hullócsillag,2,red,dot,1,7,no,rshift,433,0
Hullócsillag,2,red,dot,1,9,no,rshift,402,0
Hullócsillag,2,blue,dot,1,4,no,lshift,401,0
Hullócsillag,2,red,dot,1,2,no,rshift,415,0
Hullócsillag,2,red,dot,1,9,no,rshift,383,0
Hullócsillag,2,blue,dot,1,3,no,lshift,390,0
Hullócsillag,2,blue,dot,1,6,no,lshift,411,0
Hullócsillag,2,red,dot,1,8,no,rshift,418,0
Hullócsillag,2,blue,dot,1,8,no,lshift,384,0
Hullócsillag,2,blue,dot,1,3,no,lshift,393,0
Hullócsillag,2,blue,dot,1,2,no,lshift,432,0
Hullócsillag,2,red,dot,1,7,no,rshift,366,0
Hullócsillag,2,red,dot,1,4,no,rshift,525,0
Hullócsillag,2,red,dot,1,6,no,rshift,388,0
Hullócsillag,2,red,dot,1,2,no,rshift,523,0
Hullócsillag,2,blue,dot,1,1,no,lshift,424,0
Hullócsillag,2,red,dot,1,2,no,rshift,436,0
Hullócsillag,2,red,dot,1,7,no,rshift,326,0
Hullócsillag,2,red,dot,1,1,no,rshift,322,0
Hullócsillag,2,red,dot,1,8,no,rshift,327,0
Hullócsillag,2,blue,dot,1,9,no,lshift,389,0
Hullócsillag,2,blue,dot,1,1,no,lshift,317,0
Hullócsillag,2,red,dot,1,4,no,rshift,301,0
Hullócsillag,2,blue,dot,1,3,no,lshift,383,0
Hullócsillag,2,red,dot,1,3,no,rshift,388,0
Hullócsillag,2,red,dot,1,1,no,rshift,404,0
Hullócsillag,2,blue,dot,1,3,no,lshift,349,0
Hullócsillag,2,blue,dot,1,4,no,lshift,340,0
Hullócsillag,2,blue,dot,1,8,no,lshift,364,0
Hullócsillag,2,red,dot,1,8,no,rshift,348,0
Hullócsillag,2,blue,dot,1,7,no,lshift,408,0
Hullócsillag,2,red,dot,0,3,no,lshift,338,0
Hullócsillag,2,blue,dot,1,2,no,lshift,422,0
Hullócsillag,2,red,dot,1,8,no,rshift,340,0
Hullócsillag,2,red,dot,1,2,no,rshift,377,0
Hullócsillag,2,red,dot,1,1,no,rshift,366,0
Hullócsillag,2,red,dot,1,6,no,rshift,338,0
Hullócsillag,2,blue,dot,1,9,no,lshift,440,0
Hullócsillag,2,blue,dot,1,6,no,lshift,357,0
Hullócsillag,2,blue,dot,1,3,no,lshift,368,0
Hullócsillag,2,red,dot,1,2,no,rshift,351,0
Hullócsillag,2,red,dot,1,6,no,rshift,346,0
Hullócsillag,2,red,dot,1,1,no,rshift,385,0
Hullócsillag,2,red,dot,1,9,no,rshift,349,0
Hullócsillag,2,red,dot,1,2,no,rshift,401,0
Hullócsillag,2,red,dot,1,4,no,rshift,653,0
Hullócsillag,2,red,dot,1,1,no,rshift,373,0
Hullócsillag,2,blue,dot,1,4,no,lshift,481,0
Hullócsillag,2,blue,dot,1,2,no,lshift,439,0
Hullócsillag,2,blue,dot,1,3,no,lshift,497,0
Hullócsillag,2,red,dot,1,3,no,rshift,438,0
Hullócsillag,2,blue,dot,1,2,no,lshift,450,0
Hullócsillag,2,red,dot,1,1,no,rshift,356,0
Hullócsillag,2,red,dot,1,8,no,rshift,342,0
Hullócsillag,2,blue,dot,1,9,no,lshift,403,0
Hullócsillag,2,red,dot,1,4,no,rshift,429,0
Hullócsillag,2,blue,dot,1,4,no,lshift,471,0
Hullócsillag,2,blue,dot,1,3,no,lshift,330,0
Hullócsillag,2,red,dot,1,4,no,rshift,423,0
Hullócsillag,2,red,dot,1,4,no,rshift,355,0
Hullócsillag,2,blue,dot,1,7,no,lshift,389,0
Hullócsillag,2,red,dot,1,1,no,rshift,393,0
Hullócsillag,2,blue,dot,1,8,no,lshift,325,0
Hullócsillag,2,red,dot,1,2,no,rshift,368,0
Hullócsillag,2,red,dot,1,1,no,rshift,446,0
Hullócsillag,2,red,dot,1,4,no,rshift,452,0
Hullócsillag,2,blue,dot,1,7,no,lshift,415,0
Hullócsillag,2,blue,dot,1,7,no,lshift,341,0
Hullócsillag,2,blue,dot,1,3,no,lshift,319,0
Hullócsillag,2,red,dot,1,3,no,rshift,370,0
Hullócsillag,2,red,dot,1,2,no,rshift,408,0
Hullócsillag,2,red,dot,1,8,no,rshift,336,0
Hullócsillag,2,blue,dot,1,2,no,lshift,381,0
Hullócsillag,2,red,dot,1,3,no,rshift,452,0
Hullócsillag,2,red,dot,1,3,no,rshift,385,0
Hullócsillag,2,red,dot,1,6,no,rshift,451,0
Hullócsillag,2,blue,dot,1,4,no,lshift,417,0
Hullócsillag,2,red,dot,1,8,no,rshift,545,0
Hullócsillag,2,red,dot,1,2,no,rshift,379,0
Hullócsillag,2,blue,dot,1,8,no,lshift,370,0
Hullócsillag,2,red,dot,1,7,no,rshift,438,0
Hullócsillag,2,blue,dot,1,9,no,lshift,330,0
Hullócsillag,2,blue,dot,1,6,no,lshift,435,0
Hullócsillag,2,blue,dot,1,1,no,lshift,466,0
Hullócsillag,2,blue,dot,1,9,no,lshift,445,0
Hullócsillag,2,red,dot,1,7,no,rshift,412,0
Hullócsillag,2,red,dot,1,7,no,rshift,393,0
Hullócsillag,2,red,dot,1,7,no,rshift,370,0
Hullócsillag,2,red,dot,1,9,no,rshift,358,0
Hullócsillag,2,red,dot,1,9,no,rshift,446,0
Hullócsillag,2,red,dot,1,9,no,rshift,679,0
Hullócsillag,2,blue,dot,1,9,no,lshift,486,0
Hullócsillag,2,red,dot,1,6,no,rshift,560,0
Hullócsillag,2,red,dot,1,1,no,rshift,705,0
Hullócsillag,2,red,dot,1,9,no,rshift,501,0
Hullócsillag,2,red,dot,1,8,no,rshift,362,0
Hullócsillag,2,blue,dot,1,7,no,lshift,357,0
Hullócsillag,2,red,dot,1,9,no,rshift,425,0
Hullócsillag,2,blue,dot,1,9,no,lshift,435,0
Hullócsillag,2,blue,dot,1,7,no,lshift,379,0
Hullócsillag,2,blue,dot,1,1,no,lshift,410,0
Hullócsillag,2,blue,dot,1,9,no,lshift,394,0
Hullócsillag,2,red,dot,1,8,no,rshift,403,0
Hullócsillag,2,blue,dot,1,7,no,lshift,421,0
Hullócsillag,3,blue,dot,1,4,no,lshift,349,0
Hullócsillag,3,red,dot,1,9,no,rshift,398,0
Hullócsillag,3,red,dot,1,7,no,rshift,371,0
Hullócsillag,3,blue,dot,1,2,no,lshift,349,0
Hullócsillag,3,red,dot,1,9,no,rshift,365,0
Hullócsillag,3,red,dot,1,1,no,rshift,337,0
Hullócsillag,3,blue,dot,1,2,no,lshift,340,0
Hullócsillag,3,red,dot,1,6,no,rshift,395,0
Hullócsillag,3,blue,dot,1,4,no,lshift,397,0
Hullócsillag,3,blue,dot,1,1,no,lshift,359,0
Hullócsillag,3,blue,dot,1,6,no,lshift,355,0
Hullócsillag,3,blue,dot,1,2,no,lshift,346,0
Hullócsillag,3,red,dot,1,8,no,rshift,369,0
Hullócsillag,3,red,dot,1,7,no,rshift,408,0
Hullócsillag,3,blue,dot,1,1,no,lshift,378,0
Hullócsillag,3,red,dot,1,8,no,rshift,362,0
Hullócsillag,3,blue,dot,1,3,no,lshift,391,0
Hullócsillag,3,blue,dot,1,6,no,lshift,435,0
Hullócsillag,3,blue,dot,1,8,no,lshift,388,0
Hullócsillag,3,red,dot,1,7,no,rshift,391,0
Hullócsillag,3,red,dot,0,8,no,lshift,286,0
Hullócsillag,3,blue,dot,1,4,no,lshift,402,0
Hullócsillag,3,red,dot,1,6,no,rshift,334,0
Hullócsillag,3,red,dot,1,2,no,rshift,320,0
Hullócsillag,3,red,dot,1,9,no,rshift,316,0
Hullócsillag,3,red,dot,1,2,no,rshift,361,0
Hullócsillag,3,red,dot,1,1,no,rshift,425,0
Hullócsillag,3,blue,dot,1,4,no,lshift,471,0
Hullócsillag,3,blue,dot,1,4,no,lshift,404,0
Hullócsillag,3,blue,dot,1,3,no,lshift,355,0
Hullócsillag,3,red,dot,1,1,no,rshift,378,0
Hullócsillag,3,blue,dot,1,3,no,lshift,343,0
Hullócsillag,3,blue,dot,1,9,no,lshift,580,0
Hullócsillag,3,blue,dot,1,3,no,lshift,332,0
Hullócsillag,3,blue,dot,1,3,no,lshift,326,0
Hullócsillag,3,blue,dot,1,1,no,lshift,330,0
Hullócsillag,3,blue,dot,1,7,no,lshift,446,0
Hullócsillag,3,blue,dot,1,6,no,lshift,327,0
Hullócsillag,3,blue,dot,1,7,no,lshift,369,0
Hullócsillag,3,red,dot,1,9,no,rshift,425,0
Hullócsillag,3,blue,dot,1,2,no,lshift,473,0
Hullócsillag,3,red,dot,1,2,no,rshift,380,0
Hullócsillag,3,blue,dot,1,8,no,lshift,385,0
Hullócsillag,3,blue,dot,1,9,no,lshift,551,0
Hullócsillag,3,blue,dot,1,6,no,lshift,417,0
Hullócsillag,3,blue,dot,1,1,no,lshift,366,0
Hullócsillag,3,blue,dot,1,3,no,lshift,338,0
Hullócsillag,3,red,dot,1,8,no,rshift,544,0
Hullócsillag,3,blue,dot,1,3,no,lshift,347,0
Hullócsillag,3,blue,dot,1,7,no,lshift,277,0
Hullócsillag,3,red,dot,1,8,no,rshift,416,0
Hullócsillag,3,blue,dot,1,8,no,lshift,682,0
Hullócsillag,3,red,dot,1,4,no,rshift,406,0
Hullócsillag,3,red,dot,1,2,no,rshift,460,0
Hullócsillag,3,red,dot,1,9,no,rshift,377,0
Hullócsillag,3,blue,dot,1,4,no,lshift,399,0
Hullócsillag,3,red,dot,1,7,no,rshift,442,0
Hullócsillag,3,red,dot,1,1,no,rshift,501,0
Hullócsillag,3,blue,dot,1,3,no,lshift,375,0
Hullócsillag,3,red,dot,1,6,no,rshift,341,0
Hullócsillag,3,blue,dot,1,7,no,lshift,383,0
Hullócsillag,3,red,dot,1,4,no,rshift,371,0
Hullócsillag,3,red,dot,1,7,no,rshift,413,0
Hullócsillag,3,blue,dot,1,6,no,lshift,306,0
Hullócsillag,3,red,dot,1,7,no,rshift,426,0
Hullócsillag,3,blue,dot,1,1,no,lshift,360,0
Hullócsillag,3,blue,dot,1,6,no,lshift,352,0
Hullócsillag,3,blue,dot,1,9,no,lshift,350,0
Hullócsillag,3,red,dot,1,1,no,rshift,394,0
Hullócsillag,3,blue,dot,1,4,no,lshift,393,0
Hullócsillag,3,blue,dot,1,9,no,lshift,386,0
Hullócsillag,3,red,dot,1,4,no,rshift,375,0
Hullócsillag,3,blue,dot,1,2,no,lshift,363,0
Hullócsillag,3,red,dot,1,2,no,rshift,340,0
Hullócsillag,3,red,dot,1,3,no,rshift,495,0
Hullócsillag,3,blue,dot,1,6,no,lshift,329,0
Hullócsillag,3,red,dot,1,8,no,rshift,348,0
Hullócsillag,3,red,dot,1,2,no,rshift,343,0
Hullócsillag,3,red,dot,1,1,no,rshift,347,0
Hullócsillag,3,red,dot,1,9,no,rshift,355,0
Hullócsillag,3,red,dot,1,2,no,rshift,424,0
Hullócsillag,3,red,dot,1,3,no,rshift,1270,0
Hullócsillag,3,blue,dot,1,8,no,lshift,517,0
Hullócsillag,3,blue,dot,1,1,no,lshift,375,0
Hullócsillag,3,red,dot,1,1,no,rshift,366,0
Hullócsillag,3,red,dot,1,4,no,rshift,355,0
Hullócsillag,3,red,dot,1,6,no,rshift,340,0
Hullócsillag,3,red,dot,1,6,no,rshift,315,0
Hullócsillag,3,red,dot,1,4,no,rshift,318,0
Hullócsillag,3,blue,dot,1,4,no,lshift,476,0
Hullócsillag,3,blue,dot,1,6,no,lshift,395,0
Hullócsillag,3,blue,dot,1,6,no,lshift,512,0
Hullócsillag,3,red,dot,1,7,no,rshift,401,0
Hullócsillag,3,blue,dot,1,4,no,lshift,438,0
Hullócsillag,3,blue,dot,1,2,no,lshift,406,0
Hullócsillag,3,red,dot,1,8,no,rshift,437,0
Hullócsillag,3,red,dot,1,4,no,rshift,388,0
Hullócsillag,3,red,dot,1,4,no,rshift,338,0
Hullócsillag,3,blue,dot,1,4,no,lshift,388,0
Hullócsillag,3,red,dot,1,3,no,rshift,404,0
Hullócsillag,3,red,dot,1,1,no,rshift,388,0
Hullócsillag,3,red,dot,1,6,no,rshift,319,0
Hullócsillag,3,red,dot,1,4,no,rshift,321,0
Hullócsillag,3,red,dot,1,9,no,rshift,367,0
Hullócsillag,3,blue,dot,1,2,no,lshift,432,0
Hullócsillag,3,blue,dot,1,9,no,lshift,424,0
Hullócsillag,3,blue,dot,1,2,no,lshift,367,0
Hullócsillag,3,blue,dot,1,9,no,lshift,347,0
Hullócsillag,3,red,dot,1,1,no,rshift,371,0
Hullócsillag,3,red,dot,1,7,no,rshift,368,0
Hullócsillag,3,blue,dot,1,8,no,lshift,389,0
Hullócsillag,3,red,dot,1,9,no,rshift,373,0
Hullócsillag,3,red,dot,1,1,no,rshift,454,0
Hullócsillag,3,red,dot,1,3,no,rshift,406,0
Hullócsillag,3,blue,dot,1,2,no,lshift,396,0
Hullócsillag,3,blue,dot,1,9,no,lshift,446,0
Hullócsillag,3,blue,dot,1,7,no,lshift,422,0
Hullócsillag,3,red,dot,1,3,no,rshift,505,0
Hullócsillag,3,red,dot,1,4,no,rshift,484,0
Hullócsillag,3,red,dot,1,2,no,rshift,431,0
Hullócsillag,3,blue,dot,1,3,no,lshift,380,0
Hullócsillag,3,blue,dot,1,8,no,lshift,348,0
Hullócsillag,3,blue,dot,1,1,no,lshift,482,0
Hullócsillag,3,red,dot,1,6,no,rshift,421,0
Hullócsillag,3,blue,dot,1,1,no,lshift,438,0
Hullócsillag,3,red,dot,1,6,no,rshift,405,0
Hullócsillag,3,red,dot,0,8,no,lshift,339,0
Hullócsillag,3,red,dot,1,6,no,rshift,386,0
Hullócsillag,3,red,dot,1,7,no,rshift,386,0
Hullócsillag,3,red,dot,1,9,no,rshift,382,0
Hullócsillag,3,red,dot,1,3,no,rshift,403,0
Hullócsillag,3,red,dot,1,4,no,rshift,354,0
Hullócsillag,3,red,dot,1,3,no,rshift,566,0
Hullócsillag,3,red,dot,1,3,no,rshift,389,0
Hullócsillag,3,blue,dot,1,9,no,lshift,436,0
Hullócsillag,3,blue,dot,1,7,no,lshift,388,0
Hullócsillag,3,red,dot,1,6,no,rshift,411,0
Hullócsillag,3,blue,dot,1,1,no,lshift,416,0
Hullócsillag,3,red,dot,1,3,no,rshift,440,0
Hullócsillag,3,blue,dot,1,7,no,lshift,394,0
Hullócsillag,3,red,dot,1,3,no,rshift,430,0
Hullócsillag,3,blue,dot,1,8,no,lshift,517,0
Hullócsillag,3,blue,dot,1,3,no,lshift,429,0
Hullócsillag,3,red,dot,1,8,no,rshift,388,0
Hullócsillag,3,red,dot,1,9,no,rshift,413,0
Hullócsillag,3,blue,dot,1,7,no,lshift,429,0
Hullócsillag,3,blue,dot,1,8,no,lshift,432,0
Hullócsillag,3,blue,dot,1,7,no,lshift,364,0
Hullócsillag,3,blue,dot,1,9,no,lshift,417,0
Hullócsillag,3,blue,dot,1,6,no,lshift,438,0
Hullócsillag,3,red,dot,1,2,no,rshift,495,0
Hullócsillag,3,blue,dot,1,1,no,lshift,371,0
Hullócsillag,3,blue,dot,1,9,no,lshift,357,0
Hullócsillag,3,red,dot,1,2,no,rshift,371,0
Hullócsillag,3,blue,dot,1,2,no,lshift,359,0
Hullócsillag,3,blue,dot,1,7,no,lshift,446,0
Hullócsillag,3,blue,dot,1,8,no,lshift,383,0
Hullócsillag,3,red,dot,1,8,no,rshift,383,0
Hullócsillag,3,red,dot,1,7,no,rshift,490,0
Hullócsillag,3,blue,dot,1,8,no,lshift,466,0
Hullócsillag,0,red,arab,1,2,yes,rshift,955,0
Hullócsillag,0,red,arab,1,1,yes,rshift,367,0
Hullócsillag,0,red,arab,1,7,yes,rshift,333,0
Hullócsillag,0,blue,arab,1,4,yes,lshift,376,0
Hullócsillag,0,blue,arab,1,6,yes,lshift,544,0
Hullócsillag,0,red,arab,1,8,yes,rshift,432,0
Hullócsillag,0,blue,arab,1,2,yes,lshift,453,0
Hullócsillag,0,red,arab,1,9,yes,rshift,422,0
Hullócsillag,0,blue,arab,1,3,yes,lshift,418,0
Hullócsillag,0,red,arab,1,3,yes,rshift,438,0
Hullócsillag,0,blue,arab,1,1,yes,lshift,398,0
Hullócsillag,0,red,arab,1,4,yes,rshift,372,0
Hullócsillag,0,blue,arab,1,9,yes,lshift,442,0
Hullócsillag,0,blue,arab,1,7,yes,lshift,406,0
Hullócsillag,0,blue,arab,1,8,yes,lshift,435,0
Hullócsillag,0,red,arab,1,6,yes,rshift,545,0
Hullócsillag,1,blue,arab,1,2,no,lshift,455,0
Hullócsillag,1,red,arab,1,7,no,rshift,371,0
Hullócsillag,1,blue,arab,1,6,no,lshift,414,0
Hullócsillag,1,red,arab,1,4,no,rshift,404,0
Hullócsillag,1,blue,arab,1,3,no,lshift,383,0
Hullócsillag,1,blue,arab,1,4,no,lshift,442,0
Hullócsillag,1,blue,arab,1,9,no,lshift,421,0
Hullócsillag,1,red,arab,1,3,no,rshift,414,0
Hullócsillag,1,blue,arab,1,9,no,lshift,346,0
Hullócsillag,1,blue,arab,1,6,no,lshift,400,0
Hullócsillag,1,red,arab,1,9,no,rshift,416,0
Hullócsillag,1,red,arab,1,4,no,rshift,404,0
Hullócsillag,1,blue,arab,1,8,no,lshift,435,0
Hullócsillag,1,red,arab,1,9,no,rshift,369,0
Hullócsillag,1,blue,arab,1,6,no,lshift,488,0
Hullócsillag,1,red,arab,1,8,no,rshift,320,0
Hullócsillag,1,blue,arab,1,4,no,lshift,373,0
Hullócsillag,1,red,arab,1,6,no,rshift,458,0
Hullócsillag,1,red,arab,1,7,no,rshift,350,0
Hullócsillag,1,red,arab,1,3,no,rshift,346,0
Hullócsillag,1,red,arab,1,2,no,rshift,430,0
Hullócsillag,1,blue,arab,1,1,no,lshift,422,0
Hullócsillag,1,blue,arab,1,7,no,lshift,407,0
Hullócsillag,1,blue,arab,1,4,no,lshift,325,0
Hullócsillag,1,blue,arab,1,1,no,lshift,420,0
Hullócsillag,1,blue,arab,1,4,no,lshift,410,0
Hullócsillag,1,red,arab,1,1,no,rshift,6244,0
Hullócsillag,1,red,arab,1,2,no,rshift,431,0
Hullócsillag,1,red,arab,1,3,no,rshift,398,0
Hullócsillag,1,red,arab,1,3,no,rshift,381,0
Hullócsillag,1,red,arab,1,2,no,rshift,415,0
Hullócsillag,1,blue,arab,1,7,no,lshift,462,0
Hullócsillag,1,red,arab,1,2,no,rshift,415,0
Hullócsillag,1,blue,arab,1,2,no,lshift,357,0
Hullócsillag,1,blue,arab,1,2,no,lshift,363,0
Hullócsillag,1,red,arab,1,4,no,rshift,410,0
Hullócsillag,1,blue,arab,1,1,no,lshift,428,0
Hullócsillag,1,blue,arab,1,1,no,lshift,606,0
Hullócsillag,1,blue,arab,1,7,no,lshift,461,0
Hullócsillag,1,red,arab,1,8,no,rshift,553,0
Hullócsillag,1,blue,arab,1,6,no,lshift,441,0
Hullócsillag,1,blue,arab,1,9,no,lshift,771,0
Hullócsillag,1,red,arab,1,7,no,rshift,399,0
Hullócsillag,1,blue,arab,1,9,no,lshift,365,0
Hullócsillag,1,blue,arab,1,6,no,lshift,321,0
Hullócsillag,1,red,arab,1,6,no,rshift,447,0
Hullócsillag,1,blue,arab,1,6,no,lshift,475,0
Hullócsillag,1,blue,arab,1,8,no,lshift,596,0
Hullócsillag,1,blue,arab,1,3,no,lshift,396,0
Hullócsillag,1,blue,arab,1,2,no,lshift,433,0
Hullócsillag,1,red,arab,1,1,no,rshift,423,0
Hullócsillag,1,blue,arab,1,8,no,lshift,501,0
Hullócsillag,1,red,arab,1,2,no,rshift,438,0
Hullócsillag,1,blue,arab,1,2,no,lshift,388,0
Hullócsillag,1,blue,arab,1,7,no,lshift,426,0
Hullócsillag,1,blue,arab,1,7,no,lshift,350,0
Hullócsillag,1,red,arab,1,6,no,rshift,390,0
Hullócsillag,1,blue,arab,1,2,no,lshift,400,0
Hullócsillag,1,blue,arab,1,8,no,lshift,518,0
Hullócsillag,1,red,arab,1,1,no,rshift,432,0
Hullócsillag,1,blue,arab,1,1,no,lshift,424,0
Hullócsillag,1,blue,arab,1,8,no,lshift,476,0
Hullócsillag,1,red,arab,1,3,no,rshift,631,0
Hullócsillag,1,blue,arab,1,8,no,lshift,523,0
Hullócsillag,1,red,arab,1,9,no,rshift,387,0
Hullócsillag,1,blue,arab,1,8,no,lshift,400,0
Hullócsillag,1,red,arab,1,7,no,rshift,575,0
Hullócsillag,1,red,arab,1,3,no,rshift,343,0
Hullócsillag,1,red,arab,1,4,no,rshift,407,0
Hullócsillag,1,blue,arab,1,7,no,lshift,946,0
Hullócsillag,1,red,arab,1,1,no,rshift,400,0
Hullócsillag,1,blue,arab,1,9,no,lshift,488,0
Hullócsillag,1,blue,arab,1,3,no,lshift,442,0
Hullócsillag,1,blue,arab,1,4,no,lshift,528,0
Hullócsillag,1,red,arab,1,2,no,rshift,412,0
Hullócsillag,1,blue,arab,1,9,no,lshift,640,0
Hullócsillag,1,red,arab,1,8,no,rshift,462,0
Hullócsillag,1,red,arab,1,1,no,rshift,396,0
Hullócsillag,1,blue,arab,1,2,no,lshift,587,0
Hullócsillag,1,red,arab,1,4,no,rshift,471,0
Hullócsillag,1,red,arab,1,7,no,rshift,471,0
Hullócsillag,1,red,arab,1,3,no,rshift,401,0
Hullócsillag,1,red,arab,1,1,no,rshift,385,0
Hullócsillag,1,red,arab,1,2,no,rshift,447,0
Hullócsillag,1,red,arab,1,1,no,rshift,460,0
Hullócsillag,1,red,arab,1,3,no,rshift,607,0
Hullócsillag,1,blue,arab,1,7,no,lshift,443,0
Hullócsillag,1,red,arab,1,7,no,rshift,364,0
Hullócsillag,1,red,arab,1,6,no,rshift,487,0
Hullócsillag,1,blue,arab,1,1,no,lshift,396,0
Hullócsillag,1,red,arab,1,3,no,rshift,572,0
Hullócsillag,1,blue,arab,1,3,no,lshift,401,0
Hullócsillag,1,blue,arab,1,8,no,lshift,431,0
Hullócsillag,1,red,arab,1,7,no,rshift,378,0
Hullócsillag,1,red,arab,0,4,no,lshift,407,0
Hullócsillag,1,blue,arab,1,3,no,lshift,421,0
Hullócsillag,1,red,arab,1,1,no,rshift,437,0
Hullócsillag,1,red,arab,1,8,no,rshift,419,0
Hullócsillag,1,red,arab,1,9,no,rshift,400,0
Hullócsillag,1,red,arab,1,4,no,rshift,423,0
Hullócsillag,1,blue,arab,1,3,no,lshift,404,0
Hullócsillag,1,blue,arab,1,6,no,lshift,431,0
Hullócsillag,1,red,arab,1,4,no,rshift,355,0
Hullócsillag,1,blue,arab,1,9,no,lshift,372,0
Hullócsillag,1,red,arab,1,7,no,rshift,424,0
Hullócsillag,1,red,arab,1,6,no,rshift,375,0
Hullócsillag,1,blue,arab,1,4,no,lshift,589,0
Hullócsillag,1,blue,arab,1,4,no,lshift,411,0
Hullócsillag,1,blue,arab,1,1,no,lshift,386,0
Hullócsillag,1,blue,arab,1,4,no,lshift,338,0
Hullócsillag,1,blue,arab,1,7,no,lshift,431,0
Hullócsillag,1,red,arab,1,2,no,rshift,454,0
Hullócsillag,1,red,arab,1,2,no,rshift,700,0
Hullócsillag,1,red,arab,1,7,no,rshift,392,0
Hullócsillag,1,red,arab,1,9,no,rshift,604,0
Hullócsillag,1,blue,arab,1,2,no,lshift,431,0
Hullócsillag,1,blue,arab,1,9,no,lshift,405,0
Hullócsillag,1,red,arab,1,7,no,rshift,341,0
Hullócsillag,1,blue,arab,1,8,no,lshift,462,0
Hullócsillag,1,red,arab,0,1,no,lshift,474,0
Hullócsillag,1,red,arab,1,6,no,rshift,427,0
Hullócsillag,1,blue,arab,1,3,no,lshift,454,0
Hullócsillag,1,blue,arab,1,4,no,lshift,465,0
Hullócsillag,1,red,arab,1,9,no,rshift,353,0
Hullócsillag,1,red,arab,1,6,no,rshift,348,0
Hullócsillag,1,blue,arab,1,9,no,lshift,519,0
Hullócsillag,1,red,arab,1,3,no,rshift,407,0
Hullócsillag,1,blue,arab,1,2,no,lshift,628,0
Hullócsillag,1,blue,arab,1,7,no,lshift,527,0
Hullócsillag,1,red,arab,1,1,no,rshift,418,0
Hullócsillag,1,blue,arab,1,7,no,lshift,408,0
Hullócsillag,1,red,arab,1,4,no,rshift,437,0
Hullócsillag,1,blue,arab,1,1,no,lshift,387,0
Hullócsillag,1,red,arab,1,8,no,rshift,439,0
Hullócsillag,1,blue,arab,1,3,no,lshift,483,0
Hullócsillag,1,red,arab,1,4,no,rshift,551,0
Hullócsillag,1,red,arab,1,8,no,rshift,466,0
Hullócsillag,1,blue,arab,1,6,no,lshift,442,0
Hullócsillag,1,red,arab,1,8,no,rshift,455,0
Hullócsillag,1,red,arab,1,2,no,rshift,505,0
Hullócsillag,1,blue,arab,1,3,no,lshift,653,0
Hullócsillag,1,red,arab,1,8,no,rshift,488,0
Hullócsillag,1,red,arab,1,6,no,rshift,777,0
Hullócsillag,1,red,arab,1,6,no,rshift,426,0
Hullócsillag,1,blue,arab,1,1,no,lshift,474,0
Hullócsillag,1,blue,arab,1,1,no,lshift,439,0
Hullócsillag,1,red,arab,1,9,no,rshift,499,0
Hullócsillag,1,red,arab,1,9,no,rshift,429,0
Hullócsillag,1,blue,arab,1,4,no,lshift,409,0
Hullócsillag,1,blue,arab,1,6,no,lshift,626,0
Hullócsillag,1,red,arab,1,8,no,rshift,364,0
Hullócsillag,1,red,arab,1,8,no,rshift,363,0
Hullócsillag,1,blue,arab,1,6,no,lshift,491,0
Hullócsillag,1,blue,arab,1,8,no,lshift,423,0
Hullócsillag,1,blue,arab,1,2,no,lshift,454,0
Hullócsillag,1,red,arab,1,9,no,rshift,388,0
Hullócsillag,1,blue,arab,1,3,no,lshift,550,0
Hullócsillag,1,red,arab,1,6,no,rshift,395,0
Hullócsillag,1,blue,arab,1,9,no,lshift,381,0
Hullócsillag,1,red,arab,1,9,no,rshift,426,0
Hullócsillag,2,blue,arab,1,3,no,lshift,564,0
Hullócsillag,2,red,arab,1,3,no,rshift,454,0
Hullócsillag,2,red,arab,1,2,no,rshift,378,0
Hullócsillag,2,blue,arab,1,8,no,lshift,408,0
Hullócsillag,2,red,arab,1,9,no,rshift,634,0
Hullócsillag,2,blue,arab,1,7,no,lshift,444,0
Hullócsillag,2,red,arab,1,4,no,rshift,415,0
Hullócsillag,2,blue,arab,1,8,no,lshift,396,0
Hullócsillag,2,blue,arab,1,9,no,lshift,528,0
Hullócsillag,2,red,arab,1,6,no,rshift,564,0
Hullócsillag,2,red,arab,1,8,no,rshift,355,0
Hullócsillag,2,blue,arab,1,4,no,lshift,454,0
Hullócsillag,2,red,arab,1,9,no,rshift,359,0
Hullócsillag,2,blue,arab,1,1,no,lshift,386,0
Hullócsillag,2,blue,arab,1,4,no,lshift,446,0
Hullócsillag,2,red,arab,1,2,no,rshift,366,0
Hullócsillag,2,blue,arab,1,2,no,lshift,347,0
Hullócsillag,2,red,arab,1,6,no,rshift,375,0
Hullócsillag,2,blue,arab,1,8,no,lshift,318,0
Hullócsillag,2,blue,arab,1,1,no,lshift,347,0
Hullócsillag,2,blue,arab,1,1,no,lshift,364,0
Hullócsillag,2,blue,arab,1,4,no,lshift,404,0
Hullócsillag,2,blue,arab,1,6,no,lshift,377,0
Hullócsillag,2,red,arab,1,8,no,rshift,496,0
Hullócsillag,2,red,arab,1,6,no,rshift,346,0
Hullócsillag,2,red,arab,1,9,no,rshift,386,0
Hullócsillag,2,red,arab,1,8,no,rshift,357,0
Hullócsillag,2,red,arab,1,9,no,rshift,331,0
Hullócsillag,2,blue,arab,1,2,no,lshift,473,0
Hullócsillag,2,blue,arab,1,9,no,lshift,404,0
Hullócsillag,2,blue,arab,1,6,no,lshift,390,0
Hullócsillag,2,red,arab,1,3,no,rshift,407,0
Hullócsillag,2,red,arab,1,1,no,rshift,421,0
Hullócsillag,2,red,arab,1,7,no,rshift,374,0
Hullócsillag,2,blue,arab,1,4,no,lshift,399,0
Hullócsillag,2,blue,arab,1,1,no,lshift,402,0
Hullócsillag,2,blue,arab,1,8,no,lshift,389,0
Hullócsillag,2,blue,arab,1,4,no,lshift,364,0
Hullócsillag,2,red,arab,1,2,no,rshift,429,0
Hullócsillag,2,blue,arab,1,2,no,lshift,424,0
Hullócsillag,2,blue,arab,1,7,no,lshift,410,0
Hullócsillag,2,red,arab,1,3,no,rshift,392,0
Hullócsillag,2,blue,arab,1,9,no,lshift,440,0
Hullócsillag,2,red,arab,1,3,no,rshift,383,0
Hullócsillag,2,blue,arab,1,4,no,lshift,388,0
Hullócsillag,2,blue,arab,1,1,no,lshift,353,0
Hullócsillag,2,blue,arab,1,9,no,lshift,409,0
Hullócsillag,2,blue,arab,1,1,no,lshift,388,0
Hullócsillag,2,red,arab,0,7,no,lshift,437,0
Hullócsillag,2,red,arab,1,7,no,rshift,486,0
Hullócsillag,2,red,arab,1,1,no,rshift,404,0
Hullócsillag,2,red,arab,1,2,no,rshift,315,0
Hullócsillag,2,red,arab,1,8,no,rshift,332,0
Hullócsillag,2,red,arab,1,1,no,rshift,548,0
Hullócsillag,2,blue,arab,1,6,no,lshift,405,0
Hullócsillag,2,blue,arab,1,8,no,lshift,580,0
Hullócsillag,2,blue,arab,1,6,no,lshift,458,0
Hullócsillag,2,blue,arab,1,8,no,lshift,314,0
Hullócsillag,2,red,arab,1,4,no,rshift,362,0
Hullócsillag,2,blue,arab,1,7,no,lshift,402,0
Hullócsillag,2,blue,arab,1,4,no,lshift,370,0
Hullócsillag,2,red,arab,1,6,no,rshift,452,0
Hullócsillag,2,red,arab,1,9,no,rshift,570,0
Hullócsillag,2,red,arab,1,4,no,rshift,401,0
Hullócsillag,2,red,arab,1,2,no,rshift,341,0
Hullócsillag,2,blue,arab,1,8,no,lshift,455,0
Hullócsillag,2,blue,arab,1,7,no,lshift,510,0
Hullócsillag,2,red,arab,1,3,no,rshift,540,0
Hullócsillag,2,red,arab,1,4,no,rshift,568,0
Hullócsillag,2,blue,arab,1,1,no,lshift,403,0
Hullócsillag,2,red,arab,1,6,no,rshift,360,0
Hullócsillag,2,blue,arab,1,4,no,lshift,403,0
Hullócsillag,2,blue,arab,1,4,no,lshift,475,0
Hullócsillag,2,red,arab,1,1,no,rshift,354,0
Hullócsillag,2,blue,arab,1,6,no,lshift,406,0
Hullócsillag,2,red,arab,1,3,no,rshift,388,0
Hullócsillag,2,red,arab,1,2,no,rshift,427,0
Hullócsillag,2,blue,arab,1,1,no,lshift,362,0
Hullócsillag,2,red,arab,1,3,no,rshift,598,0
Hullócsillag,2,red,arab,1,2,no,rshift,650,0
Hullócsillag,2,red,arab,1,6,no,rshift,389,0
Hullócsillag,2,blue,arab,1,9,no,lshift,462,0
Hullócsillag,2,red,arab,1,8,no,rshift,383,0
Hullócsillag,2,blue,arab,1,9,no,lshift,410,0
Hullócsillag,2,blue,arab,1,8,no,lshift,418,0
Hullócsillag,2,red,arab,1,4,no,rshift,425,0
Hullócsillag,2,blue,arab,1,6,no,lshift,444,0
Hullócsillag,2,red,arab,1,1,no,rshift,410,0
Hullócsillag,2,blue,arab,1,2,no,lshift,384,0
Hullócsillag,2,red,arab,1,4,no,rshift,417,0
Hullócsillag,2,red,arab,1,1,no,rshift,382,0
Hullócsillag,2,red,arab,1,7,no,rshift,365,0
Hullócsillag,2,red,arab,1,7,no,rshift,378,0
Hullócsillag,2,red,arab,1,2,no,rshift,455,0
Hullócsillag,2,red,arab,1,1,no,rshift,552,0
Hullócsillag,2,red,arab,1,4,no,rshift,364,0
Hullócsillag,2,blue,arab,1,3,no,lshift,443,0
Hullócsillag,2,red,arab,1,3,no,rshift,406,0
Hullócsillag,2,red,arab,1,3,no,rshift,394,0
Hullócsillag,2,blue,arab,1,7,no,lshift,457,0
Hullócsillag,2,blue,arab,1,8,no,lshift,392,0
Hullócsillag,2,red,arab,1,7,no,rshift,439,0
Hullócsillag,2,red,arab,1,8,no,rshift,445,0
Hullócsillag,2,red,arab,1,7,no,rshift,442,0
Hullócsillag,2,red,arab,1,9,no,rshift,357,0
Hullócsillag,2,blue,arab,1,9,no,lshift,621,0
Hullócsillag,2,red,arab,1,8,no,rshift,472,0
Hullócsillag,2,blue,arab,1,1,no,lshift,597,0
Hullócsillag,2,red,arab,0,4,no,lshift,488,0
Hullócsillag,2,red,arab,0,3,no,lshift,428,0
Hullócsillag,2,blue,arab,1,6,no,lshift,481,0
Hullócsillag,2,red,arab,1,2,no,rshift,345,0
Hullócsillag,2,red,arab,1,9,no,rshift,335,0
Hullócsillag,2,blue,arab,1,7,no,lshift,437,0
Hullócsillag,2,red,arab,1,6,no,rshift,365,0
Hullócsillag,2,red,arab,1,8,no,rshift,409,0
Hullócsillag,2,red,arab,1,1,no,rshift,394,0
Hullócsillag,2,blue,arab,1,9,no,lshift,424,0
Hullócsillag,2,red,arab,1,7,no,rshift,440,0
Hullócsillag,2,blue,arab,1,2,no,lshift,587,0
Hullócsillag,2,blue,arab,1,3,no,lshift,507,0
Hullócsillag,2,red,arab,1,1,no,rshift,390,0
Hullócsillag,2,red,arab,1,4,no,rshift,395,0
Hullócsillag,2,red,arab,1,6,no,rshift,391,0
Hullócsillag,2,red,arab,1,7,no,rshift,419,0
Hullócsillag,2,blue,arab,1,7,no,lshift,340,0
Hullócsillag,2,blue,arab,1,7,no,lshift,422,0
Hullócsillag,2,blue,arab,1,3,no,lshift,390,0
Hullócsillag,2,blue,arab,1,3,no,lshift,375,0
Hullócsillag,2,red,arab,1,1,no,rshift,411,0
Hullócsillag,2,blue,arab,1,6,no,lshift,492,0
Hullócsillag,2,blue,arab,1,8,no,lshift,429,0
Hullócsillag,2,blue,arab,1,4,no,lshift,456,0
Hullócsillag,2,blue,arab,1,3,no,lshift,439,0
Hullócsillag,2,red,arab,1,9,no,rshift,359,0
Hullócsillag,2,blue,arab,1,2,no,lshift,389,0
Hullócsillag,2,blue,arab,1,6,no,lshift,408,0
Hullócsillag,2,red,arab,1,4,no,rshift,458,0
Hullócsillag,2,red,arab,1,9,no,rshift,409,0
Hullócsillag,2,blue,arab,1,9,no,lshift,433,0
Hullócsillag,2,blue,arab,1,6,no,lshift,575,0
Hullócsillag,2,blue,arab,1,2,no,lshift,456,0
Hullócsillag,2,blue,arab,1,2,no,lshift,396,0
Hullócsillag,2,red,arab,1,9,no,rshift,454,0
Hullócsillag,2,blue,arab,1,7,no,lshift,427,0
Hullócsillag,2,red,arab,1,8,no,rshift,526,0
Hullócsillag,2,blue,arab,1,3,no,lshift,440,0
Hullócsillag,2,blue,arab,1,2,no,lshift,380,0
Hullócsillag,2,red,arab,1,6,no,rshift,398,0
Hullócsillag,2,blue,arab,1,3,no,lshift,426,0
Hullócsillag,2,red,arab,1,6,no,rshift,370,0
Hullócsillag,2,red,arab,1,8,no,rshift,458,0
Hullócsillag,2,blue,arab,1,9,no,lshift,407,0
Hullócsillag,2,blue,arab,1,2,no,lshift,465,0
Hullócsillag,2,blue,arab,1,7,no,lshift,761,0
Hullócsillag,2,red,arab,1,2,no,rshift,492,0
Hullócsillag,2,blue,arab,1,3,no,lshift,458,0
Hullócsillag,2,blue,arab,1,3,no,lshift,518,0
Hullócsillag,2,red,arab,1,7,no,rshift,422,0
Hullócsillag,2,blue,arab,0,1,no,rshift,458,0
Hullócsillag,3,blue,arab,1,6,no,lshift,483,0
Hullócsillag,3,blue,arab,1,6,no,lshift,464,0
Hullócsillag,3,red,arab,1,6,no,rshift,562,0
Hullócsillag,3,blue,arab,1,2,no,lshift,631,0
Hullócsillag,3,red,arab,1,4,no,rshift,369,0
Hullócsillag,3,blue,arab,1,4,no,lshift,428,0
Hullócsillag,3,blue,arab,1,4,no,lshift,393,0
Hullócsillag,3,red,arab,1,7,no,rshift,409,0
Hullócsillag,3,blue,arab,1,8,no,lshift,665,0
Hullócsillag,3,blue,arab,1,3,no,lshift,429,0
Hullócsillag,3,blue,arab,1,6,no,lshift,432,0
Hullócsillag,3,red,arab,1,2,no,rshift,408,0
Hullócsillag,3,red,arab,1,6,no,rshift,327,0
Hullócsillag,3,blue,arab,1,1,no,lshift,390,0
Hullócsillag,3,red,arab,1,8,no,rshift,369,0
Hullócsillag,3,blue,arab,1,2,no,lshift,329,0
Hullócsillag,3,red,arab,1,8,no,rshift,406,0
Hullócsillag,3,blue,arab,1,2,no,lshift,494,0
Hullócsillag,3,red,arab,1,7,no,rshift,392,0
Hullócsillag,3,red,arab,1,7,no,rshift,479,0
Hullócsillag,3,red,arab,1,1,no,rshift,370,0
Hullócsillag,3,red,arab,1,8,no,rshift,367,0
Hullócsillag,3,blue,arab,1,4,no,lshift,334,0
Hullócsillag,3,blue,arab,1,7,no,lshift,471,0
Hullócsillag,3,blue,arab,1,3,no,lshift,406,0
Hullócsillag,3,red,arab,1,9,no,rshift,568,0
Hullócsillag,3,red,arab,1,4,no,rshift,649,0
Hullócsillag,3,blue,arab,1,9,no,lshift,444,0
Hullócsillag,3,red,arab,0,3,no,lshift,391,0
Hullócsillag,3,red,arab,1,3,no,rshift,352,0
Hullócsillag,3,red,arab,1,7,no,rshift,500,0
Hullócsillag,3,blue,arab,1,3,no,lshift,472,0
Hullócsillag,3,blue,arab,1,7,no,lshift,448,0
Hullócsillag,3,red,arab,1,6,no,rshift,374,0
Hullócsillag,3,blue,arab,1,2,no,lshift,432,0
Hullócsillag,3,red,arab,1,8,no,rshift,358,0
Hullócsillag,3,blue,arab,1,8,no,lshift,402,0
Hullócsillag,3,red,arab,1,6,no,rshift,405,0
Hullócsillag,3,red,arab,1,6,no,rshift,401,0
Hullócsillag,3,blue,arab,1,3,no,lshift,498,0
Hullócsillag,3,red,arab,1,1,no,rshift,367,0
Hullócsillag,3,red,arab,1,2,no,rshift,373,0
Hullócsillag,3,red,arab,1,7,no,rshift,472,0
Hullócsillag,3,blue,arab,1,4,no,lshift,450,0
Hullócsillag,3,red,arab,1,1,no,rshift,421,0
Hullócsillag,3,red,arab,1,1,no,rshift,855,0
Hullócsillag,3,red,arab,1,1,no,rshift,363,0
Hullócsillag,3,blue,arab,1,8,no,lshift,502,0
Hullócsillag,3,blue,arab,1,7,no,lshift,443,0
Hullócsillag,3,red,arab,1,1,no,rshift,440,0
Hullócsillag,3,red,arab,1,1,no,rshift,350,0
Hullócsillag,3,red,arab,1,1,no,rshift,313,0
Hullócsillag,3,blue,arab,1,9,no,lshift,537,0
Hullócsillag,3,blue,arab,1,1,no,lshift,587,0
Hullócsillag,3,red,arab,1,4,no,rshift,450,0
Hullócsillag,3,red,arab,1,7,no,rshift,368,0
Hullócsillag,3,red,arab,1,3,no,rshift,422,0
Hullócsillag,3,blue,arab,1,6,no,lshift,446,0
Hullócsillag,3,red,arab,1,2,no,rshift,494,0
Hullócsillag,3,red,arab,1,8,no,rshift,413,0
Hullócsillag,3,red,arab,1,3,no,rshift,509,0
Hullócsillag,3,red,arab,1,9,no,rshift,445,0
Hullócsillag,3,red,arab,1,3,no,rshift,424,0
Hullócsillag,3,blue,arab,1,2,no,lshift,516,0
Hullócsillag,3,blue,arab,1,4,no,lshift,489,0
Hullócsillag,3,blue,arab,1,4,no,lshift,491,0
Hullócsillag,3,red,arab,1,6,no,rshift,450,0
Hullócsillag,3,red,arab,1,6,no,rshift,384,0
Hullócsillag,3,blue,arab,1,1,no,lshift,407,0
Hullócsillag,3,red,arab,1,4,no,rshift,458,0
Hullócsillag,3,blue,arab,1,1,no,lshift,446,0
Hullócsillag,3,red,arab,1,3,no,rshift,525,0
Hullócsillag,3,red,arab,1,6,no,rshift,402,0
Hullócsillag,3,blue,arab,1,7,no,lshift,422,0
Hullócsillag,3,blue,arab,1,7,no,lshift,326,0
Hullócsillag,3,blue,arab,1,2,no,lshift,588,0
Hullócsillag,3,red,arab,1,3,no,rshift,428,0
Hullócsillag,3,blue,arab,1,8,no,lshift,414,0
Hullócsillag,3,blue,arab,1,7,no,lshift,527,0
Hullócsillag,3,blue,arab,1,6,no,lshift,417,0
Hullócsillag,3,blue,arab,1,4,no,lshift,392,0
Hullócsillag,3,red,arab,1,8,no,rshift,604,0
Hullócsillag,3,blue,arab,1,2,no,lshift,355,0
Hullócsillag,3,blue,arab,1,9,no,lshift,516,0
Hullócsillag,3,red,arab,1,9,no,rshift,438,0
Hullócsillag,3,blue,arab,1,4,no,lshift,389,0
Hullócsillag,3,blue,arab,1,2,no,lshift,394,0
Hullócsillag,3,blue,arab,1,8,no,lshift,348,0
Hullócsillag,3,red,arab,1,9,no,rshift,712,0
Hullócsillag,3,red,arab,1,8,no,rshift,379,0
Hullócsillag,3,blue,arab,1,1,no,lshift,359,0
Hullócsillag,3,blue,arab,1,9,no,lshift,527,0
Hullócsillag,3,red,arab,1,7,no,rshift,400,0
Hullócsillag,3,red,arab,1,2,no,rshift,427,0
Hullócsillag,3,blue,arab,1,7,no,lshift,379,0
Hullócsillag,3,blue,arab,1,3,no,lshift,523,0
Hullócsillag,3,red,arab,1,9,no,rshift,508,0
Hullócsillag,3,blue,arab,1,3,no,lshift,610,0
Hullócsillag,3,blue,arab,1,9,no,lshift,350,0
Hullócsillag,3,red,arab,1,4,no,rshift,441,0
Hullócsillag,3,blue,arab,1,7,no,lshift,439,0
Hullócsillag,3,red,arab,1,9,no,rshift,603,0
Hullócsillag,3,red,arab,1,9,no,rshift,488,0
Hullócsillag,3,blue,arab,1,6,no,lshift,586,0
Hullócsillag,3,blue,arab,1,9,no,lshift,417,0
Hullócsillag,3,blue,arab,1,6,no,lshift,416,0
Hullócsillag,3,red,arab,1,3,no,rshift,393,0
Hullócsillag,3,blue,arab,1,4,no,lshift,386,0
Hullócsillag,3,blue,arab,1,1,no,lshift,484,0
Hullócsillag,3,red,arab,1,4,no,rshift,562,0
Hullócsillag,3,blue,arab,1,3,no,lshift,451,0
Hullócsillag,3,red,arab,1,2,no,rshift,378,0
Hullócsillag,3,blue,arab,1,2,no,lshift,445,0
Hullócsillag,3,blue,arab,1,9,no,lshift,812,0
Hullócsillag,3,red,arab,1,2,no,rshift,420,0
Hullócsillag,3,blue,arab,1,7,no,lshift,316,0
Hullócsillag,3,red,arab,1,9,no,rshift,333,0
Hullócsillag,3,blue,arab,1,8,no,lshift,542,0
Hullócsillag,3,blue,arab,1,9,no,lshift,429,0
Hullócsillag,3,red,arab,1,1,no,rshift,398,0
Hullócsillag,3,red,arab,0,2,no,lshift,424,0
Hullócsillag,3,red,arab,1,8,no,rshift,628,0
Hullócsillag,3,blue,arab,1,8,no,lshift,377,0
Hullócsillag,3,red,arab,0,4,no,lshift,364,0
Hullócsillag,3,red,arab,1,2,no,rshift,550,0
Hullócsillag,3,red,arab,1,4,no,rshift,413,0
Hullócsillag,3,red,arab,1,6,no,rshift,348,0
Hullócsillag,3,blue,arab,1,1,no,lshift,420,0
Hullócsillag,3,blue,arab,1,4,no,lshift,434,0
Hullócsillag,3,blue,arab,1,1,no,lshift,402,0
Hullócsillag,3,red,arab,1,3,no,rshift,435,0
Hullócsillag,3,red,arab,1,6,no,rshift,471,0
Hullócsillag,3,red,arab,1,2,no,rshift,422,0
Hullócsillag,3,blue,arab,1,3,no,lshift,397,0
Hullócsillag,3,blue,arab,1,9,no,lshift,428,0
Hullócsillag,3,blue,arab,1,6,no,lshift,373,0
Hullócsillag,3,red,arab,1,4,no,rshift,398,0
Hullócsillag,3,blue,arab,1,1,no,lshift,398,0
Hullócsillag,3,blue,arab,1,3,no,lshift,421,0
Hullócsillag,3,red,arab,1,2,no,rshift,410,0
Hullócsillag,3,red,arab,1,9,no,rshift,369,0
Hullócsillag,3,blue,arab,1,2,no,lshift,435,0
Hullócsillag,3,blue,arab,1,8,no,lshift,662,0
Hullócsillag,3,red,arab,1,8,no,rshift,317,0
Hullócsillag,3,red,arab,1,7,no,rshift,369,0
Hullócsillag,3,blue,arab,1,6,no,lshift,380,0
Hullócsillag,3,red,arab,1,9,no,rshift,659,0
Hullócsillag,3,red,arab,1,7,no,rshift,394,0
Hullócsillag,3,blue,arab,1,1,no,lshift,441,0
Hullócsillag,3,red,arab,1,3,no,rshift,484,0
Hullócsillag,3,blue,arab,1,8,no,lshift,432,0
Hullócsillag,3,red,arab,1,8,no,rshift,422,0
Hullócsillag,3,blue,arab,1,8,no,lshift,457,0
Hullócsillag,3,blue,arab,1,6,no,lshift,442,0
Hullócsillag,3,red,arab,1,7,no,rshift,394,0
Hullócsillag,3,blue,arab,1,9,no,lshift,467,0
Hullócsillag,3,red,arab,1,4,no,rshift,369,0
Hullócsillag,3,blue,arab,1,3,no,lshift,373,0
Hullócsillag,3,blue,arab,0,7,no,rshift,368,0
Hullócsillag,3,red,arab,1,1,no,rshift,425,0
Hullócsillag,0,red,classic,1,7,yes,rshift,1366,0
Hullócsillag,0,red,classic,1,1,yes,rshift,662,0
Hullócsillag,0,red,classic,1,6,yes,lshift,545,0
Hullócsillag,0,red,classic,1,9,yes,rshift,705,0
Hullócsillag,0,red,classic,1,8,yes,lshift,638,0
Hullócsillag,0,red,classic,1,3,yes,rshift,631,0
Hullócsillag,0,red,classic,1,2,yes,lshift,684,0
Hullócsillag,0,red,classic,1,4,yes,lshift,478,0
Hullócsillag,1,red,classic,1,9,yes,lshift,1763,0
Hullócsillag,1,red,classic,1,8,yes,rshift,476,0
Hullócsillag,1,red,classic,1,7,yes,lshift,623,0
Hullócsillag,1,red,classic,1,6,yes,rshift,588,0
Hullócsillag,1,red,classic,1,1,yes,lshift,626,0
Hullócsillag,1,red,classic,1,3,yes,lshift,537,0
Hullócsillag,1,red,classic,1,2,yes,rshift,569,0
Hullócsillag,1,red,classic,1,4,yes,rshift,509,0
Hullócsillag,2,red,classic,1,3,no,rshift,1159,0
Hullócsillag,2,red,classic,1,6,no,lshift,534,0
Hullócsillag,2,red,classic,1,2,no,lshift,493,0
Hullócsillag,2,red,classic,1,1,no,rshift,626,0
Hullócsillag,2,red,classic,1,6,no,lshift,551,0
Hullócsillag,2,red,classic,1,4,no,lshift,667,0
Hullócsillag,2,red,classic,1,1,no,rshift,558,0
Hullócsillag,2,red,classic,1,7,no,rshift,417,0
Hullócsillag,2,red,classic,1,9,no,rshift,407,0
Hullócsillag,2,red,classic,1,2,no,lshift,515,0
Hullócsillag,2,red,classic,1,2,no,lshift,459,0
Hullócsillag,2,red,classic,1,1,no,rshift,572,0
Hullócsillag,2,red,classic,1,1,no,rshift,493,0
Hullócsillag,2,red,classic,1,9,no,rshift,535,0
Hullócsillag,2,red,classic,1,8,no,lshift,659,0
Hullócsillag,2,red,classic,1,2,no,lshift,505,0
Hullócsillag,2,red,classic,1,8,no,lshift,888,0
Hullócsillag,2,red,classic,1,6,no,lshift,552,0
Hullócsillag,2,red,classic,1,7,no,rshift,543,0
Hullócsillag,2,red,classic,1,6,no,lshift,520,0
Hullócsillag,2,red,classic,1,6,no,lshift,573,0
Hullócsillag,2,red,classic,1,3,no,rshift,593,0
Hullócsillag,2,red,classic,1,3,no,rshift,722,0
Hullócsillag,2,red,classic,1,7,no,rshift,555,0
Hullócsillag,2,red,classic,1,7,no,rshift,521,0
Hullócsillag,2,red,classic,1,9,no,rshift,546,0
Hullócsillag,2,red,classic,1,8,no,lshift,3517,0
Hullócsillag,2,red,classic,1,4,no,lshift,575,0
Hullócsillag,2,red,classic,1,4,no,lshift,504,0
Hullócsillag,2,red,classic,1,9,no,rshift,444,0
Hullócsillag,2,red,classic,1,7,no,rshift,700,0
Hullócsillag,2,red,classic,1,3,no,rshift,654,0
Hullócsillag,2,red,classic,1,6,no,lshift,462,0
Hullócsillag,2,red,classic,1,4,no,lshift,511,0
Hullócsillag,2,red,classic,1,2,no,lshift,722,0
Hullócsillag,2,red,classic,1,8,no,lshift,690,0
Hullócsillag,2,red,classic,1,4,no,lshift,577,0
Hullócsillag,2,red,classic,1,7,no,rshift,997,0
Hullócsillag,2,red,classic,1,9,no,rshift,491,0
Hullócsillag,2,red,classic,1,3,no,rshift,672,0
Hullócsillag,2,red,classic,1,2,no,lshift,474,0
Hullócsillag,2,red,classic,1,1,no,rshift,672,0
Hullócsillag,2,red,classic,1,1,no,rshift,566,0
Hullócsillag,2,red,classic,1,3,no,rshift,615,0
Hullócsillag,2,red,classic,1,4,no,lshift,858,0
Hullócsillag,2,red,classic,1,7,no,rshift,655,0
Hullócsillag,2,red,classic,1,1,no,rshift,556,0
Hullócsillag,2,red,classic,1,1,no,rshift,445,0
Hullócsillag,2,red,classic,1,8,no,lshift,565,0
Hullócsillag,2,red,classic,1,9,no,rshift,566,0
Hullócsillag,2,red,classic,1,8,no,lshift,431,0
Hullócsillag,2,red,classic,1,4,no,lshift,453,0
Hullócsillag,2,red,classic,1,6,no,lshift,581,0
Hullócsillag,2,red,classic,1,9,no,rshift,572,0
Hullócsillag,2,red,classic,1,9,no,rshift,487,0
Hullócsillag,2,red,classic,1,8,no,lshift,594,0
Hullócsillag,2,red,classic,1,9,no,rshift,498,0
Hullócsillag,2,red,classic,1,8,no,lshift,527,0
Hullócsillag,2,red,classic,1,6,no,lshift,481,0
Hullócsillag,2,red,classic,1,4,no,lshift,451,0
Hullócsillag,2,red,classic,1,4,no,lshift,488,0
Hullócsillag,2,red,classic,1,2,no,lshift,461,0
Hullócsillag,2,red,classic,0,3,no,lshift,679,0
Hullócsillag,2,red,classic,1,7,no,rshift,488,0
Hullócsillag,2,red,classic,1,7,no,rshift,439,0
Hullócsillag,2,red,classic,1,3,no,rshift,564,0
Hullócsillag,2,red,classic,1,4,no,lshift,904,0
Hullócsillag,2,red,classic,0,8,no,rshift,497,0
Hullócsillag,2,red,classic,1,2,no,lshift,496,0
Hullócsillag,2,red,classic,1,2,no,lshift,481,0
Hullócsillag,2,red,classic,1,8,no,lshift,606,0
Hullócsillag,2,red,classic,1,4,no,lshift,494,0
Hullócsillag,2,red,classic,1,2,no,lshift,567,0
Hullócsillag,2,red,classic,1,1,no,rshift,940,0
Hullócsillag,2,red,classic,1,3,no,rshift,687,0
Hullócsillag,2,red,classic,1,3,no,rshift,432,0
Hullócsillag,2,red,classic,1,9,no,rshift,668,0
Hullócsillag,2,red,classic,1,9,no,rshift,454,0
Hullócsillag,2,red,classic,1,9,no,rshift,1088,0
Hullócsillag,2,red,classic,1,6,no,lshift,651,0
Hullócsillag,2,red,classic,1,8,no,lshift,598,0
Hullócsillag,2,red,classic,1,3,no,rshift,625,0
Hullócsillag,2,red,classic,1,1,no,rshift,562,0
Hullócsillag,2,red,classic,1,7,no,rshift,580,0
Hullócsillag,2,red,classic,1,3,no,rshift,642,0
Hullócsillag,2,red,classic,1,7,no,rshift,426,0
Hullócsillag,2,red,classic,1,6,no,lshift,534,0
Hullócsillag,2,red,classic,1,1,no,rshift,824,0
Hullócsillag,2,red,classic,1,2,no,lshift,480,0
Hullócsillag,2,red,classic,1,3,no,rshift,639,0
Hullócsillag,2,red,classic,1,2,no,lshift,479,0
Hullócsillag,2,red,classic,1,8,no,lshift,647,0
Hullócsillag,2,red,classic,1,4,no,lshift,501,0
Hullócsillag,2,red,classic,1,6,no,lshift,499,0
Hullócsillag,2,red,classic,1,8,no,lshift,628,0
Hullócsillag,2,red,classic,1,6,no,lshift,527,0
Hullócsillag,2,red,classic,1,4,no,lshift,540,0
Hullócsillag,2,red,classic,1,6,no,lshift,446,0
Hullócsillag,2,red,classic,1,9,no,rshift,608,0
Hullócsillag,2,red,classic,1,1,no,rshift,677,0
Hullócsillag,2,red,classic,0,3,no,lshift,556,0
Hullócsillag,2,red,classic,1,7,no,rshift,947,0
Hullócsillag,2,red,classic,1,7,no,rshift,512,0
Hullócsillag,2,red,classic,1,1,no,rshift,679,0
Hullócsillag,2,red,classic,1,4,no,lshift,522,0
Hullócsillag,2,red,classic,1,6,no,lshift,475,0
Hullócsillag,2,red,classic,1,1,no,rshift,564,0
Hullócsillag,2,red,classic,1,2,no,lshift,503,0
Hullócsillag,2,red,classic,1,2,no,lshift,469,0
Hullócsillag,2,red,classic,1,7,no,rshift,481,0
Hullócsillag,2,red,classic,1,9,no,rshift,488,0
Hullócsillag,2,red,classic,1,8,no,lshift,504,0
Hullócsillag,1,red,classic,1,1,no,lshift,667,0
Hullócsillag,1,red,classic,1,4,no,rshift,535,0
Hullócsillag,1,red,classic,1,8,no,rshift,540,0
Hullócsillag,1,red,classic,1,9,no,lshift,532,0
Hullócsillag,1,red,classic,1,2,no,rshift,488,0
Hullócsillag,1,red,classic,1,7,no,lshift,514,0
Hullócsillag,1,red,classic,1,3,no,lshift,552,0
Hullócsillag,1,red,classic,1,2,no,rshift,451,0
Hullócsillag,1,red,classic,1,1,no,lshift,481,0
Hullócsillag,1,red,classic,1,6,no,rshift,517,0
Hullócsillag,1,red,classic,1,4,no,rshift,572,0
Hullócsillag,1,red,classic,1,3,no,lshift,541,0
Hullócsillag,1,red,classic,1,8,no,rshift,599,0
Hullócsillag,1,red,classic,1,3,no,lshift,686,0
Hullócsillag,1,red,classic,1,8,no,rshift,471,0
Hullócsillag,1,red,classic,1,9,no,lshift,886,0
Hullócsillag,1,red,classic,1,6,no,rshift,501,0
Hullócsillag,1,red,classic,1,3,no,lshift,509,0
Hullócsillag,1,red,classic,1,1,no,lshift,505,0
Hullócsillag,1,red,classic,1,7,no,lshift,762,0
Hullócsillag,1,red,classic,1,9,no,lshift,519,0
Hullócsillag,1,red,classic,1,8,no,rshift,698,0
Hullócsillag,1,red,classic,1,9,no,lshift,575,0
Hullócsillag,1,red,classic,1,3,no,lshift,482,0
Hullócsillag,1,red,classic,1,2,no,rshift,550,0
Hullócsillag,1,red,classic,1,2,no,rshift,831,0
Hullócsillag,1,red,classic,1,6,no,rshift,478,0
Hullócsillag,1,red,classic,1,2,no,rshift,524,0
Hullócsillag,1,red,classic,1,8,no,rshift,426,0
Hullócsillag,1,red,classic,1,3,no,lshift,548,0
Hullócsillag,1,red,classic,1,4,no,rshift,496,0
Hullócsillag,1,red,classic,0,2,no,lshift,485,0
Hullócsillag,1,red,classic,1,8,no,rshift,459,0
Hullócsillag,1,red,classic,1,7,no,lshift,536,0
Hullócsillag,1,red,classic,1,9,no,lshift,739,0
Hullócsillag,1,red,classic,1,7,no,lshift,526,0
Hullócsillag,1,red,classic,1,7,no,lshift,445,0
Hullócsillag,1,red,classic,1,4,no,rshift,562,0
Hullócsillag,1,red,classic,1,2,no,rshift,565,0
Hullócsillag,1,red,classic,1,6,no,rshift,585,0
Hullócsillag,1,red,classic,1,3,no,lshift,512,0
Hullócsillag,1,red,classic,1,9,no,lshift,583,0
Hullócsillag,1,red,classic,1,6,no,rshift,536,0
Hullócsillag,1,red,classic,1,1,no,lshift,575,0
Hullócsillag,1,red,classic,1,1,no,lshift,516,0
Hullócsillag,1,red,classic,1,8,no,rshift,562,0
Hullócsillag,1,red,classic,0,9,no,rshift,517,0
Hullócsillag,1,red,classic,1,6,no,rshift,915,0
Hullócsillag,1,red,classic,1,4,no,rshift,594,0
Hullócsillag,1,red,classic,1,9,no,lshift,649,0
Hullócsillag,1,red,classic,1,6,no,rshift,1471,0
Hullócsillag,1,red,classic,1,4,no,rshift,726,0
Hullócsillag,1,red,classic,1,4,no,rshift,461,0
Hullócsillag,1,red,classic,1,6,no,rshift,588,0
Hullócsillag,1,red,classic,1,7,no,lshift,619,0
Hullócsillag,1,red,classic,1,7,no,lshift,458,0
Hullócsillag,1,red,classic,1,6,no,rshift,593,0
Hullócsillag,1,red,classic,1,6,no,rshift,465,0
Hullócsillag,1,red,classic,1,3,no,lshift,514,0
Hullócsillag,1,red,classic,1,4,no,rshift,710,0
Hullócsillag,1,red,classic,1,9,no,lshift,619,0
Hullócsillag,1,red,classic,1,1,no,lshift,559,0
Hullócsillag,1,red,classic,1,1,no,lshift,514,0
Hullócsillag,1,red,classic,1,6,no,rshift,487,0
Hullócsillag,1,red,classic,1,9,no,lshift,601,0
Hullócsillag,1,red,classic,1,8,no,rshift,602,0
Hullócsillag,1,red,classic,1,6,no,rshift,490,0
Hullócsillag,1,red,classic,1,2,no,rshift,569,0
Hullócsillag,1,red,classic,1,4,no,rshift,510,0
Hullócsillag,1,red,classic,1,4,no,rshift,429,0
Hullócsillag,1,red,classic,1,3,no,lshift,422,0
Hullócsillag,1,red,classic,1,1,no,lshift,461,0
Hullócsillag,1,red,classic,1,1,no,lshift,488,0
Hullócsillag,1,red,classic,1,2,no,rshift,458,0
Hullócsillag,1,red,classic,1,3,no,lshift,701,0
Hullócsillag,1,red,classic,1,4,no,rshift,529,0
Hullócsillag,1,red,classic,1,1,no,lshift,467,0
Hullócsillag,1,red,classic,0,9,no,rshift,474,0
Hullócsillag,1,red,classic,1,1,no,lshift,791,0
Hullócsillag,1,red,classic,1,2,no,rshift,592,0
Hullócsillag,1,red,classic,1,2,no,rshift,1056,0
Hullócsillag,1,red,classic,1,4,no,rshift,474,0
Hullócsillag,1,red,classic,1,6,no,rshift,494,0
Hullócsillag,1,red,classic,1,8,no,rshift,578,0
Hullócsillag,1,red,classic,1,2,no,rshift,782,0
Hullócsillag,1,red,classic,1,7,no,lshift,563,0
Hullócsillag,1,red,classic,1,9,no,lshift,622,0
Hullócsillag,1,red,classic,1,7,no,lshift,545,0
Hullócsillag,1,red,classic,1,7,no,lshift,530,0
Hullócsillag,1,red,classic,1,2,no,rshift,681,0
Hullócsillag,1,red,classic,1,8,no,rshift,435,0
Hullócsillag,1,red,classic,1,1,no,lshift,559,0
Hullócsillag,1,red,classic,1,4,no,rshift,614,0
Hullócsillag,1,red,classic,1,3,no,lshift,522,0
Hullócsillag,1,red,classic,1,2,no,rshift,550,0
Hullócsillag,1,red,classic,1,7,no,lshift,595,0
Hullócsillag,1,red,classic,1,4,no,rshift,823,0
Hullócsillag,1,red,classic,1,6,no,rshift,536,0
Hullócsillag,1,red,classic,1,7,no,lshift,567,0
Hullócsillag,1,red,classic,1,7,no,lshift,549,0
Hullócsillag,1,red,classic,1,8,no,rshift,475,0
Hullócsillag,1,red,classic,1,8,no,rshift,434,0
Hullócsillag,1,red,classic,1,7,no,lshift,406,0
Hullócsillag,1,red,classic,1,3,no,lshift,586,0
Hullócsillag,1,red,classic,1,1,no,lshift,441,0
Hullócsillag,1,red,classic,1,8,no,rshift,463,0
Hullócsillag,1,red,classic,1,3,no,lshift,435,0
Hullócsillag,1,red,classic,1,3,no,lshift,454,0
Hullócsillag,1,red,classic,0,9,no,rshift,567,0
Hullócsillag,1,red,classic,0,9,no,rshift,509,0
Hullócsillag,1,red,classic,0,8,no,lshift,490,0
Hullócsillag,1,red,classic,1,1,no,lshift,424,0
