ID_name,block,color,condition,correct_keyboard_response,number,practice,response_keyboard_response,response_time_keyboard_response,subject_nr
OMKNE6,0,blue,dot,1,8,yes,lshift,1163,1
OMKNE6,0,blue,dot,1,3,yes,lshift,528,1
OMKNE6,0,red,dot,1,1,yes,rshift,436,1
OMKNE6,0,blue,dot,1,6,yes,lshift,627,1
OMKNE6,0,red,dot,1,4,yes,rshift,520,1
OMKNE6,0,blue,dot,1,2,yes,lshift,477,1
OMKNE6,0,red,dot,1,9,yes,rshift,407,1
OMKNE6,0,blue,dot,1,1,yes,lshift,626,1
OMKNE6,0,blue,dot,1,4,yes,lshift,423,1
OMKNE6,0,blue,dot,1,7,yes,lshift,508,1
OMKNE6,0,red,dot,1,8,yes,rshift,430,1
OMKNE6,0,blue,dot,1,9,yes,lshift,468,1
OMKNE6,0,red,dot,1,6,yes,rshift,373,1
OMKNE6,0,red,dot,1,7,yes,rshift,410,1
OMKNE6,0,red,dot,1,2,yes,rshift,434,1
OMKNE6,0,red,dot,1,3,yes,rshift,406,1
OMKNE6,1,blue,dot,1,7,no,lshift,619,1
OMKNE6,1,red,dot,1,9,no,rshift,337,1
OMKNE6,1,red,dot,1,3,no,rshift,320,1
OMKNE6,1,red,dot,1,3,no,rshift,368,1
OMKNE6,1,red,dot,1,3,no,rshift,382,1
OMKNE6,1,blue,dot,1,8,no,lshift,439,1
OMKNE6,1,red,dot,1,8,no,rshift,394,1
OMKNE6,1,red,dot,1,2,no,rshift,352,1
OMKNE6,1,red,dot,1,7,no,rshift,382,1
OMKNE6,1,blue,dot,1,8,no,lshift,416,1
OMKNE6,1,blue,dot,1,6,no,lshift,453,1
OMKNE6,1,blue,dot,1,9,no,lshift,421,1
OMKNE6,1,blue,dot,1,2,no,lshift,395,1
OMKNE6,1,blue,dot,1,4,no,lshift,421,1
OMKNE6,1,blue,dot,1,4,no,lshift,6983,1
OMKNE6,1,red,dot,1,1,no,rshift,328,1
OMKNE6,1,blue,dot,1,6,no,lshift,411,1
OMKNE6,1,blue,dot,1,9,no,lshift,423,1
OMKNE6,1,blue,dot,1,1,no,lshift,394,1
OMKNE6,1,blue,dot,1,2,no,lshift,396,1
OMKNE6,1,blue,dot,0,9,no,rshift,538,1
OMKNE6,1,red,dot,1,3,no,rshift,409,1
OMKNE6,1,blue,dot,1,9,no,lshift,432,1
OMKNE6,1,red,dot,1,8,no,rshift,436,1
OMKNE6,1,red,dot,1,4,no,rshift,391,1
OMKNE6,1,red,dot,1,7,no,rshift,392,1
OMKNE6,1,red,dot,1,2,no,rshift,342,1
OMKNE6,1,red,dot,1,3,no,rshift,357,1
OMKNE6,1,red,dot,1,8,no,rshift,632,1
OMKNE6,1,blue,dot,1,1,no,lshift,371,1
OMKNE6,1,red,dot,1,2,no,rshift,440,1
OMKNE6,1,blue,dot,1,7,no,lshift,348,1
OMKNE6,1,blue,dot,1,8,no,lshift,412,1
OMKNE6,1,blue,dot,1,6,no,lshift,356,1
OMKNE6,1,red,dot,1,9,no,rshift,283,1
OMKNE6,1,blue,dot,1,1,no,lshift,370,1
OMKNE6,1,blue,dot,1,2,no,lshift,424,1
OMKNE6,1,blue,dot,1,1,no,lshift,391,1
OMKNE6,1,blue,dot,1,1,no,lshift,390,1
OMKNE6,1,blue,dot,1,6,no,lshift,401,1
OMKNE6,1,blue,dot,1,3,no,lshift,374,1
OMKNE6,1,blue,dot,1,7,no,lshift,390,1
OMKNE6,1,red,dot,1,8,no,rshift,411,1
OMKNE6,1,red,dot,0,2,no,lshift,315,1
OMKNE6,1,red,dot,1,9,no,rshift,379,1
OMKNE6,1,red,dot,1,6,no,rshift,380,1
OMKNE6,1,red,dot,1,3,no,rshift,400,1
OMKNE6,1,red,dot,1,2,no,rshift,836,1
OMKNE6,1,blue,dot,1,7,no,lshift,682,1
OMKNE6,1,red,dot,1,2,no,rshift,455,1
OMKNE6,1,red,dot,1,6,no,rshift,381,1
OMKNE6,1,blue,dot,1,2,no,lshift,401,1
OMKNE6,1,blue,dot,1,9,no,lshift,392,1
OMKNE6,1,blue,dot,1,4,no,lshift,398,1
OMKNE6,1,red,dot,1,9,no,rshift,349,1
OMKNE6,1,blue,dot,1,7,no,lshift,423,1
OMKNE6,1,red,dot,1,2,no,rshift,567,1
OMKNE6,1,red,dot,1,6,no,rshift,350,1
OMKNE6,1,red,dot,1,8,no,rshift,389,1
OMKNE6,1,red,dot,1,8,no,rshift,319,1
OMKNE6,1,blue,dot,1,9,no,lshift,560,1
OMKNE6,1,blue,dot,1,3,no,lshift,531,1
OMKNE6,1,blue,dot,1,4,no,lshift,453,1
OMKNE6,1,red,dot,1,6,no,rshift,355,1
OMKNE6,1,blue,dot,1,2,no,lshift,395,1
OMKNE6,1,red,dot,1,9,no,rshift,373,1
OMKNE6,1,red,dot,1,1,no,rshift,329,1
OMKNE6,1,blue,dot,1,8,no,lshift,372,1
OMKNE6,1,blue,dot,0,7,no,rshift,358,1
OMKNE6,1,red,dot,1,6,no,rshift,315,1
OMKNE6,1,red,dot,1,7,no,rshift,408,1
OMKNE6,1,red,dot,1,3,no,rshift,427,1
OMKNE6,1,blue,dot,1,7,no,lshift,421,1
OMKNE6,1,blue,dot,1,2,no,lshift,417,1
OMKNE6,1,red,dot,1,4,no,rshift,366,1
OMKNE6,1,red,dot,1,2,no,rshift,378,1
OMKNE6,1,blue,dot,1,3,no,lshift,481,1
OMKNE6,1,red,dot,1,9,no,rshift,413,1
OMKNE6,1,blue,dot,1,4,no,lshift,433,1
OMKNE6,1,blue,dot,1,9,no,lshift,532,1
OMKNE6,1,blue,dot,1,8,no,lshift,424,1
OMKNE6,1,blue,dot,1,3,no,lshift,403,1
OMKNE6,1,red,dot,1,4,no,rshift,425,1
OMKNE6,1,red,dot,1,9,no,rshift,340,1
OMKNE6,1,red,dot,1,7,no,rshift,328,1
OMKNE6,1,blue,dot,1,2,no,lshift,388,1
OMKNE6,1,red,dot,1,4,no,rshift,437,1
OMKNE6,1,blue,dot,1,9,no,lshift,398,1
OMKNE6,1,red,dot,1,9,no,rshift,499,1
OMKNE6,1,blue,dot,1,4,no,lshift,429,1
OMKNE6,1,red,dot,1,1,no,rshift,315,1
OMKNE6,1,blue,dot,1,4,no,lshift,275,1
OMKNE6,1,red,dot,1,1,no,rshift,390,1
OMKNE6,1,blue,dot,1,9,no,lshift,379,1
OMKNE6,1,red,dot,1,7,no,rshift,283,1
OMKNE6,1,red,dot,1,7,no,rshift,357,1
OMKNE6,1,blue,dot,1,3,no,lshift,265,1
OMKNE6,1,red,dot,1,8,no,rshift,376,1
OMKNE6,1,red,dot,1,2,no,rshift,374,1
OMKNE6,1,red,dot,1,1,no,rshift,232,1
OMKNE6,1,blue,dot,1,1,no,lshift,326,1
OMKNE6,1,blue,dot,0,3,no,rshift,278,1
OMKNE6,1,red,dot,1,7,no,rshift,349,1
OMKNE6,1,blue,dot,1,2,no,lshift,329,1
OMKNE6,1,blue,dot,1,8,no,lshift,412,1
OMKNE6,1,blue,dot,1,1,no,lshift,395,1
OMKNE6,1,blue,dot,1,6,no,lshift,368,1
OMKNE6,1,red,dot,1,8,no,rshift,495,1
OMKNE6,1,red,dot,1,1,no,rshift,350,1
OMKNE6,1,blue,dot,1,3,no,lshift,450,1
OMKNE6,1,red,dot,1,3,no,rshift,388,1
OMKNE6,1,blue,dot,0,7,no,rshift,402,1
OMKNE6,1,blue,dot,0,3,no,rshift,337,1
OMKNE6,1,red,dot,1,8,no,rshift,443,1
OMKNE6,1,blue,dot,1,6,no,lshift,391,1
OMKNE6,1,blue,dot,1,7,no,lshift,362,1
OMKNE6,1,red,dot,1,6,no,rshift,665,1
OMKNE6,1,red,dot,1,1,no,rshift,325,1
OMKNE6,1,red,dot,1,9,no,rshift,397,1
OMKNE6,1,red,dot,1,4,no,rshift,376,1
OMKNE6,1,red,dot,1,7,no,rshift,351,1
OMKNE6,1,blue,dot,1,9,no,lshift,2239,1
OMKNE6,1,red,dot,1,4,no,rshift,344,1
OMKNE6,1,blue,dot,1,8,no,lshift,423,1
OMKNE6,1,red,dot,1,6,no,rshift,335,1
OMKNE6,1,blue,dot,1,6,no,lshift,403,1
OMKNE6,1,blue,dot,1,6,no,lshift,386,1
OMKNE6,1,blue,dot,1,4,no,lshift,370,1
OMKNE6,1,blue,dot,1,1,no,lshift,444,1
OMKNE6,1,red,dot,1,6,no,rshift,338,1
OMKNE6,1,blue,dot,1,2,no,lshift,395,1
OMKNE6,1,red,dot,0,8,no,lshift,344,1
OMKNE6,1,blue,dot,1,3,no,lshift,428,1
OMKNE6,1,red,dot,1,6,no,rshift,329,1
OMKNE6,1,blue,dot,1,6,no,lshift,443,1
OMKNE6,1,blue,dot,1,4,no,lshift,483,1
OMKNE6,1,blue,dot,1,8,no,lshift,458,1
OMKNE6,1,red,dot,1,2,no,rshift,381,1
OMKNE6,1,red,dot,1,6,no,rshift,442,1
OMKNE6,1,red,dot,1,4,no,rshift,422,1
OMKNE6,1,red,dot,1,3,no,rshift,382,1
OMKNE6,1,blue,dot,1,6,no,lshift,407,1
OMKNE6,1,blue,dot,1,1,no,lshift,409,1
OMKNE6,1,blue,dot,1,4,no,lshift,426,1
OMKNE6,1,red,dot,0,4,no,lshift,269,1
OMKNE6,1,red,dot,1,3,no,rshift,381,1
OMKNE6,1,red,dot,1,7,no,rshift,322,1
OMKNE6,1,red,dot,1,9,no,rshift,400,1
OMKNE6,1,blue,dot,1,2,no,lshift,319,1
OMKNE6,1,red,dot,1,4,no,rshift,268,1
OMKNE6,1,blue,dot,1,3,no,lshift,355,1
OMKNE6,1,blue,dot,1,8,no,lshift,511,1
OMKNE6,1,red,dot,1,1,no,rshift,240,1
OMKNE6,1,red,dot,1,1,no,rshift,342,1
OMKNE6,1,blue,dot,1,8,no,lshift,347,1
OMKNE6,1,red,dot,1,7,no,rshift,318,1
OMKNE6,1,blue,dot,1,7,no,lshift,447,1
OMKNE6,1,red,dot,1,4,no,rshift,267,1
OMKNE6,1,blue,dot,1,1,no,lshift,351,1
OMKNE6,1,red,dot,1,1,no,rshift,263,1
OMKNE6,2,red,dot,1,8,no,rshift,1594,1
OMKNE6,2,red,dot,1,1,no,rshift,500,1
OMKNE6,2,red,dot,1,7,no,rshift,401,1
OMKNE6,2,red,dot,1,1,no,rshift,389,1
OMKNE6,2,red,dot,1,6,no,rshift,336,1
OMKNE6,2,blue,dot,1,2,no,lshift,542,1
OMKNE6,2,blue,dot,1,3,no,lshift,455,1
OMKNE6,2,blue,dot,1,1,no,lshift,450,1
OMKNE6,2,red,dot,1,8,no,rshift,325,1
OMKNE6,2,blue,dot,0,9,no,rshift,370,1
OMKNE6,2,blue,dot,1,4,no,lshift,477,1
OMKNE6,2,red,dot,1,3,no,rshift,363,1
OMKNE6,2,blue,dot,1,6,no,lshift,356,1
OMKNE6,2,red,dot,1,6,no,rshift,383,1
OMKNE6,2,red,dot,1,3,no,rshift,330,1
OMKNE6,2,red,dot,1,3,no,rshift,306,1
OMKNE6,2,red,dot,1,9,no,rshift,343,1
OMKNE6,2,blue,dot,1,2,no,lshift,416,1
OMKNE6,2,blue,dot,1,1,no,lshift,405,1
OMKNE6,2,blue,dot,1,7,no,lshift,427,1
OMKNE6,2,red,dot,1,7,no,rshift,331,1
OMKNE6,2,blue,dot,1,9,no,lshift,380,1
OMKNE6,2,blue,dot,1,1,no,lshift,372,1
OMKNE6,2,red,dot,1,6,no,rshift,360,1
OMKNE6,2,red,dot,1,1,no,rshift,430,1
OMKNE6,2,red,dot,1,1,no,rshift,350,1
OMKNE6,2,red,dot,1,4,no,rshift,405,1
OMKNE6,2,blue,dot,1,7,no,lshift,396,1
OMKNE6,2,red,dot,1,9,no,rshift,340,1
OMKNE6,2,blue,dot,1,9,no,lshift,346,1
OMKNE6,2,red,dot,0,1,no,lshift,332,1
OMKNE6,2,blue,dot,1,4,no,lshift,495,1
OMKNE6,2,red,dot,1,2,no,rshift,399,1
OMKNE6,2,red,dot,1,7,no,rshift,374,1
OMKNE6,2,blue,dot,1,1,no,lshift,411,1
OMKNE6,2,blue,dot,1,7,no,lshift,436,1
OMKNE6,2,blue,dot,1,9,no,lshift,519,1
OMKNE6,2,blue,dot,1,4,no,lshift,424,1
OMKNE6,2,red,dot,1,2,no,rshift,411,1
OMKNE6,2,blue,dot,1,6,no,lshift,451,1
OMKNE6,2,blue,dot,1,3,no,lshift,417,1
OMKNE6,2,red,dot,1,6,no,rshift,323,1
OMKNE6,2,red,dot,1,2,no,rshift,362,1
OMKNE6,2,blue,dot,1,4,no,lshift,326,1
OMKNE6,2,blue,dot,1,6,no,lshift,377,1
OMKNE6,2,blue,dot,1,3,no,lshift,410,1
OMKNE6,2,red,dot,1,6,no,rshift,406,1
OMKNE6,2,blue,dot,1,2,no,lshift,364,1
OMKNE6,2,red,dot,1,9,no,rshift,505,1
OMKNE6,2,blue,dot,1,6,no,lshift,436,1
OMKNE6,2,red,dot,1,7,no,rshift,1103,1
OMKNE6,2,red,dot,0,4,no,lshift,722,1
OMKNE6,2,blue,dot,1,1,no,lshift,508,1
OMKNE6,2,red,dot,1,9,no,rshift,337,1
OMKNE6,2,blue,dot,1,8,no,lshift,374,1
OMKNE6,2,blue,dot,1,9,no,lshift,402,1
OMKNE6,2,red,dot,1,8,no,rshift,319,1
OMKNE6,2,red,dot,1,8,no,rshift,332,1
OMKNE6,2,blue,dot,1,1,no,lshift,443,1
OMKNE6,2,blue,dot,1,9,no,lshift,475,1
OMKNE6,2,blue,dot,1,2,no,lshift,431,1
OMKNE6,2,red,dot,1,6,no,rshift,310,1
OMKNE6,2,blue,dot,1,4,no,lshift,551,1
OMKNE6,2,red,dot,1,2,no,rshift,290,1
OMKNE6,2,red,dot,1,2,no,rshift,318,1
OMKNE6,2,red,dot,0,8,no,lshift,302,1
OMKNE6,2,blue,dot,1,3,no,lshift,435,1
OMKNE6,2,red,dot,1,8,no,rshift,344,1
OMKNE6,2,blue,dot,1,2,no,lshift,384,1
OMKNE6,2,red,dot,1,7,no,rshift,337,1
OMKNE6,2,blue,dot,1,8,no,lshift,386,1
OMKNE6,2,blue,dot,1,6,no,lshift,418,1
OMKNE6,2,blue,dot,1,7,no,lshift,529,1
OMKNE6,2,blue,dot,1,1,no,lshift,421,1
OMKNE6,2,blue,dot,1,6,no,lshift,455,1
OMKNE6,2,blue,dot,1,7,no,lshift,1381,1
OMKNE6,2,blue,dot,1,2,no,lshift,681,1
OMKNE6,2,blue,dot,1,2,no,lshift,488,1
OMKNE6,2,blue,dot,1,9,no,lshift,358,1
OMKNE6,2,red,dot,1,9,no,rshift,377,1
OMKNE6,2,red,dot,1,9,no,rshift,298,1
OMKNE6,2,blue,dot,1,2,no,lshift,404,1
OMKNE6,2,red,dot,1,4,no,rshift,554,1
OMKNE6,2,blue,dot,1,7,no,lshift,392,1
OMKNE6,2,blue,dot,1,8,no,lshift,476,1
OMKNE6,2,red,dot,0,6,no,lshift,341,1
OMKNE6,2,blue,dot,1,4,no,lshift,428,1
OMKNE6,2,red,dot,1,4,no,rshift,456,1
OMKNE6,2,red,dot,1,4,no,rshift,416,1
OMKNE6,2,blue,dot,1,3,no,lshift,322,1
OMKNE6,2,red,dot,1,3,no,rshift,301,1
OMKNE6,2,blue,dot,1,8,no,lshift,593,1
OMKNE6,2,red,dot,1,3,no,rshift,312,1
OMKNE6,2,blue,dot,1,1,no,lshift,371,1
OMKNE6,2,red,dot,1,3,no,rshift,370,1
OMKNE6,2,blue,dot,1,8,no,lshift,396,1
OMKNE6,2,red,dot,1,7,no,rshift,283,1
OMKNE6,2,red,dot,1,8,no,rshift,343,1
OMKNE6,2,blue,dot,1,3,no,lshift,330,1
OMKNE6,2,red,dot,1,6,no,rshift,296,1
OMKNE6,2,blue,dot,1,9,no,lshift,379,1
OMKNE6,2,red,dot,1,9,no,rshift,365,1
OMKNE6,2,red,dot,1,2,no,rshift,370,1
OMKNE6,2,blue,dot,1,8,no,lshift,347,1
OMKNE6,2,blue,dot,1,4,no,lshift,372,1
OMKNE6,2,blue,dot,1,8,no,lshift,405,1
OMKNE6,2,red,dot,1,7,no,rshift,414,1
OMKNE6,2,red,dot,1,4,no,rshift,716,1
OMKNE6,2,blue,dot,1,6,no,lshift,317,1
OMKNE6,2,blue,dot,1,8,no,lshift,448,1
OMKNE6,2,blue,dot,0,7,no,rshift,387,1
OMKNE6,2,red,dot,1,8,no,rshift,283,1
OMKNE6,2,blue,dot,1,6,no,lshift,409,1
OMKNE6,2,red,dot,1,4,no,rshift,353,1
OMKNE6,2,blue,dot,1,8,no,lshift,325,1
OMKNE6,2,red,dot,1,2,no,rshift,318,1
OMKNE6,2,red,dot,1,9,no,rshift,306,1
OMKNE6,2,red,dot,0,7,no,lshift,264,1
OMKNE6,2,red,dot,1,8,no,rshift,422,1
OMKNE6,2,red,dot,1,3,no,rshift,320,1
OMKNE6,2,red,dot,1,3,no,rshift,300,1
OMKNE6,2,blue,dot,1,1,no,lshift,392,1
OMKNE6,2,red,dot,1,1,no,rshift,436,1
OMKNE6,2,blue,dot,1,8,no,lshift,381,1
OMKNE6,2,blue,dot,1,9,no,lshift,366,1
OMKNE6,2,blue,dot,1,3,no,lshift,223,1
OMKNE6,2,red,dot,1,2,no,rshift,364,1
OMKNE6,2,red,dot,1,9,no,rshift,459,1
OMKNE6,2,red,dot,0,6,no,lshift,271,1
OMKNE6,2,blue,dot,1,3,no,lshift,482,1
OMKNE6,2,blue,dot,1,3,no,lshift,414,1
OMKNE6,2,red,dot,1,1,no,rshift,308,1
OMKNE6,2,blue,dot,1,1,no,lshift,395,1
OMKNE6,2,red,dot,1,2,no,rshift,433,1
OMKNE6,2,blue,dot,1,6,no,lshift,356,1
OMKNE6,2,red,dot,1,4,no,rshift,328,1
OMKNE6,2,red,dot,1,2,no,rshift,277,1
OMKNE6,2,blue,dot,1,9,no,lshift,440,1
OMKNE6,2,red,dot,1,4,no,rshift,273,1
OMKNE6,2,red,dot,1,8,no,rshift,284,1
OMKNE6,2,red,dot,1,3,no,rshift,297,1
OMKNE6,2,red,dot,1,1,no,rshift,345,1
OMKNE6,2,blue,dot,1,7,no,lshift,420,1
OMKNE6,2,red,dot,1,9,no,rshift,298,1
OMKNE6,2,red,dot,1,1,no,rshift,323,1
OMKNE6,2,blue,dot,1,4,no,lshift,483,1
OMKNE6,2,blue,dot,1,6,no,lshift,469,1
OMKNE6,2,blue,dot,1,7,no,lshift,409,1
OMKNE6,2,red,dot,0,7,no,lshift,490,1
OMKNE6,2,blue,dot,1,7,no,lshift,653,1
OMKNE6,2,red,dot,1,7,no,rshift,631,1
OMKNE6,2,red,dot,1,1,no,rshift,346,1
OMKNE6,2,red,dot,1,6,no,rshift,283,1
OMKNE6,2,red,dot,1,3,no,rshift,316,1
OMKNE6,2,blue,dot,1,3,no,lshift,409,1
OMKNE6,2,blue,dot,1,4,no,lshift,260,1
OMKNE6,2,blue,dot,1,4,no,lshift,573,1
OMKNE6,2,red,dot,1,4,no,rshift,452,1
OMKNE6,2,blue,dot,1,2,no,lshift,384,1
OMKNE6,2,blue,dot,1,2,no,lshift,383,1
OMKNE6,3,blue,dot,1,9,no,lshift,554,1
OMKNE6,3,red,dot,1,9,no,rshift,257,1
OMKNE6,3,blue,dot,1,1,no,lshift,411,1
OMKNE6,3,blue,dot,0,2,no,rshift,248,1
OMKNE6,3,blue,dot,1,2,no,lshift,321,1
OMKNE6,3,red,dot,1,4,no,rshift,296,1
OMKNE6,3,red,dot,1,1,no,rshift,355,1
OMKNE6,3,red,dot,1,7,no,rshift,438,1
OMKNE6,3,blue,dot,1,2,no,lshift,386,1
OMKNE6,3,blue,dot,1,8,no,lshift,350,1
OMKNE6,3,red,dot,1,1,no,rshift,303,1
OMKNE6,3,red,dot,1,1,no,rshift,334,1
OMKNE6,3,blue,dot,1,1,no,lshift,378,1
OMKNE6,3,blue,dot,1,6,no,lshift,291,1
OMKNE6,3,blue,dot,1,2,no,lshift,341,1
OMKNE6,3,red,dot,1,2,no,rshift,565,1
OMKNE6,3,red,dot,1,2,no,rshift,577,1
OMKNE6,3,blue,dot,1,9,no,lshift,351,1
OMKNE6,3,red,dot,0,3,no,lshift,353,1
OMKNE6,3,red,dot,1,7,no,rshift,367,1
OMKNE6,3,red,dot,1,3,no,rshift,370,1
OMKNE6,3,blue,dot,1,8,no,lshift,618,1
OMKNE6,3,red,dot,1,1,no,rshift,308,1
OMKNE6,3,red,dot,1,7,no,rshift,312,1
OMKNE6,3,red,dot,0,8,no,lshift,299,1
OMKNE6,3,red,dot,1,7,no,rshift,413,1
OMKNE6,3,blue,dot,1,7,no,lshift,410,1
OMKNE6,3,red,dot,1,8,no,rshift,335,1
OMKNE6,3,blue,dot,1,3,no,lshift,337,1
OMKNE6,3,blue,dot,1,4,no,lshift,403,1
OMKNE6,3,blue,dot,0,9,no,rshift,395,1
OMKNE6,3,blue,dot,1,6,no,lshift,479,1
OMKNE6,3,red,dot,1,6,no,rshift,364,1
OMKNE6,3,red,dot,1,9,no,rshift,328,1
OMKNE6,3,blue,dot,1,3,no,lshift,360,1
OMKNE6,3,red,dot,1,8,no,rshift,355,1
OMKNE6,3,blue,dot,1,7,no,lshift,471,1
OMKNE6,3,red,dot,1,9,no,rshift,330,1
OMKNE6,3,red,dot,0,7,no,lshift,302,1
OMKNE6,3,blue,dot,1,6,no,lshift,331,1
OMKNE6,3,red,dot,1,2,no,rshift,316,1
OMKNE6,3,blue,dot,1,4,no,lshift,366,1
OMKNE6,3,blue,dot,1,4,no,lshift,378,1
OMKNE6,3,blue,dot,1,7,no,lshift,383,1
OMKNE6,3,blue,dot,1,3,no,lshift,365,1
OMKNE6,3,blue,dot,1,4,no,lshift,444,1
OMKNE6,3,blue,dot,1,6,no,lshift,546,1
OMKNE6,3,blue,dot,1,7,no,lshift,307,1
OMKNE6,3,red,dot,1,6,no,rshift,427,1
OMKNE6,3,red,dot,1,8,no,rshift,368,1
OMKNE6,3,red,dot,1,2,no,rshift,290,1
OMKNE6,3,blue,dot,1,8,no,lshift,373,1
OMKNE6,3,red,dot,1,1,no,rshift,378,1
OMKNE6,3,red,dot,1,1,no,rshift,384,1
OMKNE6,3,blue,dot,1,7,no,lshift,473,1
OMKNE6,3,blue,dot,1,1,no,lshift,403,1
OMKNE6,3,blue,dot,1,8,no,lshift,387,1
OMKNE6,3,blue,dot,1,1,no,lshift,369,1
OMKNE6,3,blue,dot,1,4,no,lshift,379,1
OMKNE6,3,blue,dot,1,7,no,lshift,395,1
OMKNE6,3,blue,dot,1,3,no,lshift,316,1
OMKNE6,3,blue,dot,1,8,no,lshift,326,1
OMKNE6,3,red,dot,1,6,no,rshift,315,1
OMKNE6,3,red,dot,1,6,no,rshift,449,1
OMKNE6,3,blue,dot,1,8,no,lshift,394,1
OMKNE6,3,red,dot,1,1,no,rshift,311,1
OMKNE6,3,blue,dot,1,1,no,lshift,453,1
OMKNE6,3,blue,dot,1,3,no,lshift,282,1
OMKNE6,3,red,dot,0,4,no,lshift,343,1
OMKNE6,3,blue,dot,1,9,no,lshift,396,1
OMKNE6,3,blue,dot,1,2,no,lshift,395,1
OMKNE6,3,blue,dot,1,8,no,lshift,318,1
OMKNE6,3,red,dot,1,6,no,rshift,325,1
OMKNE6,3,blue,dot,0,2,no,rshift,334,1
OMKNE6,3,red,dot,1,2,no,rshift,358,1
OMKNE6,3,red,dot,1,3,no,rshift,443,1
OMKNE6,3,blue,dot,1,7,no,lshift,331,1
OMKNE6,3,blue,dot,1,6,no,lshift,317,1
OMKNE6,3,blue,dot,1,2,no,lshift,389,1
OMKNE6,3,red,dot,1,4,no,rshift,405,1
OMKNE6,3,blue,dot,1,3,no,lshift,463,1
OMKNE6,3,red,dot,1,2,no,rshift,421,1
OMKNE6,3,red,dot,0,4,no,lshift,271,1
OMKNE6,3,red,dot,1,1,no,rshift,366,1
OMKNE6,3,red,dot,1,7,no,rshift,416,1
OMKNE6,3,blue,dot,1,6,no,lshift,417,1
OMKNE6,3,blue,dot,1,4,no,lshift,428,1
OMKNE6,3,red,dot,0,9,no,lshift,335,1
OMKNE6,3,red,dot,1,3,no,rshift,462,1
OMKNE6,3,red,dot,1,6,no,rshift,364,1
OMKNE6,3,red,dot,1,3,no,rshift,364,1
OMKNE6,3,red,dot,1,2,no,rshift,549,1
OMKNE6,3,blue,dot,1,8,no,lshift,397,1
OMKNE6,3,red,dot,1,8,no,rshift,333,1
OMKNE6,3,red,dot,1,9,no,rshift,388,1
OMKNE6,3,red,dot,1,3,no,rshift,418,1
OMKNE6,3,red,dot,1,8,no,rshift,352,1
OMKNE6,3,blue,dot,1,7,no,lshift,417,1
OMKNE6,3,blue,dot,1,8,no,lshift,449,1
OMKNE6,3,red,dot,1,1,no,rshift,399,1
OMKNE6,3,blue,dot,1,1,no,lshift,367,1
OMKNE6,3,red,dot,1,9,no,rshift,422,1
OMKNE6,3,red,dot,1,3,no,rshift,366,1
OMKNE6,3,blue,dot,1,4,no,lshift,432,1
OMKNE6,3,blue,dot,1,9,no,lshift,591,1
OMKNE6,3,blue,dot,0,9,no,rshift,349,1
OMKNE6,3,blue,dot,1,9,no,lshift,399,1
OMKNE6,3,red,dot,1,6,no,rshift,428,1
OMKNE6,3,blue,dot,1,3,no,lshift,374,1
OMKNE6,3,blue,dot,1,2,no,lshift,393,1
OMKNE6,3,red,dot,1,4,no,rshift,428,1
OMKNE6,3,red,dot,1,8,no,rshift,427,1
OMKNE6,3,red,dot,1,2,no,rshift,425,1
OMKNE6,3,blue,dot,1,3,no,lshift,365,1
OMKNE6,3,red,dot,1,2,no,rshift,405,1
OMKNE6,3,red,dot,1,6,no,rshift,419,1
OMKNE6,3,blue,dot,1,9,no,lshift,394,1
OMKNE6,3,red,dot,1,6,no,rshift,408,1
OMKNE6,3,blue,dot,1,2,no,lshift,527,1
OMKNE6,3,red,dot,1,7,no,rshift,326,1
OMKNE6,3,blue,dot,1,9,no,lshift,434,1
OMKNE6,3,red,dot,1,8,no,rshift,400,1
OMKNE6,3,red,dot,1,4,no,rshift,436,1
OMKNE6,3,blue,dot,1,1,no,lshift,429,1
OMKNE6,3,blue,dot,1,1,no,lshift,450,1
OMKNE6,3,blue,dot,1,6,no,lshift,390,1
OMKNE6,3,blue,dot,1,3,no,lshift,296,1
OMKNE6,3,red,dot,1,7,no,rshift,449,1
OMKNE6,3,red,dot,1,8,no,rshift,330,1
OMKNE6,3,red,dot,1,9,no,rshift,296,1
OMKNE6,3,red,dot,1,3,no,rshift,400,1
OMKNE6,3,blue,dot,1,6,no,lshift,423,1
OMKNE6,3,blue,dot,1,3,no,lshift,492,1
OMKNE6,3,blue,dot,1,6,no,lshift,411,1
OMKNE6,3,red,dot,1,4,no,rshift,429,1
OMKNE6,3,blue,dot,1,7,no,lshift,329,1
OMKNE6,3,red,dot,0,9,no,lshift,341,1
OMKNE6,3,red,dot,0,4,no,lshift,348,1
OMKNE6,3,red,dot,1,3,no,rshift,360,1
OMKNE6,3,blue,dot,1,8,no,lshift,463,1
OMKNE6,3,red,dot,1,2,no,rshift,295,1
OMKNE6,3,red,dot,1,1,no,rshift,331,1
OMKNE6,3,blue,dot,1,7,no,lshift,364,1
OMKNE6,3,red,dot,1,7,no,rshift,453,1
OMKNE6,3,red,dot,1,3,no,rshift,314,1
OMKNE6,3,blue,dot,1,4,no,lshift,378,1
OMKNE6,3,red,dot,1,4,no,rshift,346,1
OMKNE6,3,red,dot,1,4,no,rshift,375,1
OMKNE6,3,red,dot,1,7,no,rshift,319,1
OMKNE6,3,blue,dot,1,2,no,lshift,395,1
OMKNE6,3,red,dot,1,9,no,rshift,466,1
OMKNE6,3,red,dot,1,8,no,rshift,399,1
OMKNE6,3,blue,dot,1,1,no,lshift,383,1
OMKNE6,3,blue,dot,1,6,no,lshift,431,1
OMKNE6,3,blue,dot,1,1,no,lshift,397,1
OMKNE6,3,blue,dot,1,4,no,lshift,388,1
OMKNE6,3,red,dot,1,6,no,rshift,462,1
OMKNE6,3,blue,dot,0,9,no,rshift,430,1
OMKNE6,3,blue,dot,1,4,no,lshift,528,1
OMKNE6,3,red,dot,1,9,no,rshift,470,1
OMKNE6,0,red,arab,1,3,yes,rshift,1156,1
OMKNE6,0,blue,arab,1,9,yes,lshift,397,1
OMKNE6,0,red,arab,1,9,yes,rshift,325,1
OMKNE6,0,red,arab,1,8,yes,rshift,387,1
OMKNE6,0,blue,arab,1,4,yes,lshift,391,1
OMKNE6,0,red,arab,1,7,yes,rshift,298,1
OMKNE6,0,blue,arab,1,1,yes,lshift,675,1
OMKNE6,0,blue,arab,1,2,yes,lshift,417,1
OMKNE6,0,blue,arab,1,3,yes,lshift,287,1
OMKNE6,0,blue,arab,1,7,yes,lshift,340,1
OMKNE6,0,red,arab,1,6,yes,rshift,303,1
OMKNE6,0,blue,arab,1,6,yes,lshift,354,1
OMKNE6,0,red,arab,0,4,yes,lshift,235,1
OMKNE6,0,red,arab,1,1,yes,rshift,389,1
OMKNE6,0,red,arab,1,2,yes,rshift,367,1
OMKNE6,0,blue,arab,1,8,yes,lshift,332,1
OMKNE6,1,red,arab,1,3,no,rshift,670,1
OMKNE6,1,red,arab,1,4,no,rshift,448,1
OMKNE6,1,red,arab,1,1,no,rshift,450,1
OMKNE6,1,red,arab,1,4,no,rshift,332,1
OMKNE6,1,blue,arab,1,3,no,lshift,377,1
OMKNE6,1,blue,arab,1,2,no,lshift,393,1
OMKNE6,1,red,arab,1,2,no,rshift,375,1
OMKNE6,1,blue,arab,1,2,no,lshift,454,1
OMKNE6,1,red,arab,1,7,no,rshift,405,1
OMKNE6,1,red,arab,1,6,no,rshift,421,1
OMKNE6,1,blue,arab,1,1,no,lshift,498,1
OMKNE6,1,blue,arab,1,8,no,lshift,441,1
OMKNE6,1,red,arab,1,3,no,rshift,425,1
OMKNE6,1,red,arab,1,8,no,rshift,373,1
OMKNE6,1,blue,arab,1,8,no,lshift,474,1
OMKNE6,1,blue,arab,1,3,no,lshift,401,1
OMKNE6,1,blue,arab,1,8,no,lshift,422,1
OMKNE6,1,red,arab,1,6,no,rshift,447,1
OMKNE6,1,red,arab,1,7,no,rshift,469,1
OMKNE6,1,red,arab,1,6,no,rshift,394,1
OMKNE6,1,red,arab,1,8,no,rshift,371,1
OMKNE6,1,blue,arab,1,4,no,lshift,334,1
OMKNE6,1,red,arab,1,3,no,rshift,355,1
OMKNE6,1,red,arab,1,9,no,rshift,353,1
OMKNE6,1,blue,arab,1,1,no,lshift,644,1
OMKNE6,1,blue,arab,1,6,no,lshift,451,1
OMKNE6,1,blue,arab,1,9,no,lshift,397,1
OMKNE6,1,red,arab,1,6,no,rshift,332,1
OMKNE6,1,blue,arab,1,1,no,lshift,306,1
OMKNE6,1,blue,arab,1,8,no,lshift,411,1
OMKNE6,1,blue,arab,1,6,no,lshift,389,1
OMKNE6,1,blue,arab,1,4,no,lshift,410,1
OMKNE6,1,red,arab,0,3,no,lshift,250,1
OMKNE6,1,blue,arab,1,2,no,lshift,1817,1
OMKNE6,1,blue,arab,1,4,no,lshift,372,1
OMKNE6,1,blue,arab,1,2,no,lshift,302,1
OMKNE6,1,red,arab,1,1,no,rshift,288,1
OMKNE6,1,red,arab,1,2,no,rshift,316,1
OMKNE6,1,blue,arab,1,1,no,lshift,384,1
OMKNE6,1,blue,arab,1,4,no,lshift,362,1
OMKNE6,1,blue,arab,1,2,no,lshift,394,1
OMKNE6,1,red,arab,1,1,no,rshift,380,1
OMKNE6,1,red,arab,1,6,no,rshift,336,1
OMKNE6,1,red,arab,1,2,no,rshift,437,1
OMKNE6,1,red,arab,1,4,no,rshift,432,1
OMKNE6,1,red,arab,1,9,no,rshift,306,1
OMKNE6,1,blue,arab,1,6,no,lshift,461,1
OMKNE6,1,red,arab,1,7,no,rshift,318,1
OMKNE6,1,blue,arab,1,6,no,lshift,377,1
OMKNE6,1,red,arab,1,4,no,rshift,447,1
OMKNE6,1,blue,arab,1,8,no,lshift,384,1
OMKNE6,1,blue,arab,0,9,no,rshift,641,1
OMKNE6,1,red,arab,1,1,no,rshift,309,1
OMKNE6,1,blue,arab,1,2,no,lshift,416,1
OMKNE6,1,red,arab,1,7,no,rshift,500,1
OMKNE6,1,red,arab,1,1,no,rshift,417,1
OMKNE6,1,red,arab,1,3,no,rshift,346,1
OMKNE6,1,red,arab,1,9,no,rshift,284,1
OMKNE6,1,blue,arab,1,3,no,lshift,362,1
OMKNE6,1,blue,arab,1,2,no,lshift,453,1
OMKNE6,1,red,arab,1,3,no,rshift,365,1
OMKNE6,1,blue,arab,1,8,no,lshift,410,1
OMKNE6,1,blue,arab,0,1,no,rshift,386,1
OMKNE6,1,red,arab,1,2,no,rshift,334,1
OMKNE6,1,red,arab,0,3,no,lshift,313,1
OMKNE6,1,blue,arab,1,3,no,lshift,590,1
OMKNE6,1,red,arab,1,9,no,rshift,392,1
OMKNE6,1,blue,arab,1,9,no,lshift,400,1
OMKNE6,1,red,arab,0,9,no,lshift,321,1
OMKNE6,1,blue,arab,1,4,no,lshift,441,1
OMKNE6,1,red,arab,1,7,no,rshift,418,1
OMKNE6,1,red,arab,1,4,no,rshift,460,1
OMKNE6,1,blue,arab,1,6,no,lshift,513,1
OMKNE6,1,red,arab,1,8,no,rshift,465,1
OMKNE6,1,blue,arab,1,8,no,lshift,400,1
OMKNE6,1,blue,arab,1,7,no,lshift,571,1
OMKNE6,1,red,arab,1,8,no,rshift,376,1
OMKNE6,1,blue,arab,1,8,no,lshift,400,1
OMKNE6,1,red,arab,1,7,no,rshift,497,1
OMKNE6,1,blue,arab,1,3,no,lshift,419,1
OMKNE6,1,blue,arab,1,1,no,lshift,379,1
OMKNE6,1,red,arab,1,7,no,rshift,389,1
OMKNE6,1,blue,arab,1,3,no,lshift,516,1
OMKNE6,1,red,arab,1,1,no,rshift,388,1
OMKNE6,1,blue,arab,1,7,no,lshift,360,1
OMKNE6,1,blue,arab,1,6,no,lshift,341,1
OMKNE6,1,red,arab,1,2,no,rshift,404,1
OMKNE6,1,red,arab,0,3,no,lshift,400,1
OMKNE6,1,red,arab,1,4,no,rshift,416,1
OMKNE6,1,blue,arab,1,2,no,lshift,353,1
OMKNE6,1,blue,arab,1,4,no,lshift,394,1
OMKNE6,1,red,arab,1,2,no,rshift,313,1
OMKNE6,1,red,arab,1,8,no,rshift,427,1
OMKNE6,1,red,arab,1,8,no,rshift,388,1
OMKNE6,1,blue,arab,1,4,no,lshift,371,1
OMKNE6,1,red,arab,1,4,no,rshift,376,1
OMKNE6,1,red,arab,1,6,no,rshift,370,1
OMKNE6,1,red,arab,1,9,no,rshift,380,1
OMKNE6,1,red,arab,1,1,no,rshift,375,1
OMKNE6,1,red,arab,1,2,no,rshift,299,1
OMKNE6,1,blue,arab,1,7,no,lshift,506,1
OMKNE6,1,red,arab,1,8,no,rshift,334,1
OMKNE6,1,red,arab,1,9,no,rshift,280,1
OMKNE6,1,red,arab,1,7,no,rshift,325,1
OMKNE6,1,blue,arab,1,1,no,lshift,350,1
OMKNE6,1,blue,arab,1,3,no,lshift,421,1
OMKNE6,1,red,arab,1,4,no,rshift,266,1
OMKNE6,1,blue,arab,1,8,no,lshift,387,1
OMKNE6,1,blue,arab,1,7,no,lshift,600,1
OMKNE6,1,blue,arab,1,4,no,lshift,421,1
OMKNE6,1,red,arab,1,6,no,rshift,301,1
OMKNE6,1,blue,arab,1,9,no,lshift,363,1
OMKNE6,1,blue,arab,1,6,no,lshift,438,1
OMKNE6,1,red,arab,1,6,no,rshift,376,1
OMKNE6,1,red,arab,0,1,no,lshift,451,1
OMKNE6,1,red,arab,1,4,no,rshift,322,1
OMKNE6,1,blue,arab,1,7,no,lshift,343,1
OMKNE6,1,blue,arab,0,9,no,rshift,531,1
OMKNE6,1,blue,arab,1,6,no,lshift,406,1
OMKNE6,1,blue,arab,1,7,no,lshift,351,1
OMKNE6,1,red,arab,1,8,no,rshift,403,1
OMKNE6,1,blue,arab,1,4,no,lshift,414,1
OMKNE6,1,red,arab,1,4,no,rshift,375,1
OMKNE6,1,blue,arab,1,3,no,lshift,416,1
OMKNE6,1,blue,arab,1,1,no,lshift,632,1
OMKNE6,1,blue,arab,1,1,no,lshift,450,1
OMKNE6,1,red,arab,1,7,no,rshift,356,1
OMKNE6,1,blue,arab,1,6,no,lshift,328,1
OMKNE6,1,red,arab,1,8,no,rshift,348,1
OMKNE6,1,blue,arab,1,2,no,lshift,316,1
OMKNE6,1,blue,arab,1,7,no,lshift,263,1
OMKNE6,1,blue,arab,1,9,no,lshift,448,1
OMKNE6,1,blue,arab,1,9,no,lshift,417,1
OMKNE6,1,blue,arab,1,1,no,lshift,368,1
OMKNE6,1,blue,arab,1,6,no,lshift,233,1
OMKNE6,1,blue,arab,1,3,no,lshift,383,1
OMKNE6,1,red,arab,1,6,no,rshift,316,1
OMKNE6,1,blue,arab,1,4,no,lshift,427,1
OMKNE6,1,red,arab,1,3,no,rshift,432,1
OMKNE6,1,blue,arab,1,2,no,lshift,395,1
OMKNE6,1,blue,arab,1,7,no,lshift,353,1
OMKNE6,1,red,arab,1,6,no,rshift,375,1
OMKNE6,1,red,arab,0,2,no,lshift,290,1
OMKNE6,1,red,arab,1,9,no,rshift,392,1
OMKNE6,1,red,arab,1,3,no,rshift,352,1
OMKNE6,1,blue,arab,1,7,no,lshift,402,1
OMKNE6,1,red,arab,1,2,no,rshift,283,1
OMKNE6,1,blue,arab,1,9,no,lshift,502,1
OMKNE6,1,red,arab,1,1,no,rshift,338,1
OMKNE6,1,blue,arab,1,7,no,lshift,436,1
OMKNE6,1,blue,arab,1,9,no,lshift,444,1
OMKNE6,1,blue,arab,1,9,no,lshift,392,1
OMKNE6,1,red,arab,1,7,no,rshift,356,1
OMKNE6,1,red,arab,1,8,no,rshift,472,1
OMKNE6,1,red,arab,1,1,no,rshift,487,1
OMKNE6,1,red,arab,1,2,no,rshift,375,1
OMKNE6,1,red,arab,1,9,no,rshift,355,1
OMKNE6,1,red,arab,1,9,no,rshift,720,1
OMKNE6,1,blue,arab,1,8,no,lshift,350,1
OMKNE6,1,blue,arab,1,3,no,lshift,417,1
OMKNE6,2,blue,arab,1,2,no,lshift,1276,1
OMKNE6,2,red,arab,1,3,no,rshift,296,1
OMKNE6,2,blue,arab,1,1,no,lshift,312,1
OMKNE6,2,red,arab,1,4,no,rshift,365,1
OMKNE6,2,blue,arab,1,1,no,lshift,286,1
OMKNE6,2,blue,arab,1,6,no,lshift,368,1
OMKNE6,2,red,arab,1,9,no,rshift,378,1
OMKNE6,2,red,arab,1,4,no,rshift,388,1
OMKNE6,2,blue,arab,1,8,no,lshift,396,1
OMKNE6,2,red,arab,1,1,no,rshift,588,1
OMKNE6,2,red,arab,0,6,no,lshift,341,1
OMKNE6,2,red,arab,1,7,no,rshift,503,1
OMKNE6,2,blue,arab,1,4,no,lshift,299,1
OMKNE6,2,red,arab,1,4,no,rshift,308,1
OMKNE6,2,blue,arab,1,1,no,lshift,434,1
OMKNE6,2,blue,arab,1,4,no,lshift,401,1
OMKNE6,2,red,arab,1,6,no,rshift,527,1
OMKNE6,2,red,arab,1,7,no,rshift,417,1
OMKNE6,2,blue,arab,1,3,no,lshift,372,1
OMKNE6,2,blue,arab,1,3,no,lshift,288,1
OMKNE6,2,red,arab,1,6,no,rshift,509,1
OMKNE6,2,red,arab,1,6,no,rshift,529,1
OMKNE6,2,red,arab,1,6,no,rshift,396,1
OMKNE6,2,blue,arab,1,7,no,lshift,443,1
OMKNE6,2,blue,arab,1,4,no,lshift,466,1
OMKNE6,2,red,arab,1,7,no,rshift,365,1
OMKNE6,2,red,arab,1,2,no,rshift,455,1
OMKNE6,2,red,arab,1,9,no,rshift,342,1
OMKNE6,2,blue,arab,1,2,no,lshift,356,1
OMKNE6,2,blue,arab,1,4,no,lshift,432,1
OMKNE6,2,red,arab,1,2,no,rshift,316,1
OMKNE6,2,red,arab,1,1,no,rshift,386,1
OMKNE6,2,red,arab,1,1,no,rshift,408,1
OMKNE6,2,red,arab,1,8,no,rshift,326,1
OMKNE6,2,red,arab,1,3,no,rshift,346,1
OMKNE6,2,red,arab,1,8,no,rshift,9520,1
OMKNE6,2,blue,arab,1,4,no,lshift,392,1
OMKNE6,2,red,arab,1,7,no,rshift,309,1
OMKNE6,2,blue,arab,1,9,no,lshift,326,1
OMKNE6,2,blue,arab,1,1,no,lshift,387,1
OMKNE6,2,red,arab,0,8,no,lshift,329,1
OMKNE6,2,red,arab,1,8,no,rshift,318,1
OMKNE6,2,blue,arab,1,6,no,lshift,415,1
OMKNE6,2,blue,arab,1,4,no,lshift,404,1
OMKNE6,2,red,arab,1,2,no,rshift,351,1
OMKNE6,2,red,arab,1,2,no,rshift,410,1
OMKNE6,2,blue,arab,1,3,no,lshift,459,1
OMKNE6,2,blue,arab,1,3,no,lshift,425,1
OMKNE6,2,blue,arab,1,9,no,lshift,332,1
OMKNE6,2,blue,arab,1,9,no,lshift,319,1
OMKNE6,2,blue,arab,1,8,no,lshift,435,1
OMKNE6,2,blue,arab,1,2,no,lshift,378,1
OMKNE6,2,red,arab,1,6,no,rshift,482,1
OMKNE6,2,red,arab,1,9,no,rshift,352,1
OMKNE6,2,red,arab,1,1,no,rshift,434,1
OMKNE6,2,red,arab,0,4,no,lshift,300,1
OMKNE6,2,blue,arab,1,3,no,lshift,467,1
OMKNE6,2,red,arab,1,7,no,rshift,460,1
OMKNE6,2,blue,arab,1,1,no,lshift,372,1
OMKNE6,2,red,arab,1,8,no,rshift,309,1
OMKNE6,2,red,arab,1,4,no,rshift,373,1
OMKNE6,2,blue,arab,1,2,no,lshift,533,1
OMKNE6,2,red,arab,1,6,no,rshift,318,1
OMKNE6,2,red,arab,1,3,no,rshift,397,1
OMKNE6,2,blue,arab,1,9,no,lshift,396,1
OMKNE6,2,blue,arab,1,7,no,lshift,415,1
OMKNE6,2,blue,arab,1,8,no,lshift,470,1
OMKNE6,2,red,arab,1,3,no,rshift,455,1
OMKNE6,2,blue,arab,1,7,no,lshift,377,1
OMKNE6,2,blue,arab,1,2,no,lshift,331,1
OMKNE6,2,red,arab,1,1,no,rshift,387,1
OMKNE6,2,blue,arab,1,8,no,lshift,454,1
OMKNE6,2,blue,arab,1,6,no,lshift,436,1
OMKNE6,2,blue,arab,1,4,no,lshift,254,1
OMKNE6,2,blue,arab,1,7,no,lshift,326,1
OMKNE6,2,blue,arab,1,2,no,lshift,295,1
OMKNE6,2,blue,arab,1,4,no,lshift,335,1
OMKNE6,2,red,arab,1,7,no,rshift,317,1
OMKNE6,2,red,arab,1,9,no,rshift,327,1
OMKNE6,2,red,arab,1,2,no,rshift,303,1
OMKNE6,2,red,arab,1,9,no,rshift,334,1
OMKNE6,2,blue,arab,1,7,no,lshift,383,1
OMKNE6,2,blue,arab,1,8,no,lshift,406,1
OMKNE6,2,blue,arab,1,7,no,lshift,367,1
OMKNE6,2,red,arab,1,4,no,rshift,546,1
OMKNE6,2,blue,arab,1,4,no,lshift,311,1
OMKNE6,2,red,arab,1,8,no,rshift,326,1
OMKNE6,2,blue,arab,1,9,no,lshift,461,1
OMKNE6,2,red,arab,1,9,no,rshift,478,1
OMKNE6,2,red,arab,0,6,no,lshift,303,1
OMKNE6,2,blue,arab,1,6,no,lshift,268,1
OMKNE6,2,blue,arab,0,9,no,rshift,316,1
OMKNE6,2,blue,arab,1,3,no,lshift,351,1
OMKNE6,2,red,arab,1,9,no,rshift,587,1
OMKNE6,2,blue,arab,1,7,no,lshift,317,1
OMKNE6,2,blue,arab,1,1,no,lshift,435,1
OMKNE6,2,red,arab,1,3,no,rshift,363,1
OMKNE6,2,blue,arab,1,6,no,lshift,341,1
OMKNE6,2,red,arab,1,1,no,rshift,418,1
OMKNE6,2,red,arab,1,3,no,rshift,408,1
OMKNE6,2,blue,arab,1,3,no,lshift,406,1
OMKNE6,2,red,arab,1,4,no,rshift,392,1
OMKNE6,2,blue,arab,1,8,no,lshift,395,1
OMKNE6,2,red,arab,1,2,no,rshift,394,1
OMKNE6,2,blue,arab,1,8,no,lshift,400,1
OMKNE6,2,blue,arab,1,1,no,lshift,418,1
OMKNE6,2,red,arab,1,7,no,rshift,358,1
OMKNE6,2,red,arab,0,6,no,lshift,330,1
OMKNE6,2,blue,arab,1,6,no,lshift,379,1
OMKNE6,2,blue,arab,1,6,no,lshift,384,1
OMKNE6,2,blue,arab,1,6,no,lshift,295,1
OMKNE6,2,red,arab,1,2,no,rshift,358,1
OMKNE6,2,blue,arab,1,9,no,lshift,314,1
OMKNE6,2,red,arab,1,4,no,rshift,376,1
OMKNE6,2,red,arab,1,8,no,rshift,317,1
OMKNE6,2,red,arab,1,2,no,rshift,447,1
OMKNE6,2,red,arab,1,1,no,rshift,449,1
OMKNE6,2,red,arab,1,3,no,rshift,329,1
OMKNE6,2,red,arab,1,2,no,rshift,628,1
OMKNE6,2,red,arab,1,1,no,rshift,318,1
OMKNE6,2,blue,arab,1,2,no,lshift,387,1
OMKNE6,2,red,arab,1,1,no,rshift,420,1
OMKNE6,2,blue,arab,1,2,no,lshift,394,1
OMKNE6,2,red,arab,1,9,no,rshift,290,1
OMKNE6,2,blue,arab,1,3,no,lshift,557,1
OMKNE6,2,blue,arab,1,7,no,lshift,428,1
OMKNE6,2,blue,arab,1,9,no,lshift,374,1
OMKNE6,2,red,arab,1,7,no,rshift,439,1
OMKNE6,2,red,arab,1,9,no,rshift,342,1
OMKNE6,2,blue,arab,1,9,no,lshift,405,1
OMKNE6,2,red,arab,1,3,no,rshift,317,1
OMKNE6,2,blue,arab,1,8,no,lshift,367,1
OMKNE6,2,red,arab,1,7,no,rshift,262,1
OMKNE6,2,blue,arab,1,8,no,lshift,319,1
OMKNE6,2,blue,arab,1,4,no,lshift,484,1
OMKNE6,2,blue,arab,0,2,no,rshift,372,1
OMKNE6,2,red,arab,1,8,no,rshift,366,1
OMKNE6,2,red,arab,1,6,no,rshift,427,1
OMKNE6,2,red,arab,1,9,no,rshift,457,1
OMKNE6,2,blue,arab,1,7,no,lshift,334,1
OMKNE6,2,red,arab,1,8,no,rshift,327,1
OMKNE6,2,blue,arab,1,3,no,lshift,338,1
OMKNE6,2,blue,arab,1,2,no,lshift,366,1
OMKNE6,2,blue,arab,1,1,no,lshift,272,1
OMKNE6,2,blue,arab,1,9,no,lshift,279,1
OMKNE6,2,red,arab,1,8,no,rshift,412,1
OMKNE6,2,blue,arab,1,7,no,lshift,328,1
OMKNE6,2,red,arab,1,1,no,rshift,332,1
OMKNE6,2,blue,arab,1,1,no,lshift,324,1
OMKNE6,2,blue,arab,1,1,no,lshift,275,1
OMKNE6,2,blue,arab,0,6,no,rshift,260,1
OMKNE6,2,red,arab,1,4,no,rshift,302,1
OMKNE6,2,blue,arab,1,8,no,lshift,369,1
OMKNE6,2,red,arab,0,2,no,lshift,300,1
OMKNE6,2,red,arab,0,3,no,lshift,336,1
OMKNE6,2,blue,arab,1,3,no,lshift,356,1
OMKNE6,2,red,arab,1,4,no,rshift,351,1
OMKNE6,2,red,arab,1,7,no,rshift,417,1
OMKNE6,2,blue,arab,1,6,no,lshift,358,1
OMKNE6,2,red,arab,1,3,no,rshift,351,1
OMKNE6,3,blue,arab,0,2,no,rshift,481,1
OMKNE6,3,red,arab,1,9,no,rshift,301,1
OMKNE6,3,blue,arab,1,6,no,lshift,363,1
OMKNE6,3,blue,arab,1,1,no,lshift,460,1
OMKNE6,3,blue,arab,1,7,no,lshift,416,1
OMKNE6,3,blue,arab,1,4,no,lshift,243,1
OMKNE6,3,blue,arab,1,3,no,lshift,451,1
OMKNE6,3,red,arab,1,8,no,rshift,977,1
OMKNE6,3,red,arab,0,1,no,lshift,283,1
OMKNE6,3,blue,arab,1,3,no,lshift,310,1
OMKNE6,3,blue,arab,1,3,no,lshift,296,1
OMKNE6,3,blue,arab,1,6,no,lshift,445,1
OMKNE6,3,blue,arab,1,3,no,lshift,279,1
OMKNE6,3,blue,arab,1,2,no,lshift,334,1
OMKNE6,3,red,arab,1,1,no,rshift,362,1
OMKNE6,3,red,arab,1,7,no,rshift,295,1
OMKNE6,3,red,arab,0,2,no,lshift,359,1
OMKNE6,3,red,arab,1,3,no,rshift,310,1
OMKNE6,3,blue,arab,1,1,no,lshift,341,1
OMKNE6,3,red,arab,1,7,no,rshift,270,1
OMKNE6,3,red,arab,1,4,no,rshift,410,1
OMKNE6,3,red,arab,1,8,no,rshift,292,1
OMKNE6,3,blue,arab,1,6,no,lshift,446,1
OMKNE6,3,red,arab,1,9,no,rshift,318,1
OMKNE6,3,blue,arab,1,4,no,lshift,473,1
OMKNE6,3,blue,arab,1,3,no,lshift,445,1
OMKNE6,3,blue,arab,1,8,no,lshift,422,1
OMKNE6,3,red,arab,1,6,no,rshift,338,1
OMKNE6,3,blue,arab,1,9,no,lshift,416,1
OMKNE6,3,red,arab,1,7,no,rshift,415,1
OMKNE6,3,red,arab,1,6,no,rshift,362,1
OMKNE6,3,red,arab,1,4,no,rshift,433,1
OMKNE6,3,blue,arab,1,6,no,lshift,399,1
OMKNE6,3,blue,arab,1,9,no,lshift,380,1
OMKNE6,3,blue,arab,1,9,no,lshift,441,1
OMKNE6,3,blue,arab,1,6,no,lshift,388,1
OMKNE6,3,red,arab,1,7,no,rshift,425,1
OMKNE6,3,blue,arab,1,8,no,lshift,412,1
OMKNE6,3,blue,arab,1,7,no,lshift,398,1
OMKNE6,3,blue,arab,1,4,no,lshift,398,1
OMKNE6,3,blue,arab,1,2,no,lshift,384,1
OMKNE6,3,red,arab,1,4,no,rshift,308,1
OMKNE6,3,red,arab,1,9,no,rshift,421,1
OMKNE6,3,blue,arab,1,4,no,lshift,300,1
OMKNE6,3,blue,arab,1,9,no,lshift,424,1
OMKNE6,3,blue,arab,1,4,no,lshift,471,1
OMKNE6,3,red,arab,1,3,no,rshift,412,1
OMKNE6,3,red,arab,1,6,no,rshift,359,1
OMKNE6,3,blue,arab,1,8,no,lshift,624,1
OMKNE6,3,blue,arab,1,7,no,lshift,275,1
OMKNE6,3,red,arab,1,6,no,rshift,399,1
OMKNE6,3,red,arab,1,4,no,rshift,547,1
OMKNE6,3,red,arab,1,7,no,rshift,285,1
OMKNE6,3,blue,arab,1,2,no,lshift,415,1
OMKNE6,3,blue,arab,0,1,no,rshift,321,1
OMKNE6,3,blue,arab,1,3,no,lshift,467,1
OMKNE6,3,blue,arab,1,9,no,lshift,381,1
OMKNE6,3,blue,arab,1,4,no,lshift,395,1
OMKNE6,3,blue,arab,1,6,no,lshift,270,1
OMKNE6,3,blue,arab,1,1,no,lshift,379,1
OMKNE6,3,blue,arab,1,8,no,lshift,379,1
OMKNE6,3,red,arab,1,8,no,rshift,340,1
OMKNE6,3,blue,arab,1,8,no,lshift,310,1
OMKNE6,3,blue,arab,1,6,no,lshift,383,1
OMKNE6,3,blue,arab,1,8,no,lshift,291,1
OMKNE6,3,red,arab,1,8,no,rshift,473,1
OMKNE6,3,red,arab,1,7,no,rshift,433,1
OMKNE6,3,red,arab,1,9,no,rshift,363,1
OMKNE6,3,blue,arab,1,4,no,lshift,410,1
OMKNE6,3,red,arab,1,7,no,rshift,516,1
OMKNE6,3,red,arab,1,3,no,rshift,362,1
OMKNE6,3,blue,arab,1,6,no,lshift,408,1
OMKNE6,3,red,arab,0,2,no,lshift,295,1
OMKNE6,3,red,arab,1,7,no,rshift,339,1
OMKNE6,3,blue,arab,1,2,no,lshift,463,1
OMKNE6,3,blue,arab,1,1,no,lshift,494,1
OMKNE6,3,red,arab,1,6,no,rshift,452,1
OMKNE6,3,red,arab,1,3,no,rshift,385,1
OMKNE6,3,red,arab,1,4,no,rshift,355,1
OMKNE6,3,red,arab,1,1,no,rshift,366,1
OMKNE6,3,red,arab,1,8,no,rshift,317,1
OMKNE6,3,blue,arab,1,7,no,lshift,454,1
OMKNE6,3,blue,arab,1,6,no,lshift,400,1
OMKNE6,3,blue,arab,1,3,no,lshift,491,1
OMKNE6,3,blue,arab,1,3,no,lshift,458,1
OMKNE6,3,blue,arab,1,8,no,lshift,450,1
OMKNE6,3,red,arab,0,8,no,lshift,314,1
OMKNE6,3,blue,arab,1,2,no,lshift,368,1
OMKNE6,3,red,arab,1,2,no,rshift,369,1
OMKNE6,3,blue,arab,1,8,no,lshift,419,1
OMKNE6,3,red,arab,0,8,no,lshift,309,1
OMKNE6,3,blue,arab,1,2,no,lshift,327,1
OMKNE6,3,red,arab,1,3,no,rshift,361,1
OMKNE6,3,red,arab,1,3,no,rshift,418,1
OMKNE6,3,blue,arab,1,4,no,lshift,448,1
OMKNE6,3,blue,arab,1,9,no,lshift,411,1
OMKNE6,3,red,arab,1,4,no,rshift,558,1
OMKNE6,3,red,arab,1,1,no,rshift,390,1
OMKNE6,3,red,arab,1,2,no,rshift,417,1
OMKNE6,3,red,arab,1,7,no,rshift,378,1
OMKNE6,3,blue,arab,1,7,no,lshift,538,1
OMKNE6,3,red,arab,1,2,no,rshift,426,1
OMKNE6,3,red,arab,1,8,no,rshift,350,1
OMKNE6,3,blue,arab,1,3,no,lshift,447,1
OMKNE6,3,blue,arab,1,8,no,lshift,435,1
OMKNE6,3,red,arab,1,9,no,rshift,379,1
OMKNE6,3,red,arab,0,6,no,lshift,353,1
OMKNE6,3,blue,arab,1,2,no,lshift,621,1
OMKNE6,3,red,arab,1,1,no,rshift,391,1
OMKNE6,3,red,arab,1,3,no,rshift,429,1
OMKNE6,3,red,arab,1,4,no,rshift,499,1
OMKNE6,3,red,arab,1,2,no,rshift,366,1
OMKNE6,3,red,arab,1,6,no,rshift,332,1
OMKNE6,3,blue,arab,1,2,no,lshift,456,1
OMKNE6,3,blue,arab,1,7,no,lshift,415,1
OMKNE6,3,blue,arab,1,3,no,lshift,296,1
OMKNE6,3,blue,arab,1,1,no,lshift,614,1
OMKNE6,3,red,arab,0,6,no,lshift,400,1
OMKNE6,3,blue,arab,1,7,no,lshift,487,1
OMKNE6,3,red,arab,1,3,no,rshift,395,1
OMKNE6,3,blue,arab,1,1,no,lshift,431,1
OMKNE6,3,red,arab,1,9,no,rshift,390,1
OMKNE6,3,blue,arab,1,4,no,lshift,493,1
OMKNE6,3,red,arab,1,1,no,rshift,616,1
OMKNE6,3,red,arab,1,2,no,rshift,522,1
OMKNE6,3,blue,arab,1,1,no,lshift,517,1
OMKNE6,3,red,arab,1,9,no,rshift,442,1
OMKNE6,3,red,arab,1,6,no,rshift,356,1
OMKNE6,3,red,arab,1,8,no,rshift,317,1
OMKNE6,3,red,arab,1,9,no,rshift,313,1
OMKNE6,3,red,arab,1,6,no,rshift,399,1
OMKNE6,3,red,arab,1,1,no,rshift,496,1
OMKNE6,3,blue,arab,1,1,no,lshift,439,1
OMKNE6,3,red,arab,1,2,no,rshift,294,1
OMKNE6,3,red,arab,1,7,no,rshift,316,1
OMKNE6,3,red,arab,1,1,no,rshift,338,1
OMKNE6,3,red,arab,1,1,no,rshift,336,1
OMKNE6,3,blue,arab,1,2,no,lshift,280,1
OMKNE6,3,blue,arab,1,9,no,lshift,416,1
OMKNE6,3,red,arab,1,3,no,rshift,331,1
OMKNE6,3,red,arab,1,1,no,rshift,331,1
OMKNE6,3,blue,arab,1,9,no,lshift,366,1
OMKNE6,3,red,arab,1,9,no,rshift,351,1
OMKNE6,3,red,arab,1,4,no,rshift,343,1
OMKNE6,3,blue,arab,1,7,no,lshift,485,1
OMKNE6,3,red,arab,1,8,no,rshift,360,1
OMKNE6,3,red,arab,1,9,no,rshift,366,1
OMKNE6,3,blue,arab,1,8,no,lshift,533,1
OMKNE6,3,red,arab,1,4,no,rshift,440,1
OMKNE6,3,blue,arab,1,9,no,lshift,419,1
OMKNE6,3,blue,arab,1,9,no,lshift,400,1
OMKNE6,3,blue,arab,1,7,no,lshift,621,1
OMKNE6,3,blue,arab,1,4,no,lshift,276,1
OMKNE6,3,red,arab,1,3,no,rshift,411,1
OMKNE6,3,red,arab,1,2,no,rshift,374,1
OMKNE6,3,blue,arab,1,7,no,lshift,418,1
OMKNE6,3,red,arab,1,2,no,rshift,424,1
OMKNE6,3,red,arab,1,4,no,rshift,394,1
OMKNE6,3,blue,arab,1,1,no,lshift,383,1
OMKNE6,3,blue,arab,1,6,no,lshift,520,1
OMKNE6,0,blue,classic,1,2,yes,lshift,3262,1
OMKNE6,0,blue,classic,1,3,yes,rshift,5522,1
OMKNE6,0,blue,classic,1,6,yes,lshift,1024,1
OMKNE6,0,blue,classic,1,9,yes,rshift,641,1
OMKNE6,0,blue,classic,1,7,yes,rshift,547,1
OMKNE6,0,blue,classic,1,8,yes,lshift,492,1
OMKNE6,0,blue,classic,1,1,yes,rshift,837,1
OMKNE6,0,blue,classic,1,4,yes,lshift,592,1
OMKNE6,1,blue,classic,0,1,yes,rshift,1251,1
OMKNE6,1,blue,classic,1,6,yes,rshift,1035,1
OMKNE6,1,blue,classic,1,7,yes,lshift,624,1
OMKNE6,1,blue,classic,1,3,yes,lshift,897,1
OMKNE6,1,blue,classic,1,4,yes,rshift,741,1
OMKNE6,1,blue,classic,1,9,yes,lshift,697,1
OMKNE6,1,blue,classic,1,8,yes,rshift,1151,1
OMKNE6,1,blue,classic,1,2,yes,rshift,689,1
OMKNE6,2,blue,classic,1,9,no,rshift,2634,1
OMKNE6,2,blue,classic,1,9,no,rshift,492,1
OMKNE6,2,blue,classic,1,7,no,rshift,592,1
OMKNE6,2,blue,classic,1,2,no,lshift,688,1
OMKNE6,2,blue,classic,1,1,no,rshift,704,1
OMKNE6,2,blue,classic,1,2,no,lshift,582,1
OMKNE6,2,blue,classic,1,1,no,rshift,1038,1
OMKNE6,2,blue,classic,1,8,no,lshift,575,1
OMKNE6,2,blue,classic,1,6,no,lshift,532,1
OMKNE6,2,blue,classic,1,2,no,lshift,714,1
OMKNE6,2,blue,classic,1,6,no,lshift,584,1
OMKNE6,2,blue,classic,1,4,no,lshift,595,1
OMKNE6,2,blue,classic,1,8,no,lshift,2969,1
OMKNE6,2,blue,classic,1,8,no,lshift,466,1
OMKNE6,2,blue,classic,0,4,no,rshift,371,1
OMKNE6,2,blue,classic,1,7,no,rshift,653,1
OMKNE6,2,blue,classic,1,9,no,rshift,592,1
OMKNE6,2,blue,classic,1,1,no,rshift,553,1
OMKNE6,2,blue,classic,1,1,no,rshift,478,1
OMKNE6,2,blue,classic,1,2,no,lshift,1003,1
OMKNE6,2,blue,classic,1,3,no,rshift,813,1
OMKNE6,2,blue,classic,1,7,no,rshift,1269,1
OMKNE6,2,blue,classic,1,7,no,rshift,432,1
OMKNE6,2,blue,classic,1,8,no,lshift,469,1
OMKNE6,2,blue,classic,1,6,no,lshift,598,1
OMKNE6,2,blue,classic,1,8,no,lshift,943,1
OMKNE6,2,blue,classic,1,3,no,rshift,767,1
OMKNE6,2,blue,classic,1,4,no,lshift,534,1
OMKNE6,2,blue,classic,1,1,no,rshift,691,1
OMKNE6,2,blue,classic,1,6,no,lshift,492,1
OMKNE6,2,blue,classic,1,7,no,rshift,617,1
OMKNE6,2,blue,classic,1,2,no,lshift,484,1
OMKNE6,2,blue,classic,1,1,no,rshift,571,1
OMKNE6,2,blue,classic,1,6,no,lshift,509,1
OMKNE6,2,blue,classic,1,7,no,rshift,696,1
OMKNE6,2,blue,classic,1,3,no,rshift,1376,1
OMKNE6,2,blue,classic,1,7,no,rshift,389,1
OMKNE6,2,blue,classic,0,3,no,lshift,446,1
OMKNE6,2,blue,classic,1,9,no,rshift,526,1
OMKNE6,2,blue,classic,1,2,no,lshift,539,1
OMKNE6,2,blue,classic,1,9,no,rshift,504,1
OMKNE6,2,blue,classic,1,2,no,lshift,708,1
OMKNE6,2,blue,classic,1,1,no,rshift,526,1
OMKNE6,2,blue,classic,1,8,no,lshift,495,1
OMKNE6,2,blue,classic,1,1,no,rshift,666,1
OMKNE6,2,blue,classic,1,9,no,rshift,534,1
OMKNE6,2,blue,classic,1,9,no,rshift,440,1
OMKNE6,2,blue,classic,1,8,no,lshift,607,1
OMKNE6,2,blue,classic,1,9,no,rshift,456,1
OMKNE6,2,blue,classic,1,2,no,lshift,550,1
OMKNE6,2,blue,classic,0,6,no,rshift,938,1
OMKNE6,2,blue,classic,1,2,no,lshift,634,1
OMKNE6,2,blue,classic,1,7,no,rshift,644,1
OMKNE6,2,blue,classic,1,6,no,lshift,472,1
OMKNE6,2,blue,classic,1,2,no,lshift,468,1
OMKNE6,2,blue,classic,1,6,no,lshift,576,1
OMKNE6,2,blue,classic,1,3,no,rshift,612,1
OMKNE6,2,blue,classic,1,4,no,lshift,552,1
OMKNE6,2,blue,classic,1,4,no,lshift,443,1
OMKNE6,2,blue,classic,1,1,no,rshift,618,1
OMKNE6,2,blue,classic,1,8,no,lshift,569,1
OMKNE6,2,blue,classic,1,1,no,rshift,482,1
OMKNE6,2,blue,classic,1,3,no,rshift,582,1
OMKNE6,2,blue,classic,1,4,no,lshift,456,1
OMKNE6,2,blue,classic,1,2,no,lshift,652,1
OMKNE6,2,blue,classic,1,3,no,rshift,497,1
OMKNE6,2,blue,classic,1,1,no,rshift,572,1
OMKNE6,2,blue,classic,1,3,no,rshift,560,1
OMKNE6,2,blue,classic,1,8,no,lshift,378,1
OMKNE6,2,blue,classic,1,3,no,rshift,580,1
OMKNE6,2,blue,classic,1,9,no,rshift,737,1
OMKNE6,2,blue,classic,1,7,no,rshift,529,1
OMKNE6,2,blue,classic,1,3,no,rshift,526,1
OMKNE6,2,blue,classic,1,1,no,rshift,603,1
OMKNE6,2,blue,classic,1,6,no,lshift,627,1
OMKNE6,2,blue,classic,0,2,no,rshift,441,1
OMKNE6,2,blue,classic,1,4,no,lshift,371,1
OMKNE6,2,blue,classic,0,7,no,lshift,480,1
OMKNE6,2,blue,classic,0,4,no,rshift,442,1
OMKNE6,2,blue,classic,1,7,no,rshift,882,1
OMKNE6,2,blue,classic,1,9,no,rshift,513,1
OMKNE6,2,blue,classic,1,6,no,lshift,699,1
OMKNE6,2,blue,classic,1,4,no,lshift,599,1
OMKNE6,2,blue,classic,1,8,no,lshift,519,1
OMKNE6,2,blue,classic,1,3,no,rshift,426,1
OMKNE6,2,blue,classic,1,9,no,rshift,425,1
OMKNE6,2,blue,classic,1,2,no,lshift,638,1
OMKNE6,2,blue,classic,1,1,no,rshift,717,1
OMKNE6,2,blue,classic,1,4,no,lshift,564,1
OMKNE6,2,blue,classic,1,3,no,rshift,599,1
OMKNE6,2,blue,classic,1,3,no,rshift,420,1
OMKNE6,2,blue,classic,1,6,no,lshift,558,1
OMKNE6,2,blue,classic,1,4,no,lshift,642,1
OMKNE6,2,blue,classic,1,7,no,rshift,696,1
OMKNE6,2,blue,classic,1,8,no,lshift,543,1
OMKNE6,2,blue,classic,1,8,no,lshift,558,1
OMKNE6,2,blue,classic,1,4,no,lshift,995,1
OMKNE6,2,blue,classic,1,4,no,lshift,417,1
OMKNE6,2,blue,classic,1,8,no,lshift,635,1
OMKNE6,2,blue,classic,1,6,no,lshift,950,1
OMKNE6,2,blue,classic,1,2,no,lshift,423,1
OMKNE6,2,blue,classic,1,8,no,lshift,1095,1
OMKNE6,2,blue,classic,1,4,no,lshift,502,1
OMKNE6,2,blue,classic,1,3,no,rshift,734,1
OMKNE6,2,blue,classic,1,6,no,lshift,535,1
OMKNE6,2,blue,classic,1,7,no,rshift,541,1
OMKNE6,2,blue,classic,1,9,no,rshift,572,1
OMKNE6,2,blue,classic,1,9,no,rshift,419,1
OMKNE6,2,blue,classic,1,9,no,rshift,462,1
OMKNE6,2,blue,classic,1,6,no,lshift,572,1
OMKNE6,2,blue,classic,1,7,no,rshift,445,1
OMKNE6,2,blue,classic,1,1,no,rshift,475,1
OMKNE6,1,blue,classic,1,6,no,rshift,546,1
OMKNE6,1,blue,classic,0,2,no,lshift,412,1
OMKNE6,1,blue,classic,1,1,no,lshift,595,1
OMKNE6,1,blue,classic,1,4,no,rshift,422,1
OMKNE6,1,blue,classic,1,9,no,lshift,624,1
OMKNE6,1,blue,classic,1,7,no,lshift,447,1
OMKNE6,1,blue,classic,1,2,no,rshift,548,1
OMKNE6,1,blue,classic,1,1,no,lshift,445,1
OMKNE6,1,blue,classic,1,9,no,lshift,550,1
OMKNE6,1,blue,classic,0,6,no,lshift,482,1
OMKNE6,1,blue,classic,1,6,no,rshift,538,1
OMKNE6,1,blue,classic,1,9,no,lshift,738,1
OMKNE6,1,blue,classic,1,7,no,lshift,639,1
OMKNE6,1,blue,classic,1,4,no,rshift,611,1
OMKNE6,1,blue,classic,1,4,no,rshift,534,1
OMKNE6,1,blue,classic,1,2,no,rshift,659,1
OMKNE6,1,blue,classic,1,4,no,rshift,490,1
OMKNE6,1,blue,classic,1,3,no,lshift,565,1
OMKNE6,1,blue,classic,1,1,no,lshift,509,1
OMKNE6,1,blue,classic,1,6,no,rshift,503,1
OMKNE6,1,blue,classic,1,7,no,lshift,664,1
OMKNE6,1,blue,classic,1,4,no,rshift,552,1
OMKNE6,1,blue,classic,1,8,no,rshift,590,1
OMKNE6,1,blue,classic,1,8,no,rshift,487,1
OMKNE6,1,blue,classic,1,2,no,rshift,518,1
OMKNE6,1,blue,classic,1,7,no,lshift,531,1
OMKNE6,1,blue,classic,1,8,no,rshift,549,1
OMKNE6,1,blue,classic,1,7,no,lshift,430,1
OMKNE6,1,blue,classic,1,2,no,rshift,407,1
OMKNE6,1,blue,classic,1,2,no,rshift,517,1
OMKNE6,1,blue,classic,1,4,no,rshift,479,1
OMKNE6,1,blue,classic,1,6,no,rshift,443,1
OMKNE6,1,blue,classic,1,7,no,lshift,569,1
OMKNE6,1,blue,classic,1,3,no,lshift,472,1
OMKNE6,1,blue,classic,1,8,no,rshift,603,1
OMKNE6,1,blue,classic,1,8,no,rshift,482,1
OMKNE6,1,blue,classic,1,2,no,rshift,570,1
OMKNE6,1,blue,classic,1,1,no,lshift,484,1
OMKNE6,1,blue,classic,1,6,no,rshift,404,1
OMKNE6,1,blue,classic,1,8,no,rshift,424,1
OMKNE6,1,blue,classic,1,2,no,rshift,525,1
OMKNE6,1,blue,classic,1,4,no,rshift,514,1
OMKNE6,1,blue,classic,1,8,no,rshift,463,1
OMKNE6,1,blue,classic,1,9,no,lshift,523,1
OMKNE6,1,blue,classic,1,6,no,rshift,813,1
OMKNE6,1,blue,classic,1,1,no,lshift,428,1
OMKNE6,1,blue,classic,1,3,no,lshift,496,1
OMKNE6,1,blue,classic,1,6,no,rshift,617,1
OMKNE6,1,blue,classic,1,6,no,rshift,464,1
OMKNE6,1,blue,classic,1,7,no,lshift,724,1
OMKNE6,1,blue,classic,1,2,no,rshift,485,1
OMKNE6,1,blue,classic,1,1,no,lshift,467,1
OMKNE6,1,blue,classic,1,8,no,rshift,445,1
OMKNE6,1,blue,classic,1,9,no,lshift,565,1
OMKNE6,1,blue,classic,0,4,no,lshift,519,1
OMKNE6,1,blue,classic,1,7,no,lshift,623,1
OMKNE6,1,blue,classic,1,1,no,lshift,529,1
OMKNE6,1,blue,classic,1,6,no,rshift,522,1
OMKNE6,1,blue,classic,1,3,no,lshift,515,1
OMKNE6,1,blue,classic,1,1,no,lshift,479,1
OMKNE6,1,blue,classic,1,9,no,lshift,573,1
OMKNE6,1,blue,classic,1,6,no,rshift,493,1
OMKNE6,1,blue,classic,1,2,no,rshift,680,1
OMKNE6,1,blue,classic,1,3,no,lshift,522,1
OMKNE6,1,blue,classic,1,8,no,rshift,625,1
OMKNE6,1,blue,classic,1,1,no,lshift,402,1
OMKNE6,1,blue,classic,1,7,no,lshift,611,1
OMKNE6,1,blue,classic,1,4,no,rshift,566,1
OMKNE6,1,blue,classic,1,3,no,lshift,484,1
OMKNE6,1,blue,classic,1,4,no,rshift,500,1
OMKNE6,1,blue,classic,1,7,no,lshift,655,1
OMKNE6,1,blue,classic,1,8,no,rshift,464,1
OMKNE6,1,blue,classic,1,9,no,lshift,608,1
OMKNE6,1,blue,classic,1,2,no,rshift,472,1
OMKNE6,1,blue,classic,1,8,no,rshift,405,1
OMKNE6,1,blue,classic,1,6,no,rshift,464,1
OMKNE6,1,blue,classic,1,9,no,lshift,724,1
OMKNE6,1,blue,classic,1,3,no,lshift,536,1
OMKNE6,1,blue,classic,1,7,no,lshift,582,1
OMKNE6,1,blue,classic,1,2,no,rshift,575,1
OMKNE6,1,blue,classic,1,1,no,lshift,686,1
OMKNE6,1,blue,classic,1,3,no,lshift,522,1
OMKNE6,1,blue,classic,1,4,no,rshift,440,1
OMKNE6,1,blue,classic,1,3,no,lshift,447,1
OMKNE6,1,blue,classic,1,8,no,rshift,442,1
OMKNE6,1,blue,classic,1,3,no,lshift,459,1
OMKNE6,1,blue,classic,1,7,no,lshift,747,1
OMKNE6,1,blue,classic,1,8,no,rshift,518,1
OMKNE6,1,blue,classic,1,2,no,rshift,611,1
OMKNE6,1,blue,classic,1,1,no,lshift,440,1
OMKNE6,1,blue,classic,1,6,no,rshift,467,1
OMKNE6,1,blue,classic,1,7,no,lshift,524,1
OMKNE6,1,blue,classic,1,3,no,lshift,541,1
OMKNE6,1,blue,classic,1,9,no,lshift,668,1
OMKNE6,1,blue,classic,1,3,no,lshift,521,1
OMKNE6,1,blue,classic,1,6,no,rshift,718,1
OMKNE6,1,blue,classic,1,1,no,lshift,540,1
OMKNE6,1,blue,classic,1,3,no,lshift,551,1
OMKNE6,1,blue,classic,1,4,no,rshift,525,1
OMKNE6,1,blue,classic,0,2,no,lshift,367,1
OMKNE6,1,blue,classic,1,7,no,lshift,535,1
OMKNE6,1,blue,classic,0,9,no,rshift,451,1
OMKNE6,1,blue,classic,1,9,no,lshift,546,1
OMKNE6,1,blue,classic,1,1,no,lshift,406,1
OMKNE6,1,blue,classic,1,9,no,lshift,430,1
OMKNE6,1,blue,classic,1,9,no,lshift,410,1
OMKNE6,1,blue,classic,1,1,no,lshift,489,1
OMKNE6,1,blue,classic,1,8,no,rshift,3731,1
OMKNE6,1,blue,classic,1,4,no,rshift,629,1
OMKNE6,1,blue,classic,1,9,no,lshift,586,1
OMKNE6,1,blue,classic,1,4,no,rshift,537,1
OMKNE6,1,blue,classic,1,3,no,lshift,689,1
