ID_name,block,color,condition,correct_keyboard_response,number,practice,response_keyboard_response,response_time_keyboard_response,subject_nr
louis28,0,blue,dot,1,6,yes,lshift,1743,1
louis28,0,blue,dot,1,8,yes,lshift,774,1
louis28,0,blue,dot,1,9,yes,lshift,431,1
louis28,0,blue,dot,1,4,yes,lshift,421,1
louis28,0,red,dot,1,1,yes,rshift,522,1
louis28,0,blue,dot,1,7,yes,lshift,382,1
louis28,0,red,dot,1,8,yes,rshift,408,1
louis28,0,red,dot,1,6,yes,rshift,393,1
louis28,0,blue,dot,1,3,yes,lshift,458,1
louis28,0,red,dot,1,7,yes,rshift,476,1
louis28,0,red,dot,1,2,yes,rshift,401,1
louis28,0,red,dot,1,3,yes,rshift,460,1
louis28,0,red,dot,1,4,yes,rshift,414,1
louis28,0,red,dot,1,9,yes,rshift,392,1
louis28,0,blue,dot,1,2,yes,lshift,2402,1
louis28,0,blue,dot,1,1,yes,lshift,614,1
louis28,1,red,dot,1,6,no,rshift,494,1
louis28,1,blue,dot,1,2,no,lshift,448,1
louis28,1,red,dot,1,4,no,rshift,365,1
louis28,1,blue,dot,1,9,no,lshift,459,1
louis28,1,red,dot,1,1,no,rshift,401,1
louis28,1,red,dot,1,8,no,rshift,380,1
louis28,1,blue,dot,1,2,no,lshift,434,1
louis28,1,red,dot,1,8,no,rshift,406,1
louis28,1,blue,dot,1,8,no,lshift,474,1
louis28,1,blue,dot,1,6,no,lshift,453,1
louis28,1,blue,dot,1,8,no,lshift,422,1
louis28,1,blue,dot,1,7,no,lshift,370,1
louis28,1,red,dot,1,7,no,rshift,461,1
louis28,1,blue,dot,1,1,no,lshift,440,1
louis28,1,blue,dot,1,2,no,lshift,412,1
louis28,1,red,dot,1,4,no,rshift,358,1
louis28,1,red,dot,1,9,no,rshift,360,1
louis28,1,blue,dot,1,1,no,lshift,360,1
louis28,1,blue,dot,1,2,no,lshift,373,1
louis28,1,red,dot,1,7,no,rshift,348,1
louis28,1,blue,dot,1,6,no,lshift,369,1
louis28,1,blue,dot,1,3,no,lshift,495,1
louis28,1,red,dot,1,1,no,rshift,354,1
louis28,1,blue,dot,1,7,no,lshift,401,1
louis28,1,blue,dot,1,4,no,lshift,323,1
louis28,1,blue,dot,1,3,no,lshift,333,1
louis28,1,blue,dot,1,1,no,lshift,358,1
louis28,1,red,dot,1,7,no,rshift,346,1
louis28,1,red,dot,1,9,no,rshift,430,1
louis28,1,blue,dot,1,3,no,lshift,382,1
louis28,1,red,dot,1,2,no,rshift,307,1
louis28,1,blue,dot,1,9,no,lshift,432,1
louis28,1,blue,dot,1,1,no,lshift,423,1
louis28,1,red,dot,1,1,no,rshift,394,1
louis28,1,blue,dot,1,3,no,lshift,381,1
louis28,1,blue,dot,1,2,no,lshift,398,1
louis28,1,blue,dot,1,8,no,lshift,517,1
louis28,1,blue,dot,1,4,no,lshift,456,1
louis28,1,red,dot,0,3,no,lshift,240,1
louis28,1,red,dot,1,6,no,rshift,1865,1
louis28,1,red,dot,1,9,no,rshift,336,1
louis28,1,blue,dot,1,6,no,lshift,524,1
louis28,1,blue,dot,1,6,no,lshift,534,1
louis28,1,blue,dot,1,4,no,lshift,459,1
louis28,1,red,dot,1,6,no,rshift,391,1
louis28,1,blue,dot,1,1,no,lshift,474,1
louis28,1,red,dot,1,6,no,rshift,1050,1
louis28,1,blue,dot,1,9,no,lshift,417,1
louis28,1,red,dot,1,8,no,rshift,396,1
louis28,1,blue,dot,1,2,no,lshift,414,1
louis28,1,red,dot,1,3,no,rshift,493,1
louis28,1,red,dot,1,9,no,rshift,404,1
louis28,1,blue,dot,1,9,no,lshift,522,1
louis28,1,red,dot,1,4,no,rshift,391,1
louis28,1,red,dot,1,2,no,rshift,378,1
louis28,1,red,dot,1,8,no,rshift,363,1
louis28,1,red,dot,1,9,no,rshift,377,1
louis28,1,blue,dot,1,8,no,lshift,428,1
louis28,1,red,dot,1,6,no,rshift,401,1
louis28,1,blue,dot,1,2,no,lshift,499,1
louis28,1,red,dot,1,4,no,rshift,411,1
louis28,1,blue,dot,1,6,no,lshift,433,1
louis28,1,red,dot,1,6,no,rshift,456,1
louis28,1,red,dot,1,2,no,rshift,426,1
louis28,1,red,dot,1,8,no,rshift,365,1
louis28,1,red,dot,1,7,no,rshift,329,1
louis28,1,red,dot,1,3,no,rshift,334,1
louis28,1,blue,dot,1,3,no,lshift,1550,1
louis28,1,blue,dot,1,9,no,lshift,799,1
louis28,1,red,dot,1,8,no,rshift,322,1
louis28,1,blue,dot,1,9,no,lshift,666,1
louis28,1,red,dot,1,7,no,rshift,341,1
louis28,1,blue,dot,1,9,no,lshift,432,1
louis28,1,red,dot,1,6,no,rshift,314,1
louis28,1,red,dot,1,3,no,rshift,402,1
louis28,1,blue,dot,1,4,no,lshift,385,1
louis28,1,red,dot,1,1,no,rshift,336,1
louis28,1,blue,dot,1,2,no,lshift,527,1
louis28,1,red,dot,1,4,no,rshift,347,1
louis28,1,blue,dot,1,4,no,lshift,416,1
louis28,1,red,dot,1,3,no,rshift,294,1
louis28,1,blue,dot,1,6,no,lshift,505,1
louis28,1,blue,dot,1,2,no,lshift,477,1
louis28,1,red,dot,1,1,no,rshift,361,1
louis28,1,blue,dot,1,8,no,lshift,463,1
louis28,1,blue,dot,1,7,no,lshift,448,1
louis28,1,red,dot,1,2,no,rshift,361,1
louis28,1,blue,dot,1,4,no,lshift,430,1
louis28,1,red,dot,1,9,no,rshift,332,1
louis28,1,blue,dot,1,7,no,lshift,353,1
louis28,1,red,dot,1,7,no,rshift,219,1
louis28,1,blue,dot,1,4,no,lshift,380,1
louis28,1,red,dot,1,1,no,rshift,403,1
louis28,1,blue,dot,1,1,no,lshift,338,1
louis28,1,red,dot,1,4,no,rshift,273,1
louis28,1,blue,dot,1,7,no,lshift,517,1
louis28,1,blue,dot,0,9,no,rshift,265,1
louis28,1,red,dot,1,7,no,rshift,329,1
louis28,1,blue,dot,1,8,no,lshift,354,1
louis28,1,blue,dot,0,7,no,rshift,259,1
louis28,1,red,dot,1,1,no,rshift,442,1
louis28,1,red,dot,1,6,no,rshift,452,1
louis28,1,blue,dot,1,6,no,lshift,567,1
louis28,1,blue,dot,1,8,no,lshift,398,1
louis28,1,blue,dot,1,7,no,lshift,410,1
louis28,1,blue,dot,1,8,no,lshift,395,1
louis28,1,red,dot,1,3,no,rshift,514,1
louis28,1,red,dot,1,9,no,rshift,425,1
louis28,1,blue,dot,1,6,no,lshift,423,1
louis28,1,red,dot,1,2,no,rshift,347,1
louis28,1,blue,dot,1,3,no,lshift,310,1
louis28,1,red,dot,1,8,no,rshift,412,1
louis28,1,red,dot,1,8,no,rshift,394,1
louis28,1,blue,dot,1,2,no,lshift,648,1
louis28,1,blue,dot,1,3,no,lshift,509,1
louis28,1,red,dot,1,7,no,rshift,424,1
louis28,1,red,dot,1,7,no,rshift,404,1
louis28,1,blue,dot,1,4,no,lshift,389,1
louis28,1,red,dot,1,1,no,rshift,410,1
louis28,1,blue,dot,0,3,no,rshift,467,1
louis28,1,red,dot,1,2,no,rshift,435,1
louis28,1,red,dot,1,3,no,rshift,442,1
louis28,1,red,dot,1,1,no,rshift,401,1
louis28,1,red,dot,1,4,no,rshift,1927,1
louis28,1,red,dot,1,4,no,rshift,392,1
louis28,1,red,dot,1,9,no,rshift,341,1
louis28,1,blue,dot,1,4,no,lshift,425,1
louis28,1,blue,dot,1,3,no,lshift,460,1
louis28,1,red,dot,1,8,no,rshift,552,1
louis28,1,red,dot,1,7,no,rshift,785,1
louis28,1,red,dot,1,1,no,rshift,643,1
louis28,1,blue,dot,1,9,no,lshift,446,1
louis28,1,red,dot,1,9,no,rshift,637,1
louis28,1,blue,dot,1,8,no,lshift,372,1
louis28,1,blue,dot,1,7,no,lshift,585,1
louis28,1,blue,dot,1,6,no,lshift,522,1
louis28,1,blue,dot,1,4,no,lshift,503,1
louis28,1,blue,dot,1,3,no,lshift,558,1
louis28,1,red,dot,1,4,no,rshift,1642,1
louis28,1,blue,dot,1,1,no,lshift,355,1
louis28,1,red,dot,1,3,no,rshift,346,1
louis28,1,red,dot,1,8,no,rshift,482,1
louis28,1,blue,dot,1,8,no,lshift,373,1
louis28,1,red,dot,1,2,no,rshift,322,1
louis28,1,red,dot,1,9,no,rshift,428,1
louis28,1,red,dot,1,2,no,rshift,312,1
louis28,1,blue,dot,1,1,no,lshift,366,1
louis28,1,blue,dot,1,1,no,lshift,383,1
louis28,1,red,dot,1,4,no,rshift,387,1
louis28,1,red,dot,1,6,no,rshift,353,1
louis28,1,blue,dot,1,9,no,lshift,452,1
louis28,1,blue,dot,1,7,no,lshift,804,1
louis28,1,red,dot,1,3,no,rshift,384,1
louis28,1,blue,dot,1,7,no,lshift,485,1
louis28,1,red,dot,1,2,no,rshift,419,1
louis28,1,red,dot,1,3,no,rshift,446,1
louis28,1,red,dot,1,2,no,rshift,347,1
louis28,1,blue,dot,1,6,no,lshift,404,1
louis28,1,red,dot,1,6,no,rshift,415,1
louis28,1,blue,dot,1,1,no,lshift,472,1
louis28,2,blue,dot,1,7,no,lshift,457,1
louis28,2,red,dot,1,6,no,rshift,330,1
louis28,2,red,dot,1,9,no,rshift,392,1
louis28,2,red,dot,1,9,no,rshift,334,1
louis28,2,blue,dot,1,2,no,lshift,387,1
louis28,2,red,dot,1,7,no,rshift,350,1
louis28,2,blue,dot,1,9,no,lshift,371,1
louis28,2,red,dot,1,3,no,rshift,278,1
louis28,2,blue,dot,1,6,no,lshift,448,1
louis28,2,red,dot,1,8,no,rshift,339,1
louis28,2,red,dot,1,8,no,rshift,402,1
louis28,2,blue,dot,1,4,no,lshift,407,1
louis28,2,blue,dot,1,9,no,lshift,518,1
louis28,2,red,dot,1,7,no,rshift,518,1
louis28,2,blue,dot,1,4,no,lshift,389,1
louis28,2,blue,dot,1,8,no,lshift,425,1
louis28,2,red,dot,1,6,no,rshift,329,1
louis28,2,blue,dot,1,2,no,lshift,512,1
louis28,2,blue,dot,1,3,no,lshift,641,1
louis28,2,blue,dot,1,7,no,lshift,455,1
louis28,2,blue,dot,1,8,no,lshift,457,1
louis28,2,blue,dot,1,1,no,lshift,413,1
louis28,2,red,dot,1,6,no,rshift,1089,1
louis28,2,red,dot,1,1,no,rshift,343,1
louis28,2,red,dot,1,7,no,rshift,541,1
louis28,2,red,dot,1,4,no,rshift,292,1
louis28,2,red,dot,1,1,no,rshift,334,1
louis28,2,red,dot,1,9,no,rshift,1018,1
louis28,2,red,dot,1,2,no,rshift,284,1
louis28,2,red,dot,1,4,no,rshift,279,1
louis28,2,red,dot,1,7,no,rshift,260,1
louis28,2,blue,dot,1,4,no,lshift,393,1
louis28,2,red,dot,1,2,no,rshift,407,1
louis28,2,blue,dot,1,4,no,lshift,356,1
louis28,2,red,dot,1,3,no,rshift,260,1
louis28,2,blue,dot,1,1,no,lshift,378,1
louis28,2,red,dot,1,9,no,rshift,300,1
louis28,2,red,dot,1,7,no,rshift,354,1
louis28,2,blue,dot,1,9,no,lshift,455,1
louis28,2,blue,dot,0,8,no,rshift,294,1
louis28,2,blue,dot,1,7,no,lshift,334,1
louis28,2,blue,dot,1,3,no,lshift,324,1
louis28,2,blue,dot,1,9,no,lshift,415,1
louis28,2,blue,dot,1,1,no,lshift,276,1
louis28,2,blue,dot,1,3,no,lshift,325,1
louis28,2,red,dot,1,8,no,rshift,1266,1
louis28,2,blue,dot,1,4,no,lshift,383,1
louis28,2,blue,dot,1,9,no,lshift,372,1
louis28,2,red,dot,1,9,no,rshift,356,1
louis28,2,red,dot,1,2,no,rshift,333,1
louis28,2,red,dot,1,2,no,rshift,394,1
louis28,2,red,dot,1,8,no,rshift,390,1
louis28,2,blue,dot,1,9,no,lshift,391,1
louis28,2,red,dot,1,6,no,rshift,399,1
louis28,2,red,dot,1,3,no,rshift,563,1
louis28,2,red,dot,1,1,no,rshift,364,1
louis28,2,blue,dot,1,3,no,lshift,607,1
louis28,2,red,dot,1,1,no,rshift,647,1
louis28,2,red,dot,1,9,no,rshift,319,1
louis28,2,red,dot,1,3,no,rshift,327,1
louis28,2,blue,dot,1,8,no,lshift,542,1
louis28,2,blue,dot,1,1,no,lshift,541,1
louis28,2,blue,dot,1,4,no,lshift,456,1
louis28,2,red,dot,1,4,no,rshift,385,1
louis28,2,red,dot,1,6,no,rshift,314,1
louis28,2,blue,dot,0,2,no,rshift,409,1
louis28,2,blue,dot,1,1,no,lshift,502,1
louis28,2,red,dot,1,2,no,rshift,399,1
louis28,2,blue,dot,1,8,no,lshift,441,1
louis28,2,red,dot,1,3,no,rshift,284,1
louis28,2,blue,dot,1,7,no,lshift,404,1
louis28,2,red,dot,1,7,no,rshift,353,1
louis28,2,red,dot,1,3,no,rshift,306,1
louis28,2,blue,dot,1,9,no,lshift,401,1
louis28,2,blue,dot,1,4,no,lshift,401,1
louis28,2,blue,dot,1,6,no,lshift,349,1
louis28,2,blue,dot,1,3,no,lshift,364,1
louis28,2,blue,dot,1,7,no,lshift,287,1
louis28,2,red,dot,1,4,no,rshift,2433,1
louis28,2,red,dot,1,6,no,rshift,311,1
louis28,2,blue,dot,1,6,no,lshift,715,1
louis28,2,red,dot,1,9,no,rshift,378,1
louis28,2,red,dot,1,4,no,rshift,376,1
louis28,2,blue,dot,1,6,no,lshift,483,1
louis28,2,red,dot,1,7,no,rshift,333,1
louis28,2,red,dot,1,2,no,rshift,331,1
louis28,2,blue,dot,1,6,no,lshift,373,1
louis28,2,blue,dot,1,2,no,lshift,417,1
louis28,2,red,dot,1,6,no,rshift,378,1
louis28,2,blue,dot,1,6,no,lshift,517,1
louis28,2,blue,dot,1,4,no,lshift,593,1
louis28,2,red,dot,1,9,no,rshift,497,1
louis28,2,red,dot,1,4,no,rshift,291,1
louis28,2,red,dot,1,7,no,rshift,476,1
louis28,2,blue,dot,1,1,no,lshift,397,1
louis28,2,red,dot,1,3,no,rshift,492,1
louis28,2,blue,dot,1,2,no,lshift,396,1
louis28,2,blue,dot,1,9,no,lshift,466,1
louis28,2,blue,dot,1,8,no,lshift,464,1
louis28,2,red,dot,1,6,no,rshift,506,1
louis28,2,red,dot,0,1,no,lshift,358,1
louis28,2,blue,dot,1,7,no,lshift,715,1
louis28,2,blue,dot,1,8,no,lshift,502,1
louis28,2,blue,dot,1,2,no,lshift,661,1
louis28,2,red,dot,1,8,no,rshift,445,1
louis28,2,red,dot,1,2,no,rshift,556,1
louis28,2,blue,dot,1,4,no,lshift,575,1
louis28,2,red,dot,1,1,no,rshift,319,1
louis28,2,red,dot,1,9,no,rshift,695,1
louis28,2,red,dot,1,4,no,rshift,349,1
louis28,2,red,dot,1,3,no,rshift,402,1
louis28,2,blue,dot,1,7,no,lshift,391,1
louis28,2,red,dot,1,8,no,rshift,345,1
louis28,2,red,dot,1,2,no,rshift,418,1
louis28,2,blue,dot,1,2,no,lshift,500,1
louis28,2,blue,dot,1,1,no,lshift,388,1
louis28,2,blue,dot,1,7,no,lshift,424,1
louis28,2,red,dot,1,8,no,rshift,404,1
louis28,2,blue,dot,1,8,no,lshift,465,1
louis28,2,blue,dot,1,9,no,lshift,483,1
louis28,2,blue,dot,1,3,no,lshift,436,1
louis28,2,red,dot,1,4,no,rshift,671,1
louis28,2,red,dot,0,7,no,lshift,1056,1
louis28,2,red,dot,0,6,no,lshift,341,1
louis28,2,blue,dot,1,6,no,lshift,603,1
louis28,2,blue,dot,1,1,no,lshift,424,1
louis28,2,blue,dot,1,6,no,lshift,621,1
louis28,2,blue,dot,1,2,no,lshift,1928,1
louis28,2,red,dot,1,1,no,rshift,573,1
louis28,2,blue,dot,1,8,no,lshift,553,1
louis28,2,red,dot,1,2,no,rshift,345,1
louis28,2,blue,dot,1,2,no,lshift,416,1
louis28,2,blue,dot,1,2,no,lshift,457,1
louis28,2,red,dot,1,8,no,rshift,352,1
louis28,2,blue,dot,1,3,no,lshift,409,1
louis28,2,blue,dot,1,1,no,lshift,414,1
louis28,2,red,dot,1,8,no,rshift,383,1
louis28,2,blue,dot,1,3,no,lshift,428,1
louis28,2,blue,dot,1,7,no,lshift,418,1
louis28,2,red,dot,1,6,no,rshift,347,1
louis28,2,red,dot,1,2,no,rshift,414,1
louis28,2,red,dot,1,3,no,rshift,359,1
louis28,2,red,dot,1,1,no,rshift,492,1
louis28,2,blue,dot,1,6,no,lshift,409,1
louis28,2,red,dot,1,4,no,rshift,561,1
louis28,2,blue,dot,1,8,no,lshift,559,1
louis28,2,blue,dot,1,7,no,lshift,714,1
louis28,2,blue,dot,1,6,no,lshift,505,1
louis28,2,blue,dot,1,1,no,lshift,486,1
louis28,2,red,dot,1,3,no,rshift,420,1
louis28,2,red,dot,1,1,no,rshift,419,1
louis28,2,red,dot,1,7,no,rshift,397,1
louis28,2,blue,dot,1,3,no,lshift,660,1
louis28,2,blue,dot,1,3,no,lshift,370,1
louis28,2,red,dot,1,9,no,rshift,444,1
louis28,2,blue,dot,1,4,no,lshift,420,1
louis28,2,red,dot,1,1,no,rshift,395,1
louis28,2,red,dot,1,8,no,rshift,338,1
louis28,2,blue,dot,1,9,no,lshift,495,1
louis28,2,red,dot,1,4,no,rshift,344,1
louis28,3,red,dot,1,2,no,rshift,329,1
louis28,3,blue,dot,1,1,no,lshift,406,1
louis28,3,blue,dot,1,6,no,lshift,416,1
louis28,3,red,dot,1,2,no,rshift,313,1
louis28,3,red,dot,1,9,no,rshift,343,1
louis28,3,red,dot,1,3,no,rshift,350,1
louis28,3,red,dot,1,1,no,rshift,240,1
louis28,3,blue,dot,0,4,no,rshift,80,1
louis28,3,blue,dot,1,9,no,lshift,559,1
louis28,3,blue,dot,1,6,no,lshift,541,1
louis28,3,red,dot,1,7,no,rshift,341,1
louis28,3,red,dot,1,9,no,rshift,260,1
louis28,3,blue,dot,1,2,no,lshift,165,1
louis28,3,red,dot,1,3,no,rshift,99,1
louis28,3,red,dot,1,4,no,rshift,169,1
louis28,3,blue,dot,0,4,no,rshift,81,1
louis28,3,red,dot,1,8,no,rshift,275,1
louis28,3,red,dot,0,7,no,lshift,84,1
louis28,3,blue,dot,1,1,no,lshift,293,1
louis28,3,red,dot,1,7,no,rshift,305,1
louis28,3,red,dot,1,2,no,rshift,259,1
louis28,3,red,dot,1,7,no,rshift,436,1
louis28,3,blue,dot,1,1,no,lshift,358,1
louis28,3,blue,dot,0,3,no,rshift,24,1
louis28,3,blue,dot,1,2,no,lshift,572,1
louis28,3,blue,dot,1,8,no,lshift,418,1
louis28,3,blue,dot,1,3,no,lshift,342,1
louis28,3,blue,dot,1,7,no,lshift,414,1
louis28,3,blue,dot,1,3,no,lshift,391,1
louis28,3,blue,dot,1,1,no,lshift,1510,1
louis28,3,blue,dot,1,7,no,lshift,433,1
louis28,3,blue,dot,1,4,no,lshift,351,1
louis28,3,red,dot,0,8,no,lshift,351,1
louis28,3,red,dot,1,9,no,rshift,357,1
louis28,3,blue,dot,1,2,no,lshift,345,1
louis28,3,blue,dot,1,6,no,lshift,415,1
louis28,3,blue,dot,1,3,no,lshift,360,1
louis28,3,red,dot,1,2,no,rshift,389,1
louis28,3,red,dot,1,4,no,rshift,272,1
louis28,3,red,dot,1,6,no,rshift,315,1
louis28,3,blue,dot,1,9,no,lshift,376,1
louis28,3,red,dot,1,6,no,rshift,377,1
louis28,3,red,dot,1,3,no,rshift,292,1
louis28,3,red,dot,1,9,no,rshift,327,1
louis28,3,blue,dot,1,8,no,lshift,390,1
louis28,3,blue,dot,1,2,no,lshift,499,1
louis28,3,blue,dot,0,9,no,rshift,326,1
louis28,3,blue,dot,0,6,no,rshift,340,1
louis28,3,blue,dot,1,7,no,lshift,394,1
louis28,3,red,dot,1,6,no,rshift,317,1
louis28,3,blue,dot,1,6,no,lshift,386,1
louis28,3,red,dot,1,8,no,rshift,346,1
louis28,3,blue,dot,1,2,no,lshift,398,1
louis28,3,blue,dot,1,7,no,lshift,394,1
louis28,3,blue,dot,1,9,no,lshift,439,1
louis28,3,blue,dot,1,2,no,lshift,392,1
louis28,3,blue,dot,1,6,no,lshift,371,1
louis28,3,blue,dot,1,4,no,lshift,764,1
louis28,3,red,dot,1,8,no,rshift,342,1
louis28,3,blue,dot,1,6,no,lshift,377,1
louis28,3,red,dot,1,4,no,rshift,397,1
louis28,3,red,dot,1,1,no,rshift,317,1
louis28,3,red,dot,1,4,no,rshift,333,1
louis28,3,blue,dot,1,7,no,lshift,368,1
louis28,3,red,dot,1,9,no,rshift,281,1
louis28,3,red,dot,1,3,no,rshift,352,1
louis28,3,blue,dot,1,4,no,lshift,604,1
louis28,3,red,dot,1,2,no,rshift,336,1
louis28,3,blue,dot,1,8,no,lshift,443,1
louis28,3,red,dot,1,6,no,rshift,572,1
louis28,3,red,dot,1,4,no,rshift,365,1
louis28,3,blue,dot,1,7,no,lshift,439,1
louis28,3,blue,dot,1,4,no,lshift,457,1
louis28,3,blue,dot,1,8,no,lshift,358,1
louis28,3,red,dot,1,7,no,rshift,482,1
louis28,3,red,dot,1,2,no,rshift,296,1
louis28,3,blue,dot,1,7,no,lshift,371,1
louis28,3,red,dot,1,3,no,rshift,343,1
louis28,3,red,dot,1,3,no,rshift,383,1
louis28,3,red,dot,1,4,no,rshift,288,1
louis28,3,red,dot,1,2,no,rshift,422,1
louis28,3,red,dot,1,3,no,rshift,352,1
louis28,3,red,dot,1,1,no,rshift,1770,1
louis28,3,red,dot,1,6,no,rshift,315,1
louis28,3,blue,dot,1,8,no,lshift,424,1
louis28,3,blue,dot,1,1,no,lshift,432,1
louis28,3,blue,dot,1,7,no,lshift,527,1
louis28,3,blue,dot,1,8,no,lshift,465,1
louis28,3,blue,dot,1,2,no,lshift,445,1
louis28,3,red,dot,1,1,no,rshift,1178,1
louis28,3,red,dot,1,8,no,rshift,323,1
louis28,3,blue,dot,1,3,no,lshift,483,1
louis28,3,red,dot,1,4,no,rshift,286,1
louis28,3,red,dot,1,9,no,rshift,296,1
louis28,3,red,dot,1,3,no,rshift,332,1
louis28,3,blue,dot,1,2,no,lshift,373,1
louis28,3,blue,dot,1,7,no,lshift,461,1
louis28,3,blue,dot,1,3,no,lshift,497,1
louis28,3,blue,dot,1,9,no,lshift,562,1
louis28,3,red,dot,1,6,no,rshift,373,1
louis28,3,red,dot,1,6,no,rshift,308,1
louis28,3,blue,dot,1,9,no,lshift,437,1
louis28,3,red,dot,1,9,no,rshift,369,1
louis28,3,red,dot,1,7,no,rshift,378,1
louis28,3,blue,dot,1,6,no,lshift,382,1
louis28,3,red,dot,1,8,no,rshift,320,1
louis28,3,blue,dot,1,8,no,lshift,410,1
louis28,3,blue,dot,1,3,no,lshift,549,1
louis28,3,blue,dot,1,9,no,lshift,529,1
louis28,3,red,dot,1,8,no,rshift,260,1
louis28,3,red,dot,1,6,no,rshift,423,1
louis28,3,red,dot,1,7,no,rshift,462,1
louis28,3,red,dot,1,7,no,rshift,309,1
louis28,3,blue,dot,1,2,no,lshift,444,1
louis28,3,red,dot,1,1,no,rshift,300,1
louis28,3,blue,dot,1,8,no,lshift,532,1
louis28,3,red,dot,1,9,no,rshift,276,1
louis28,3,red,dot,1,2,no,rshift,321,1
louis28,3,blue,dot,1,4,no,lshift,327,1
louis28,3,blue,dot,0,6,no,rshift,320,1
louis28,3,red,dot,1,1,no,rshift,309,1
louis28,3,blue,dot,1,7,no,lshift,530,1
louis28,3,blue,dot,1,9,no,lshift,497,1
louis28,3,blue,dot,1,4,no,lshift,457,1
louis28,3,blue,dot,1,1,no,lshift,500,1
louis28,3,blue,dot,1,1,no,lshift,426,1
louis28,3,red,dot,1,2,no,rshift,1751,1
louis28,3,red,dot,1,1,no,rshift,364,1
louis28,3,red,dot,1,8,no,rshift,331,1
louis28,3,blue,dot,1,8,no,lshift,386,1
louis28,3,blue,dot,1,1,no,lshift,443,1
louis28,3,blue,dot,1,4,no,lshift,470,1
louis28,3,blue,dot,1,3,no,lshift,415,1
louis28,3,blue,dot,1,6,no,lshift,431,1
louis28,3,blue,dot,1,1,no,lshift,1085,1
louis28,3,blue,dot,1,9,no,lshift,418,1
louis28,3,blue,dot,1,4,no,lshift,366,1
louis28,3,red,dot,1,1,no,rshift,355,1
louis28,3,red,dot,1,7,no,rshift,356,1
louis28,3,red,dot,1,1,no,rshift,311,1
louis28,3,blue,dot,1,9,no,lshift,439,1
louis28,3,red,dot,1,3,no,rshift,332,1
louis28,3,red,dot,1,7,no,rshift,296,1
louis28,3,red,dot,1,9,no,rshift,285,1
louis28,3,red,dot,1,1,no,rshift,296,1
louis28,3,red,dot,1,6,no,rshift,313,1
louis28,3,blue,dot,1,1,no,lshift,604,1
louis28,3,blue,dot,0,3,no,rshift,276,1
louis28,3,blue,dot,1,2,no,lshift,490,1
louis28,3,red,dot,1,8,no,rshift,333,1
louis28,3,red,dot,1,4,no,rshift,324,1
louis28,3,red,dot,1,2,no,rshift,310,1
louis28,3,blue,dot,1,3,no,lshift,682,1
louis28,3,red,dot,1,4,no,rshift,371,1
louis28,3,red,dot,1,9,no,rshift,348,1
louis28,3,blue,dot,1,8,no,lshift,464,1
louis28,3,red,dot,1,3,no,rshift,278,1
louis28,3,red,dot,1,8,no,rshift,362,1
louis28,3,red,dot,1,4,no,rshift,294,1
louis28,3,red,dot,1,6,no,rshift,242,1
louis28,0,blue,arab,1,1,yes,lshift,1502,1
louis28,0,blue,arab,1,3,yes,lshift,462,1
louis28,0,red,arab,1,7,yes,rshift,392,1
louis28,0,red,arab,0,1,yes,lshift,335,1
louis28,0,blue,arab,1,6,yes,lshift,840,1
louis28,0,blue,arab,1,8,yes,lshift,511,1
louis28,0,red,arab,1,3,yes,rshift,368,1
louis28,0,blue,arab,1,9,yes,lshift,439,1
louis28,0,red,arab,1,9,yes,rshift,394,1
louis28,0,blue,arab,1,2,yes,lshift,397,1
louis28,0,red,arab,1,8,yes,rshift,339,1
louis28,0,red,arab,1,4,yes,rshift,455,1
louis28,0,blue,arab,1,4,yes,lshift,434,1
louis28,0,red,arab,1,6,yes,rshift,392,1
louis28,0,blue,arab,1,7,yes,lshift,480,1
louis28,0,red,arab,1,2,yes,rshift,465,1
louis28,1,red,arab,1,3,no,rshift,1361,1
louis28,1,red,arab,1,9,no,rshift,334,1
louis28,1,blue,arab,1,6,no,lshift,442,1
louis28,1,red,arab,1,2,no,rshift,751,1
louis28,1,red,arab,1,2,no,rshift,368,1
louis28,1,blue,arab,1,3,no,lshift,441,1
louis28,1,blue,arab,1,4,no,lshift,483,1
louis28,1,red,arab,1,8,no,rshift,445,1
louis28,1,red,arab,1,2,no,rshift,456,1
louis28,1,blue,arab,1,1,no,lshift,355,1
louis28,1,red,arab,1,6,no,rshift,327,1
louis28,1,red,arab,1,8,no,rshift,350,1
louis28,1,blue,arab,1,7,no,lshift,377,1
louis28,1,blue,arab,1,3,no,lshift,623,1
louis28,1,blue,arab,1,8,no,lshift,482,1
louis28,1,red,arab,1,3,no,rshift,512,1
louis28,1,red,arab,1,7,no,rshift,321,1
louis28,1,blue,arab,1,9,no,lshift,424,1
louis28,1,blue,arab,1,3,no,lshift,435,1
louis28,1,blue,arab,1,4,no,lshift,446,1
louis28,1,blue,arab,1,8,no,lshift,447,1
louis28,1,blue,arab,1,3,no,lshift,398,1
louis28,1,blue,arab,1,9,no,lshift,1051,1
louis28,1,blue,arab,1,3,no,lshift,361,1
louis28,1,red,arab,1,2,no,rshift,359,1
louis28,1,blue,arab,1,4,no,lshift,533,1
louis28,1,red,arab,1,6,no,rshift,235,1
louis28,1,red,arab,1,6,no,rshift,306,1
louis28,1,red,arab,1,4,no,rshift,383,1
louis28,1,red,arab,1,6,no,rshift,748,1
louis28,1,red,arab,1,4,no,rshift,376,1
louis28,1,blue,arab,1,8,no,lshift,1059,1
louis28,1,red,arab,1,8,no,rshift,467,1
louis28,1,blue,arab,1,3,no,lshift,475,1
louis28,1,red,arab,1,1,no,rshift,326,1
louis28,1,blue,arab,1,6,no,lshift,477,1
louis28,1,blue,arab,1,8,no,lshift,458,1
louis28,1,red,arab,1,3,no,rshift,426,1
louis28,1,blue,arab,1,2,no,lshift,556,1
louis28,1,red,arab,1,1,no,rshift,339,1
louis28,1,red,arab,1,3,no,rshift,459,1
louis28,1,red,arab,0,1,no,lshift,334,1
louis28,1,red,arab,1,6,no,rshift,460,1
louis28,1,red,arab,1,2,no,rshift,261,1
louis28,1,red,arab,1,6,no,rshift,327,1
louis28,1,blue,arab,0,7,no,rshift,378,1
louis28,1,red,arab,1,3,no,rshift,265,1
louis28,1,red,arab,1,4,no,rshift,1144,1
louis28,1,blue,arab,1,1,no,lshift,384,1
louis28,1,red,arab,1,6,no,rshift,410,1
louis28,1,blue,arab,1,4,no,lshift,361,1
louis28,1,red,arab,1,7,no,rshift,364,1
louis28,1,red,arab,1,9,no,rshift,382,1
louis28,1,red,arab,1,3,no,rshift,775,1
louis28,1,blue,arab,1,2,no,lshift,236,1
louis28,1,red,arab,1,3,no,rshift,322,1
louis28,1,blue,arab,1,4,no,lshift,404,1
louis28,1,red,arab,1,9,no,rshift,262,1
louis28,1,blue,arab,1,6,no,lshift,583,1
louis28,1,blue,arab,0,6,no,rshift,314,1
louis28,1,red,arab,1,2,no,rshift,325,1
louis28,1,blue,arab,1,7,no,lshift,474,1
louis28,1,red,arab,1,7,no,rshift,366,1
louis28,1,blue,arab,1,7,no,lshift,338,1
louis28,1,red,arab,1,2,no,rshift,369,1
louis28,1,red,arab,1,2,no,rshift,352,1
louis28,1,red,arab,1,7,no,rshift,298,1
louis28,1,blue,arab,1,2,no,lshift,578,1
louis28,1,blue,arab,1,4,no,lshift,503,1
louis28,1,blue,arab,1,9,no,lshift,477,1
louis28,1,blue,arab,1,9,no,lshift,450,1
louis28,1,blue,arab,1,3,no,lshift,458,1
louis28,1,red,arab,1,1,no,rshift,2169,1
louis28,1,blue,arab,1,1,no,lshift,408,1
louis28,1,red,arab,1,2,no,rshift,366,1
louis28,1,blue,arab,1,7,no,lshift,401,1
louis28,1,blue,arab,0,7,no,rshift,473,1
louis28,1,blue,arab,1,6,no,lshift,492,1
louis28,1,blue,arab,1,7,no,lshift,428,1
louis28,1,red,arab,1,1,no,rshift,358,1
louis28,1,blue,arab,1,8,no,lshift,372,1
louis28,1,red,arab,1,3,no,rshift,313,1
louis28,1,blue,arab,1,7,no,lshift,521,1
louis28,1,blue,arab,1,9,no,lshift,604,1
louis28,1,blue,arab,1,9,no,lshift,435,1
louis28,1,red,arab,1,9,no,rshift,378,1
louis28,1,blue,arab,1,2,no,lshift,443,1
louis28,1,blue,arab,1,2,no,lshift,459,1
louis28,1,red,arab,1,1,no,rshift,403,1
louis28,1,red,arab,1,3,no,rshift,441,1
louis28,1,blue,arab,1,3,no,lshift,430,1
louis28,1,blue,arab,0,4,no,rshift,467,1
louis28,1,blue,arab,1,8,no,lshift,509,1
louis28,1,red,arab,1,6,no,rshift,409,1
louis28,1,red,arab,1,6,no,rshift,386,1
louis28,1,blue,arab,1,3,no,lshift,761,1
louis28,1,red,arab,1,8,no,rshift,380,1
louis28,1,red,arab,1,4,no,rshift,506,1
louis28,1,red,arab,1,9,no,rshift,460,1
louis28,1,red,arab,1,3,no,rshift,434,1
louis28,1,red,arab,1,4,no,rshift,418,1
louis28,1,red,arab,1,4,no,rshift,2156,1
louis28,1,red,arab,1,1,no,rshift,467,1
louis28,1,blue,arab,1,8,no,lshift,351,1
louis28,1,blue,arab,0,9,no,rshift,313,1
louis28,1,red,arab,1,9,no,rshift,305,1
louis28,1,blue,arab,1,9,no,lshift,312,1
louis28,1,red,arab,1,7,no,rshift,384,1
louis28,1,blue,arab,1,2,no,lshift,377,1
louis28,1,red,arab,1,6,no,rshift,328,1
louis28,1,red,arab,1,4,no,rshift,380,1
louis28,1,red,arab,1,7,no,rshift,344,1
louis28,1,blue,arab,1,7,no,lshift,349,1
louis28,1,blue,arab,0,1,no,rshift,459,1
louis28,1,red,arab,1,1,no,rshift,339,1
louis28,1,blue,arab,1,6,no,lshift,387,1
louis28,1,blue,arab,1,6,no,lshift,297,1
louis28,1,red,arab,1,9,no,rshift,433,1
louis28,1,blue,arab,1,1,no,lshift,422,1
louis28,1,red,arab,1,2,no,rshift,378,1
louis28,1,red,arab,1,8,no,rshift,337,1
louis28,1,blue,arab,1,2,no,lshift,375,1
louis28,1,blue,arab,1,1,no,lshift,422,1
louis28,1,blue,arab,1,2,no,lshift,352,1
louis28,1,red,arab,1,9,no,rshift,431,1
louis28,1,blue,arab,1,9,no,lshift,468,1
louis28,1,red,arab,1,8,no,rshift,465,1
louis28,1,blue,arab,1,4,no,lshift,480,1
louis28,1,blue,arab,1,6,no,lshift,553,1
louis28,1,red,arab,1,8,no,rshift,372,1
louis28,1,blue,arab,1,7,no,lshift,405,1
louis28,1,blue,arab,1,1,no,lshift,467,1
louis28,1,blue,arab,1,6,no,lshift,631,1
louis28,1,blue,arab,1,8,no,lshift,461,1
louis28,1,red,arab,1,4,no,rshift,423,1
louis28,1,blue,arab,1,1,no,lshift,3899,1
louis28,1,red,arab,1,7,no,rshift,645,1
louis28,1,blue,arab,1,3,no,lshift,1132,1
louis28,1,red,arab,1,7,no,rshift,312,1
louis28,1,blue,arab,1,8,no,lshift,525,1
louis28,1,red,arab,1,8,no,rshift,318,1
louis28,1,blue,arab,1,6,no,lshift,766,1
louis28,1,red,arab,1,8,no,rshift,327,1
louis28,1,red,arab,1,9,no,rshift,2005,1
louis28,1,blue,arab,1,2,no,lshift,451,1
louis28,1,blue,arab,1,1,no,lshift,484,1
louis28,1,red,arab,1,4,no,rshift,428,1
louis28,1,blue,arab,1,4,no,lshift,553,1
louis28,1,red,arab,1,4,no,rshift,319,1
louis28,1,red,arab,1,9,no,rshift,345,1
louis28,1,red,arab,1,1,no,rshift,693,1
louis28,1,red,arab,1,7,no,rshift,344,1
louis28,1,blue,arab,1,4,no,lshift,570,1
louis28,1,blue,arab,1,1,no,lshift,415,1
louis28,1,red,arab,1,1,no,rshift,376,1
louis28,1,red,arab,1,7,no,rshift,438,1
louis28,1,blue,arab,1,2,no,lshift,433,1
louis28,1,blue,arab,1,8,no,lshift,524,1
louis28,1,blue,arab,1,9,no,lshift,444,1
louis28,1,red,arab,1,8,no,rshift,439,1
louis28,2,blue,arab,1,3,no,lshift,811,1
louis28,2,blue,arab,1,9,no,lshift,816,1
louis28,2,red,arab,1,2,no,rshift,408,1
louis28,2,blue,arab,1,4,no,lshift,443,1
louis28,2,red,arab,1,4,no,rshift,379,1
louis28,2,blue,arab,1,7,no,lshift,442,1
louis28,2,red,arab,1,7,no,rshift,365,1
louis28,2,red,arab,1,8,no,rshift,340,1
louis28,2,blue,arab,1,8,no,lshift,406,1
louis28,2,blue,arab,1,8,no,lshift,591,1
louis28,2,blue,arab,1,1,no,lshift,477,1
louis28,2,blue,arab,1,3,no,lshift,506,1
louis28,2,blue,arab,0,6,no,rshift,271,1
louis28,2,red,arab,1,3,no,rshift,356,1
louis28,2,blue,arab,1,2,no,lshift,410,1
louis28,2,red,arab,1,8,no,rshift,436,1
louis28,2,red,arab,1,7,no,rshift,376,1
louis28,2,blue,arab,1,6,no,lshift,449,1
louis28,2,red,arab,1,2,no,rshift,411,1
louis28,2,red,arab,1,6,no,rshift,335,1
louis28,2,blue,arab,1,2,no,lshift,427,1
louis28,2,blue,arab,1,1,no,lshift,539,1
louis28,2,blue,arab,1,9,no,lshift,564,1
louis28,2,blue,arab,1,6,no,lshift,412,1
louis28,2,blue,arab,1,9,no,lshift,365,1
louis28,2,blue,arab,1,2,no,lshift,1953,1
louis28,2,blue,arab,1,9,no,lshift,707,1
louis28,2,blue,arab,1,4,no,lshift,453,1
louis28,2,blue,arab,1,4,no,lshift,420,1
louis28,2,blue,arab,1,9,no,lshift,354,1
louis28,2,red,arab,1,6,no,rshift,1189,1
louis28,2,blue,arab,0,7,no,rshift,425,1
louis28,2,blue,arab,1,8,no,lshift,466,1
louis28,2,blue,arab,1,4,no,lshift,437,1
louis28,2,red,arab,1,2,no,rshift,412,1
louis28,2,blue,arab,1,1,no,lshift,688,1
louis28,2,red,arab,1,1,no,rshift,435,1
louis28,2,blue,arab,1,6,no,lshift,638,1
louis28,2,red,arab,1,4,no,rshift,383,1
louis28,2,red,arab,1,6,no,rshift,376,1
louis28,2,red,arab,1,3,no,rshift,324,1
louis28,2,blue,arab,1,2,no,lshift,403,1
louis28,2,blue,arab,1,7,no,lshift,405,1
louis28,2,red,arab,1,2,no,rshift,387,1
louis28,2,red,arab,1,7,no,rshift,784,1
louis28,2,blue,arab,1,1,no,lshift,310,1
louis28,2,blue,arab,0,9,no,rshift,363,1
louis28,2,red,arab,1,8,no,rshift,393,1
louis28,2,blue,arab,1,8,no,lshift,405,1
louis28,2,red,arab,1,8,no,rshift,399,1
louis28,2,red,arab,1,1,no,rshift,620,1
louis28,2,blue,arab,1,6,no,lshift,436,1
louis28,2,red,arab,1,2,no,rshift,412,1
louis28,2,blue,arab,1,2,no,lshift,444,1
louis28,2,red,arab,1,9,no,rshift,511,1
louis28,2,blue,arab,1,2,no,lshift,619,1
louis28,2,blue,arab,1,3,no,lshift,550,1
louis28,2,blue,arab,1,6,no,lshift,1287,1
louis28,2,blue,arab,1,8,no,lshift,747,1
louis28,2,blue,arab,1,1,no,lshift,414,1
louis28,2,red,arab,1,2,no,rshift,1728,1
louis28,2,blue,arab,1,4,no,lshift,1896,1
louis28,2,red,arab,1,3,no,rshift,473,1
louis28,2,red,arab,1,1,no,rshift,378,1
louis28,2,blue,arab,1,1,no,lshift,579,1
louis28,2,red,arab,1,1,no,rshift,429,1
louis28,2,red,arab,1,4,no,rshift,432,1
louis28,2,red,arab,1,7,no,rshift,426,1
louis28,2,red,arab,1,4,no,rshift,513,1
louis28,2,blue,arab,1,7,no,lshift,507,1
louis28,2,blue,arab,1,7,no,lshift,464,1
louis28,2,red,arab,1,6,no,rshift,633,1
louis28,2,red,arab,1,7,no,rshift,331,1
louis28,2,blue,arab,1,9,no,lshift,542,1
louis28,2,blue,arab,1,3,no,lshift,525,1
louis28,2,blue,arab,1,1,no,lshift,420,1
louis28,2,red,arab,1,1,no,rshift,357,1
louis28,2,blue,arab,1,9,no,lshift,469,1
louis28,2,red,arab,1,6,no,rshift,453,1
louis28,2,blue,arab,1,1,no,lshift,350,1
louis28,2,red,arab,1,9,no,rshift,359,1
louis28,2,blue,arab,1,9,no,lshift,684,1
louis28,2,red,arab,1,4,no,rshift,509,1
louis28,2,red,arab,1,8,no,rshift,394,1
louis28,2,blue,arab,1,2,no,lshift,374,1
louis28,2,blue,arab,1,4,no,lshift,981,1
louis28,2,red,arab,1,3,no,rshift,368,1
louis28,2,red,arab,1,2,no,rshift,561,1
louis28,2,red,arab,1,4,no,rshift,707,1
louis28,2,red,arab,1,8,no,rshift,355,1
louis28,2,blue,arab,1,2,no,lshift,1430,1
louis28,2,blue,arab,1,6,no,lshift,544,1
louis28,2,blue,arab,1,6,no,lshift,729,1
louis28,2,red,arab,1,9,no,rshift,490,1
louis28,2,red,arab,1,3,no,rshift,520,1
louis28,2,blue,arab,1,3,no,lshift,448,1
louis28,2,red,arab,1,1,no,rshift,493,1
louis28,2,blue,arab,1,3,no,lshift,502,1
louis28,2,red,arab,1,9,no,rshift,193,1
louis28,2,red,arab,1,1,no,rshift,350,1
louis28,2,blue,arab,1,9,no,lshift,652,1
louis28,2,blue,arab,1,8,no,lshift,503,1
louis28,2,blue,arab,1,8,no,lshift,439,1
louis28,2,red,arab,1,8,no,rshift,367,1
louis28,2,blue,arab,1,4,no,lshift,828,1
louis28,2,red,arab,1,4,no,rshift,299,1
louis28,2,blue,arab,1,8,no,lshift,441,1
louis28,2,red,arab,1,6,no,rshift,358,1
louis28,2,blue,arab,1,7,no,lshift,486,1
louis28,2,red,arab,1,4,no,rshift,434,1
louis28,2,red,arab,1,2,no,rshift,457,1
louis28,2,blue,arab,1,1,no,lshift,408,1
louis28,2,red,arab,1,6,no,rshift,376,1
louis28,2,blue,arab,1,4,no,lshift,468,1
louis28,2,red,arab,1,7,no,rshift,330,1
louis28,2,blue,arab,1,3,no,lshift,563,1
louis28,2,red,arab,1,3,no,rshift,505,1
louis28,2,blue,arab,1,2,no,lshift,411,1
louis28,2,blue,arab,1,1,no,lshift,438,1
louis28,2,red,arab,1,7,no,rshift,317,1
louis28,2,red,arab,1,4,no,rshift,551,1
louis28,2,red,arab,1,6,no,rshift,331,1
louis28,2,red,arab,1,2,no,rshift,343,1
louis28,2,red,arab,1,3,no,rshift,356,1
louis28,2,red,arab,1,6,no,rshift,1825,1
louis28,2,red,arab,0,9,no,lshift,264,1
louis28,2,blue,arab,1,6,no,lshift,313,1
louis28,2,blue,arab,1,7,no,lshift,265,1
louis28,2,red,arab,1,1,no,rshift,447,1
louis28,2,red,arab,1,9,no,rshift,403,1
louis28,2,red,arab,1,1,no,rshift,408,1
louis28,2,red,arab,1,8,no,rshift,317,1
louis28,2,blue,arab,1,7,no,lshift,3680,1
louis28,2,red,arab,1,3,no,rshift,324,1
louis28,2,red,arab,1,7,no,rshift,955,1
louis28,2,blue,arab,1,4,no,lshift,410,1
louis28,2,blue,arab,0,3,no,rshift,255,1
louis28,2,red,arab,1,7,no,rshift,343,1
louis28,2,blue,arab,1,2,no,lshift,454,1
louis28,2,red,arab,1,6,no,rshift,487,1
louis28,2,blue,arab,1,8,no,lshift,510,1
louis28,2,red,arab,1,3,no,rshift,443,1
louis28,2,red,arab,1,8,no,rshift,376,1
louis28,2,red,arab,1,9,no,rshift,1535,1
louis28,2,blue,arab,1,3,no,lshift,1424,1
louis28,2,blue,arab,1,8,no,lshift,590,1
louis28,2,red,arab,1,9,no,rshift,552,1
louis28,2,blue,arab,1,7,no,lshift,626,1
louis28,2,red,arab,1,1,no,rshift,373,1
louis28,2,red,arab,1,4,no,rshift,359,1
louis28,2,red,arab,1,9,no,rshift,610,1
louis28,2,blue,arab,1,7,no,lshift,583,1
louis28,2,red,arab,1,8,no,rshift,482,1
louis28,2,blue,arab,1,6,no,lshift,511,1
louis28,2,blue,arab,1,4,no,lshift,437,1
louis28,2,red,arab,1,2,no,rshift,362,1
louis28,2,red,arab,1,7,no,rshift,414,1
louis28,2,blue,arab,1,3,no,lshift,602,1
louis28,2,red,arab,1,9,no,rshift,326,1
louis28,2,red,arab,1,3,no,rshift,368,1
louis28,3,red,arab,1,3,no,rshift,770,1
louis28,3,blue,arab,1,7,no,lshift,466,1
louis28,3,blue,arab,1,7,no,lshift,376,1
louis28,3,red,arab,1,3,no,rshift,328,1
louis28,3,red,arab,1,9,no,rshift,281,1
louis28,3,red,arab,1,7,no,rshift,367,1
louis28,3,blue,arab,1,8,no,lshift,488,1
louis28,3,blue,arab,1,9,no,lshift,529,1
louis28,3,red,arab,1,9,no,rshift,376,1
louis28,3,blue,arab,1,4,no,lshift,417,1
louis28,3,red,arab,1,7,no,rshift,401,1
louis28,3,blue,arab,1,6,no,lshift,855,1
louis28,3,blue,arab,1,4,no,lshift,450,1
louis28,3,blue,arab,1,9,no,lshift,829,1
louis28,3,red,arab,1,2,no,rshift,456,1
louis28,3,blue,arab,0,4,no,rshift,391,1
louis28,3,red,arab,1,6,no,rshift,554,1
louis28,3,red,arab,1,6,no,rshift,328,1
louis28,3,red,arab,1,6,no,rshift,906,1
louis28,3,red,arab,0,1,no,lshift,2894,1
louis28,3,red,arab,0,2,no,lshift,474,1
louis28,3,red,arab,1,2,no,rshift,831,1
louis28,3,red,arab,1,6,no,rshift,1160,1
louis28,3,blue,arab,1,1,no,lshift,817,1
louis28,3,blue,arab,1,6,no,lshift,1633,1
louis28,3,red,arab,1,8,no,rshift,491,1
louis28,3,red,arab,1,4,no,rshift,392,1
louis28,3,blue,arab,1,8,no,lshift,626,1
louis28,3,red,arab,1,2,no,rshift,399,1
louis28,3,red,arab,1,2,no,rshift,459,1
louis28,3,red,arab,1,1,no,rshift,395,1
louis28,3,red,arab,1,1,no,rshift,377,1
louis28,3,blue,arab,1,3,no,lshift,406,1
louis28,3,red,arab,1,9,no,rshift,431,1
louis28,3,red,arab,1,6,no,rshift,385,1
louis28,3,red,arab,1,9,no,rshift,364,1
louis28,3,red,arab,1,1,no,rshift,377,1
louis28,3,blue,arab,1,9,no,lshift,663,1
louis28,3,red,arab,1,2,no,rshift,424,1
louis28,3,blue,arab,1,4,no,lshift,526,1
louis28,3,red,arab,1,9,no,rshift,292,1
louis28,3,red,arab,1,4,no,rshift,411,1
louis28,3,blue,arab,1,2,no,lshift,421,1
louis28,3,red,arab,1,4,no,rshift,344,1
louis28,3,blue,arab,1,6,no,lshift,591,1
louis28,3,blue,arab,1,3,no,lshift,597,1
louis28,3,blue,arab,1,9,no,lshift,500,1
louis28,3,blue,arab,1,3,no,lshift,435,1
louis28,3,red,arab,1,2,no,rshift,377,1
louis28,3,red,arab,1,3,no,rshift,309,1
louis28,3,red,arab,1,8,no,rshift,333,1
louis28,3,blue,arab,1,1,no,lshift,401,1
louis28,3,blue,arab,1,3,no,lshift,738,1
louis28,3,red,arab,1,7,no,rshift,370,1
louis28,3,blue,arab,1,6,no,lshift,463,1
louis28,3,red,arab,1,4,no,rshift,429,1
louis28,3,blue,arab,1,2,no,lshift,367,1
louis28,3,red,arab,1,8,no,rshift,203,1
louis28,3,blue,arab,1,3,no,lshift,390,1
louis28,3,red,arab,1,1,no,rshift,279,1
louis28,3,red,arab,1,9,no,rshift,366,1
louis28,3,blue,arab,1,2,no,lshift,453,1
louis28,3,red,arab,1,2,no,rshift,318,1
louis28,3,red,arab,1,6,no,rshift,539,1
louis28,3,red,arab,1,8,no,rshift,332,1
louis28,3,red,arab,1,6,no,rshift,341,1
louis28,3,blue,arab,1,7,no,lshift,5182,1
louis28,3,blue,arab,1,6,no,lshift,528,1
louis28,3,blue,arab,1,7,no,lshift,492,1
louis28,3,red,arab,1,1,no,rshift,389,1
louis28,3,red,arab,1,1,no,rshift,426,1
louis28,3,red,arab,1,4,no,rshift,422,1
louis28,3,blue,arab,1,9,no,lshift,784,1
louis28,3,red,arab,1,4,no,rshift,563,1
louis28,3,blue,arab,0,1,no,rshift,668,1
louis28,3,red,arab,1,4,no,rshift,301,1
louis28,3,red,arab,1,2,no,rshift,466,1
louis28,3,red,arab,1,7,no,rshift,446,1
louis28,3,red,arab,1,1,no,rshift,1133,1
louis28,3,blue,arab,1,8,no,lshift,468,1
louis28,3,blue,arab,1,8,no,lshift,421,1
louis28,3,blue,arab,1,7,no,lshift,476,1
louis28,3,blue,arab,1,7,no,lshift,458,1
louis28,3,red,arab,1,3,no,rshift,566,1
louis28,3,red,arab,1,4,no,rshift,491,1
louis28,3,blue,arab,1,2,no,lshift,488,1
louis28,3,red,arab,1,7,no,rshift,398,1
louis28,3,red,arab,1,1,no,rshift,337,1
louis28,3,blue,arab,1,1,no,lshift,445,1
louis28,3,blue,arab,1,3,no,lshift,540,1
louis28,3,red,arab,1,9,no,rshift,429,1
louis28,3,red,arab,1,3,no,rshift,435,1
louis28,3,blue,arab,1,3,no,lshift,512,1
louis28,3,red,arab,1,8,no,rshift,329,1
louis28,3,blue,arab,1,4,no,lshift,535,1
louis28,3,blue,arab,1,9,no,lshift,446,1
louis28,3,blue,arab,0,1,no,rshift,291,1
louis28,3,red,arab,1,4,no,rshift,312,1
louis28,3,red,arab,1,4,no,rshift,278,1
louis28,3,blue,arab,0,2,no,rshift,359,1
louis28,3,blue,arab,1,1,no,lshift,493,1
louis28,3,red,arab,1,9,no,rshift,316,1
louis28,3,red,arab,1,7,no,rshift,354,1
louis28,3,red,arab,1,7,no,rshift,338,1
louis28,3,blue,arab,1,6,no,lshift,529,1
louis28,3,blue,arab,1,4,no,lshift,444,1
louis28,3,red,arab,1,3,no,rshift,945,1
louis28,3,blue,arab,1,2,no,lshift,401,1
louis28,3,blue,arab,1,8,no,lshift,551,1
louis28,3,blue,arab,1,2,no,lshift,386,1
louis28,3,blue,arab,1,1,no,lshift,462,1
louis28,3,red,arab,1,7,no,rshift,431,1
louis28,3,red,arab,1,8,no,rshift,413,1
louis28,3,red,arab,1,9,no,rshift,342,1
louis28,3,blue,arab,1,2,no,lshift,414,1
louis28,3,blue,arab,1,7,no,lshift,507,1
louis28,3,blue,arab,1,1,no,lshift,460,1
louis28,3,red,arab,1,8,no,rshift,343,1
louis28,3,blue,arab,1,8,no,lshift,514,1
louis28,3,blue,arab,1,8,no,lshift,2595,1
louis28,3,red,arab,1,8,no,rshift,374,1
louis28,3,blue,arab,1,1,no,lshift,404,1
louis28,3,blue,arab,1,3,no,lshift,476,1
louis28,3,red,arab,1,8,no,rshift,339,1
louis28,3,blue,arab,1,8,no,lshift,529,1
louis28,3,blue,arab,1,3,no,lshift,489,1
louis28,3,red,arab,1,6,no,rshift,391,1
louis28,3,red,arab,1,6,no,rshift,410,1
louis28,3,red,arab,1,1,no,rshift,405,1
louis28,3,blue,arab,1,3,no,lshift,492,1
louis28,3,red,arab,1,9,no,rshift,513,1
louis28,3,blue,arab,1,6,no,lshift,594,1
louis28,3,blue,arab,0,6,no,rshift,377,1
louis28,3,red,arab,1,2,no,rshift,407,1
louis28,3,blue,arab,1,6,no,lshift,583,1
louis28,3,blue,arab,1,2,no,lshift,479,1
louis28,3,blue,arab,1,4,no,lshift,488,1
louis28,3,blue,arab,1,1,no,lshift,457,1
louis28,3,red,arab,1,6,no,rshift,358,1
louis28,3,blue,arab,1,2,no,lshift,294,1
louis28,3,blue,arab,0,7,no,rshift,562,1
louis28,3,blue,arab,1,8,no,lshift,632,1
louis28,3,blue,arab,1,7,no,lshift,793,1
louis28,3,blue,arab,1,4,no,lshift,517,1
louis28,3,red,arab,1,3,no,rshift,421,1
louis28,3,red,arab,1,7,no,rshift,444,1
louis28,3,red,arab,1,7,no,rshift,396,1
louis28,3,red,arab,1,3,no,rshift,325,1
louis28,3,red,arab,1,8,no,rshift,415,1
louis28,3,blue,arab,1,9,no,lshift,1509,1
louis28,3,blue,arab,1,6,no,lshift,957,1
louis28,3,blue,arab,0,8,no,rshift,256,1
louis28,3,blue,arab,1,4,no,lshift,539,1
louis28,3,red,arab,0,3,no,lshift,351,1
louis28,3,blue,arab,1,4,no,lshift,528,1
louis28,3,blue,arab,1,9,no,lshift,701,1
louis28,3,blue,arab,1,9,no,lshift,767,1
louis28,3,blue,arab,1,9,no,lshift,1204,1
louis28,3,blue,arab,0,7,no,rshift,310,1
louis28,3,red,arab,1,3,no,rshift,326,1
louis28,0,red,classic,1,7,yes,rshift,1022,1
louis28,0,red,classic,1,9,yes,rshift,1373,1
louis28,0,red,classic,1,3,yes,rshift,700,1
louis28,0,red,classic,1,2,yes,lshift,635,1
louis28,0,red,classic,1,1,yes,rshift,917,1
louis28,0,red,classic,1,6,yes,lshift,796,1
louis28,0,red,classic,1,8,yes,lshift,633,1
louis28,0,red,classic,1,4,yes,lshift,723,1
louis28,1,red,classic,1,2,yes,rshift,2148,1
louis28,1,red,classic,1,3,yes,lshift,931,1
louis28,1,red,classic,1,4,yes,rshift,783,1
louis28,1,red,classic,1,7,yes,lshift,848,1
louis28,1,red,classic,1,6,yes,rshift,567,1
louis28,1,red,classic,1,9,yes,lshift,868,1
louis28,1,red,classic,1,1,yes,lshift,686,1
louis28,1,red,classic,1,8,yes,rshift,467,1
louis28,2,red,classic,1,1,no,rshift,1273,1
louis28,2,red,classic,1,2,no,lshift,734,1
louis28,2,red,classic,0,2,no,rshift,691,1
louis28,2,red,classic,1,2,no,lshift,633,1
louis28,2,red,classic,1,2,no,lshift,1242,1
louis28,2,red,classic,1,9,no,rshift,661,1
louis28,2,red,classic,1,9,no,rshift,566,1
louis28,2,red,classic,1,6,no,lshift,744,1
louis28,2,red,classic,1,4,no,lshift,1325,1
louis28,2,red,classic,1,2,no,lshift,831,1
louis28,2,red,classic,1,3,no,rshift,424,1
louis28,2,red,classic,1,1,no,rshift,448,1
louis28,2,red,classic,1,8,no,lshift,582,1
louis28,2,red,classic,1,1,no,rshift,1968,1
louis28,2,red,classic,1,6,no,lshift,705,1
louis28,2,red,classic,1,1,no,rshift,1134,1
louis28,2,red,classic,1,7,no,rshift,664,1
louis28,2,red,classic,1,1,no,rshift,482,1
louis28,2,red,classic,1,8,no,lshift,563,1
louis28,2,red,classic,1,6,no,lshift,725,1
louis28,2,red,classic,1,6,no,lshift,821,1
louis28,2,red,classic,1,9,no,rshift,591,1
louis28,2,red,classic,1,4,no,lshift,878,1
louis28,2,red,classic,1,3,no,rshift,1428,1
louis28,2,red,classic,1,4,no,lshift,1308,1
louis28,2,red,classic,1,4,no,lshift,986,1
louis28,2,red,classic,1,2,no,lshift,1500,1
louis28,2,red,classic,1,7,no,rshift,787,1
louis28,2,red,classic,1,3,no,rshift,778,1
louis28,2,red,classic,1,7,no,rshift,728,1
louis28,2,red,classic,1,8,no,lshift,623,1
louis28,2,red,classic,1,8,no,lshift,1229,1
louis28,2,red,classic,1,2,no,lshift,756,1
louis28,2,red,classic,1,1,no,rshift,904,1
louis28,2,red,classic,1,2,no,lshift,836,1
louis28,2,red,classic,1,4,no,lshift,409,1
louis28,2,red,classic,1,3,no,rshift,509,1
louis28,2,red,classic,1,3,no,rshift,422,1
louis28,2,red,classic,1,8,no,lshift,654,1
louis28,2,red,classic,1,7,no,rshift,1286,1
louis28,2,red,classic,1,4,no,lshift,618,1
louis28,2,red,classic,1,3,no,rshift,1646,1
louis28,2,red,classic,1,9,no,rshift,1419,1
louis28,2,red,classic,1,8,no,lshift,720,1
louis28,2,red,classic,1,3,no,rshift,760,1
louis28,2,red,classic,1,1,no,rshift,1283,1
louis28,2,red,classic,1,6,no,lshift,973,1
louis28,2,red,classic,1,1,no,rshift,1958,1
louis28,2,red,classic,1,3,no,rshift,1463,1
louis28,2,red,classic,1,9,no,rshift,575,1
louis28,2,red,classic,1,8,no,lshift,763,1
louis28,2,red,classic,1,9,no,rshift,657,1
louis28,2,red,classic,1,2,no,lshift,590,1
louis28,2,red,classic,1,6,no,lshift,1943,1
louis28,2,red,classic,1,7,no,rshift,496,1
louis28,2,red,classic,1,7,no,rshift,418,1
louis28,2,red,classic,1,7,no,rshift,404,1
louis28,2,red,classic,1,4,no,lshift,562,1
louis28,2,red,classic,1,9,no,rshift,1586,1
louis28,2,red,classic,1,4,no,lshift,750,1
louis28,2,red,classic,1,7,no,rshift,441,1
louis28,2,red,classic,1,6,no,lshift,478,1
louis28,2,red,classic,1,7,no,rshift,382,1
louis28,2,red,classic,1,1,no,rshift,481,1
louis28,2,red,classic,1,2,no,lshift,541,1
louis28,2,red,classic,1,7,no,rshift,496,1
louis28,2,red,classic,1,4,no,lshift,559,1
louis28,2,red,classic,1,3,no,rshift,524,1
louis28,2,red,classic,0,1,no,lshift,712,1
louis28,2,red,classic,1,4,no,lshift,863,1
louis28,2,red,classic,1,8,no,lshift,610,1
louis28,2,red,classic,1,1,no,rshift,653,1
louis28,2,red,classic,1,6,no,lshift,882,1
louis28,2,red,classic,1,2,no,lshift,1044,1
louis28,2,red,classic,1,8,no,lshift,477,1
louis28,2,red,classic,1,6,no,lshift,779,1
louis28,2,red,classic,1,1,no,rshift,1471,1
louis28,2,red,classic,1,3,no,rshift,1296,1
louis28,2,red,classic,1,3,no,rshift,561,1
louis28,2,red,classic,1,7,no,rshift,511,1
louis28,2,red,classic,1,2,no,lshift,530,1
louis28,2,red,classic,1,4,no,lshift,546,1
louis28,2,red,classic,0,6,no,rshift,1455,1
louis28,2,red,classic,1,4,no,lshift,669,1
louis28,2,red,classic,1,7,no,rshift,644,1
louis28,2,red,classic,1,9,no,rshift,799,1
louis28,2,red,classic,1,7,no,rshift,503,1
louis28,2,red,classic,1,8,no,lshift,697,1
louis28,2,red,classic,0,9,no,lshift,394,1
louis28,2,red,classic,1,7,no,rshift,451,1
louis28,2,red,classic,1,9,no,rshift,475,1
louis28,2,red,classic,1,1,no,rshift,896,1
louis28,2,red,classic,1,8,no,lshift,658,1
louis28,2,red,classic,1,6,no,lshift,670,1
louis28,2,red,classic,1,9,no,rshift,558,1
louis28,2,red,classic,1,6,no,lshift,740,1
louis28,2,red,classic,1,9,no,rshift,561,1
louis28,2,red,classic,1,6,no,lshift,693,1
louis28,2,red,classic,1,3,no,rshift,668,1
louis28,2,red,classic,1,2,no,lshift,1052,1
louis28,2,red,classic,1,6,no,lshift,2663,1
louis28,2,red,classic,1,1,no,rshift,567,1
louis28,2,red,classic,1,9,no,rshift,514,1
louis28,2,red,classic,1,4,no,lshift,633,1
louis28,2,red,classic,1,3,no,rshift,1031,1
louis28,2,red,classic,1,3,no,rshift,493,1
louis28,2,red,classic,1,8,no,lshift,618,1
louis28,2,red,classic,1,4,no,lshift,1417,1
louis28,2,red,classic,1,8,no,lshift,702,1
louis28,2,red,classic,1,9,no,rshift,655,1
louis28,2,red,classic,1,8,no,lshift,792,1
louis28,2,red,classic,0,2,no,rshift,886,1
louis28,1,red,classic,1,8,no,rshift,589,1
louis28,1,red,classic,1,4,no,rshift,464,1
louis28,1,red,classic,1,2,no,rshift,430,1
louis28,1,red,classic,1,4,no,rshift,2728,1
louis28,1,red,classic,1,8,no,rshift,617,1
louis28,1,red,classic,1,7,no,lshift,430,1
louis28,1,red,classic,1,9,no,lshift,573,1
louis28,1,red,classic,1,1,no,lshift,464,1
louis28,1,red,classic,1,7,no,lshift,456,1
louis28,1,red,classic,0,9,no,rshift,428,1
louis28,1,red,classic,1,7,no,lshift,574,1
louis28,1,red,classic,1,9,no,lshift,646,1
louis28,1,red,classic,1,3,no,lshift,567,1
louis28,1,red,classic,1,3,no,lshift,444,1
louis28,1,red,classic,1,6,no,rshift,572,1
louis28,1,red,classic,1,9,no,lshift,593,1
louis28,1,red,classic,1,6,no,rshift,464,1
louis28,1,red,classic,1,2,no,rshift,494,1
louis28,1,red,classic,1,7,no,lshift,553,1
louis28,1,red,classic,1,7,no,lshift,488,1
louis28,1,red,classic,1,3,no,lshift,721,1
louis28,1,red,classic,1,9,no,lshift,732,1
louis28,1,red,classic,1,4,no,rshift,492,1
louis28,1,red,classic,1,4,no,rshift,396,1
louis28,1,red,classic,1,3,no,lshift,531,1
louis28,1,red,classic,1,2,no,rshift,833,1
louis28,1,red,classic,1,8,no,rshift,460,1
louis28,1,red,classic,1,6,no,rshift,402,1
louis28,1,red,classic,1,8,no,rshift,369,1
louis28,1,red,classic,1,6,no,rshift,488,1
louis28,1,red,classic,1,1,no,lshift,1728,1
louis28,1,red,classic,0,7,no,rshift,453,1
louis28,1,red,classic,1,3,no,lshift,1427,1
louis28,1,red,classic,1,3,no,lshift,553,1
louis28,1,red,classic,1,7,no,lshift,512,1
louis28,1,red,classic,1,7,no,lshift,490,1
louis28,1,red,classic,1,6,no,rshift,587,1
louis28,1,red,classic,1,2,no,rshift,336,1
louis28,1,red,classic,0,1,no,rshift,438,1
louis28,1,red,classic,1,3,no,lshift,511,1
louis28,1,red,classic,1,8,no,rshift,486,1
louis28,1,red,classic,1,2,no,rshift,504,1
louis28,1,red,classic,1,1,no,lshift,507,1
louis28,1,red,classic,1,4,no,rshift,547,1
louis28,1,red,classic,1,7,no,lshift,908,1
louis28,1,red,classic,1,4,no,rshift,672,1
louis28,1,red,classic,1,6,no,rshift,436,1
louis28,1,red,classic,1,9,no,lshift,974,1
louis28,1,red,classic,1,8,no,rshift,1117,1
louis28,1,red,classic,1,6,no,rshift,393,1
louis28,1,red,classic,1,1,no,lshift,694,1
louis28,1,red,classic,1,1,no,lshift,425,1
louis28,1,red,classic,1,6,no,rshift,491,1
louis28,1,red,classic,1,2,no,rshift,700,1
louis28,1,red,classic,1,2,no,rshift,426,1
louis28,1,red,classic,1,4,no,rshift,492,1
louis28,1,red,classic,1,9,no,lshift,818,1
louis28,1,red,classic,1,3,no,lshift,1329,1
louis28,1,red,classic,1,8,no,rshift,450,1
louis28,1,red,classic,1,8,no,rshift,526,1
louis28,1,red,classic,1,8,no,rshift,424,1
louis28,1,red,classic,1,2,no,rshift,724,1
louis28,1,red,classic,1,7,no,lshift,561,1
louis28,1,red,classic,1,4,no,rshift,544,1
louis28,1,red,classic,1,2,no,rshift,427,1
louis28,1,red,classic,1,9,no,lshift,523,1
louis28,1,red,classic,1,3,no,lshift,926,1
louis28,1,red,classic,1,1,no,lshift,773,1
louis28,1,red,classic,1,3,no,lshift,597,1
louis28,1,red,classic,1,3,no,lshift,710,1
louis28,1,red,classic,1,8,no,rshift,2207,1
louis28,1,red,classic,1,2,no,rshift,555,1
louis28,1,red,classic,1,9,no,lshift,772,1
louis28,1,red,classic,1,4,no,rshift,766,1
louis28,1,red,classic,1,3,no,lshift,885,1
louis28,1,red,classic,1,1,no,lshift,594,1
louis28,1,red,classic,1,7,no,lshift,805,1
louis28,1,red,classic,1,7,no,lshift,708,1
louis28,1,red,classic,1,1,no,lshift,529,1
louis28,1,red,classic,1,4,no,rshift,2734,1
louis28,1,red,classic,1,9,no,lshift,677,1
louis28,1,red,classic,1,7,no,lshift,818,1
louis28,1,red,classic,1,6,no,rshift,402,1
louis28,1,red,classic,0,7,no,rshift,440,1
louis28,1,red,classic,1,8,no,rshift,450,1
louis28,1,red,classic,1,9,no,lshift,643,1
louis28,1,red,classic,1,2,no,rshift,830,1
louis28,1,red,classic,1,4,no,rshift,697,1
louis28,1,red,classic,1,3,no,lshift,699,1
louis28,1,red,classic,0,9,no,rshift,376,1
louis28,1,red,classic,1,4,no,rshift,452,1
louis28,1,red,classic,1,8,no,rshift,376,1
louis28,1,red,classic,1,6,no,rshift,392,1
louis28,1,red,classic,1,6,no,rshift,415,1
louis28,1,red,classic,1,1,no,lshift,1032,1
louis28,1,red,classic,1,6,no,rshift,965,1
louis28,1,red,classic,1,9,no,lshift,1018,1
louis28,1,red,classic,1,1,no,lshift,657,1
louis28,1,red,classic,1,4,no,rshift,727,1
louis28,1,red,classic,0,4,no,lshift,684,1
louis28,1,red,classic,1,8,no,rshift,502,1
louis28,1,red,classic,1,8,no,rshift,405,1
louis28,1,red,classic,1,1,no,lshift,706,1
louis28,1,red,classic,1,1,no,lshift,569,1
louis28,1,red,classic,1,2,no,rshift,788,1
louis28,1,red,classic,1,6,no,rshift,1564,1
louis28,1,red,classic,1,2,no,rshift,866,1
louis28,1,red,classic,1,2,no,rshift,565,1
louis28,1,red,classic,1,6,no,rshift,492,1
louis28,1,red,classic,1,9,no,lshift,1787,1
louis28,1,red,classic,1,3,no,lshift,530,1
louis28,1,red,classic,1,1,no,lshift,879,1
