ID_name,block,color,condition,correct_keyboard_response,number,practice,response_keyboard_response,response_time_keyboard_response,subject_nr
cloudy,0,blue,arab,1,4,yes,lshift,738,1
cloudy,0,blue,arab,1,7,yes,lshift,269,1
cloudy,0,blue,arab,1,2,yes,lshift,419,1
cloudy,0,red,arab,1,1,yes,rshift,500,1
cloudy,0,red,arab,1,6,yes,rshift,337,1
cloudy,0,red,arab,1,7,yes,rshift,356,1
cloudy,0,blue,arab,1,1,yes,lshift,350,1
cloudy,0,red,arab,1,8,yes,rshift,306,1
cloudy,0,red,arab,0,9,yes,lshift,270,1
cloudy,0,red,arab,1,2,yes,rshift,491,1
cloudy,0,blue,arab,1,8,yes,lshift,385,1
cloudy,0,blue,arab,1,9,yes,lshift,426,1
cloudy,0,red,arab,1,3,yes,rshift,403,1
cloudy,0,blue,arab,1,3,yes,lshift,323,1
cloudy,0,blue,arab,1,6,yes,lshift,398,1
cloudy,0,red,arab,1,4,yes,rshift,337,1
cloudy,1,blue,arab,1,1,no,lshift,409,1
cloudy,1,red,arab,1,3,no,rshift,426,1
cloudy,1,red,arab,1,4,no,rshift,441,1
cloudy,1,red,arab,1,3,no,rshift,385,1
cloudy,1,red,arab,0,6,no,lshift,299,1
cloudy,1,red,arab,1,6,no,rshift,433,1
cloudy,1,red,arab,1,7,no,rshift,424,1
cloudy,1,blue,arab,1,6,no,lshift,449,1
cloudy,1,red,arab,1,1,no,rshift,304,1
cloudy,1,red,arab,0,6,no,lshift,309,1
cloudy,1,blue,arab,1,4,no,lshift,393,1
cloudy,1,blue,arab,1,7,no,lshift,339,1
cloudy,1,blue,arab,1,2,no,lshift,359,1
cloudy,1,red,arab,1,7,no,rshift,361,1
cloudy,1,red,arab,1,9,no,rshift,293,1
cloudy,1,red,arab,1,9,no,rshift,290,1
cloudy,1,blue,arab,1,3,no,lshift,319,1
cloudy,1,blue,arab,0,6,no,rshift,284,1
cloudy,1,blue,arab,0,7,no,rshift,369,1
cloudy,1,red,arab,1,2,no,rshift,307,1
cloudy,1,blue,arab,1,4,no,lshift,280,1
cloudy,1,blue,arab,1,4,no,lshift,421,1
cloudy,1,red,arab,1,1,no,rshift,310,1
cloudy,1,blue,arab,0,9,no,rshift,363,1
cloudy,1,red,arab,0,8,no,lshift,325,1
cloudy,1,red,arab,1,8,no,rshift,419,1
cloudy,1,red,arab,1,4,no,rshift,491,1
cloudy,1,red,arab,1,1,no,rshift,305,1
cloudy,1,blue,arab,1,9,no,lshift,380,1
cloudy,1,red,arab,1,9,no,rshift,391,1
cloudy,1,blue,arab,1,6,no,lshift,313,1
cloudy,1,red,arab,1,7,no,rshift,317,1
cloudy,1,blue,arab,1,2,no,lshift,330,1
cloudy,1,blue,arab,1,2,no,lshift,405,1
cloudy,1,red,arab,1,7,no,rshift,334,1
cloudy,1,red,arab,0,9,no,lshift,322,1
cloudy,1,red,arab,1,1,no,rshift,406,1
cloudy,1,red,arab,1,9,no,rshift,310,1
cloudy,1,blue,arab,1,9,no,lshift,380,1
cloudy,1,blue,arab,1,6,no,lshift,335,1
cloudy,1,red,arab,0,7,no,lshift,226,1
cloudy,1,red,arab,1,2,no,rshift,417,1
cloudy,1,blue,arab,1,8,no,lshift,354,1
cloudy,1,blue,arab,0,7,no,rshift,341,1
cloudy,1,blue,arab,1,4,no,lshift,432,1
cloudy,1,red,arab,1,3,no,rshift,352,1
cloudy,1,blue,arab,1,4,no,lshift,291,1
cloudy,1,blue,arab,1,6,no,lshift,377,1
cloudy,1,red,arab,1,7,no,rshift,378,1
cloudy,1,red,arab,0,2,no,lshift,284,1
cloudy,1,blue,arab,1,2,no,lshift,426,1
cloudy,1,blue,arab,1,4,no,lshift,402,1
cloudy,1,red,arab,1,1,no,rshift,396,1
cloudy,1,red,arab,1,4,no,rshift,349,1
cloudy,1,blue,arab,1,3,no,lshift,344,1
cloudy,1,blue,arab,1,6,no,lshift,339,1
cloudy,1,blue,arab,1,9,no,lshift,342,1
cloudy,1,red,arab,1,8,no,rshift,307,1
cloudy,1,blue,arab,1,8,no,lshift,359,1
cloudy,1,red,arab,0,9,no,lshift,354,1
cloudy,1,red,arab,1,1,no,rshift,436,1
cloudy,1,blue,arab,1,9,no,lshift,428,1
cloudy,1,blue,arab,1,9,no,lshift,380,1
cloudy,1,blue,arab,1,8,no,lshift,398,1
cloudy,1,blue,arab,0,7,no,rshift,336,1
cloudy,1,blue,arab,1,1,no,lshift,347,1
cloudy,1,blue,arab,1,4,no,lshift,414,1
cloudy,1,red,arab,1,7,no,rshift,321,1
cloudy,1,red,arab,1,6,no,rshift,469,1
cloudy,1,red,arab,1,6,no,rshift,330,1
cloudy,1,red,arab,1,6,no,rshift,390,1
cloudy,1,blue,arab,1,8,no,lshift,384,1
cloudy,1,blue,arab,0,1,no,rshift,425,1
cloudy,1,blue,arab,0,2,no,rshift,353,1
cloudy,1,red,arab,0,2,no,lshift,340,1
cloudy,1,blue,arab,1,7,no,lshift,408,1
cloudy,1,blue,arab,1,7,no,lshift,369,1
cloudy,1,blue,arab,1,1,no,lshift,299,1
cloudy,1,red,arab,1,4,no,rshift,312,1
cloudy,1,blue,arab,1,8,no,lshift,389,1
cloudy,1,red,arab,1,4,no,rshift,430,1
cloudy,1,red,arab,1,4,no,rshift,366,1
cloudy,1,red,arab,1,1,no,rshift,330,1
cloudy,1,blue,arab,1,8,no,lshift,373,1
cloudy,1,red,arab,1,1,no,rshift,447,1
cloudy,1,red,arab,1,4,no,rshift,663,1
cloudy,1,red,arab,1,8,no,rshift,438,1
cloudy,1,blue,arab,1,1,no,lshift,373,1
cloudy,1,red,arab,0,8,no,lshift,367,1
cloudy,1,blue,arab,1,4,no,lshift,417,1
cloudy,1,blue,arab,1,8,no,lshift,393,1
cloudy,1,red,arab,1,2,no,rshift,308,1
cloudy,1,blue,arab,1,2,no,lshift,376,1
cloudy,1,blue,arab,1,7,no,lshift,394,1
cloudy,1,blue,arab,1,2,no,lshift,419,1
cloudy,1,red,arab,1,8,no,rshift,411,1
cloudy,1,red,arab,1,1,no,rshift,316,1
cloudy,1,red,arab,1,2,no,rshift,353,1
cloudy,1,red,arab,1,3,no,rshift,331,1
cloudy,1,red,arab,1,6,no,rshift,335,1
cloudy,1,red,arab,1,4,no,rshift,4252,1
cloudy,1,blue,arab,1,3,no,lshift,394,1
cloudy,1,blue,arab,1,2,no,lshift,363,1
cloudy,1,red,arab,1,9,no,rshift,421,1
cloudy,1,red,arab,1,4,no,rshift,405,1
cloudy,1,blue,arab,1,6,no,lshift,407,1
cloudy,1,blue,arab,0,3,no,rshift,415,1
cloudy,1,red,arab,1,6,no,rshift,359,1
cloudy,1,blue,arab,1,7,no,lshift,403,1
cloudy,1,blue,arab,1,9,no,lshift,332,1
cloudy,1,red,arab,1,9,no,rshift,383,1
cloudy,1,blue,arab,1,1,no,lshift,376,1
cloudy,1,blue,arab,1,9,no,lshift,331,1
cloudy,1,red,arab,1,8,no,rshift,391,1
cloudy,1,blue,arab,1,1,no,lshift,392,1
cloudy,1,red,arab,1,6,no,rshift,354,1
cloudy,1,red,arab,1,7,no,rshift,381,1
cloudy,1,blue,arab,1,8,no,lshift,391,1
cloudy,1,blue,arab,0,3,no,rshift,384,1
cloudy,1,red,arab,1,9,no,rshift,482,1
cloudy,1,blue,arab,1,7,no,lshift,424,1
cloudy,1,blue,arab,1,9,no,lshift,368,1
cloudy,1,blue,arab,0,6,no,rshift,299,1
cloudy,1,red,arab,1,8,no,rshift,400,1
cloudy,1,red,arab,1,8,no,rshift,466,1
cloudy,1,red,arab,1,3,no,rshift,393,1
cloudy,1,blue,arab,1,3,no,lshift,450,1
cloudy,1,red,arab,1,3,no,rshift,465,1
cloudy,1,red,arab,1,3,no,rshift,368,1
cloudy,1,red,arab,1,2,no,rshift,363,1
cloudy,1,blue,arab,1,4,no,lshift,397,1
cloudy,1,red,arab,1,3,no,rshift,446,1
cloudy,1,blue,arab,1,3,no,lshift,398,1
cloudy,1,red,arab,1,6,no,rshift,352,1
cloudy,1,blue,arab,1,3,no,lshift,450,1
cloudy,1,red,arab,1,7,no,rshift,370,1
cloudy,1,blue,arab,1,6,no,lshift,395,1
cloudy,1,red,arab,1,2,no,rshift,413,1
cloudy,1,blue,arab,0,1,no,rshift,421,1
cloudy,1,blue,arab,1,2,no,lshift,397,1
cloudy,1,red,arab,0,3,no,lshift,408,1
cloudy,1,blue,arab,1,2,no,lshift,384,1
cloudy,1,blue,arab,1,8,no,lshift,401,1
cloudy,1,red,arab,1,3,no,rshift,340,1
cloudy,1,red,arab,1,2,no,rshift,367,1
cloudy,1,blue,arab,1,7,no,lshift,385,1
cloudy,1,blue,arab,1,9,no,lshift,468,1
cloudy,1,blue,arab,1,8,no,lshift,393,1
cloudy,1,blue,arab,1,1,no,lshift,386,1
cloudy,1,blue,arab,1,1,no,lshift,419,1
cloudy,1,blue,arab,1,3,no,lshift,612,1
cloudy,1,red,arab,1,9,no,rshift,357,1
cloudy,1,red,arab,1,4,no,rshift,351,1
cloudy,1,blue,arab,1,3,no,lshift,386,1
cloudy,1,blue,arab,1,4,no,lshift,348,1
cloudy,1,red,arab,1,7,no,rshift,367,1
cloudy,1,red,arab,1,2,no,rshift,489,1
cloudy,1,red,arab,1,1,no,rshift,391,1
cloudy,1,blue,arab,1,6,no,lshift,360,1
cloudy,1,red,arab,1,8,no,rshift,467,1
cloudy,2,blue,arab,1,1,no,lshift,406,1
cloudy,2,blue,arab,1,1,no,lshift,368,1
cloudy,2,blue,arab,0,4,no,rshift,329,1
cloudy,2,blue,arab,0,7,no,rshift,293,1
cloudy,2,red,arab,1,8,no,rshift,339,1
cloudy,2,blue,arab,1,7,no,lshift,335,1
cloudy,2,blue,arab,1,3,no,lshift,394,1
cloudy,2,red,arab,0,1,no,lshift,307,1
cloudy,2,blue,arab,0,6,no,rshift,416,1
cloudy,2,blue,arab,1,3,no,lshift,490,1
cloudy,2,red,arab,1,8,no,rshift,616,1
cloudy,2,blue,arab,1,7,no,lshift,544,1
cloudy,2,blue,arab,1,4,no,lshift,483,1
cloudy,2,red,arab,1,3,no,rshift,537,1
cloudy,2,red,arab,1,9,no,rshift,596,1
cloudy,2,red,arab,1,2,no,rshift,430,1
cloudy,2,blue,arab,1,9,no,lshift,422,1
cloudy,2,blue,arab,1,3,no,lshift,454,1
cloudy,2,red,arab,1,8,no,rshift,493,1
cloudy,2,blue,arab,1,9,no,lshift,538,1
cloudy,2,blue,arab,1,4,no,lshift,462,1
cloudy,2,blue,arab,1,1,no,lshift,429,1
cloudy,2,red,arab,1,2,no,rshift,421,1
cloudy,2,red,arab,1,1,no,rshift,398,1
cloudy,2,red,arab,1,9,no,rshift,462,1
cloudy,2,red,arab,1,6,no,rshift,437,1
cloudy,2,blue,arab,1,3,no,lshift,364,1
cloudy,2,red,arab,1,7,no,rshift,479,1
cloudy,2,blue,arab,1,2,no,lshift,742,1
cloudy,2,red,arab,1,3,no,rshift,553,1
cloudy,2,red,arab,1,6,no,rshift,948,1
cloudy,2,red,arab,1,6,no,rshift,399,1
cloudy,2,red,arab,1,9,no,rshift,512,1
cloudy,2,blue,arab,1,7,no,lshift,397,1
cloudy,2,red,arab,1,3,no,rshift,622,1
cloudy,2,blue,arab,1,2,no,lshift,519,1
cloudy,2,blue,arab,1,3,no,lshift,426,1
cloudy,2,red,arab,1,1,no,rshift,555,1
cloudy,2,blue,arab,1,2,no,lshift,462,1
cloudy,2,blue,arab,1,9,no,lshift,428,1
cloudy,2,red,arab,1,7,no,rshift,436,1
cloudy,2,blue,arab,1,3,no,lshift,387,1
cloudy,2,red,arab,0,1,no,lshift,445,1
cloudy,2,red,arab,1,2,no,rshift,517,1
cloudy,2,blue,arab,1,8,no,lshift,481,1
cloudy,2,blue,arab,1,6,no,lshift,464,1
cloudy,2,blue,arab,1,2,no,lshift,494,1
cloudy,2,blue,arab,1,7,no,lshift,476,1
cloudy,2,red,arab,1,4,no,rshift,426,1
cloudy,2,red,arab,1,3,no,rshift,386,1
cloudy,2,blue,arab,1,1,no,lshift,475,1
cloudy,2,blue,arab,1,1,no,lshift,385,1
cloudy,2,red,arab,1,3,no,rshift,531,1
cloudy,2,blue,arab,1,9,no,lshift,479,1
cloudy,2,red,arab,1,9,no,rshift,452,1
cloudy,2,red,arab,1,7,no,rshift,348,1
cloudy,2,blue,arab,1,6,no,lshift,439,1
cloudy,2,red,arab,1,1,no,rshift,398,1
cloudy,2,red,arab,1,6,no,rshift,409,1
cloudy,2,red,arab,1,2,no,rshift,417,1
cloudy,2,blue,arab,1,3,no,lshift,353,1
cloudy,2,blue,arab,1,6,no,lshift,555,1
cloudy,2,red,arab,1,8,no,rshift,415,1
cloudy,2,red,arab,1,3,no,rshift,463,1
cloudy,2,blue,arab,1,2,no,lshift,414,1
cloudy,2,blue,arab,1,6,no,lshift,447,1
cloudy,2,red,arab,0,7,no,lshift,638,1
cloudy,2,red,arab,1,2,no,rshift,477,1
cloudy,2,blue,arab,1,6,no,lshift,499,1
cloudy,2,blue,arab,1,1,no,lshift,425,1
cloudy,2,blue,arab,1,2,no,lshift,489,1
cloudy,2,blue,arab,1,6,no,lshift,422,1
cloudy,2,blue,arab,1,1,no,lshift,407,1
cloudy,2,red,arab,1,7,no,rshift,831,1
cloudy,2,red,arab,1,7,no,rshift,511,1
cloudy,2,blue,arab,1,1,no,lshift,469,1
cloudy,2,red,arab,1,4,no,rshift,578,1
cloudy,2,red,arab,1,9,no,rshift,396,1
cloudy,2,blue,arab,1,4,no,lshift,469,1
cloudy,2,red,arab,1,6,no,rshift,476,1
cloudy,2,red,arab,1,2,no,rshift,634,1
cloudy,2,blue,arab,1,1,no,lshift,538,1
cloudy,2,red,arab,1,2,no,rshift,397,1
cloudy,2,red,arab,1,4,no,rshift,342,1
cloudy,2,blue,arab,1,8,no,lshift,314,1
cloudy,2,blue,arab,1,2,no,lshift,526,1
cloudy,2,blue,arab,1,9,no,lshift,515,1
cloudy,2,blue,arab,1,7,no,lshift,416,1
cloudy,2,red,arab,1,2,no,rshift,408,1
cloudy,2,red,arab,1,4,no,rshift,442,1
cloudy,2,blue,arab,1,8,no,lshift,361,1
cloudy,2,blue,arab,1,2,no,lshift,516,1
cloudy,2,blue,arab,1,6,no,lshift,457,1
cloudy,2,blue,arab,1,8,no,lshift,408,1
cloudy,2,blue,arab,1,4,no,lshift,672,1
cloudy,2,red,arab,1,6,no,rshift,727,1
cloudy,2,blue,arab,1,2,no,lshift,434,1
cloudy,2,red,arab,1,7,no,rshift,514,1
cloudy,2,red,arab,1,3,no,rshift,542,1
cloudy,2,blue,arab,1,3,no,lshift,410,1
cloudy,2,blue,arab,1,8,no,lshift,827,1
cloudy,2,blue,arab,1,9,no,lshift,410,1
cloudy,2,red,arab,1,8,no,rshift,428,1
cloudy,2,red,arab,1,6,no,rshift,516,1
cloudy,2,blue,arab,1,8,no,lshift,568,1
cloudy,2,red,arab,1,4,no,rshift,499,1
cloudy,2,red,arab,1,6,no,rshift,768,1
cloudy,2,red,arab,1,9,no,rshift,418,1
cloudy,2,red,arab,1,1,no,rshift,361,1
cloudy,2,red,arab,1,8,no,rshift,413,1
cloudy,2,red,arab,1,1,no,rshift,645,1
cloudy,2,blue,arab,1,7,no,lshift,412,1
cloudy,2,red,arab,1,7,no,rshift,542,1
cloudy,2,blue,arab,1,7,no,lshift,537,1
cloudy,2,blue,arab,1,8,no,lshift,476,1
cloudy,2,blue,arab,1,9,no,lshift,563,1
cloudy,2,blue,arab,1,9,no,lshift,373,1
cloudy,2,blue,arab,1,8,no,lshift,319,1
cloudy,2,red,arab,1,9,no,rshift,467,1
cloudy,2,blue,arab,1,1,no,lshift,619,1
cloudy,2,red,arab,1,2,no,rshift,490,1
cloudy,2,blue,arab,1,7,no,lshift,487,1
cloudy,2,blue,arab,1,9,no,lshift,461,1
cloudy,2,red,arab,1,2,no,rshift,404,1
cloudy,2,red,arab,0,4,no,lshift,365,1
cloudy,2,blue,arab,1,8,no,lshift,440,1
cloudy,2,red,arab,1,9,no,rshift,495,1
cloudy,2,red,arab,1,6,no,rshift,420,1
cloudy,2,red,arab,1,8,no,rshift,468,1
cloudy,2,blue,arab,1,6,no,lshift,443,1
cloudy,2,blue,arab,1,9,no,lshift,626,1
cloudy,2,blue,arab,1,6,no,lshift,450,1
cloudy,2,blue,arab,1,4,no,lshift,473,1
cloudy,2,red,arab,1,8,no,rshift,664,1
cloudy,2,red,arab,1,3,no,rshift,478,1
cloudy,2,red,arab,1,6,no,rshift,461,1
cloudy,2,red,arab,1,1,no,rshift,315,1
cloudy,2,red,arab,1,4,no,rshift,361,1
cloudy,2,red,arab,1,4,no,rshift,403,1
cloudy,2,red,arab,1,7,no,rshift,372,1
cloudy,2,blue,arab,1,4,no,lshift,423,1
cloudy,2,blue,arab,1,8,no,lshift,406,1
cloudy,2,blue,arab,1,4,no,lshift,527,1
cloudy,2,red,arab,1,3,no,rshift,516,1
cloudy,2,blue,arab,1,4,no,lshift,496,1
cloudy,2,red,arab,1,8,no,rshift,454,1
cloudy,2,red,arab,1,4,no,rshift,517,1
cloudy,2,red,arab,1,3,no,rshift,481,1
cloudy,2,blue,arab,1,4,no,lshift,431,1
cloudy,2,blue,arab,1,3,no,lshift,479,1
cloudy,2,red,arab,1,8,no,rshift,309,1
cloudy,2,blue,arab,1,3,no,lshift,506,1
cloudy,2,red,arab,1,1,no,rshift,455,1
cloudy,2,blue,arab,1,7,no,lshift,390,1
cloudy,2,red,arab,1,1,no,rshift,383,1
cloudy,2,red,arab,1,7,no,rshift,361,1
cloudy,2,red,arab,1,4,no,rshift,356,1
cloudy,2,blue,arab,1,2,no,lshift,471,1
cloudy,2,red,arab,1,9,no,rshift,461,1
cloudy,2,red,arab,1,9,no,rshift,355,1
cloudy,3,red,arab,1,8,no,rshift,488,1
cloudy,3,blue,arab,1,7,no,lshift,414,1
cloudy,3,blue,arab,1,9,no,lshift,407,1
cloudy,3,blue,arab,1,3,no,lshift,391,1
cloudy,3,red,arab,1,4,no,rshift,393,1
cloudy,3,blue,arab,1,1,no,lshift,354,1
cloudy,3,red,arab,1,4,no,rshift,340,1
cloudy,3,red,arab,0,4,no,lshift,440,1
cloudy,3,red,arab,1,9,no,rshift,456,1
cloudy,3,red,arab,1,3,no,rshift,422,1
cloudy,3,red,arab,1,4,no,rshift,342,1
cloudy,3,blue,arab,1,3,no,lshift,457,1
cloudy,3,red,arab,1,6,no,rshift,482,1
cloudy,3,blue,arab,1,4,no,lshift,535,1
cloudy,3,red,arab,1,2,no,rshift,420,1
cloudy,3,red,arab,1,2,no,rshift,355,1
cloudy,3,red,arab,1,6,no,rshift,430,1
cloudy,3,red,arab,1,9,no,rshift,374,1
cloudy,3,blue,arab,1,8,no,lshift,415,1
cloudy,3,red,arab,1,4,no,rshift,562,1
cloudy,3,red,arab,1,9,no,rshift,380,1
cloudy,3,red,arab,1,8,no,rshift,398,1
cloudy,3,red,arab,1,6,no,rshift,416,1
cloudy,3,blue,arab,1,9,no,lshift,400,1
cloudy,3,red,arab,1,6,no,rshift,442,1
cloudy,3,blue,arab,1,6,no,lshift,432,1
cloudy,3,red,arab,1,3,no,rshift,370,1
cloudy,3,blue,arab,1,1,no,lshift,819,1
cloudy,3,red,arab,1,8,no,rshift,396,1
cloudy,3,blue,arab,1,8,no,lshift,437,1
cloudy,3,blue,arab,1,1,no,lshift,428,1
cloudy,3,red,arab,1,2,no,rshift,388,1
cloudy,3,blue,arab,1,6,no,lshift,382,1
cloudy,3,blue,arab,1,2,no,lshift,576,1
cloudy,3,blue,arab,1,2,no,lshift,355,1
cloudy,3,blue,arab,1,3,no,lshift,413,1
cloudy,3,red,arab,1,1,no,rshift,423,1
cloudy,3,red,arab,1,7,no,rshift,390,1
cloudy,3,blue,arab,1,3,no,lshift,440,1
cloudy,3,blue,arab,1,9,no,lshift,456,1
cloudy,3,red,arab,1,6,no,rshift,374,1
cloudy,3,red,arab,1,8,no,rshift,488,1
cloudy,3,blue,arab,1,3,no,lshift,501,1
cloudy,3,red,arab,1,4,no,rshift,619,1
cloudy,3,blue,arab,1,4,no,lshift,442,1
cloudy,3,red,arab,0,4,no,lshift,346,1
cloudy,3,blue,arab,1,6,no,lshift,454,1
cloudy,3,blue,arab,1,2,no,lshift,396,1
cloudy,3,blue,arab,1,2,no,lshift,373,1
cloudy,3,blue,arab,1,6,no,lshift,576,1
cloudy,3,red,arab,1,1,no,rshift,386,1
cloudy,3,blue,arab,1,8,no,lshift,811,1
cloudy,3,red,arab,1,2,no,rshift,412,1
cloudy,3,red,arab,1,9,no,rshift,381,1
cloudy,3,blue,arab,1,9,no,lshift,391,1
cloudy,3,blue,arab,1,3,no,lshift,465,1
cloudy,3,red,arab,1,7,no,rshift,552,1
cloudy,3,blue,arab,1,7,no,lshift,635,1
cloudy,3,blue,arab,1,1,no,lshift,490,1
cloudy,3,blue,arab,1,1,no,lshift,384,1
cloudy,3,red,arab,1,1,no,rshift,489,1
cloudy,3,red,arab,1,1,no,rshift,455,1
cloudy,3,red,arab,1,4,no,rshift,452,1
cloudy,3,blue,arab,1,6,no,lshift,492,1
cloudy,3,red,arab,1,3,no,rshift,377,1
cloudy,3,red,arab,1,3,no,rshift,443,1
cloudy,3,blue,arab,1,8,no,lshift,547,1
cloudy,3,blue,arab,1,7,no,lshift,470,1
cloudy,3,red,arab,1,2,no,rshift,404,1
cloudy,3,red,arab,1,3,no,rshift,341,1
cloudy,3,blue,arab,1,2,no,lshift,433,1
cloudy,3,red,arab,1,4,no,rshift,344,1
cloudy,3,red,arab,0,7,no,lshift,451,1
cloudy,3,blue,arab,0,4,no,rshift,411,1
cloudy,3,red,arab,1,9,no,rshift,508,1
cloudy,3,red,arab,1,8,no,rshift,457,1
cloudy,3,red,arab,1,8,no,rshift,472,1
cloudy,3,red,arab,1,9,no,rshift,335,1
cloudy,3,blue,arab,1,4,no,lshift,450,1
cloudy,3,red,arab,1,8,no,rshift,434,1
cloudy,3,blue,arab,1,9,no,lshift,377,1
cloudy,3,blue,arab,1,3,no,lshift,388,1
cloudy,3,blue,arab,1,8,no,lshift,397,1
cloudy,3,blue,arab,1,8,no,lshift,447,1
cloudy,3,red,arab,1,2,no,rshift,542,1
cloudy,3,blue,arab,1,4,no,lshift,513,1
cloudy,3,red,arab,1,1,no,rshift,951,1
cloudy,3,blue,arab,1,2,no,lshift,450,1
cloudy,3,blue,arab,1,7,no,lshift,425,1
cloudy,3,red,arab,1,2,no,rshift,609,1
cloudy,3,blue,arab,1,6,no,lshift,466,1
cloudy,3,blue,arab,1,7,no,lshift,464,1
cloudy,3,red,arab,1,6,no,rshift,503,1
cloudy,3,red,arab,1,4,no,rshift,412,1
cloudy,3,red,arab,1,7,no,rshift,765,1
cloudy,3,blue,arab,1,6,no,lshift,423,1
cloudy,3,red,arab,1,7,no,rshift,295,1
cloudy,3,blue,arab,1,4,no,lshift,469,1
cloudy,3,blue,arab,1,7,no,lshift,427,1
cloudy,3,red,arab,1,2,no,rshift,443,1
cloudy,3,blue,arab,1,4,no,lshift,732,1
cloudy,3,blue,arab,1,2,no,lshift,461,1
cloudy,3,red,arab,0,6,no,lshift,398,1
cloudy,3,blue,arab,1,4,no,lshift,432,1
cloudy,3,blue,arab,1,4,no,lshift,432,1
cloudy,3,blue,arab,1,1,no,lshift,552,1
cloudy,3,red,arab,1,9,no,rshift,419,1
cloudy,3,red,arab,1,3,no,rshift,331,1
cloudy,3,red,arab,1,3,no,rshift,583,1
cloudy,3,blue,arab,1,6,no,lshift,1112,1
cloudy,3,red,arab,1,7,no,rshift,1502,1
cloudy,3,red,arab,1,3,no,rshift,394,1
cloudy,3,red,arab,1,1,no,rshift,637,1
cloudy,3,blue,arab,0,1,no,rshift,172,1
cloudy,3,blue,arab,1,2,no,lshift,534,1
cloudy,3,red,arab,1,9,no,rshift,489,1
cloudy,3,blue,arab,1,1,no,lshift,407,1
cloudy,3,red,arab,1,3,no,rshift,487,1
cloudy,3,red,arab,1,6,no,rshift,380,1
cloudy,3,red,arab,1,7,no,rshift,358,1
cloudy,3,red,arab,1,7,no,rshift,346,1
cloudy,3,blue,arab,1,2,no,lshift,381,1
cloudy,3,blue,arab,0,2,no,rshift,424,1
cloudy,3,red,arab,1,9,no,rshift,384,1
cloudy,3,blue,arab,1,9,no,lshift,465,1
cloudy,3,red,arab,1,6,no,rshift,449,1
cloudy,3,red,arab,0,7,no,lshift,424,1
cloudy,3,red,arab,1,3,no,rshift,609,1
cloudy,3,blue,arab,1,6,no,lshift,473,1
cloudy,3,blue,arab,1,3,no,lshift,527,1
cloudy,3,red,arab,1,2,no,rshift,443,1
cloudy,3,red,arab,1,8,no,rshift,443,1
cloudy,3,blue,arab,1,4,no,lshift,443,1
cloudy,3,blue,arab,1,9,no,lshift,746,1
cloudy,3,red,arab,1,1,no,rshift,605,1
cloudy,3,blue,arab,1,7,no,lshift,501,1
cloudy,3,blue,arab,1,3,no,lshift,395,1
cloudy,3,blue,arab,1,1,no,lshift,420,1
cloudy,3,blue,arab,1,9,no,lshift,396,1
cloudy,3,red,arab,1,8,no,rshift,461,1
cloudy,3,red,arab,1,1,no,rshift,365,1
cloudy,3,red,arab,1,1,no,rshift,415,1
cloudy,3,blue,arab,1,1,no,lshift,423,1
cloudy,3,red,arab,1,1,no,rshift,575,1
cloudy,3,blue,arab,1,7,no,lshift,458,1
cloudy,3,red,arab,1,9,no,rshift,513,1
cloudy,3,red,arab,1,7,no,rshift,462,1
cloudy,3,red,arab,1,8,no,rshift,516,1
cloudy,3,blue,arab,1,7,no,lshift,609,1
cloudy,3,blue,arab,1,3,no,lshift,353,1
cloudy,3,blue,arab,1,8,no,lshift,364,1
cloudy,3,blue,arab,1,9,no,lshift,399,1
cloudy,3,blue,arab,1,9,no,lshift,401,1
cloudy,3,blue,arab,1,7,no,lshift,538,1
cloudy,3,blue,arab,1,8,no,lshift,534,1
cloudy,3,red,arab,1,2,no,rshift,409,1
cloudy,3,blue,arab,1,8,no,lshift,417,1
cloudy,3,blue,arab,1,6,no,lshift,442,1
cloudy,3,blue,arab,1,8,no,lshift,345,1
cloudy,3,red,arab,1,6,no,rshift,348,1
cloudy,0,red,dot,1,3,yes,rshift,722,1
cloudy,0,red,dot,1,4,yes,rshift,408,1
cloudy,0,blue,dot,1,8,yes,lshift,417,1
cloudy,0,red,dot,1,1,yes,rshift,450,1
cloudy,0,blue,dot,1,6,yes,lshift,368,1
cloudy,0,red,dot,1,9,yes,rshift,386,1
cloudy,0,red,dot,1,6,yes,rshift,444,1
cloudy,0,blue,dot,1,1,yes,lshift,420,1
cloudy,0,blue,dot,1,2,yes,lshift,587,1
cloudy,0,blue,dot,1,7,yes,lshift,428,1
cloudy,0,red,dot,1,8,yes,rshift,444,1
cloudy,0,red,dot,1,2,yes,rshift,419,1
cloudy,0,blue,dot,1,4,yes,lshift,356,1
cloudy,0,blue,dot,1,9,yes,lshift,360,1
cloudy,0,red,dot,1,7,yes,rshift,426,1
cloudy,0,blue,dot,1,3,yes,lshift,505,1
cloudy,1,red,dot,0,9,no,lshift,432,1
cloudy,1,blue,dot,1,3,no,lshift,320,1
cloudy,1,blue,dot,1,6,no,lshift,380,1
cloudy,1,blue,dot,1,9,no,lshift,414,1
cloudy,1,blue,dot,1,4,no,lshift,391,1
cloudy,1,blue,dot,1,8,no,lshift,1425,1
cloudy,1,blue,dot,1,8,no,lshift,415,1
cloudy,1,blue,dot,1,3,no,lshift,440,1
cloudy,1,red,dot,1,2,no,rshift,280,1
cloudy,1,blue,dot,1,2,no,lshift,439,1
cloudy,1,blue,dot,1,7,no,lshift,367,1
cloudy,1,red,dot,1,4,no,rshift,313,1
cloudy,1,blue,dot,1,2,no,lshift,349,1
cloudy,1,red,dot,0,7,no,lshift,416,1
cloudy,1,red,dot,1,9,no,rshift,521,1
cloudy,1,blue,dot,1,6,no,lshift,388,1
cloudy,1,blue,dot,1,8,no,lshift,429,1
cloudy,1,red,dot,1,9,no,rshift,286,1
cloudy,1,blue,dot,1,9,no,lshift,491,1
cloudy,1,red,dot,1,4,no,rshift,472,1
cloudy,1,blue,dot,1,2,no,lshift,471,1
cloudy,1,blue,dot,1,6,no,lshift,469,1
cloudy,1,blue,dot,1,8,no,lshift,401,1
cloudy,1,red,dot,1,6,no,rshift,436,1
cloudy,1,blue,dot,1,1,no,lshift,419,1
cloudy,1,red,dot,1,3,no,rshift,443,1
cloudy,1,red,dot,1,1,no,rshift,387,1
cloudy,1,red,dot,1,8,no,rshift,349,1
cloudy,1,red,dot,0,9,no,lshift,303,1
cloudy,1,red,dot,1,4,no,rshift,525,1
cloudy,1,red,dot,1,9,no,rshift,352,1
cloudy,1,red,dot,1,4,no,rshift,347,1
cloudy,1,blue,dot,1,9,no,lshift,391,1
cloudy,1,blue,dot,1,2,no,lshift,424,1
cloudy,1,red,dot,1,2,no,rshift,439,1
cloudy,1,blue,dot,1,7,no,lshift,353,1
cloudy,1,blue,dot,1,4,no,lshift,411,1
cloudy,1,blue,dot,1,7,no,lshift,380,1
cloudy,1,red,dot,1,1,no,rshift,351,1
cloudy,1,blue,dot,1,2,no,lshift,353,1
cloudy,1,blue,dot,1,8,no,lshift,378,1
cloudy,1,blue,dot,1,7,no,lshift,533,1
cloudy,1,blue,dot,1,1,no,lshift,386,1
cloudy,1,red,dot,1,7,no,rshift,339,1
cloudy,1,blue,dot,1,1,no,lshift,390,1
cloudy,1,blue,dot,1,9,no,lshift,400,1
cloudy,1,blue,dot,1,4,no,lshift,385,1
cloudy,1,blue,dot,1,2,no,lshift,370,1
cloudy,1,red,dot,1,3,no,rshift,332,1
cloudy,1,red,dot,1,9,no,rshift,400,1
cloudy,1,red,dot,1,7,no,rshift,553,1
cloudy,1,blue,dot,1,9,no,lshift,412,1
cloudy,1,red,dot,1,8,no,rshift,484,1
cloudy,1,red,dot,1,8,no,rshift,377,1
cloudy,1,blue,dot,1,6,no,lshift,467,1
cloudy,1,blue,dot,0,7,no,rshift,489,1
cloudy,1,red,dot,1,6,no,rshift,479,1
cloudy,1,blue,dot,1,6,no,lshift,557,1
cloudy,1,blue,dot,1,4,no,lshift,392,1
cloudy,1,red,dot,1,3,no,rshift,506,1
cloudy,1,red,dot,1,6,no,rshift,398,1
cloudy,1,blue,dot,1,8,no,lshift,487,1
cloudy,1,red,dot,1,1,no,rshift,510,1
cloudy,1,blue,dot,1,9,no,lshift,466,1
cloudy,1,blue,dot,1,3,no,lshift,336,1
cloudy,1,red,dot,0,2,no,lshift,531,1
cloudy,1,blue,dot,1,1,no,lshift,368,1
cloudy,1,red,dot,1,9,no,rshift,354,1
cloudy,1,red,dot,1,6,no,rshift,419,1
cloudy,1,red,dot,1,4,no,rshift,366,1
cloudy,1,red,dot,1,7,no,rshift,369,1
cloudy,1,red,dot,1,6,no,rshift,330,1
cloudy,1,red,dot,1,7,no,rshift,1007,1
cloudy,1,red,dot,1,3,no,rshift,374,1
cloudy,1,red,dot,1,9,no,rshift,369,1
cloudy,1,blue,dot,1,9,no,lshift,323,1
cloudy,1,red,dot,1,6,no,rshift,441,1
cloudy,1,blue,dot,1,3,no,lshift,431,1
cloudy,1,red,dot,1,3,no,rshift,510,1
cloudy,1,red,dot,1,2,no,rshift,381,1
cloudy,1,red,dot,1,8,no,rshift,367,1
cloudy,1,red,dot,1,6,no,rshift,313,1
cloudy,1,red,dot,1,6,no,rshift,430,1
cloudy,1,blue,dot,1,8,no,lshift,373,1
cloudy,1,blue,dot,1,8,no,lshift,440,1
cloudy,1,red,dot,1,4,no,rshift,527,1
cloudy,1,red,dot,1,7,no,rshift,370,1
cloudy,1,red,dot,1,6,no,rshift,365,1
cloudy,1,blue,dot,1,3,no,lshift,391,1
cloudy,1,blue,dot,1,1,no,lshift,402,1
cloudy,1,red,dot,1,2,no,rshift,315,1
cloudy,1,blue,dot,0,2,no,rshift,439,1
cloudy,1,blue,dot,1,6,no,lshift,631,1
cloudy,1,blue,dot,1,7,no,lshift,399,1
cloudy,1,blue,dot,1,3,no,lshift,368,1
cloudy,1,red,dot,1,4,no,rshift,330,1
cloudy,1,blue,dot,1,1,no,lshift,406,1
cloudy,1,blue,dot,1,2,no,lshift,432,1
cloudy,1,red,dot,1,7,no,rshift,392,1
cloudy,1,red,dot,1,8,no,rshift,480,1
cloudy,1,red,dot,1,6,no,rshift,487,1
cloudy,1,blue,dot,1,1,no,lshift,405,1
cloudy,1,blue,dot,1,3,no,lshift,334,1
cloudy,1,blue,dot,1,9,no,lshift,457,1
cloudy,1,red,dot,1,8,no,rshift,520,1
cloudy,1,red,dot,1,4,no,rshift,428,1
cloudy,1,blue,dot,1,1,no,lshift,380,1
cloudy,1,blue,dot,1,6,no,lshift,382,1
cloudy,1,blue,dot,1,3,no,lshift,416,1
cloudy,1,blue,dot,1,3,no,lshift,446,1
cloudy,1,red,dot,1,1,no,rshift,376,1
cloudy,1,red,dot,1,2,no,rshift,338,1
cloudy,1,blue,dot,1,2,no,lshift,766,1
cloudy,1,red,dot,1,7,no,rshift,568,1
cloudy,1,red,dot,1,2,no,rshift,658,1
cloudy,1,red,dot,1,8,no,rshift,480,1
cloudy,1,red,dot,1,9,no,rshift,447,1
cloudy,1,blue,dot,1,4,no,lshift,319,1
cloudy,1,red,dot,1,2,no,rshift,403,1
cloudy,1,blue,dot,1,9,no,lshift,443,1
cloudy,1,red,dot,1,2,no,rshift,602,1
cloudy,1,blue,dot,1,1,no,lshift,428,1
cloudy,1,blue,dot,0,4,no,rshift,380,1
cloudy,1,red,dot,1,1,no,rshift,590,1
cloudy,1,blue,dot,1,8,no,lshift,431,1
cloudy,1,red,dot,1,1,no,rshift,368,1
cloudy,1,blue,dot,1,7,no,lshift,409,1
cloudy,1,red,dot,1,3,no,rshift,459,1
cloudy,1,red,dot,1,1,no,rshift,433,1
cloudy,1,blue,dot,1,6,no,lshift,391,1
cloudy,1,blue,dot,1,7,no,lshift,330,1
cloudy,1,blue,dot,1,7,no,lshift,431,1
cloudy,1,red,dot,1,7,no,rshift,358,1
cloudy,1,red,dot,1,3,no,rshift,352,1
cloudy,1,red,dot,1,1,no,rshift,371,1
cloudy,1,blue,dot,1,3,no,lshift,397,1
cloudy,1,red,dot,1,3,no,rshift,327,1
cloudy,1,red,dot,1,4,no,rshift,372,1
cloudy,1,red,dot,1,8,no,rshift,342,1
cloudy,1,blue,dot,1,2,no,lshift,449,1
cloudy,1,red,dot,1,7,no,rshift,400,1
cloudy,1,blue,dot,1,8,no,lshift,504,1
cloudy,1,blue,dot,1,7,no,lshift,366,1
cloudy,1,blue,dot,1,4,no,lshift,480,1
cloudy,1,red,dot,1,2,no,rshift,310,1
cloudy,1,blue,dot,1,9,no,lshift,364,1
cloudy,1,blue,dot,1,6,no,lshift,390,1
cloudy,1,red,dot,1,3,no,rshift,382,1
cloudy,1,red,dot,1,8,no,rshift,361,1
cloudy,1,red,dot,1,3,no,rshift,333,1
cloudy,1,blue,dot,1,1,no,lshift,392,1
cloudy,1,blue,dot,1,4,no,lshift,401,1
cloudy,1,red,dot,1,9,no,rshift,299,1
cloudy,1,blue,dot,1,4,no,lshift,345,1
cloudy,1,red,dot,1,4,no,rshift,404,1
cloudy,1,red,dot,1,1,no,rshift,341,1
cloudy,1,red,dot,1,1,no,rshift,345,1
cloudy,1,blue,dot,1,4,no,lshift,539,1
cloudy,1,red,dot,1,8,no,rshift,334,1
cloudy,1,blue,dot,1,6,no,lshift,386,1
cloudy,2,red,dot,1,4,no,rshift,315,1
cloudy,2,red,dot,1,4,no,rshift,320,1
cloudy,2,blue,dot,1,4,no,lshift,308,1
cloudy,2,red,dot,1,9,no,rshift,322,1
cloudy,2,red,dot,1,1,no,rshift,302,1
cloudy,2,red,dot,0,4,no,lshift,306,1
cloudy,2,blue,dot,0,3,no,rshift,366,1
cloudy,2,red,dot,1,9,no,rshift,393,1
cloudy,2,blue,dot,0,9,no,rshift,402,1
cloudy,2,blue,dot,1,7,no,lshift,587,1
cloudy,2,red,dot,1,2,no,rshift,397,1
cloudy,2,red,dot,1,7,no,rshift,350,1
cloudy,2,red,dot,1,8,no,rshift,353,1
cloudy,2,blue,dot,1,2,no,lshift,427,1
cloudy,2,red,dot,1,9,no,rshift,475,1
cloudy,2,red,dot,1,2,no,rshift,322,1
cloudy,2,blue,dot,1,2,no,lshift,638,1
cloudy,2,red,dot,1,7,no,rshift,349,1
cloudy,2,blue,dot,1,2,no,lshift,448,1
cloudy,2,blue,dot,1,3,no,lshift,480,1
cloudy,2,blue,dot,1,6,no,lshift,397,1
cloudy,2,blue,dot,1,6,no,lshift,407,1
cloudy,2,red,dot,1,3,no,rshift,351,1
cloudy,2,red,dot,1,6,no,rshift,378,1
cloudy,2,red,dot,1,4,no,rshift,366,1
cloudy,2,red,dot,1,4,no,rshift,336,1
cloudy,2,blue,dot,1,1,no,lshift,339,1
cloudy,2,red,dot,1,9,no,rshift,342,1
cloudy,2,red,dot,1,8,no,rshift,330,1
cloudy,2,red,dot,1,2,no,rshift,318,1
cloudy,2,red,dot,1,9,no,rshift,338,1
cloudy,2,blue,dot,1,9,no,lshift,502,1
cloudy,2,red,dot,1,9,no,rshift,403,1
cloudy,2,blue,dot,1,4,no,lshift,362,1
cloudy,2,red,dot,1,4,no,rshift,479,1
cloudy,2,red,dot,1,6,no,rshift,373,1
cloudy,2,red,dot,1,1,no,rshift,415,1
cloudy,2,red,dot,1,7,no,rshift,368,1
cloudy,2,blue,dot,1,6,no,lshift,491,1
cloudy,2,red,dot,1,2,no,rshift,480,1
cloudy,2,red,dot,1,4,no,rshift,429,1
cloudy,2,blue,dot,1,1,no,lshift,429,1
cloudy,2,red,dot,1,1,no,rshift,438,1
cloudy,2,red,dot,1,1,no,rshift,661,1
cloudy,2,red,dot,1,3,no,rshift,372,1
cloudy,2,red,dot,1,2,no,rshift,462,1
cloudy,2,red,dot,1,2,no,rshift,421,1
cloudy,2,blue,dot,1,7,no,lshift,412,1
cloudy,2,blue,dot,1,7,no,lshift,334,1
cloudy,2,red,dot,1,9,no,rshift,529,1
cloudy,2,blue,dot,1,8,no,lshift,412,1
cloudy,2,red,dot,1,2,no,rshift,357,1
cloudy,2,red,dot,1,6,no,rshift,408,1
cloudy,2,blue,dot,1,7,no,lshift,393,1
cloudy,2,red,dot,1,3,no,rshift,348,1
cloudy,2,red,dot,1,8,no,rshift,477,1
cloudy,2,blue,dot,1,6,no,lshift,332,1
cloudy,2,red,dot,1,9,no,rshift,337,1
cloudy,2,blue,dot,1,6,no,lshift,395,1
cloudy,2,blue,dot,1,9,no,lshift,404,1
cloudy,2,blue,dot,1,7,no,lshift,358,1
cloudy,2,red,dot,1,4,no,rshift,513,1
cloudy,2,red,dot,1,3,no,rshift,461,1
cloudy,2,red,dot,1,4,no,rshift,365,1
cloudy,2,red,dot,1,1,no,rshift,336,1
cloudy,2,red,dot,1,8,no,rshift,466,1
cloudy,2,blue,dot,1,4,no,lshift,457,1
cloudy,2,blue,dot,1,6,no,lshift,464,1
cloudy,2,red,dot,1,9,no,rshift,749,1
cloudy,2,red,dot,1,2,no,rshift,338,1
cloudy,2,blue,dot,1,9,no,lshift,389,1
cloudy,2,blue,dot,1,2,no,lshift,526,1
cloudy,2,red,dot,1,8,no,rshift,353,1
cloudy,2,red,dot,1,8,no,rshift,428,1
cloudy,2,blue,dot,0,1,no,rshift,389,1
cloudy,2,blue,dot,1,8,no,lshift,574,1
cloudy,2,blue,dot,1,7,no,lshift,416,1
cloudy,2,blue,dot,1,8,no,lshift,417,1
cloudy,2,red,dot,1,8,no,rshift,401,1
cloudy,2,blue,dot,1,3,no,lshift,465,1
cloudy,2,blue,dot,1,1,no,lshift,497,1
cloudy,2,blue,dot,1,2,no,lshift,486,1
cloudy,2,red,dot,1,6,no,rshift,426,1
cloudy,2,red,dot,1,7,no,rshift,1083,1
cloudy,2,blue,dot,1,2,no,lshift,400,1
cloudy,2,red,dot,1,7,no,rshift,472,1
cloudy,2,blue,dot,1,8,no,lshift,319,1
cloudy,2,red,dot,1,6,no,rshift,331,1
cloudy,2,blue,dot,1,9,no,lshift,415,1
cloudy,2,blue,dot,1,7,no,lshift,360,1
cloudy,2,blue,dot,1,6,no,lshift,412,1
cloudy,2,red,dot,1,8,no,rshift,314,1
cloudy,2,red,dot,1,1,no,rshift,472,1
cloudy,2,blue,dot,1,3,no,lshift,359,1
cloudy,2,red,dot,1,3,no,rshift,513,1
cloudy,2,red,dot,1,1,no,rshift,503,1
cloudy,2,red,dot,1,3,no,rshift,299,1
cloudy,2,red,dot,1,7,no,rshift,401,1
cloudy,2,blue,dot,1,1,no,lshift,417,1
cloudy,2,blue,dot,1,6,no,lshift,298,1
cloudy,2,blue,dot,1,3,no,lshift,358,1
cloudy,2,blue,dot,1,8,no,lshift,353,1
cloudy,2,blue,dot,1,3,no,lshift,340,1
cloudy,2,red,dot,1,6,no,rshift,401,1
cloudy,2,blue,dot,1,3,no,lshift,384,1
cloudy,2,red,dot,1,8,no,rshift,449,1
cloudy,2,blue,dot,1,1,no,lshift,394,1
cloudy,2,blue,dot,1,8,no,lshift,354,1
cloudy,2,blue,dot,1,2,no,lshift,436,1
cloudy,2,red,dot,1,8,no,rshift,388,1
cloudy,2,blue,dot,1,8,no,lshift,637,1
cloudy,2,red,dot,1,4,no,rshift,382,1
cloudy,2,blue,dot,1,9,no,lshift,352,1
cloudy,2,red,dot,1,3,no,rshift,307,1
cloudy,2,blue,dot,1,2,no,lshift,327,1
cloudy,2,blue,dot,1,9,no,lshift,420,1
cloudy,2,red,dot,1,3,no,rshift,315,1
cloudy,2,red,dot,0,1,no,lshift,410,1
cloudy,2,blue,dot,1,9,no,lshift,529,1
cloudy,2,blue,dot,1,4,no,lshift,446,1
cloudy,2,red,dot,1,6,no,rshift,333,1
cloudy,2,blue,dot,1,4,no,lshift,385,1
cloudy,2,blue,dot,1,2,no,lshift,930,1
cloudy,2,blue,dot,1,7,no,lshift,799,1
cloudy,2,red,dot,1,9,no,rshift,312,1
cloudy,2,blue,dot,1,9,no,lshift,628,1
cloudy,2,blue,dot,1,3,no,lshift,372,1
cloudy,2,blue,dot,1,1,no,lshift,463,1
cloudy,2,blue,dot,1,1,no,lshift,381,1
cloudy,2,red,dot,1,1,no,rshift,327,1
cloudy,2,red,dot,1,2,no,rshift,338,1
cloudy,2,blue,dot,1,1,no,lshift,382,1
cloudy,2,blue,dot,1,4,no,lshift,496,1
cloudy,2,red,dot,1,1,no,rshift,446,1
cloudy,2,blue,dot,1,3,no,lshift,397,1
cloudy,2,red,dot,1,2,no,rshift,336,1
cloudy,2,blue,dot,1,6,no,lshift,378,1
cloudy,2,red,dot,1,6,no,rshift,501,1
cloudy,2,red,dot,1,7,no,rshift,346,1
cloudy,2,blue,dot,1,8,no,lshift,412,1
cloudy,2,red,dot,1,6,no,rshift,333,1
cloudy,2,blue,dot,1,3,no,lshift,361,1
cloudy,2,blue,dot,1,6,no,lshift,340,1
cloudy,2,red,dot,1,7,no,rshift,384,1
cloudy,2,red,dot,1,7,no,rshift,393,1
cloudy,2,blue,dot,1,4,no,lshift,443,1
cloudy,2,blue,dot,1,8,no,lshift,306,1
cloudy,2,red,dot,1,3,no,rshift,381,1
cloudy,2,blue,dot,1,4,no,lshift,393,1
cloudy,2,blue,dot,1,9,no,lshift,563,1
cloudy,2,blue,dot,1,2,no,lshift,350,1
cloudy,2,blue,dot,1,7,no,lshift,424,1
cloudy,2,blue,dot,1,4,no,lshift,432,1
cloudy,2,red,dot,1,3,no,rshift,713,1
cloudy,2,blue,dot,1,1,no,lshift,629,1
cloudy,2,blue,dot,1,8,no,lshift,422,1
cloudy,2,red,dot,1,7,no,rshift,342,1
cloudy,2,blue,dot,1,4,no,lshift,385,1
cloudy,2,blue,dot,1,7,no,lshift,379,1
cloudy,2,red,dot,1,6,no,rshift,365,1
cloudy,3,blue,dot,1,6,no,lshift,823,1
cloudy,3,red,dot,1,9,no,rshift,400,1
cloudy,3,red,dot,1,1,no,rshift,280,1
cloudy,3,red,dot,1,4,no,rshift,398,1
cloudy,3,blue,dot,1,8,no,lshift,465,1
cloudy,3,blue,dot,1,2,no,lshift,311,1
cloudy,3,red,dot,1,7,no,rshift,315,1
cloudy,3,blue,dot,1,4,no,lshift,360,1
cloudy,3,blue,dot,1,1,no,lshift,452,1
cloudy,3,blue,dot,1,2,no,lshift,290,1
cloudy,3,red,dot,1,2,no,rshift,319,1
cloudy,3,red,dot,1,1,no,rshift,389,1
cloudy,3,blue,dot,1,6,no,lshift,421,1
cloudy,3,blue,dot,1,2,no,lshift,429,1
cloudy,3,red,dot,1,6,no,rshift,453,1
cloudy,3,red,dot,1,1,no,rshift,341,1
cloudy,3,red,dot,1,6,no,rshift,335,1
cloudy,3,red,dot,1,3,no,rshift,330,1
cloudy,3,blue,dot,1,9,no,lshift,391,1
cloudy,3,blue,dot,1,8,no,lshift,409,1
cloudy,3,blue,dot,1,7,no,lshift,377,1
cloudy,3,red,dot,1,8,no,rshift,410,1
cloudy,3,red,dot,1,4,no,rshift,581,1
cloudy,3,red,dot,1,3,no,rshift,519,1
cloudy,3,red,dot,1,2,no,rshift,411,1
cloudy,3,red,dot,1,9,no,rshift,354,1
cloudy,3,red,dot,1,7,no,rshift,310,1
cloudy,3,red,dot,1,3,no,rshift,338,1
cloudy,3,red,dot,1,3,no,rshift,367,1
cloudy,3,blue,dot,1,8,no,lshift,401,1
cloudy,3,blue,dot,1,6,no,lshift,361,1
cloudy,3,blue,dot,1,4,no,lshift,364,1
cloudy,3,blue,dot,1,7,no,lshift,343,1
cloudy,3,red,dot,1,7,no,rshift,354,1
cloudy,3,red,dot,1,7,no,rshift,757,1
cloudy,3,blue,dot,1,8,no,lshift,343,1
cloudy,3,red,dot,1,1,no,rshift,380,1
cloudy,3,red,dot,1,1,no,rshift,501,1
cloudy,3,red,dot,1,6,no,rshift,464,1
cloudy,3,blue,dot,1,1,no,lshift,434,1
cloudy,3,red,dot,1,7,no,rshift,368,1
cloudy,3,red,dot,1,9,no,rshift,539,1
cloudy,3,red,dot,1,2,no,rshift,438,1
cloudy,3,red,dot,1,2,no,rshift,334,1
cloudy,3,blue,dot,1,7,no,lshift,377,1
cloudy,3,red,dot,1,8,no,rshift,330,1
cloudy,3,blue,dot,1,7,no,lshift,359,1
cloudy,3,red,dot,1,8,no,rshift,578,1
cloudy,3,blue,dot,1,8,no,lshift,332,1
cloudy,3,blue,dot,1,6,no,lshift,401,1
cloudy,3,red,dot,1,3,no,rshift,385,1
cloudy,3,blue,dot,1,3,no,lshift,587,1
cloudy,3,blue,dot,1,1,no,lshift,348,1
cloudy,3,blue,dot,1,4,no,lshift,408,1
cloudy,3,red,dot,1,8,no,rshift,448,1
cloudy,3,blue,dot,1,2,no,lshift,463,1
cloudy,3,blue,dot,1,9,no,lshift,382,1
cloudy,3,blue,dot,1,9,no,lshift,433,1
cloudy,3,blue,dot,1,2,no,lshift,353,1
cloudy,3,blue,dot,1,1,no,lshift,381,1
cloudy,3,blue,dot,1,4,no,lshift,350,1
cloudy,3,red,dot,1,7,no,rshift,417,1
cloudy,3,blue,dot,1,2,no,lshift,375,1
cloudy,3,blue,dot,1,6,no,lshift,386,1
cloudy,3,blue,dot,1,4,no,lshift,381,1
cloudy,3,red,dot,1,3,no,rshift,494,1
cloudy,3,blue,dot,1,1,no,lshift,436,1
cloudy,3,blue,dot,1,7,no,lshift,420,1
cloudy,3,red,dot,1,2,no,rshift,444,1
cloudy,3,red,dot,1,8,no,rshift,539,1
cloudy,3,blue,dot,1,6,no,lshift,399,1
cloudy,3,red,dot,1,3,no,rshift,496,1
cloudy,3,red,dot,1,1,no,rshift,606,1
cloudy,3,red,dot,1,9,no,rshift,367,1
cloudy,3,blue,dot,1,8,no,lshift,514,1
cloudy,3,blue,dot,1,1,no,lshift,502,1
cloudy,3,red,dot,1,6,no,rshift,362,1
cloudy,3,blue,dot,1,1,no,lshift,334,1
cloudy,3,blue,dot,1,1,no,lshift,337,1
cloudy,3,blue,dot,1,4,no,lshift,317,1
cloudy,3,blue,dot,1,3,no,lshift,384,1
cloudy,3,blue,dot,1,4,no,lshift,314,1
cloudy,3,blue,dot,1,3,no,lshift,359,1
cloudy,3,blue,dot,1,9,no,lshift,385,1
cloudy,3,red,dot,1,6,no,rshift,395,1
cloudy,3,blue,dot,1,6,no,lshift,396,1
cloudy,3,blue,dot,1,8,no,lshift,645,1
cloudy,3,blue,dot,1,3,no,lshift,437,1
cloudy,3,red,dot,1,3,no,rshift,437,1
cloudy,3,red,dot,1,2,no,rshift,500,1
cloudy,3,red,dot,1,4,no,rshift,424,1
cloudy,3,blue,dot,1,8,no,lshift,529,1
cloudy,3,blue,dot,1,9,no,lshift,397,1
cloudy,3,blue,dot,1,9,no,lshift,383,1
cloudy,3,blue,dot,1,6,no,lshift,385,1
cloudy,3,red,dot,1,3,no,rshift,394,1
cloudy,3,blue,dot,1,8,no,lshift,379,1
cloudy,3,red,dot,1,7,no,rshift,478,1
cloudy,3,blue,dot,1,8,no,lshift,467,1
cloudy,3,red,dot,1,7,no,rshift,505,1
cloudy,3,red,dot,1,2,no,rshift,391,1
cloudy,3,blue,dot,1,4,no,lshift,336,1
cloudy,3,blue,dot,1,9,no,lshift,420,1
cloudy,3,red,dot,1,8,no,rshift,429,1
cloudy,3,red,dot,1,4,no,rshift,693,1
cloudy,3,blue,dot,1,9,no,lshift,769,1
cloudy,3,red,dot,1,4,no,rshift,379,1
cloudy,3,red,dot,1,9,no,rshift,397,1
cloudy,3,blue,dot,1,7,no,lshift,392,1
cloudy,3,red,dot,1,8,no,rshift,472,1
cloudy,3,blue,dot,1,3,no,lshift,407,1
cloudy,3,blue,dot,1,6,no,lshift,489,1
cloudy,3,red,dot,1,1,no,rshift,406,1
cloudy,3,blue,dot,1,7,no,lshift,415,1
cloudy,3,red,dot,1,4,no,rshift,497,1
cloudy,3,red,dot,1,6,no,rshift,389,1
cloudy,3,blue,dot,1,3,no,lshift,438,1
cloudy,3,red,dot,1,4,no,rshift,590,1
cloudy,3,blue,dot,1,7,no,lshift,400,1
cloudy,3,red,dot,1,2,no,rshift,416,1
cloudy,3,blue,dot,1,6,no,lshift,368,1
cloudy,3,blue,dot,1,3,no,lshift,459,1
cloudy,3,blue,dot,1,4,no,lshift,505,1
cloudy,3,blue,dot,1,3,no,lshift,413,1
cloudy,3,red,dot,1,1,no,rshift,391,1
cloudy,3,blue,dot,1,2,no,lshift,385,1
cloudy,3,blue,dot,1,1,no,lshift,474,1
cloudy,3,blue,dot,1,4,no,lshift,528,1
cloudy,3,blue,dot,1,2,no,lshift,420,1
cloudy,3,blue,dot,1,9,no,lshift,339,1
cloudy,3,red,dot,1,8,no,rshift,807,1
cloudy,3,red,dot,1,3,no,rshift,376,1
cloudy,3,blue,dot,1,3,no,lshift,419,1
cloudy,3,blue,dot,1,1,no,lshift,523,1
cloudy,3,blue,dot,1,2,no,lshift,438,1
cloudy,3,red,dot,1,6,no,rshift,406,1
cloudy,3,red,dot,1,8,no,rshift,423,1
cloudy,3,red,dot,1,6,no,rshift,399,1
cloudy,3,blue,dot,1,7,no,lshift,409,1
cloudy,3,red,dot,1,8,no,rshift,393,1
cloudy,3,red,dot,1,4,no,rshift,347,1
cloudy,3,red,dot,1,4,no,rshift,318,1
cloudy,3,blue,dot,1,2,no,lshift,394,1
cloudy,3,red,dot,1,2,no,rshift,468,1
cloudy,3,blue,dot,1,7,no,lshift,458,1
cloudy,3,red,dot,1,9,no,rshift,656,1
cloudy,3,red,dot,1,1,no,rshift,391,1
cloudy,3,red,dot,1,4,no,rshift,385,1
cloudy,3,red,dot,1,9,no,rshift,393,1
cloudy,3,red,dot,1,7,no,rshift,451,1
cloudy,3,red,dot,1,9,no,rshift,626,1
cloudy,3,red,dot,1,6,no,rshift,347,1
cloudy,3,blue,dot,1,3,no,lshift,461,1
cloudy,3,red,dot,1,1,no,rshift,414,1
cloudy,3,red,dot,1,6,no,rshift,430,1
cloudy,3,red,dot,1,9,no,rshift,397,1
cloudy,3,red,dot,1,7,no,rshift,503,1
cloudy,3,red,dot,1,2,no,rshift,348,1
cloudy,3,red,dot,1,9,no,rshift,440,1
cloudy,3,blue,dot,1,9,no,lshift,447,1
cloudy,0,blue,classic,1,1,yes,lshift,1973,1
cloudy,0,blue,classic,1,3,yes,lshift,703,1
cloudy,0,blue,classic,1,4,yes,rshift,484,1
cloudy,0,blue,classic,1,8,yes,rshift,499,1
cloudy,0,blue,classic,0,2,yes,lshift,521,1
cloudy,0,blue,classic,1,9,yes,lshift,987,1
cloudy,0,blue,classic,1,7,yes,lshift,742,1
cloudy,0,blue,classic,1,6,yes,rshift,1058,1
cloudy,1,blue,classic,1,7,yes,rshift,2944,1
cloudy,1,blue,classic,1,3,yes,rshift,619,1
cloudy,1,blue,classic,1,9,yes,rshift,509,1
cloudy,1,blue,classic,1,1,yes,rshift,738,1
cloudy,1,blue,classic,1,6,yes,lshift,566,1
cloudy,1,blue,classic,1,8,yes,lshift,457,1
cloudy,1,blue,classic,1,2,yes,lshift,480,1
cloudy,1,blue,classic,1,4,yes,lshift,424,1
cloudy,2,blue,classic,1,1,no,lshift,456,1
cloudy,2,blue,classic,1,2,no,rshift,567,1
cloudy,2,blue,classic,1,2,no,rshift,458,1
cloudy,2,blue,classic,1,2,no,rshift,394,1
cloudy,2,blue,classic,1,8,no,rshift,564,1
cloudy,2,blue,classic,1,3,no,lshift,664,1
cloudy,2,blue,classic,0,7,no,rshift,687,1
cloudy,2,blue,classic,1,4,no,rshift,742,1
cloudy,2,blue,classic,0,2,no,lshift,1002,1
cloudy,2,blue,classic,1,7,no,lshift,1420,1
cloudy,2,blue,classic,1,1,no,lshift,676,1
cloudy,2,blue,classic,1,2,no,rshift,666,1
cloudy,2,blue,classic,1,2,no,rshift,793,1
cloudy,2,blue,classic,1,9,no,lshift,1756,1
cloudy,2,blue,classic,1,7,no,lshift,759,1
cloudy,2,blue,classic,1,2,no,rshift,474,1
cloudy,2,blue,classic,1,3,no,lshift,513,1
cloudy,2,blue,classic,1,6,no,rshift,638,1
cloudy,2,blue,classic,1,1,no,lshift,695,1
cloudy,2,blue,classic,1,6,no,rshift,557,1
cloudy,2,blue,classic,1,4,no,rshift,1072,1
cloudy,2,blue,classic,1,7,no,lshift,536,1
cloudy,2,blue,classic,1,6,no,rshift,708,1
cloudy,2,blue,classic,1,9,no,lshift,1586,1
cloudy,2,blue,classic,1,4,no,rshift,875,1
cloudy,2,blue,classic,1,7,no,lshift,962,1
cloudy,2,blue,classic,1,4,no,rshift,677,1
cloudy,2,blue,classic,1,1,no,lshift,1227,1
cloudy,2,blue,classic,1,4,no,rshift,661,1
cloudy,2,blue,classic,0,8,no,lshift,2100,1
cloudy,2,blue,classic,1,6,no,rshift,1562,1
cloudy,2,blue,classic,1,9,no,lshift,709,1
cloudy,2,blue,classic,1,8,no,rshift,571,1
cloudy,2,blue,classic,1,1,no,lshift,493,1
cloudy,2,blue,classic,1,3,no,lshift,508,1
cloudy,2,blue,classic,1,7,no,lshift,465,1
cloudy,2,blue,classic,1,3,no,lshift,561,1
cloudy,2,blue,classic,1,7,no,lshift,461,1
cloudy,2,blue,classic,1,4,no,rshift,1844,1
cloudy,2,blue,classic,1,9,no,lshift,659,1
cloudy,2,blue,classic,0,1,no,rshift,411,1
cloudy,2,blue,classic,1,6,no,rshift,581,1
cloudy,2,blue,classic,1,3,no,lshift,624,1
cloudy,2,blue,classic,0,6,no,lshift,440,1
cloudy,2,blue,classic,1,8,no,rshift,544,1
cloudy,2,blue,classic,1,3,no,lshift,637,1
cloudy,2,blue,classic,0,2,no,lshift,797,1
cloudy,2,blue,classic,1,2,no,rshift,463,1
cloudy,2,blue,classic,0,6,no,lshift,598,1
cloudy,2,blue,classic,1,3,no,lshift,481,1
cloudy,2,blue,classic,1,1,no,lshift,472,1
cloudy,2,blue,classic,1,9,no,lshift,566,1
cloudy,2,blue,classic,1,8,no,rshift,474,1
cloudy,2,blue,classic,1,9,no,lshift,473,1
cloudy,2,blue,classic,1,8,no,rshift,440,1
cloudy,2,blue,classic,1,8,no,rshift,392,1
cloudy,2,blue,classic,1,7,no,lshift,498,1
cloudy,2,blue,classic,0,8,no,lshift,409,1
cloudy,2,blue,classic,1,8,no,rshift,386,1
cloudy,2,blue,classic,0,6,no,lshift,492,1
cloudy,2,blue,classic,1,4,no,rshift,627,1
cloudy,2,blue,classic,1,4,no,rshift,396,1
cloudy,2,blue,classic,1,9,no,lshift,830,1
cloudy,2,blue,classic,1,7,no,lshift,790,1
cloudy,2,blue,classic,1,1,no,lshift,472,1
cloudy,2,blue,classic,0,8,no,lshift,368,1
cloudy,2,blue,classic,1,3,no,lshift,579,1
cloudy,2,blue,classic,1,9,no,lshift,645,1
cloudy,2,blue,classic,1,9,no,lshift,502,1
cloudy,2,blue,classic,1,3,no,lshift,683,1
cloudy,2,blue,classic,1,6,no,rshift,498,1
cloudy,2,blue,classic,1,4,no,rshift,520,1
cloudy,2,blue,classic,1,1,no,lshift,405,1
cloudy,2,blue,classic,1,3,no,lshift,927,1
cloudy,2,blue,classic,0,2,no,lshift,387,1
cloudy,2,blue,classic,1,7,no,lshift,501,1
cloudy,2,blue,classic,1,4,no,rshift,434,1
cloudy,2,blue,classic,1,2,no,rshift,491,1
cloudy,2,blue,classic,1,2,no,rshift,369,1
cloudy,2,blue,classic,1,8,no,rshift,404,1
cloudy,2,blue,classic,1,2,no,rshift,413,1
cloudy,2,blue,classic,1,4,no,rshift,831,1
cloudy,2,blue,classic,1,1,no,lshift,528,1
cloudy,2,blue,classic,1,3,no,lshift,766,1
cloudy,2,blue,classic,1,7,no,lshift,545,1
cloudy,2,blue,classic,1,6,no,rshift,605,1
cloudy,2,blue,classic,1,1,no,lshift,590,1
cloudy,2,blue,classic,1,9,no,lshift,496,1
cloudy,2,blue,classic,1,2,no,rshift,422,1
cloudy,2,blue,classic,1,7,no,lshift,536,1
cloudy,2,blue,classic,1,1,no,lshift,683,1
cloudy,2,blue,classic,1,6,no,rshift,394,1
cloudy,2,blue,classic,1,7,no,lshift,532,1
cloudy,2,blue,classic,1,8,no,rshift,465,1
cloudy,2,blue,classic,1,9,no,lshift,513,1
cloudy,2,blue,classic,1,1,no,lshift,398,1
cloudy,2,blue,classic,1,4,no,rshift,456,1
cloudy,2,blue,classic,1,3,no,lshift,608,1
cloudy,2,blue,classic,1,8,no,rshift,521,1
cloudy,2,blue,classic,1,9,no,lshift,494,1
cloudy,2,blue,classic,1,6,no,rshift,604,1
cloudy,2,blue,classic,0,7,no,rshift,470,1
cloudy,2,blue,classic,1,6,no,rshift,541,1
cloudy,2,blue,classic,1,4,no,rshift,457,1
cloudy,2,blue,classic,0,6,no,lshift,361,1
cloudy,2,blue,classic,1,9,no,lshift,836,1
cloudy,2,blue,classic,1,9,no,lshift,556,1
cloudy,2,blue,classic,1,1,no,lshift,529,1
cloudy,2,blue,classic,1,3,no,lshift,421,1
cloudy,2,blue,classic,0,8,no,lshift,518,1
cloudy,2,blue,classic,1,4,no,rshift,634,1
cloudy,2,blue,classic,1,3,no,lshift,778,1
cloudy,3,blue,classic,1,2,no,lshift,510,1
cloudy,3,blue,classic,1,1,no,rshift,363,1
cloudy,3,blue,classic,1,1,no,rshift,447,1
cloudy,3,blue,classic,1,2,no,lshift,415,1
cloudy,3,blue,classic,1,9,no,rshift,880,1
cloudy,3,blue,classic,1,2,no,lshift,440,1
cloudy,3,blue,classic,1,4,no,lshift,456,1
cloudy,3,blue,classic,1,6,no,lshift,583,1
cloudy,3,blue,classic,1,1,no,rshift,602,1
cloudy,3,blue,classic,1,6,no,lshift,484,1
cloudy,3,blue,classic,0,1,no,lshift,498,1
cloudy,3,blue,classic,1,1,no,rshift,536,1
cloudy,3,blue,classic,1,3,no,rshift,700,1
cloudy,3,blue,classic,1,3,no,rshift,425,1
cloudy,3,blue,classic,1,6,no,lshift,459,1
cloudy,3,blue,classic,0,9,no,lshift,442,1
cloudy,3,blue,classic,1,9,no,rshift,674,1
cloudy,3,blue,classic,1,3,no,rshift,544,1
cloudy,3,blue,classic,1,8,no,lshift,509,1
cloudy,3,blue,classic,1,4,no,lshift,651,1
cloudy,3,blue,classic,0,9,no,lshift,564,1
cloudy,3,blue,classic,1,8,no,lshift,783,1
cloudy,3,blue,classic,1,3,no,rshift,433,1
cloudy,3,blue,classic,1,2,no,lshift,506,1
cloudy,3,blue,classic,1,9,no,rshift,567,1
cloudy,3,blue,classic,1,4,no,lshift,460,1
cloudy,3,blue,classic,1,7,no,rshift,443,1
cloudy,3,blue,classic,1,7,no,rshift,474,1
cloudy,3,blue,classic,1,8,no,lshift,673,1
cloudy,3,blue,classic,1,2,no,lshift,1073,1
cloudy,3,blue,classic,1,8,no,lshift,551,1
cloudy,3,blue,classic,1,9,no,rshift,619,1
cloudy,3,blue,classic,0,7,no,lshift,435,1
cloudy,3,blue,classic,1,6,no,lshift,780,1
cloudy,3,blue,classic,1,7,no,rshift,623,1
cloudy,3,blue,classic,0,4,no,rshift,519,1
cloudy,3,blue,classic,1,8,no,lshift,605,1
cloudy,3,blue,classic,1,8,no,lshift,743,1
cloudy,3,blue,classic,1,9,no,rshift,411,1
cloudy,3,blue,classic,1,1,no,rshift,684,1
cloudy,3,blue,classic,1,9,no,rshift,1075,1
cloudy,3,blue,classic,1,7,no,rshift,593,1
cloudy,3,blue,classic,0,4,no,rshift,395,1
cloudy,3,blue,classic,1,4,no,lshift,709,1
cloudy,3,blue,classic,1,7,no,rshift,443,1
cloudy,3,blue,classic,1,3,no,rshift,531,1
cloudy,3,blue,classic,1,3,no,rshift,432,1
cloudy,3,blue,classic,1,8,no,lshift,528,1
cloudy,3,blue,classic,1,3,no,rshift,590,1
cloudy,3,blue,classic,1,6,no,lshift,616,1
cloudy,3,blue,classic,1,6,no,lshift,433,1
cloudy,3,blue,classic,1,3,no,rshift,586,1
cloudy,3,blue,classic,1,6,no,lshift,621,1
cloudy,3,blue,classic,1,4,no,lshift,565,1
cloudy,3,blue,classic,1,4,no,lshift,624,1
cloudy,3,blue,classic,1,7,no,rshift,650,1
cloudy,3,blue,classic,1,7,no,rshift,554,1
cloudy,3,blue,classic,1,2,no,lshift,677,1
cloudy,3,blue,classic,0,7,no,lshift,524,1
cloudy,3,blue,classic,0,7,no,lshift,848,1
cloudy,3,blue,classic,1,2,no,lshift,617,1
cloudy,3,blue,classic,1,1,no,rshift,530,1
cloudy,3,blue,classic,1,1,no,rshift,414,1
cloudy,3,blue,classic,1,1,no,rshift,400,1
cloudy,3,blue,classic,1,1,no,rshift,427,1
cloudy,3,blue,classic,1,6,no,lshift,1051,1
cloudy,3,blue,classic,0,2,no,rshift,514,1
cloudy,3,blue,classic,0,4,no,rshift,463,1
cloudy,3,blue,classic,1,9,no,rshift,552,1
cloudy,3,blue,classic,1,8,no,lshift,667,1
cloudy,3,blue,classic,1,6,no,lshift,642,1
cloudy,3,blue,classic,1,8,no,lshift,786,1
cloudy,3,blue,classic,1,6,no,lshift,628,1
cloudy,3,blue,classic,1,3,no,rshift,429,1
cloudy,3,blue,classic,1,2,no,lshift,421,1
cloudy,3,blue,classic,0,1,no,lshift,455,1
cloudy,3,blue,classic,1,4,no,lshift,630,1
cloudy,3,blue,classic,1,6,no,lshift,543,1
cloudy,3,blue,classic,1,8,no,lshift,579,1
cloudy,3,blue,classic,1,9,no,rshift,950,1
cloudy,3,blue,classic,1,7,no,rshift,562,1
cloudy,3,blue,classic,1,1,no,rshift,398,1
cloudy,3,blue,classic,1,4,no,lshift,431,1
cloudy,3,blue,classic,1,9,no,rshift,521,1
cloudy,3,blue,classic,1,2,no,lshift,518,1
cloudy,3,blue,classic,1,2,no,lshift,490,1
cloudy,3,blue,classic,1,6,no,lshift,528,1
cloudy,3,blue,classic,1,4,no,lshift,422,1
cloudy,3,blue,classic,1,8,no,lshift,527,1
cloudy,3,blue,classic,1,3,no,rshift,867,1
cloudy,3,blue,classic,1,9,no,rshift,491,1
cloudy,3,blue,classic,1,2,no,lshift,553,1
cloudy,3,blue,classic,0,3,no,lshift,476,1
cloudy,3,blue,classic,1,2,no,lshift,571,1
cloudy,3,blue,classic,1,3,no,rshift,741,1
cloudy,3,blue,classic,1,1,no,rshift,514,1
cloudy,3,blue,classic,1,8,no,lshift,552,1
cloudy,3,blue,classic,1,8,no,lshift,531,1
cloudy,3,blue,classic,1,7,no,rshift,831,1
cloudy,3,blue,classic,1,7,no,rshift,489,1
cloudy,3,blue,classic,1,9,no,rshift,511,1
cloudy,3,blue,classic,0,4,no,rshift,476,1
cloudy,3,blue,classic,1,3,no,rshift,931,1
cloudy,3,blue,classic,0,7,no,lshift,591,1
cloudy,3,blue,classic,1,3,no,rshift,443,1
cloudy,3,blue,classic,0,2,no,rshift,515,1
cloudy,3,blue,classic,0,8,no,rshift,498,1
cloudy,3,blue,classic,1,4,no,lshift,720,1
cloudy,3,blue,classic,1,6,no,lshift,509,1
cloudy,3,blue,classic,1,6,no,lshift,482,1
cloudy,3,blue,classic,1,9,no,rshift,634,1
cloudy,3,blue,classic,1,1,no,rshift,594,1
