ID_name,block,color,condition,correct_keyboard_response,number,practice,response_keyboard_response,response_time_keyboard_response,subject_nr
Musemori,0,blue,dot,1,8,yes,lshift,560,0
Musemori,0,blue,dot,1,2,yes,lshift,626,0
Musemori,0,blue,dot,1,7,yes,lshift,395,0
Musemori,0,red,dot,1,3,yes,rshift,556,0
Musemori,0,red,dot,1,7,yes,rshift,410,0
Musemori,0,red,dot,1,8,yes,rshift,374,0
Musemori,0,red,dot,1,4,yes,rshift,374,0
Musemori,0,blue,dot,1,1,yes,lshift,501,0
Musemori,0,blue,dot,1,3,yes,lshift,521,0
Musemori,0,red,dot,1,9,yes,rshift,473,0
Musemori,0,blue,dot,1,9,yes,lshift,682,0
Musemori,0,blue,dot,1,6,yes,lshift,745,0
Musemori,0,red,dot,1,1,yes,rshift,505,0
Musemori,0,blue,dot,1,4,yes,lshift,658,0
Musemori,0,red,dot,1,2,yes,rshift,497,0
Musemori,0,red,dot,1,6,yes,rshift,503,0
Musemori,1,red,dot,1,9,no,rshift,2569,0
Musemori,1,red,dot,1,8,no,rshift,407,0
Musemori,1,red,dot,1,2,no,rshift,427,0
Musemori,1,red,dot,1,4,no,rshift,467,0
Musemori,1,red,dot,1,9,no,rshift,417,0
Musemori,1,blue,dot,1,6,no,lshift,16302,0
Musemori,1,red,dot,1,2,no,rshift,536,0
Musemori,1,blue,dot,1,4,no,lshift,461,0
Musemori,1,blue,dot,1,4,no,lshift,700,0
Musemori,1,blue,dot,1,1,no,lshift,621,0
Musemori,1,blue,dot,1,1,no,lshift,517,0
Musemori,1,red,dot,1,6,no,rshift,491,0
Musemori,1,blue,dot,1,2,no,lshift,700,0
Musemori,1,red,dot,1,6,no,rshift,500,0
Musemori,1,blue,dot,1,2,no,lshift,440,0
Musemori,1,blue,dot,1,9,no,lshift,517,0
Musemori,1,red,dot,1,4,no,rshift,432,0
Musemori,1,blue,dot,1,1,no,lshift,602,0
Musemori,1,blue,dot,1,7,no,lshift,442,0
Musemori,1,red,dot,1,8,no,rshift,586,0
Musemori,1,red,dot,1,1,no,rshift,563,0
Musemori,1,blue,dot,1,9,no,lshift,567,0
Musemori,1,red,dot,1,9,no,rshift,755,0
Musemori,1,red,dot,1,2,no,rshift,621,0
Musemori,1,red,dot,1,9,no,rshift,506,0
Musemori,1,blue,dot,1,1,no,lshift,595,0
Musemori,1,red,dot,1,4,no,rshift,1139,0
Musemori,1,red,dot,1,9,no,rshift,456,0
Musemori,1,red,dot,1,4,no,rshift,453,0
Musemori,1,blue,dot,1,7,no,lshift,507,0
Musemori,1,blue,dot,1,1,no,lshift,419,0
Musemori,1,blue,dot,1,8,no,lshift,494,0
Musemori,1,blue,dot,1,4,no,lshift,448,0
Musemori,1,blue,dot,1,9,no,lshift,448,0
Musemori,1,blue,dot,1,6,no,lshift,2809,0
Musemori,1,blue,dot,1,3,no,lshift,571,0
Musemori,1,blue,dot,1,4,no,lshift,525,0
Musemori,1,red,dot,1,9,no,rshift,428,0
Musemori,1,blue,dot,1,4,no,lshift,633,0
Musemori,1,blue,dot,1,1,no,lshift,1582,0
Musemori,1,blue,dot,1,2,no,lshift,520,0
Musemori,1,red,dot,1,7,no,rshift,431,0
Musemori,1,red,dot,1,8,no,rshift,581,0
Musemori,1,red,dot,1,3,no,rshift,427,0
Musemori,1,red,dot,1,6,no,rshift,430,0
Musemori,1,blue,dot,1,9,no,lshift,485,0
Musemori,1,red,dot,1,6,no,rshift,635,0
Musemori,1,blue,dot,1,8,no,lshift,473,0
Musemori,1,blue,dot,1,3,no,lshift,1039,0
Musemori,1,red,dot,1,6,no,rshift,866,0
Musemori,1,blue,dot,1,8,no,lshift,514,0
Musemori,1,blue,dot,1,3,no,lshift,646,0
Musemori,1,blue,dot,1,1,no,lshift,482,0
Musemori,1,blue,dot,1,8,no,lshift,600,0
Musemori,1,red,dot,1,8,no,rshift,851,0
Musemori,1,red,dot,1,8,no,rshift,538,0
Musemori,1,red,dot,1,3,no,rshift,427,0
Musemori,1,red,dot,1,7,no,rshift,482,0
Musemori,1,red,dot,1,9,no,rshift,495,0
Musemori,1,red,dot,1,1,no,rshift,1252,0
Musemori,1,red,dot,1,8,no,rshift,3733,0
Musemori,1,red,dot,1,1,no,rshift,3725,0
Musemori,1,red,dot,1,4,no,rshift,456,0
Musemori,1,blue,dot,1,9,no,lshift,735,0
Musemori,1,blue,dot,1,7,no,lshift,563,0
Musemori,1,blue,dot,1,9,no,lshift,487,0
Musemori,1,red,dot,1,3,no,rshift,613,0
Musemori,1,red,dot,1,6,no,rshift,546,0
Musemori,1,blue,dot,1,8,no,lshift,701,0
Musemori,1,blue,dot,1,4,no,lshift,527,0
Musemori,1,red,dot,1,3,no,rshift,605,0
Musemori,1,blue,dot,1,3,no,lshift,754,0
Musemori,1,red,dot,1,7,no,rshift,411,0
Musemori,1,blue,dot,1,7,no,lshift,596,0
Musemori,1,red,dot,1,4,no,rshift,361,0
Musemori,1,red,dot,1,8,no,rshift,401,0
Musemori,1,blue,dot,1,7,no,lshift,624,0
Musemori,1,red,dot,1,2,no,rshift,476,0
Musemori,1,red,dot,1,8,no,rshift,403,0
Musemori,1,red,dot,1,2,no,rshift,433,0
Musemori,1,blue,dot,1,1,no,lshift,495,0
Musemori,1,red,dot,1,7,no,rshift,524,0
Musemori,1,red,dot,1,7,no,rshift,376,0
Musemori,1,red,dot,1,2,no,rshift,408,0
Musemori,1,red,dot,1,4,no,rshift,443,0
Musemori,1,red,dot,1,3,no,rshift,477,0
Musemori,1,blue,dot,1,2,no,lshift,1552,0
Musemori,1,blue,dot,1,1,no,lshift,5638,0
Musemori,1,red,dot,1,3,no,rshift,10934,0
Musemori,1,blue,dot,1,8,no,lshift,1526,0
Musemori,1,blue,dot,1,4,no,lshift,570,0
Musemori,1,blue,dot,1,6,no,lshift,528,0
Musemori,1,red,dot,1,7,no,rshift,560,0
Musemori,1,blue,dot,1,6,no,lshift,596,0
Musemori,1,blue,dot,1,6,no,lshift,601,0
Musemori,1,red,dot,1,1,no,rshift,499,0
Musemori,1,red,dot,1,1,no,rshift,447,0
Musemori,1,blue,dot,1,1,no,lshift,538,0
Musemori,1,red,dot,1,7,no,rshift,572,0
Musemori,1,red,dot,1,1,no,rshift,480,0
Musemori,1,blue,dot,1,9,no,lshift,611,0
Musemori,1,blue,dot,1,3,no,lshift,471,0
Musemori,1,red,dot,1,2,no,rshift,526,0
Musemori,1,blue,dot,1,4,no,lshift,535,0
Musemori,1,blue,dot,1,9,no,lshift,862,0
Musemori,1,red,dot,1,3,no,rshift,434,0
Musemori,1,red,dot,1,2,no,rshift,979,0
Musemori,1,blue,dot,1,7,no,lshift,637,0
Musemori,1,red,dot,1,9,no,rshift,514,0
Musemori,1,red,dot,1,7,no,rshift,488,0
Musemori,1,blue,dot,1,4,no,lshift,624,0
Musemori,1,red,dot,1,7,no,rshift,390,0
Musemori,1,blue,dot,1,3,no,lshift,787,0
Musemori,1,red,dot,1,7,no,rshift,705,0
Musemori,1,red,dot,1,1,no,rshift,876,0
Musemori,1,red,dot,1,1,no,rshift,524,0
Musemori,1,blue,dot,1,6,no,lshift,595,0
Musemori,1,blue,dot,1,7,no,lshift,894,0
Musemori,1,red,dot,1,3,no,rshift,636,0
Musemori,1,red,dot,1,2,no,rshift,489,0
Musemori,1,red,dot,1,4,no,rshift,417,0
Musemori,1,blue,dot,1,7,no,lshift,626,0
Musemori,1,red,dot,1,6,no,rshift,526,0
Musemori,1,red,dot,1,3,no,rshift,471,0
Musemori,1,blue,dot,1,6,no,lshift,703,0
Musemori,1,red,dot,1,9,no,rshift,374,0
Musemori,1,blue,dot,1,3,no,lshift,504,0
Musemori,1,blue,dot,1,7,no,lshift,429,0
Musemori,1,red,dot,1,4,no,rshift,407,0
Musemori,1,red,dot,1,6,no,rshift,505,0
Musemori,1,red,dot,1,8,no,rshift,431,0
Musemori,1,blue,dot,1,6,no,lshift,564,0
Musemori,1,blue,dot,1,8,no,lshift,452,0
Musemori,1,red,dot,1,4,no,rshift,564,0
Musemori,1,red,dot,1,8,no,rshift,1085,0
Musemori,1,blue,dot,1,8,no,lshift,484,0
Musemori,1,red,dot,1,6,no,rshift,526,0
Musemori,1,blue,dot,1,2,no,lshift,496,0
Musemori,1,red,dot,1,9,no,rshift,791,0
Musemori,1,blue,dot,1,3,no,lshift,623,0
Musemori,1,blue,dot,1,2,no,lshift,750,0
Musemori,1,blue,dot,1,8,no,lshift,677,0
Musemori,1,blue,dot,1,6,no,lshift,915,0
Musemori,1,red,dot,1,1,no,rshift,469,0
Musemori,1,blue,dot,1,9,no,lshift,1333,0
Musemori,1,blue,dot,1,4,no,lshift,544,0
Musemori,1,red,dot,1,1,no,rshift,516,0
Musemori,1,blue,dot,1,2,no,lshift,1389,0
Musemori,1,blue,dot,1,3,no,lshift,554,0
Musemori,1,blue,dot,1,2,no,lshift,701,0
Musemori,1,blue,dot,1,7,no,lshift,456,0
Musemori,1,blue,dot,1,3,no,lshift,363,0
Musemori,1,red,dot,1,2,no,rshift,1982,0
Musemori,1,blue,dot,1,8,no,lshift,7806,0
Musemori,1,red,dot,1,3,no,rshift,14531,0
Musemori,1,blue,dot,1,9,no,lshift,1038,0
Musemori,1,red,dot,1,6,no,rshift,641,0
Musemori,1,blue,dot,1,6,no,lshift,1483,0
Musemori,1,blue,dot,1,2,no,lshift,582,0
Musemori,1,blue,dot,1,2,no,lshift,675,0
Musemori,2,red,dot,1,1,no,rshift,606,0
Musemori,2,blue,dot,1,3,no,lshift,695,0
Musemori,2,red,dot,1,2,no,rshift,836,0
Musemori,2,blue,dot,1,1,no,lshift,613,0
Musemori,2,blue,dot,1,1,no,lshift,773,0
Musemori,2,blue,dot,1,8,no,lshift,827,0
Musemori,2,red,dot,1,2,no,rshift,601,0
Musemori,2,blue,dot,1,4,no,lshift,739,0
Musemori,2,blue,dot,1,6,no,lshift,587,0
Musemori,2,red,dot,1,2,no,rshift,674,0
Musemori,2,blue,dot,1,9,no,lshift,659,0
Musemori,2,red,dot,1,8,no,rshift,564,0
Musemori,2,blue,dot,1,8,no,lshift,1248,0
Musemori,2,red,dot,1,3,no,rshift,627,0
Musemori,2,red,dot,1,6,no,rshift,605,0
Musemori,2,blue,dot,1,8,no,lshift,587,0
Musemori,2,red,dot,1,1,no,rshift,761,0
Musemori,2,blue,dot,1,9,no,lshift,560,0
Musemori,2,blue,dot,1,6,no,lshift,540,0
Musemori,2,red,dot,1,2,no,rshift,465,0
Musemori,2,red,dot,1,3,no,rshift,446,0
Musemori,2,red,dot,1,6,no,rshift,416,0
Musemori,2,blue,dot,1,2,no,lshift,505,0
Musemori,2,blue,dot,1,1,no,lshift,532,0
Musemori,2,red,dot,1,4,no,rshift,684,0
Musemori,2,blue,dot,1,6,no,lshift,562,0
Musemori,2,blue,dot,1,4,no,lshift,1249,0
Musemori,2,blue,dot,1,7,no,lshift,479,0
Musemori,2,blue,dot,1,6,no,lshift,602,0
Musemori,2,red,dot,1,4,no,rshift,518,0
Musemori,2,blue,dot,1,1,no,lshift,625,0
Musemori,2,red,dot,1,8,no,rshift,541,0
Musemori,2,red,dot,1,8,no,rshift,496,0
Musemori,2,red,dot,1,9,no,rshift,475,0
Musemori,2,red,dot,1,8,no,rshift,425,0
Musemori,2,red,dot,1,6,no,rshift,458,0
Musemori,2,red,dot,1,6,no,rshift,1655,0
Musemori,2,red,dot,1,8,no,rshift,4481,0
Musemori,2,blue,dot,1,6,no,lshift,5684,0
Musemori,2,blue,dot,1,2,no,lshift,2549,0
Musemori,2,blue,dot,1,8,no,lshift,554,0
Musemori,2,blue,dot,1,2,no,lshift,413,0
Musemori,2,blue,dot,1,7,no,lshift,434,0
Musemori,2,red,dot,1,1,no,rshift,371,0
Musemori,2,blue,dot,1,9,no,lshift,609,0
Musemori,2,red,dot,1,2,no,rshift,657,0
Musemori,2,blue,dot,1,1,no,lshift,778,0
Musemori,2,red,dot,1,3,no,rshift,349,0
Musemori,2,blue,dot,1,3,no,lshift,388,0
Musemori,2,blue,dot,1,2,no,lshift,543,0
Musemori,2,blue,dot,1,3,no,lshift,555,0
Musemori,2,red,dot,1,8,no,rshift,595,0
Musemori,2,blue,dot,1,9,no,lshift,739,0
Musemori,2,blue,dot,1,2,no,lshift,619,0
Musemori,2,blue,dot,1,4,no,lshift,735,0
Musemori,2,red,dot,1,2,no,rshift,430,0
Musemori,2,blue,dot,1,3,no,lshift,629,0
Musemori,2,blue,dot,1,8,no,lshift,595,0
Musemori,2,blue,dot,1,6,no,lshift,427,0
Musemori,2,blue,dot,1,1,no,lshift,469,0
Musemori,2,red,dot,1,9,no,rshift,548,0
Musemori,2,blue,dot,1,7,no,lshift,736,0
Musemori,2,red,dot,1,4,no,rshift,396,0
Musemori,2,red,dot,1,1,no,rshift,451,0
Musemori,2,blue,dot,1,7,no,lshift,573,0
Musemori,2,red,dot,1,2,no,rshift,493,0
Musemori,2,blue,dot,1,8,no,lshift,677,0
Musemori,2,red,dot,1,6,no,rshift,608,0
Musemori,2,blue,dot,1,7,no,lshift,545,0
Musemori,2,red,dot,1,1,no,rshift,504,0
Musemori,2,blue,dot,1,6,no,lshift,649,0
Musemori,2,red,dot,1,6,no,rshift,435,0
Musemori,2,red,dot,1,3,no,rshift,628,0
Musemori,2,red,dot,1,9,no,rshift,548,0
Musemori,2,red,dot,1,1,no,rshift,688,0
Musemori,2,red,dot,1,4,no,rshift,510,0
Musemori,2,blue,dot,1,3,no,lshift,1678,0
Musemori,2,blue,dot,1,2,no,lshift,4992,0
Musemori,2,red,dot,1,7,no,rshift,9513,0
Musemori,2,blue,dot,1,3,no,lshift,542,0
Musemori,2,blue,dot,1,8,no,lshift,481,0
Musemori,2,blue,dot,1,3,no,lshift,393,0
Musemori,2,blue,dot,1,3,no,lshift,412,0
Musemori,2,red,dot,1,4,no,rshift,603,0
Musemori,2,blue,dot,1,1,no,lshift,942,0
Musemori,2,blue,dot,1,3,no,lshift,518,0
Musemori,2,blue,dot,1,7,no,lshift,526,0
Musemori,2,red,dot,1,3,no,rshift,537,0
Musemori,2,blue,dot,1,4,no,lshift,617,0
Musemori,2,red,dot,1,8,no,rshift,781,0
Musemori,2,red,dot,1,1,no,rshift,903,0
Musemori,2,blue,dot,1,9,no,lshift,674,0
Musemori,2,red,dot,1,3,no,rshift,669,0
Musemori,2,red,dot,1,2,no,rshift,505,0
Musemori,2,blue,dot,1,2,no,lshift,621,0
Musemori,2,blue,dot,1,1,no,lshift,638,0
Musemori,2,red,dot,1,4,no,rshift,427,0
Musemori,2,red,dot,1,7,no,rshift,1582,0
Musemori,2,red,dot,1,8,no,rshift,444,0
Musemori,2,red,dot,1,7,no,rshift,489,0
Musemori,2,red,dot,1,9,no,rshift,426,0
Musemori,2,blue,dot,1,4,no,lshift,1481,0
Musemori,2,red,dot,1,9,no,rshift,10082,0
Musemori,2,red,dot,1,7,no,rshift,473,0
Musemori,2,blue,dot,1,2,no,lshift,381,0
Musemori,2,blue,dot,1,6,no,lshift,505,0
Musemori,2,red,dot,1,4,no,rshift,590,0
Musemori,2,red,dot,1,2,no,rshift,848,0
Musemori,2,red,dot,1,6,no,rshift,466,0
Musemori,2,red,dot,1,4,no,rshift,431,0
Musemori,2,red,dot,1,9,no,rshift,415,0
Musemori,2,blue,dot,1,4,no,lshift,1902,0
Musemori,2,red,dot,1,6,no,rshift,8659,0
Musemori,2,red,dot,1,8,no,rshift,485,0
Musemori,2,blue,dot,1,7,no,lshift,507,0
Musemori,2,blue,dot,1,4,no,lshift,547,0
Musemori,2,blue,dot,1,6,no,lshift,461,0
Musemori,2,blue,dot,1,8,no,lshift,462,0
Musemori,2,blue,dot,1,9,no,lshift,471,0
Musemori,2,blue,dot,1,3,no,lshift,1530,0
Musemori,2,red,dot,1,7,no,rshift,12079,0
Musemori,2,red,dot,1,3,no,rshift,468,0
Musemori,2,red,dot,1,3,no,rshift,375,0
Musemori,2,blue,dot,1,9,no,lshift,501,0
Musemori,2,blue,dot,1,4,no,lshift,437,0
Musemori,2,red,dot,1,1,no,rshift,541,0
Musemori,2,blue,dot,1,1,no,lshift,1562,0
Musemori,2,red,dot,1,1,no,rshift,557,0
Musemori,2,blue,dot,1,6,no,lshift,785,0
Musemori,2,blue,dot,1,8,no,lshift,438,0
Musemori,2,red,dot,1,1,no,rshift,479,0
Musemori,2,red,dot,1,7,no,rshift,493,0
Musemori,2,red,dot,1,8,no,rshift,473,0
Musemori,2,red,dot,1,9,no,rshift,515,0
Musemori,2,red,dot,1,4,no,rshift,490,0
Musemori,2,blue,dot,1,4,no,lshift,1921,0
Musemori,2,red,dot,1,7,no,rshift,7470,0
Musemori,2,blue,dot,1,2,no,lshift,497,0
Musemori,2,blue,dot,1,8,no,lshift,464,0
Musemori,2,blue,dot,1,2,no,lshift,439,0
Musemori,2,red,dot,1,7,no,rshift,566,0
Musemori,2,red,dot,1,9,no,rshift,588,0
Musemori,2,red,dot,1,2,no,rshift,427,0
Musemori,2,blue,dot,1,9,no,lshift,633,0
Musemori,2,blue,dot,1,4,no,lshift,718,0
Musemori,2,red,dot,1,9,no,rshift,501,0
Musemori,2,blue,dot,1,7,no,lshift,555,0
Musemori,2,blue,dot,1,7,no,lshift,535,0
Musemori,2,red,dot,1,4,no,rshift,542,0
Musemori,2,red,dot,1,3,no,rshift,504,0
Musemori,2,red,dot,1,7,no,rshift,538,0
Musemori,2,blue,dot,1,1,no,lshift,588,0
Musemori,2,blue,dot,1,7,no,lshift,589,0
Musemori,2,red,dot,1,9,no,rshift,803,0
Musemori,2,red,dot,1,6,no,rshift,489,0
Musemori,2,red,dot,1,3,no,rshift,567,0
Musemori,2,blue,dot,1,9,no,lshift,625,0
Musemori,2,blue,dot,1,9,no,lshift,1028,0
Musemori,2,red,dot,1,7,no,rshift,489,0
Musemori,2,red,dot,1,6,no,rshift,454,0
Musemori,3,red,dot,1,9,no,rshift,855,0
Musemori,3,blue,dot,1,7,no,lshift,438,0
Musemori,3,blue,dot,1,1,no,lshift,536,0
Musemori,3,red,dot,1,4,no,rshift,839,0
Musemori,3,blue,dot,1,4,no,lshift,664,0
Musemori,3,blue,dot,1,4,no,lshift,533,0
Musemori,3,blue,dot,1,3,no,lshift,1044,0
Musemori,3,blue,dot,1,6,no,lshift,523,0
Musemori,3,red,dot,1,1,no,rshift,484,0
Musemori,3,red,dot,1,3,no,rshift,393,0
Musemori,3,blue,dot,1,4,no,lshift,487,0
Musemori,3,red,dot,1,1,no,rshift,454,0
Musemori,3,red,dot,1,4,no,rshift,510,0
Musemori,3,blue,dot,1,1,no,lshift,481,0
Musemori,3,red,dot,1,2,no,rshift,536,0
Musemori,3,red,dot,1,7,no,rshift,976,0
Musemori,3,red,dot,1,9,no,rshift,506,0
Musemori,3,blue,dot,1,4,no,lshift,659,0
Musemori,3,blue,dot,1,8,no,lshift,594,0
Musemori,3,blue,dot,1,6,no,lshift,583,0
Musemori,3,blue,dot,1,1,no,lshift,636,0
Musemori,3,red,dot,1,7,no,rshift,715,0
Musemori,3,blue,dot,1,8,no,lshift,1003,0
Musemori,3,blue,dot,1,6,no,lshift,531,0
Musemori,3,blue,dot,1,6,no,lshift,494,0
Musemori,3,blue,dot,1,4,no,lshift,632,0
Musemori,3,blue,dot,1,3,no,lshift,598,0
Musemori,3,blue,dot,1,9,no,lshift,1697,0
Musemori,3,blue,dot,1,2,no,lshift,1902,0
Musemori,3,blue,dot,1,9,no,lshift,1036,0
Musemori,3,blue,dot,1,7,no,lshift,435,0
Musemori,3,blue,dot,1,2,no,lshift,472,0
Musemori,3,blue,dot,1,6,no,lshift,429,0
Musemori,3,red,dot,1,7,no,rshift,525,0
Musemori,3,blue,dot,1,7,no,lshift,529,0
Musemori,3,red,dot,1,2,no,rshift,607,0
Musemori,3,blue,dot,1,9,no,lshift,535,0
Musemori,3,blue,dot,1,9,no,lshift,499,0
Musemori,3,red,dot,1,9,no,rshift,590,0
Musemori,3,blue,dot,1,7,no,lshift,424,0
Musemori,3,blue,dot,1,6,no,lshift,525,0
Musemori,3,blue,dot,1,8,no,lshift,425,0
Musemori,3,blue,dot,1,8,no,lshift,501,0
Musemori,3,red,dot,1,2,no,rshift,532,0
Musemori,3,blue,dot,1,7,no,lshift,509,0
Musemori,3,blue,dot,1,9,no,lshift,491,0
Musemori,3,blue,dot,1,4,no,lshift,423,0
Musemori,3,blue,dot,1,1,no,lshift,406,0
Musemori,3,blue,dot,1,9,no,lshift,547,0
Musemori,3,blue,dot,1,3,no,lshift,1927,0
Musemori,3,red,dot,1,3,no,rshift,8085,0
Musemori,3,blue,dot,1,1,no,lshift,574,0
Musemori,3,blue,dot,1,2,no,lshift,486,0
Musemori,3,blue,dot,1,3,no,lshift,655,0
Musemori,3,blue,dot,1,6,no,lshift,529,0
Musemori,3,red,dot,1,3,no,rshift,537,0
Musemori,3,red,dot,1,2,no,rshift,547,0
Musemori,3,red,dot,1,2,no,rshift,441,0
Musemori,3,blue,dot,1,8,no,lshift,521,0
Musemori,3,red,dot,1,1,no,rshift,420,0
Musemori,3,red,dot,1,2,no,rshift,466,0
Musemori,3,red,dot,1,6,no,rshift,504,0
Musemori,3,blue,dot,1,3,no,lshift,619,0
Musemori,3,red,dot,1,7,no,rshift,602,0
Musemori,3,red,dot,1,4,no,rshift,508,0
Musemori,3,red,dot,1,7,no,rshift,480,0
Musemori,3,red,dot,1,6,no,rshift,432,0
Musemori,3,blue,dot,1,9,no,lshift,679,0
Musemori,3,red,dot,1,3,no,rshift,551,0
Musemori,3,blue,dot,1,7,no,lshift,703,0
Musemori,3,red,dot,1,8,no,rshift,513,0
Musemori,3,blue,dot,1,6,no,lshift,561,0
Musemori,3,blue,dot,1,7,no,lshift,555,0
Musemori,3,red,dot,1,6,no,rshift,534,0
Musemori,3,red,dot,1,3,no,rshift,692,0
Musemori,3,blue,dot,1,2,no,lshift,338,0
Musemori,3,red,dot,1,1,no,rshift,590,0
Musemori,3,red,dot,1,1,no,rshift,562,0
Musemori,3,red,dot,1,8,no,rshift,648,0
Musemori,3,red,dot,1,8,no,rshift,388,0
Musemori,3,red,dot,1,4,no,rshift,473,0
Musemori,3,red,dot,1,8,no,rshift,1609,0
Musemori,3,blue,dot,1,6,no,lshift,3865,0
Musemori,3,red,dot,1,7,no,rshift,10007,0
Musemori,3,blue,dot,1,2,no,lshift,428,0
Musemori,3,red,dot,1,7,no,rshift,867,0
Musemori,3,red,dot,1,9,no,rshift,532,0
Musemori,3,red,dot,1,9,no,rshift,449,0
Musemori,3,blue,dot,1,4,no,lshift,520,0
Musemori,3,blue,dot,1,3,no,lshift,736,0
Musemori,3,blue,dot,1,2,no,lshift,438,0
Musemori,3,blue,dot,1,4,no,lshift,445,0
Musemori,3,red,dot,1,1,no,rshift,576,0
Musemori,3,red,dot,1,3,no,rshift,448,0
Musemori,3,blue,dot,1,4,no,lshift,517,0
Musemori,3,red,dot,1,9,no,rshift,602,0
Musemori,3,red,dot,1,4,no,rshift,858,0
Musemori,3,blue,dot,1,1,no,lshift,639,0
Musemori,3,red,dot,1,2,no,rshift,509,0
Musemori,3,red,dot,1,1,no,rshift,615,0
Musemori,3,blue,dot,1,7,no,lshift,575,0
Musemori,3,red,dot,1,3,no,rshift,725,0
Musemori,3,blue,dot,1,8,no,lshift,649,0
Musemori,3,blue,dot,1,1,no,lshift,806,0
Musemori,3,red,dot,1,4,no,rshift,605,0
Musemori,3,blue,dot,1,1,no,lshift,978,0
Musemori,3,red,dot,1,6,no,rshift,463,0
Musemori,3,red,dot,1,3,no,rshift,571,0
Musemori,3,red,dot,1,7,no,rshift,456,0
Musemori,3,red,dot,1,6,no,rshift,517,0
Musemori,3,blue,dot,1,3,no,lshift,705,0
Musemori,3,red,dot,1,8,no,rshift,645,0
Musemori,3,red,dot,1,1,no,rshift,2172,0
Musemori,3,red,dot,1,9,no,rshift,514,0
Musemori,3,red,dot,1,7,no,rshift,503,0
Musemori,3,red,dot,1,4,no,rshift,440,0
Musemori,3,red,dot,1,6,no,rshift,1547,0
Musemori,3,red,dot,1,8,no,rshift,2924,0
Musemori,3,red,dot,1,9,no,rshift,1934,0
Musemori,3,red,dot,1,4,no,rshift,458,0
Musemori,3,red,dot,1,6,no,rshift,377,0
Musemori,3,red,dot,1,9,no,rshift,425,0
Musemori,3,blue,dot,1,2,no,lshift,561,0
Musemori,3,blue,dot,1,6,no,lshift,459,0
Musemori,3,red,dot,1,8,no,rshift,503,0
Musemori,3,red,dot,1,8,no,rshift,419,0
Musemori,3,red,dot,1,7,no,rshift,466,0
Musemori,3,red,dot,1,2,no,rshift,433,0
Musemori,3,blue,dot,1,4,no,lshift,416,0
Musemori,3,red,dot,1,2,no,rshift,466,0
Musemori,3,blue,dot,1,8,no,lshift,466,0
Musemori,3,red,dot,1,3,no,rshift,610,0
Musemori,3,red,dot,1,4,no,rshift,557,0
Musemori,3,red,dot,1,6,no,rshift,679,0
Musemori,3,blue,dot,1,3,no,lshift,476,0
Musemori,3,red,dot,1,1,no,rshift,667,0
Musemori,3,blue,dot,1,2,no,lshift,784,0
Musemori,3,blue,dot,1,1,no,lshift,515,0
Musemori,3,blue,dot,1,9,no,lshift,768,0
Musemori,3,red,dot,1,3,no,rshift,700,0
Musemori,3,blue,dot,1,2,no,lshift,751,0
Musemori,3,blue,dot,1,8,no,lshift,660,0
Musemori,3,red,dot,1,9,no,rshift,531,0
Musemori,3,blue,dot,1,1,no,lshift,587,0
Musemori,3,red,dot,1,4,no,rshift,611,0
Musemori,3,blue,dot,1,2,no,lshift,748,0
Musemori,3,red,dot,1,8,no,rshift,500,0
Musemori,3,red,dot,1,8,no,rshift,1694,0
Musemori,3,red,dot,1,6,no,rshift,424,0
Musemori,3,blue,dot,1,7,no,lshift,516,0
Musemori,3,blue,dot,1,8,no,lshift,551,0
Musemori,3,red,dot,1,2,no,rshift,665,0
Musemori,3,blue,dot,1,3,no,lshift,868,0
Musemori,3,blue,dot,1,8,no,lshift,796,0
Musemori,3,red,dot,1,1,no,rshift,574,0
Musemori,3,blue,dot,1,9,no,lshift,743,0
Musemori,3,blue,dot,1,9,no,lshift,543,0
Musemori,3,blue,dot,1,3,no,lshift,374,0
Musemori,3,red,dot,1,6,no,rshift,415,0
Musemori,3,blue,dot,1,7,no,lshift,694,0
Musemori,0,red,arab,1,7,yes,rshift,2973,0
Musemori,0,blue,arab,1,1,yes,lshift,725,0
Musemori,0,red,arab,1,6,yes,rshift,361,0
Musemori,0,red,arab,1,9,yes,rshift,384,0
Musemori,0,blue,arab,1,6,yes,lshift,649,0
Musemori,0,blue,arab,1,8,yes,lshift,729,0
Musemori,0,blue,arab,0,7,yes,rshift,208,0
Musemori,0,red,arab,0,2,yes,lshift,126,0
Musemori,0,red,arab,1,8,yes,rshift,703,0
Musemori,0,blue,arab,1,2,yes,lshift,537,0
Musemori,0,red,arab,1,1,yes,rshift,561,0
Musemori,0,red,arab,1,4,yes,rshift,825,0
Musemori,0,red,arab,1,3,yes,rshift,1262,0
Musemori,0,blue,arab,1,4,yes,lshift,854,0
Musemori,0,blue,arab,1,3,yes,lshift,556,0
Musemori,0,blue,arab,0,9,yes,rshift,348,0
Musemori,1,red,arab,1,8,no,rshift,873,0
Musemori,1,red,arab,1,2,no,rshift,597,0
Musemori,1,blue,arab,1,6,no,lshift,528,0
Musemori,1,blue,arab,1,6,no,lshift,1029,0
Musemori,1,red,arab,1,7,no,rshift,485,0
Musemori,1,blue,arab,1,4,no,lshift,486,0
Musemori,1,blue,arab,1,3,no,lshift,663,0
Musemori,1,red,arab,1,7,no,rshift,446,0
Musemori,1,red,arab,1,2,no,rshift,456,0
Musemori,1,blue,arab,1,9,no,lshift,511,0
Musemori,1,blue,arab,1,1,no,lshift,580,0
Musemori,1,blue,arab,1,4,no,lshift,477,0
Musemori,1,red,arab,1,4,no,rshift,579,0
Musemori,1,blue,arab,1,1,no,lshift,417,0
Musemori,1,red,arab,1,1,no,rshift,490,0
Musemori,1,red,arab,1,3,no,rshift,471,0
Musemori,1,red,arab,1,2,no,rshift,511,0
Musemori,1,red,arab,1,1,no,rshift,528,0
Musemori,1,blue,arab,1,2,no,lshift,551,0
Musemori,1,blue,arab,1,3,no,lshift,1132,0
Musemori,1,blue,arab,1,4,no,lshift,445,0
Musemori,1,red,arab,1,1,no,rshift,421,0
Musemori,1,red,arab,1,9,no,rshift,475,0
Musemori,1,red,arab,1,6,no,rshift,508,0
Musemori,1,blue,arab,1,4,no,lshift,466,0
Musemori,1,red,arab,1,1,no,rshift,627,0
Musemori,1,red,arab,1,2,no,rshift,546,0
Musemori,1,red,arab,1,4,no,rshift,423,0
Musemori,1,blue,arab,1,8,no,lshift,521,0
Musemori,1,blue,arab,1,7,no,lshift,593,0
Musemori,1,blue,arab,1,8,no,lshift,499,0
Musemori,1,blue,arab,1,2,no,lshift,519,0
Musemori,1,blue,arab,1,9,no,lshift,493,0
Musemori,1,blue,arab,1,9,no,lshift,4578,0
Musemori,1,blue,arab,1,7,no,lshift,430,0
Musemori,1,red,arab,1,3,no,rshift,444,0
Musemori,1,blue,arab,1,2,no,lshift,606,0
Musemori,1,blue,arab,1,1,no,lshift,575,0
Musemori,1,red,arab,1,8,no,rshift,516,0
Musemori,1,blue,arab,1,2,no,lshift,422,0
Musemori,1,blue,arab,1,7,no,lshift,590,0
Musemori,1,red,arab,1,2,no,rshift,514,0
Musemori,1,blue,arab,1,9,no,lshift,508,0
Musemori,1,red,arab,1,8,no,rshift,381,0
Musemori,1,red,arab,1,8,no,rshift,463,0
Musemori,1,red,arab,1,4,no,rshift,511,0
Musemori,1,red,arab,1,6,no,rshift,381,0
Musemori,1,red,arab,1,7,no,rshift,1962,0
Musemori,1,red,arab,1,8,no,rshift,5202,0
Musemori,1,blue,arab,1,3,no,lshift,7509,0
Musemori,1,blue,arab,1,6,no,lshift,3243,0
Musemori,1,blue,arab,1,3,no,lshift,1205,0
Musemori,1,red,arab,1,1,no,rshift,458,0
Musemori,1,blue,arab,1,4,no,lshift,542,0
Musemori,1,blue,arab,1,6,no,lshift,763,0
Musemori,1,blue,arab,1,3,no,lshift,2871,0
Musemori,1,blue,arab,1,8,no,lshift,549,0
Musemori,1,blue,arab,1,9,no,lshift,458,0
Musemori,1,blue,arab,1,9,no,lshift,1713,0
Musemori,1,blue,arab,1,6,no,lshift,5284,0
Musemori,1,red,arab,1,9,no,rshift,7955,0
Musemori,1,red,arab,1,3,no,rshift,410,0
Musemori,1,red,arab,1,2,no,rshift,419,0
Musemori,1,red,arab,1,7,no,rshift,507,0
Musemori,1,blue,arab,1,1,no,lshift,415,0
Musemori,1,red,arab,1,4,no,rshift,518,0
Musemori,1,red,arab,1,6,no,rshift,431,0
Musemori,1,red,arab,1,7,no,rshift,447,0
Musemori,1,blue,arab,1,3,no,lshift,617,0
Musemori,1,blue,arab,1,8,no,lshift,427,0
Musemori,1,red,arab,1,3,no,rshift,508,0
Musemori,1,red,arab,1,6,no,rshift,442,0
Musemori,1,red,arab,1,8,no,rshift,793,0
Musemori,1,red,arab,1,7,no,rshift,434,0
Musemori,1,red,arab,1,1,no,rshift,604,0
Musemori,1,red,arab,1,4,no,rshift,2228,0
Musemori,1,blue,arab,1,6,no,lshift,7816,0
Musemori,1,red,arab,1,6,no,rshift,14466,0
Musemori,1,blue,arab,1,8,no,lshift,1155,0
Musemori,1,blue,arab,1,4,no,lshift,653,0
Musemori,1,red,arab,1,3,no,rshift,679,0
Musemori,1,blue,arab,1,8,no,lshift,386,0
Musemori,1,red,arab,1,9,no,rshift,481,0
Musemori,1,red,arab,1,3,no,rshift,406,0
Musemori,1,red,arab,1,6,no,rshift,414,0
Musemori,1,blue,arab,1,1,no,lshift,539,0
Musemori,1,red,arab,1,9,no,rshift,454,0
Musemori,1,blue,arab,1,7,no,lshift,463,0
Musemori,1,blue,arab,1,1,no,lshift,477,0
Musemori,1,blue,arab,1,7,no,lshift,449,0
Musemori,1,blue,arab,1,7,no,lshift,379,0
Musemori,1,blue,arab,1,8,no,lshift,381,0
Musemori,1,red,arab,1,6,no,rshift,1117,0
Musemori,1,red,arab,1,9,no,rshift,4901,0
Musemori,1,blue,arab,1,9,no,lshift,4859,0
Musemori,1,red,arab,1,8,no,rshift,8103,0
Musemori,1,red,arab,1,6,no,rshift,495,0
Musemori,1,red,arab,1,1,no,rshift,406,0
Musemori,1,blue,arab,1,2,no,lshift,484,0
Musemori,1,red,arab,1,3,no,rshift,790,0
Musemori,1,blue,arab,1,4,no,lshift,415,0
Musemori,1,red,arab,1,2,no,rshift,478,0
Musemori,1,red,arab,1,9,no,rshift,430,0
Musemori,1,blue,arab,1,2,no,lshift,1322,0
Musemori,1,blue,arab,1,9,no,lshift,567,0
Musemori,1,red,arab,1,4,no,rshift,635,0
Musemori,1,red,arab,1,1,no,rshift,507,0
Musemori,1,red,arab,1,3,no,rshift,542,0
Musemori,1,red,arab,1,7,no,rshift,512,0
Musemori,1,blue,arab,1,8,no,lshift,645,0
Musemori,1,blue,arab,1,1,no,lshift,739,0
Musemori,1,blue,arab,1,3,no,lshift,1087,0
Musemori,1,red,arab,1,7,no,rshift,913,0
Musemori,1,red,arab,1,8,no,rshift,650,0
Musemori,1,red,arab,1,8,no,rshift,366,0
Musemori,1,red,arab,1,2,no,rshift,354,0
Musemori,1,blue,arab,1,8,no,lshift,430,0
Musemori,1,red,arab,1,9,no,rshift,435,0
Musemori,1,red,arab,1,6,no,rshift,435,0
Musemori,1,red,arab,1,8,no,rshift,360,0
Musemori,1,blue,arab,1,7,no,lshift,463,0
Musemori,1,red,arab,1,9,no,rshift,412,0
Musemori,1,blue,arab,1,6,no,lshift,525,0
Musemori,1,red,arab,1,9,no,rshift,518,0
Musemori,1,red,arab,1,7,no,rshift,520,0
Musemori,1,red,arab,1,4,no,rshift,492,0
Musemori,1,blue,arab,1,7,no,lshift,728,0
Musemori,1,blue,arab,1,4,no,lshift,700,0
Musemori,1,blue,arab,1,8,no,lshift,676,0
Musemori,1,red,arab,1,3,no,rshift,498,0
Musemori,1,blue,arab,1,2,no,lshift,702,0
Musemori,1,blue,arab,1,1,no,lshift,556,0
Musemori,1,red,arab,1,1,no,rshift,579,0
Musemori,1,blue,arab,1,6,no,lshift,592,0
Musemori,1,blue,arab,1,7,no,lshift,693,0
Musemori,1,blue,arab,1,6,no,lshift,752,0
Musemori,1,blue,arab,1,3,no,lshift,562,0
Musemori,1,blue,arab,1,2,no,lshift,419,0
Musemori,1,red,arab,1,4,no,rshift,1377,0
Musemori,1,red,arab,1,6,no,rshift,4417,0
Musemori,1,blue,arab,1,6,no,lshift,3585,0
Musemori,1,blue,arab,1,9,no,lshift,823,0
Musemori,1,blue,arab,1,2,no,lshift,3481,0
Musemori,1,red,arab,1,7,no,rshift,487,0
Musemori,1,blue,arab,1,3,no,lshift,644,0
Musemori,1,red,arab,1,1,no,rshift,384,0
Musemori,1,red,arab,1,4,no,rshift,1112,0
Musemori,1,blue,arab,1,4,no,lshift,556,0
Musemori,1,blue,arab,1,2,no,lshift,538,0
Musemori,1,blue,arab,1,3,no,lshift,482,0
Musemori,1,red,arab,1,3,no,rshift,450,0
Musemori,1,red,arab,1,4,no,rshift,349,0
Musemori,1,blue,arab,1,7,no,lshift,517,0
Musemori,1,blue,arab,1,1,no,lshift,512,0
Musemori,1,blue,arab,1,9,no,lshift,367,0
Musemori,1,red,arab,1,9,no,rshift,410,0
Musemori,1,blue,arab,1,1,no,lshift,625,0
Musemori,1,blue,arab,1,4,no,lshift,480,0
Musemori,1,red,arab,1,2,no,rshift,522,0
Musemori,1,red,arab,1,2,no,rshift,407,0
Musemori,2,blue,arab,1,3,no,lshift,1573,0
Musemori,2,blue,arab,1,6,no,lshift,460,0
Musemori,2,red,arab,1,3,no,rshift,576,0
Musemori,2,blue,arab,1,8,no,lshift,567,0
Musemori,2,blue,arab,1,9,no,lshift,520,0
Musemori,2,blue,arab,1,9,no,lshift,422,0
Musemori,2,red,arab,1,4,no,rshift,499,0
Musemori,2,red,arab,1,8,no,rshift,443,0
Musemori,2,red,arab,1,1,no,rshift,393,0
Musemori,2,red,arab,1,4,no,rshift,364,0
Musemori,2,red,arab,1,8,no,rshift,422,0
Musemori,2,red,arab,1,9,no,rshift,1510,0
Musemori,2,blue,arab,1,4,no,lshift,3720,0
Musemori,2,red,arab,1,8,no,rshift,7286,0
Musemori,2,red,arab,1,8,no,rshift,433,0
Musemori,2,blue,arab,1,3,no,lshift,415,0
Musemori,2,red,arab,1,1,no,rshift,621,0
Musemori,2,blue,arab,1,2,no,lshift,353,0
Musemori,2,blue,arab,1,2,no,lshift,449,0
Musemori,2,blue,arab,1,6,no,lshift,464,0
Musemori,2,blue,arab,1,3,no,lshift,390,0
Musemori,2,red,arab,1,7,no,rshift,392,0
Musemori,2,blue,arab,1,2,no,lshift,542,0
Musemori,2,red,arab,1,2,no,rshift,535,0
Musemori,2,blue,arab,1,1,no,lshift,499,0
Musemori,2,red,arab,1,1,no,rshift,525,0
Musemori,2,red,arab,1,6,no,rshift,562,0
Musemori,2,blue,arab,1,8,no,lshift,565,0
Musemori,2,blue,arab,1,2,no,lshift,435,0
Musemori,2,red,arab,1,7,no,rshift,589,0
Musemori,2,red,arab,1,3,no,rshift,430,0
Musemori,2,red,arab,1,8,no,rshift,686,0
Musemori,2,red,arab,1,1,no,rshift,451,0
Musemori,2,red,arab,1,2,no,rshift,374,0
Musemori,2,blue,arab,1,6,no,lshift,2982,0
Musemori,2,blue,arab,1,1,no,lshift,2689,0
Musemori,2,blue,arab,1,6,no,lshift,1042,0
Musemori,2,blue,arab,1,4,no,lshift,601,0
Musemori,2,blue,arab,1,7,no,lshift,1500,0
Musemori,2,red,arab,1,9,no,rshift,650,0
Musemori,2,red,arab,1,4,no,rshift,610,0
Musemori,2,blue,arab,1,9,no,lshift,699,0
Musemori,2,blue,arab,1,1,no,lshift,451,0
Musemori,2,red,arab,1,2,no,rshift,460,0
Musemori,2,blue,arab,1,8,no,lshift,484,0
Musemori,2,red,arab,1,2,no,rshift,421,0
Musemori,2,blue,arab,1,1,no,lshift,454,0
Musemori,2,blue,arab,1,9,no,lshift,382,0
Musemori,2,blue,arab,1,2,no,lshift,423,0
Musemori,2,red,arab,1,3,no,rshift,506,0
Musemori,2,red,arab,1,4,no,rshift,534,0
Musemori,2,blue,arab,1,4,no,lshift,570,0
Musemori,2,blue,arab,1,6,no,lshift,656,0
Musemori,2,red,arab,1,2,no,rshift,481,0
Musemori,2,red,arab,1,7,no,rshift,472,0
Musemori,2,red,arab,1,2,no,rshift,532,0
Musemori,2,blue,arab,1,8,no,lshift,440,0
Musemori,2,blue,arab,1,3,no,lshift,536,0
Musemori,2,blue,arab,1,1,no,lshift,491,0
Musemori,2,blue,arab,1,9,no,lshift,411,0
Musemori,2,blue,arab,1,7,no,lshift,394,0
Musemori,2,blue,arab,1,2,no,lshift,627,0
Musemori,2,blue,arab,1,1,no,lshift,1097,0
Musemori,2,blue,arab,1,6,no,lshift,3488,0
Musemori,2,red,arab,1,1,no,rshift,9438,0
Musemori,2,red,arab,1,3,no,rshift,420,0
Musemori,2,blue,arab,1,3,no,lshift,536,0
Musemori,2,red,arab,1,9,no,rshift,627,0
Musemori,2,blue,arab,1,2,no,lshift,604,0
Musemori,2,blue,arab,1,7,no,lshift,427,0
Musemori,2,red,arab,1,8,no,rshift,469,0
Musemori,2,blue,arab,0,3,no,rshift,507,0
Musemori,2,blue,arab,1,8,no,lshift,690,0
Musemori,2,red,arab,1,4,no,rshift,640,0
Musemori,2,red,arab,1,3,no,rshift,1955,0
Musemori,2,red,arab,1,4,no,rshift,491,0
Musemori,2,red,arab,1,1,no,rshift,467,0
Musemori,2,red,arab,1,9,no,rshift,520,0
Musemori,2,red,arab,1,9,no,rshift,1222,0
Musemori,2,red,arab,1,2,no,rshift,3646,0
Musemori,2,red,arab,1,6,no,rshift,1255,0
Musemori,2,red,arab,1,7,no,rshift,473,0
Musemori,2,blue,arab,1,4,no,lshift,440,0
Musemori,2,red,arab,1,2,no,rshift,835,0
Musemori,2,red,arab,1,7,no,rshift,506,0
Musemori,2,blue,arab,1,7,no,lshift,509,0
Musemori,2,red,arab,1,7,no,rshift,1396,0
Musemori,2,red,arab,1,6,no,rshift,644,0
Musemori,2,blue,arab,1,6,no,lshift,1458,0
Musemori,2,red,arab,1,3,no,rshift,2155,0
Musemori,2,red,arab,1,3,no,rshift,404,0
Musemori,2,red,arab,1,6,no,rshift,549,0
Musemori,2,red,arab,1,1,no,rshift,430,0
Musemori,2,red,arab,1,1,no,rshift,421,0
Musemori,2,red,arab,1,8,no,rshift,5558,0
Musemori,2,red,arab,1,6,no,rshift,4809,0
Musemori,2,blue,arab,1,2,no,lshift,3990,0
Musemori,2,blue,arab,1,8,no,lshift,4269,0
Musemori,2,red,arab,1,8,no,rshift,460,0
Musemori,2,blue,arab,1,4,no,lshift,567,0
Musemori,2,blue,arab,1,6,no,lshift,524,0
Musemori,2,blue,arab,1,7,no,lshift,522,0
Musemori,2,red,arab,1,4,no,rshift,744,0
Musemori,2,blue,arab,1,1,no,lshift,684,0
Musemori,2,red,arab,1,6,no,rshift,532,0
Musemori,2,red,arab,1,9,no,rshift,438,0
Musemori,2,red,arab,1,9,no,rshift,367,0
Musemori,2,red,arab,1,4,no,rshift,507,0
Musemori,2,blue,arab,1,1,no,lshift,510,0
Musemori,2,red,arab,1,2,no,rshift,533,0
Musemori,2,red,arab,1,9,no,rshift,461,0
Musemori,2,red,arab,1,7,no,rshift,379,0
Musemori,2,blue,arab,1,9,no,lshift,592,0
Musemori,2,blue,arab,1,7,no,lshift,648,0
Musemori,2,blue,arab,1,9,no,lshift,3143,0
Musemori,2,red,arab,1,1,no,rshift,1441,0
Musemori,2,red,arab,1,7,no,rshift,1028,0
Musemori,2,blue,arab,1,4,no,lshift,575,0
Musemori,2,blue,arab,1,8,no,lshift,4885,0
Musemori,2,red,arab,1,7,no,rshift,897,0
Musemori,2,red,arab,1,8,no,rshift,511,0
Musemori,2,blue,arab,1,3,no,lshift,500,0
Musemori,2,red,arab,1,3,no,rshift,652,0
Musemori,2,blue,arab,1,6,no,lshift,790,0
Musemori,2,blue,arab,1,3,no,lshift,616,0
Musemori,2,blue,arab,1,4,no,lshift,468,0
Musemori,2,red,arab,1,9,no,rshift,943,0
Musemori,2,blue,arab,1,8,no,lshift,492,0
Musemori,2,red,arab,1,6,no,rshift,1185,0
Musemori,2,red,arab,1,6,no,rshift,610,0
Musemori,2,blue,arab,1,4,no,lshift,420,0
Musemori,2,red,arab,1,7,no,rshift,396,0
Musemori,2,blue,arab,1,7,no,lshift,573,0
Musemori,2,red,arab,1,9,no,rshift,459,0
Musemori,2,blue,arab,1,2,no,lshift,498,0
Musemori,2,blue,arab,1,1,no,lshift,513,0
Musemori,2,blue,arab,1,9,no,lshift,1258,0
Musemori,2,blue,arab,1,3,no,lshift,462,0
Musemori,2,blue,arab,1,4,no,lshift,430,0
Musemori,2,red,arab,1,6,no,rshift,1517,0
Musemori,2,red,arab,1,4,no,rshift,2867,0
Musemori,2,blue,arab,1,2,no,lshift,4298,0
Musemori,2,red,arab,1,3,no,rshift,6301,0
Musemori,2,blue,arab,1,8,no,lshift,688,0
Musemori,2,blue,arab,1,3,no,lshift,785,0
Musemori,2,blue,arab,1,4,no,lshift,444,0
Musemori,2,blue,arab,1,9,no,lshift,474,0
Musemori,2,blue,arab,1,1,no,lshift,396,0
Musemori,2,blue,arab,1,8,no,lshift,2510,0
Musemori,2,blue,arab,1,7,no,lshift,4586,0
Musemori,2,blue,arab,1,7,no,lshift,1527,0
Musemori,2,red,arab,1,3,no,rshift,744,0
Musemori,2,red,arab,1,1,no,rshift,524,0
Musemori,2,blue,arab,1,7,no,lshift,535,0
Musemori,2,red,arab,1,4,no,rshift,2225,0
Musemori,2,red,arab,1,8,no,rshift,517,0
Musemori,2,blue,arab,1,9,no,lshift,516,0
Musemori,2,red,arab,1,2,no,rshift,659,0
Musemori,2,blue,arab,1,6,no,lshift,1520,0
Musemori,2,red,arab,1,6,no,rshift,491,0
Musemori,3,blue,arab,1,8,no,lshift,1400,0
Musemori,3,red,arab,1,1,no,rshift,446,0
Musemori,3,blue,arab,1,1,no,lshift,611,0
Musemori,3,red,arab,1,8,no,rshift,444,0
Musemori,3,blue,arab,1,2,no,lshift,565,0
Musemori,3,blue,arab,1,6,no,lshift,528,0
Musemori,3,blue,arab,1,2,no,lshift,510,0
Musemori,3,red,arab,1,9,no,rshift,442,0
Musemori,3,blue,arab,1,9,no,lshift,618,0
Musemori,3,red,arab,1,6,no,rshift,695,0
Musemori,3,blue,arab,1,8,no,lshift,621,0
Musemori,3,red,arab,1,1,no,rshift,579,0
Musemori,3,red,arab,1,8,no,rshift,2699,0
Musemori,3,red,arab,1,8,no,rshift,395,0
Musemori,3,blue,arab,1,6,no,lshift,897,0
Musemori,3,red,arab,1,8,no,rshift,752,0
Musemori,3,blue,arab,1,7,no,lshift,1672,0
Musemori,3,blue,arab,1,3,no,lshift,521,0
Musemori,3,red,arab,1,3,no,rshift,798,0
Musemori,3,blue,arab,1,1,no,lshift,681,0
Musemori,3,blue,arab,1,6,no,lshift,515,0
Musemori,3,red,arab,1,9,no,rshift,1742,0
Musemori,3,red,arab,1,6,no,rshift,1007,0
Musemori,3,blue,arab,1,3,no,lshift,2550,0
Musemori,3,red,arab,1,4,no,rshift,1352,0
Musemori,3,red,arab,1,4,no,rshift,2278,0
Musemori,3,red,arab,1,2,no,rshift,471,0
Musemori,3,blue,arab,1,6,no,lshift,519,0
Musemori,3,blue,arab,1,7,no,lshift,645,0
Musemori,3,red,arab,1,2,no,rshift,946,0
Musemori,3,blue,arab,1,2,no,lshift,410,0
Musemori,3,blue,arab,1,4,no,lshift,449,0
Musemori,3,red,arab,1,1,no,rshift,516,0
Musemori,3,blue,arab,1,9,no,lshift,638,0
Musemori,3,blue,arab,1,7,no,lshift,539,0
Musemori,3,blue,arab,1,7,no,lshift,374,0
Musemori,3,red,arab,1,7,no,rshift,635,0
Musemori,3,red,arab,1,1,no,rshift,545,0
Musemori,3,blue,arab,1,2,no,lshift,425,0
Musemori,3,red,arab,1,1,no,rshift,467,0
Musemori,3,red,arab,1,7,no,rshift,586,0
Musemori,3,red,arab,1,9,no,rshift,406,0
Musemori,3,blue,arab,1,2,no,lshift,630,0
Musemori,3,red,arab,1,9,no,rshift,692,0
Musemori,3,red,arab,1,4,no,rshift,492,0
Musemori,3,blue,arab,1,2,no,lshift,852,0
Musemori,3,blue,arab,1,8,no,lshift,707,0
Musemori,3,red,arab,1,2,no,rshift,530,0
Musemori,3,blue,arab,1,8,no,lshift,538,0
Musemori,3,blue,arab,1,1,no,lshift,435,0
Musemori,3,blue,arab,1,3,no,lshift,529,0
Musemori,3,red,arab,1,3,no,rshift,445,0
Musemori,3,red,arab,1,3,no,rshift,345,0
Musemori,3,blue,arab,1,2,no,lshift,350,0
Musemori,3,red,arab,1,6,no,rshift,311,0
Musemori,3,blue,arab,1,3,no,lshift,512,0
Musemori,3,blue,arab,1,9,no,lshift,961,0
Musemori,3,red,arab,1,8,no,rshift,344,0
Musemori,3,red,arab,1,8,no,rshift,635,0
Musemori,3,red,arab,1,9,no,rshift,541,0
Musemori,3,red,arab,1,6,no,rshift,400,0
Musemori,3,blue,arab,1,1,no,lshift,455,0
Musemori,3,blue,arab,1,4,no,lshift,434,0
Musemori,3,red,arab,1,2,no,rshift,580,0
Musemori,3,blue,arab,1,8,no,lshift,862,0
Musemori,3,red,arab,1,3,no,rshift,466,0
Musemori,3,red,arab,1,7,no,rshift,651,0
Musemori,3,blue,arab,1,7,no,lshift,481,0
Musemori,3,blue,arab,1,1,no,lshift,472,0
Musemori,3,red,arab,1,8,no,rshift,489,0
Musemori,3,red,arab,1,6,no,rshift,544,0
Musemori,3,blue,arab,1,9,no,lshift,690,0
Musemori,3,blue,arab,1,6,no,lshift,580,0
Musemori,3,red,arab,1,8,no,rshift,883,0
Musemori,3,blue,arab,1,2,no,lshift,1057,0
Musemori,3,red,arab,1,1,no,rshift,1409,0
Musemori,3,red,arab,1,2,no,rshift,474,0
Musemori,3,blue,arab,1,4,no,lshift,567,0
Musemori,3,red,arab,1,9,no,rshift,520,0
Musemori,3,blue,arab,1,8,no,lshift,845,0
Musemori,3,blue,arab,1,8,no,lshift,430,0
Musemori,3,red,arab,1,2,no,rshift,893,0
Musemori,3,red,arab,1,1,no,rshift,808,0
Musemori,3,blue,arab,1,6,no,lshift,558,0
Musemori,3,blue,arab,1,9,no,lshift,451,0
Musemori,3,red,arab,1,3,no,rshift,666,0
Musemori,3,red,arab,1,6,no,rshift,460,0
Musemori,3,red,arab,1,7,no,rshift,469,0
Musemori,3,red,arab,1,4,no,rshift,440,0
Musemori,3,blue,arab,1,1,no,lshift,472,0
Musemori,3,red,arab,1,6,no,rshift,462,0
Musemori,3,blue,arab,1,4,no,lshift,536,0
Musemori,3,red,arab,1,3,no,rshift,702,0
Musemori,3,red,arab,1,1,no,rshift,780,0
Musemori,3,blue,arab,1,8,no,lshift,572,0
Musemori,3,red,arab,1,1,no,rshift,861,0
Musemori,3,red,arab,1,8,no,rshift,580,0
Musemori,3,blue,arab,1,3,no,lshift,465,0
Musemori,3,red,arab,1,2,no,rshift,800,0
Musemori,3,blue,arab,1,7,no,lshift,991,0
Musemori,3,blue,arab,1,3,no,lshift,1238,0
Musemori,3,red,arab,1,4,no,rshift,1394,0
Musemori,3,blue,arab,1,4,no,lshift,695,0
Musemori,3,blue,arab,1,1,no,lshift,572,0
Musemori,3,blue,arab,1,4,no,lshift,455,0
Musemori,3,blue,arab,1,4,no,lshift,536,0
Musemori,3,red,arab,1,2,no,rshift,551,0
Musemori,3,red,arab,1,9,no,rshift,792,0
Musemori,3,red,arab,1,6,no,rshift,366,0
Musemori,3,blue,arab,1,9,no,lshift,384,0
Musemori,3,blue,arab,1,7,no,lshift,1168,0
Musemori,3,red,arab,1,4,no,rshift,1287,0
Musemori,3,red,arab,1,3,no,rshift,637,0
Musemori,3,blue,arab,1,4,no,lshift,722,0
Musemori,3,blue,arab,1,3,no,lshift,2158,0
Musemori,3,blue,arab,1,4,no,lshift,458,0
Musemori,3,blue,arab,1,6,no,lshift,1539,0
Musemori,3,blue,arab,1,9,no,lshift,400,0
Musemori,3,blue,arab,1,9,no,lshift,1389,0
Musemori,3,blue,arab,1,7,no,lshift,5656,0
Musemori,3,blue,arab,1,6,no,lshift,1943,0
Musemori,3,red,arab,1,1,no,rshift,785,0
Musemori,3,blue,arab,1,3,no,lshift,1217,0
Musemori,3,blue,arab,1,2,no,lshift,537,0
Musemori,3,red,arab,1,7,no,rshift,413,0
Musemori,3,blue,arab,1,1,no,lshift,506,0
Musemori,3,red,arab,1,3,no,rshift,484,0
Musemori,3,red,arab,1,7,no,rshift,375,0
Musemori,3,red,arab,1,2,no,rshift,401,0
Musemori,3,red,arab,1,8,no,rshift,769,0
Musemori,3,blue,arab,1,9,no,lshift,361,0
Musemori,3,red,arab,0,7,no,lshift,539,0
Musemori,3,blue,arab,1,1,no,lshift,501,0
Musemori,3,blue,arab,1,6,no,lshift,745,0
Musemori,3,red,arab,1,3,no,rshift,717,0
Musemori,3,blue,arab,1,4,no,lshift,484,0
Musemori,3,blue,arab,1,6,no,lshift,655,0
Musemori,3,blue,arab,1,3,no,lshift,1445,0
Musemori,3,red,arab,1,9,no,rshift,472,0
Musemori,3,blue,arab,1,3,no,lshift,713,0
Musemori,3,blue,arab,1,9,no,lshift,558,0
Musemori,3,red,arab,1,3,no,rshift,480,0
Musemori,3,blue,arab,1,8,no,lshift,627,0
Musemori,3,red,arab,1,4,no,rshift,634,0
Musemori,3,red,arab,1,7,no,rshift,451,0
Musemori,3,red,arab,1,2,no,rshift,498,0
Musemori,3,blue,arab,1,1,no,lshift,509,0
Musemori,3,red,arab,1,4,no,rshift,537,0
Musemori,3,red,arab,1,9,no,rshift,879,0
Musemori,3,blue,arab,1,8,no,lshift,608,0
Musemori,3,red,arab,1,4,no,rshift,668,0
Musemori,3,blue,arab,1,7,no,lshift,756,0
Musemori,3,red,arab,1,7,no,rshift,535,0
Musemori,3,blue,arab,1,7,no,lshift,1090,0
Musemori,3,red,arab,1,4,no,rshift,543,0
Musemori,3,red,arab,1,6,no,rshift,547,0
Musemori,3,red,arab,1,9,no,rshift,629,0
Musemori,3,blue,arab,1,2,no,lshift,516,0
Musemori,3,red,arab,1,6,no,rshift,768,0
Musemori,3,red,arab,1,7,no,rshift,405,0
Musemori,0,red,classic,1,3,yes,rshift,2518,0
Musemori,0,red,classic,1,8,yes,lshift,687,0
Musemori,0,red,classic,1,7,yes,rshift,372,0
Musemori,0,red,classic,1,9,yes,rshift,615,0
Musemori,0,red,classic,1,1,yes,rshift,574,0
Musemori,0,red,classic,1,4,yes,lshift,893,0
Musemori,0,red,classic,1,2,yes,lshift,544,0
Musemori,0,red,classic,1,6,yes,lshift,628,0
Musemori,1,red,classic,0,1,yes,rshift,2729,0
Musemori,1,red,classic,0,7,yes,rshift,1195,0
Musemori,1,red,classic,1,2,yes,rshift,834,0
Musemori,1,red,classic,1,3,yes,lshift,1145,0
Musemori,1,red,classic,1,4,yes,rshift,1791,0
Musemori,1,red,classic,1,9,yes,lshift,459,0
Musemori,1,red,classic,1,8,yes,rshift,433,0
Musemori,1,red,classic,1,6,yes,rshift,713,0
Musemori,2,red,classic,1,4,no,lshift,426,0
Musemori,2,red,classic,1,2,no,lshift,479,0
Musemori,2,red,classic,1,4,no,lshift,365,0
Musemori,2,red,classic,1,1,no,rshift,604,0
Musemori,2,red,classic,1,3,no,rshift,855,0
Musemori,2,red,classic,1,2,no,lshift,684,0
Musemori,2,red,classic,1,2,no,lshift,587,0
Musemori,2,red,classic,1,8,no,lshift,1260,0
Musemori,2,red,classic,1,6,no,lshift,824,0
Musemori,2,red,classic,1,3,no,rshift,616,0
Musemori,2,red,classic,1,3,no,rshift,521,0
Musemori,2,red,classic,1,6,no,lshift,593,0
Musemori,2,red,classic,1,1,no,rshift,629,0
Musemori,2,red,classic,1,4,no,lshift,501,0
Musemori,2,red,classic,1,8,no,lshift,479,0
Musemori,2,red,classic,1,7,no,rshift,614,0
Musemori,2,red,classic,1,6,no,lshift,914,0
Musemori,2,red,classic,1,2,no,lshift,618,0
Musemori,2,red,classic,1,8,no,lshift,535,0
Musemori,2,red,classic,1,1,no,rshift,391,0
Musemori,2,red,classic,1,4,no,lshift,517,0
Musemori,2,red,classic,1,6,no,lshift,733,0
Musemori,2,red,classic,1,9,no,rshift,804,0
Musemori,2,red,classic,1,9,no,rshift,704,0
Musemori,2,red,classic,0,4,no,rshift,1029,0
Musemori,2,red,classic,1,9,no,rshift,637,0
Musemori,2,red,classic,1,7,no,rshift,558,0
Musemori,2,red,classic,1,3,no,rshift,7207,0
Musemori,2,red,classic,1,2,no,lshift,1391,0
Musemori,2,red,classic,1,3,no,rshift,1023,0
Musemori,2,red,classic,1,8,no,lshift,936,0
Musemori,2,red,classic,1,6,no,lshift,752,0
Musemori,2,red,classic,1,7,no,rshift,902,0
Musemori,2,red,classic,1,9,no,rshift,998,0
Musemori,2,red,classic,1,4,no,lshift,859,0
Musemori,2,red,classic,1,1,no,rshift,650,0
Musemori,2,red,classic,1,8,no,lshift,730,0
Musemori,2,red,classic,1,3,no,rshift,493,0
Musemori,2,red,classic,1,9,no,rshift,1166,0
Musemori,2,red,classic,1,2,no,lshift,603,0
Musemori,2,red,classic,1,6,no,lshift,849,0
Musemori,2,red,classic,1,8,no,lshift,694,0
Musemori,2,red,classic,1,8,no,lshift,1036,0
Musemori,2,red,classic,1,2,no,lshift,487,0
Musemori,2,red,classic,1,9,no,rshift,2465,0
Musemori,2,red,classic,1,6,no,lshift,562,0
Musemori,2,red,classic,1,3,no,rshift,1057,0
Musemori,2,red,classic,1,4,no,lshift,932,0
Musemori,2,red,classic,1,9,no,rshift,772,0
Musemori,2,red,classic,1,1,no,rshift,776,0
Musemori,2,red,classic,1,7,no,rshift,570,0
Musemori,2,red,classic,1,2,no,lshift,592,0
Musemori,2,red,classic,1,7,no,rshift,535,0
Musemori,2,red,classic,1,7,no,rshift,540,0
Musemori,2,red,classic,1,1,no,rshift,570,0
Musemori,2,red,classic,1,6,no,lshift,627,0
Musemori,2,red,classic,1,4,no,lshift,621,0
Musemori,2,red,classic,1,2,no,lshift,549,0
Musemori,2,red,classic,1,3,no,rshift,803,0
Musemori,2,red,classic,1,9,no,rshift,739,0
Musemori,2,red,classic,1,9,no,rshift,635,0
Musemori,2,red,classic,1,9,no,rshift,495,0
Musemori,2,red,classic,1,6,no,lshift,872,0
Musemori,2,red,classic,1,8,no,lshift,700,0
Musemori,2,red,classic,1,9,no,rshift,791,0
Musemori,2,red,classic,1,6,no,lshift,617,0
Musemori,2,red,classic,1,4,no,lshift,1228,0
Musemori,2,red,classic,1,4,no,lshift,936,0
Musemori,2,red,classic,1,6,no,lshift,562,0
Musemori,2,red,classic,1,8,no,lshift,565,0
Musemori,2,red,classic,1,1,no,rshift,1724,0
Musemori,2,red,classic,1,4,no,lshift,434,0
Musemori,2,red,classic,1,2,no,lshift,536,0
Musemori,2,red,classic,1,7,no,rshift,647,0
Musemori,2,red,classic,1,7,no,rshift,454,0
Musemori,2,red,classic,1,7,no,rshift,512,0
Musemori,2,red,classic,0,3,no,lshift,608,0
Musemori,2,red,classic,1,1,no,rshift,651,0
Musemori,2,red,classic,1,3,no,rshift,545,0
Musemori,2,red,classic,1,7,no,rshift,611,0
Musemori,2,red,classic,1,4,no,lshift,1111,0
Musemori,2,red,classic,1,1,no,rshift,1092,0
Musemori,2,red,classic,1,1,no,rshift,503,0
Musemori,2,red,classic,1,2,no,lshift,653,0
Musemori,2,red,classic,1,6,no,lshift,1032,0
Musemori,2,red,classic,1,9,no,rshift,605,0
Musemori,2,red,classic,1,7,no,rshift,1395,0
Musemori,2,red,classic,1,8,no,lshift,682,0
Musemori,2,red,classic,1,3,no,rshift,1001,0
Musemori,2,red,classic,1,7,no,rshift,569,0
Musemori,2,red,classic,1,3,no,rshift,627,0
Musemori,2,red,classic,0,8,no,rshift,399,0
Musemori,2,red,classic,1,6,no,lshift,706,0
Musemori,2,red,classic,1,7,no,rshift,445,0
Musemori,2,red,classic,1,8,no,lshift,586,0
Musemori,2,red,classic,1,4,no,lshift,1303,0
Musemori,2,red,classic,1,1,no,rshift,704,0
Musemori,2,red,classic,1,8,no,lshift,512,0
Musemori,2,red,classic,1,2,no,lshift,517,0
Musemori,2,red,classic,1,3,no,rshift,626,0
Musemori,2,red,classic,1,7,no,rshift,1145,0
Musemori,2,red,classic,1,2,no,lshift,501,0
Musemori,2,red,classic,1,8,no,lshift,1021,0
Musemori,2,red,classic,1,9,no,rshift,953,0
Musemori,2,red,classic,1,1,no,rshift,918,0
Musemori,2,red,classic,1,2,no,lshift,597,0
Musemori,2,red,classic,1,6,no,lshift,677,0
Musemori,2,red,classic,1,9,no,rshift,726,0
Musemori,2,red,classic,1,1,no,rshift,558,0
Musemori,2,red,classic,0,3,no,lshift,568,0
Musemori,2,red,classic,1,1,no,rshift,680,0
Musemori,2,red,classic,1,4,no,lshift,763,0
Musemori,1,red,classic,1,1,no,lshift,2785,0
Musemori,1,red,classic,1,3,no,lshift,585,0
Musemori,1,red,classic,1,7,no,lshift,952,0
Musemori,1,red,classic,1,1,no,lshift,611,0
Musemori,1,red,classic,1,8,no,rshift,566,0
Musemori,1,red,classic,1,4,no,rshift,490,0
Musemori,1,red,classic,1,7,no,lshift,557,0
Musemori,1,red,classic,1,8,no,rshift,731,0
Musemori,1,red,classic,1,4,no,rshift,944,0
Musemori,1,red,classic,1,2,no,rshift,581,0
Musemori,1,red,classic,1,8,no,rshift,518,0
Musemori,1,red,classic,1,2,no,rshift,905,0
Musemori,1,red,classic,1,9,no,lshift,4091,0
Musemori,1,red,classic,1,2,no,rshift,789,0
Musemori,1,red,classic,1,8,no,rshift,940,0
Musemori,1,red,classic,1,4,no,rshift,733,0
Musemori,1,red,classic,1,1,no,lshift,695,0
Musemori,1,red,classic,1,8,no,rshift,470,0
Musemori,1,red,classic,1,2,no,rshift,643,0
Musemori,1,red,classic,1,3,no,lshift,619,0
Musemori,1,red,classic,1,6,no,rshift,552,0
Musemori,1,red,classic,1,6,no,rshift,486,0
Musemori,1,red,classic,1,4,no,rshift,498,0
Musemori,1,red,classic,1,2,no,rshift,493,0
Musemori,1,red,classic,1,9,no,lshift,615,0
Musemori,1,red,classic,1,1,no,lshift,588,0
Musemori,1,red,classic,1,9,no,lshift,840,0
Musemori,1,red,classic,1,9,no,lshift,571,0
Musemori,1,red,classic,1,4,no,rshift,860,0
Musemori,1,red,classic,1,9,no,lshift,1925,0
Musemori,1,red,classic,1,3,no,lshift,609,0
Musemori,1,red,classic,1,1,no,lshift,524,0
Musemori,1,red,classic,1,8,no,rshift,732,0
Musemori,1,red,classic,1,9,no,lshift,789,0
Musemori,1,red,classic,1,9,no,lshift,1026,0
Musemori,1,red,classic,1,6,no,rshift,614,0
Musemori,1,red,classic,1,2,no,rshift,710,0
Musemori,1,red,classic,1,9,no,lshift,564,0
Musemori,1,red,classic,1,2,no,rshift,572,0
Musemori,1,red,classic,1,4,no,rshift,425,0
Musemori,1,red,classic,1,2,no,rshift,1189,0
Musemori,1,red,classic,1,6,no,rshift,566,0
Musemori,1,red,classic,1,7,no,lshift,538,0
Musemori,1,red,classic,1,1,no,lshift,855,0
Musemori,1,red,classic,1,8,no,rshift,510,0
Musemori,1,red,classic,1,1,no,lshift,825,0
Musemori,1,red,classic,1,1,no,lshift,445,0
Musemori,1,red,classic,0,3,no,rshift,698,0
Musemori,1,red,classic,1,2,no,rshift,1006,0
Musemori,1,red,classic,1,3,no,lshift,545,0
Musemori,1,red,classic,1,4,no,rshift,626,0
Musemori,1,red,classic,1,7,no,lshift,1260,0
Musemori,1,red,classic,1,1,no,lshift,600,0
Musemori,1,red,classic,1,8,no,rshift,481,0
Musemori,1,red,classic,1,7,no,lshift,648,0
Musemori,1,red,classic,1,3,no,lshift,539,0
Musemori,1,red,classic,1,8,no,rshift,591,0
Musemori,1,red,classic,1,7,no,lshift,706,0
Musemori,1,red,classic,1,4,no,rshift,675,0
Musemori,1,red,classic,1,7,no,lshift,1256,0
Musemori,1,red,classic,1,3,no,lshift,540,0
Musemori,1,red,classic,1,2,no,rshift,897,0
Musemori,1,red,classic,1,6,no,rshift,544,0
Musemori,1,red,classic,1,3,no,lshift,474,0
Musemori,1,red,classic,1,6,no,rshift,667,0
Musemori,1,red,classic,1,3,no,lshift,636,0
Musemori,1,red,classic,1,1,no,lshift,467,0
Musemori,1,red,classic,1,4,no,rshift,510,0
Musemori,1,red,classic,1,7,no,lshift,869,0
Musemori,1,red,classic,1,6,no,rshift,677,0
Musemori,1,red,classic,1,1,no,lshift,620,0
Musemori,1,red,classic,1,6,no,rshift,593,0
Musemori,1,red,classic,1,1,no,lshift,573,0
Musemori,1,red,classic,1,3,no,lshift,733,0
Musemori,1,red,classic,1,9,no,lshift,694,0
Musemori,1,red,classic,1,1,no,lshift,720,0
Musemori,1,red,classic,1,2,no,rshift,666,0
Musemori,1,red,classic,1,9,no,lshift,1189,0
Musemori,1,red,classic,1,8,no,rshift,679,0
Musemori,1,red,classic,1,6,no,rshift,489,0
Musemori,1,red,classic,1,7,no,lshift,719,0
Musemori,1,red,classic,1,7,no,lshift,693,0
Musemori,1,red,classic,0,9,no,rshift,613,0
Musemori,1,red,classic,1,3,no,lshift,773,0
Musemori,1,red,classic,1,6,no,rshift,610,0
Musemori,1,red,classic,1,2,no,rshift,694,0
Musemori,1,red,classic,1,4,no,rshift,742,0
Musemori,1,red,classic,1,3,no,lshift,602,0
Musemori,1,red,classic,1,7,no,lshift,838,0
Musemori,1,red,classic,1,8,no,rshift,599,0
Musemori,1,red,classic,1,4,no,rshift,826,0
Musemori,1,red,classic,1,9,no,lshift,1043,0
Musemori,1,red,classic,1,4,no,rshift,698,0
Musemori,1,red,classic,1,3,no,lshift,1242,0
Musemori,1,red,classic,1,8,no,rshift,664,0
Musemori,1,red,classic,1,7,no,lshift,713,0
Musemori,1,red,classic,1,6,no,rshift,708,0
Musemori,1,red,classic,1,6,no,rshift,626,0
Musemori,1,red,classic,1,7,no,lshift,614,0
Musemori,1,red,classic,1,1,no,lshift,538,0
Musemori,1,red,classic,1,3,no,lshift,639,0
Musemori,1,red,classic,1,2,no,rshift,591,0
Musemori,1,red,classic,1,8,no,rshift,947,0
Musemori,1,red,classic,1,4,no,rshift,939,0
Musemori,1,red,classic,1,6,no,rshift,630,0
Musemori,1,red,classic,1,9,no,lshift,1089,0
Musemori,1,red,classic,1,9,no,lshift,1035,0
Musemori,1,red,classic,1,4,no,rshift,1243,0
Musemori,1,red,classic,1,7,no,lshift,834,0
Musemori,1,red,classic,1,8,no,rshift,627,0
Musemori,1,red,classic,1,6,no,rshift,1512,0
Musemori,1,red,classic,1,2,no,rshift,1206,0
