ID_name,block,color,condition,correct_keyboard_response,number,practice,response_keyboard_response,response_time_keyboard_response,subject_nr
Pupi02,0,red,arab,1,9,yes,rshift,1094,0
Pupi02,0,blue,arab,1,1,yes,lshift,593,0
Pupi02,0,red,arab,1,8,yes,rshift,515,0
Pupi02,0,blue,arab,1,9,yes,lshift,1015,0
Pupi02,0,red,arab,0,7,yes,lshift,19163,0
Pupi02,0,red,arab,1,3,yes,rshift,856,0
Pupi02,0,blue,arab,1,8,yes,lshift,454,0
Pupi02,0,blue,arab,1,7,yes,lshift,536,0
Pupi02,0,red,arab,1,4,yes,rshift,359,0
Pupi02,0,red,arab,1,2,yes,rshift,599,0
Pupi02,0,blue,arab,1,3,yes,lshift,383,0
Pupi02,0,red,arab,1,1,yes,rshift,589,0
Pupi02,0,red,arab,1,6,yes,rshift,483,0
Pupi02,0,blue,arab,1,2,yes,lshift,493,0
Pupi02,0,blue,arab,0,4,yes,rshift,352,0
Pupi02,0,blue,arab,1,6,yes,lshift,816,0
Pupi02,1,red,arab,1,9,no,rshift,754,0
Pupi02,1,red,arab,1,2,no,rshift,400,0
Pupi02,1,blue,arab,1,2,no,lshift,342,0
Pupi02,1,blue,arab,1,3,no,lshift,693,0
Pupi02,1,red,arab,1,4,no,rshift,432,0
Pupi02,1,blue,arab,1,9,no,lshift,374,0
Pupi02,1,blue,arab,0,9,no,rshift,342,0
Pupi02,1,red,arab,1,6,no,rshift,593,0
Pupi02,1,blue,arab,1,7,no,lshift,367,0
Pupi02,1,red,arab,1,8,no,rshift,755,0
Pupi02,1,blue,arab,1,1,no,lshift,377,0
Pupi02,1,red,arab,1,9,no,rshift,449,0
Pupi02,1,blue,arab,1,2,no,lshift,1040,0
Pupi02,1,blue,arab,1,7,no,lshift,696,0
Pupi02,1,blue,arab,1,4,no,lshift,507,0
Pupi02,1,red,arab,1,1,no,rshift,486,0
Pupi02,1,red,arab,1,4,no,rshift,785,0
Pupi02,1,blue,arab,1,8,no,lshift,560,0
Pupi02,1,blue,arab,1,3,no,lshift,424,0
Pupi02,1,red,arab,1,7,no,rshift,483,0
Pupi02,1,red,arab,1,2,no,rshift,730,0
Pupi02,1,red,arab,1,8,no,rshift,367,0
Pupi02,1,red,arab,1,7,no,rshift,429,0
Pupi02,1,blue,arab,1,7,no,lshift,539,0
Pupi02,1,red,arab,1,7,no,rshift,400,0
Pupi02,1,blue,arab,1,8,no,lshift,437,0
Pupi02,1,blue,arab,1,9,no,lshift,745,0
Pupi02,1,blue,arab,1,2,no,lshift,489,0
Pupi02,1,blue,arab,1,8,no,lshift,500,0
Pupi02,1,red,arab,1,9,no,rshift,330,0
Pupi02,1,red,arab,1,9,no,rshift,502,0
Pupi02,1,blue,arab,1,3,no,lshift,604,0
Pupi02,1,blue,arab,0,3,no,rshift,467,0
Pupi02,1,blue,arab,1,8,no,lshift,567,0
Pupi02,1,red,arab,1,9,no,rshift,460,0
Pupi02,1,red,arab,1,4,no,rshift,635,0
Pupi02,1,blue,arab,1,9,no,lshift,540,0
Pupi02,1,blue,arab,1,6,no,lshift,549,0
Pupi02,1,blue,arab,1,8,no,lshift,449,0
Pupi02,1,blue,arab,1,2,no,lshift,557,0
Pupi02,1,red,arab,1,3,no,rshift,530,0
Pupi02,1,red,arab,1,3,no,rshift,517,0
Pupi02,1,blue,arab,1,7,no,lshift,467,0
Pupi02,1,red,arab,1,7,no,rshift,559,0
Pupi02,1,blue,arab,1,6,no,lshift,928,0
Pupi02,1,red,arab,1,8,no,rshift,415,0
Pupi02,1,blue,arab,1,8,no,lshift,861,0
Pupi02,1,red,arab,1,4,no,rshift,486,0
Pupi02,1,red,arab,1,8,no,rshift,620,0
Pupi02,1,blue,arab,1,8,no,lshift,608,0
Pupi02,1,blue,arab,1,1,no,lshift,771,0
Pupi02,1,red,arab,1,2,no,rshift,565,0
Pupi02,1,red,arab,1,6,no,rshift,628,0
Pupi02,1,red,arab,1,6,no,rshift,547,0
Pupi02,1,blue,arab,1,9,no,lshift,656,0
Pupi02,1,red,arab,1,7,no,rshift,415,0
Pupi02,1,red,arab,1,2,no,rshift,423,0
Pupi02,1,blue,arab,1,3,no,lshift,471,0
Pupi02,1,red,arab,1,2,no,rshift,365,0
Pupi02,1,red,arab,1,6,no,rshift,482,0
Pupi02,1,red,arab,1,8,no,rshift,675,0
Pupi02,1,blue,arab,1,9,no,lshift,599,0
Pupi02,1,red,arab,1,1,no,rshift,474,0
Pupi02,1,blue,arab,1,9,no,lshift,820,0
Pupi02,1,blue,arab,1,2,no,lshift,522,0
Pupi02,1,blue,arab,1,6,no,lshift,719,0
Pupi02,1,red,arab,1,6,no,rshift,679,0
Pupi02,1,blue,arab,1,4,no,lshift,1311,0
Pupi02,1,red,arab,1,6,no,rshift,468,0
Pupi02,1,blue,arab,1,1,no,lshift,453,0
Pupi02,1,red,arab,1,2,no,rshift,399,0
Pupi02,1,blue,arab,1,2,no,lshift,797,0
Pupi02,1,blue,arab,1,3,no,lshift,635,0
Pupi02,1,red,arab,1,6,no,rshift,633,0
Pupi02,1,blue,arab,1,6,no,lshift,559,0
Pupi02,1,red,arab,1,1,no,rshift,404,0
Pupi02,1,blue,arab,1,4,no,lshift,662,0
Pupi02,1,red,arab,1,1,no,rshift,419,0
Pupi02,1,red,arab,1,3,no,rshift,645,0
Pupi02,1,blue,arab,1,4,no,lshift,470,0
Pupi02,1,blue,arab,1,7,no,lshift,564,0
Pupi02,1,red,arab,1,7,no,rshift,447,0
Pupi02,1,red,arab,1,3,no,rshift,511,0
Pupi02,1,red,arab,1,6,no,rshift,541,0
Pupi02,1,red,arab,1,1,no,rshift,697,0
Pupi02,1,blue,arab,1,3,no,lshift,336,0
Pupi02,1,blue,arab,1,9,no,lshift,520,0
Pupi02,1,red,arab,1,2,no,rshift,514,0
Pupi02,1,blue,arab,1,4,no,lshift,569,0
Pupi02,1,red,arab,1,4,no,rshift,358,0
Pupi02,1,blue,arab,1,9,no,lshift,627,0
Pupi02,1,red,arab,1,9,no,rshift,366,0
Pupi02,1,red,arab,1,1,no,rshift,739,0
Pupi02,1,red,arab,1,1,no,rshift,430,0
Pupi02,1,blue,arab,1,9,no,lshift,916,0
Pupi02,1,blue,arab,1,2,no,lshift,1075,0
Pupi02,1,blue,arab,1,7,no,lshift,531,0
Pupi02,1,red,arab,1,6,no,rshift,1107,0
Pupi02,1,blue,arab,1,6,no,lshift,1007,0
Pupi02,1,red,arab,1,7,no,rshift,1066,0
Pupi02,1,blue,arab,1,4,no,lshift,990,0
Pupi02,1,red,arab,1,8,no,rshift,907,0
Pupi02,1,red,arab,1,8,no,rshift,529,0
Pupi02,1,red,arab,1,4,no,rshift,435,0
Pupi02,1,blue,arab,1,6,no,lshift,525,0
Pupi02,1,red,arab,1,8,no,rshift,580,0
Pupi02,1,blue,arab,1,6,no,lshift,408,0
Pupi02,1,blue,arab,1,1,no,lshift,404,0
Pupi02,1,red,arab,1,2,no,rshift,399,0
Pupi02,1,red,arab,1,2,no,rshift,704,0
Pupi02,1,red,arab,1,2,no,rshift,504,0
Pupi02,1,red,arab,1,1,no,rshift,611,0
Pupi02,1,blue,arab,1,1,no,lshift,625,0
Pupi02,1,red,arab,1,3,no,rshift,581,0
Pupi02,1,blue,arab,1,4,no,lshift,388,0
Pupi02,1,red,arab,1,7,no,rshift,458,0
Pupi02,1,red,arab,1,8,no,rshift,595,0
Pupi02,1,blue,arab,1,7,no,lshift,632,0
Pupi02,1,blue,arab,1,1,no,lshift,642,0
Pupi02,1,blue,arab,1,6,no,lshift,699,0
Pupi02,1,red,arab,1,4,no,rshift,948,0
Pupi02,1,blue,arab,1,1,no,lshift,1189,0
Pupi02,1,blue,arab,1,7,no,lshift,694,0
Pupi02,1,red,arab,1,4,no,rshift,691,0
Pupi02,1,red,arab,1,7,no,rshift,458,0
Pupi02,1,blue,arab,1,8,no,lshift,392,0
Pupi02,1,red,arab,1,9,no,rshift,74,0
Pupi02,1,blue,arab,1,8,no,lshift,431,0
Pupi02,1,red,arab,1,4,no,rshift,894,0
Pupi02,1,blue,arab,1,2,no,lshift,640,0
Pupi02,1,blue,arab,1,3,no,lshift,671,0
Pupi02,1,blue,arab,1,1,no,lshift,491,0
Pupi02,1,red,arab,1,7,no,rshift,337,0
Pupi02,1,blue,arab,1,6,no,lshift,540,0
Pupi02,1,red,arab,1,3,no,rshift,387,0
Pupi02,1,blue,arab,1,6,no,lshift,759,0
Pupi02,1,red,arab,1,3,no,rshift,447,0
Pupi02,1,red,arab,0,9,no,lshift,69,0
Pupi02,1,red,arab,1,3,no,rshift,1186,0
Pupi02,1,red,arab,1,4,no,rshift,655,0
Pupi02,1,blue,arab,1,3,no,lshift,543,0
Pupi02,1,blue,arab,1,4,no,lshift,1202,0
Pupi02,1,blue,arab,1,7,no,lshift,680,0
Pupi02,1,red,arab,1,9,no,rshift,391,0
Pupi02,1,red,arab,1,6,no,rshift,651,0
Pupi02,1,blue,arab,1,3,no,lshift,542,0
Pupi02,1,blue,arab,1,4,no,lshift,687,0
Pupi02,1,red,arab,1,8,no,rshift,866,0
Pupi02,1,red,arab,1,3,no,rshift,504,0
Pupi02,1,blue,arab,1,1,no,lshift,487,0
Pupi02,1,blue,arab,1,1,no,lshift,627,0
Pupi02,1,red,arab,1,3,no,rshift,654,0
Pupi02,1,red,arab,1,1,no,rshift,767,0
Pupi02,1,blue,arab,1,8,no,lshift,1008,0
Pupi02,1,blue,arab,1,4,no,lshift,2217,0
Pupi02,1,red,arab,1,9,no,rshift,966,0
Pupi02,1,blue,arab,1,7,no,lshift,1460,0
Pupi02,1,red,arab,1,1,no,rshift,649,0
Pupi02,1,blue,arab,1,2,no,lshift,1695,0
Pupi02,1,blue,arab,1,2,no,lshift,810,0
Pupi02,2,red,arab,1,3,no,rshift,914,0
Pupi02,2,blue,arab,1,6,no,lshift,315,0
Pupi02,2,red,arab,0,1,no,lshift,467,0
Pupi02,2,blue,arab,1,6,no,lshift,896,0
Pupi02,2,blue,arab,1,2,no,lshift,1172,0
Pupi02,2,red,arab,1,1,no,rshift,3376,0
Pupi02,2,red,arab,1,3,no,rshift,1250,0
Pupi02,2,blue,arab,1,1,no,lshift,713,0
Pupi02,2,red,arab,1,9,no,rshift,820,0
Pupi02,2,blue,arab,1,1,no,lshift,750,0
Pupi02,2,blue,arab,0,7,no,rshift,686,0
Pupi02,2,blue,arab,1,7,no,lshift,592,0
Pupi02,2,blue,arab,1,3,no,lshift,652,0
Pupi02,2,red,arab,1,1,no,rshift,393,0
Pupi02,2,blue,arab,1,9,no,lshift,616,0
Pupi02,2,red,arab,1,4,no,rshift,659,0
Pupi02,2,blue,arab,1,8,no,lshift,597,0
Pupi02,2,blue,arab,1,8,no,lshift,516,0
Pupi02,2,red,arab,1,1,no,rshift,478,0
Pupi02,2,red,arab,1,9,no,rshift,495,0
Pupi02,2,blue,arab,0,9,no,rshift,508,0
Pupi02,2,blue,arab,1,6,no,lshift,707,0
Pupi02,2,red,arab,0,2,no,lshift,589,0
Pupi02,2,red,arab,1,2,no,rshift,514,0
Pupi02,2,blue,arab,1,7,no,lshift,639,0
Pupi02,2,red,arab,1,3,no,rshift,474,0
Pupi02,2,red,arab,1,3,no,rshift,430,0
Pupi02,2,red,arab,1,9,no,rshift,519,0
Pupi02,2,blue,arab,1,4,no,lshift,480,0
Pupi02,2,red,arab,1,4,no,rshift,1180,0
Pupi02,2,blue,arab,1,7,no,lshift,545,0
Pupi02,2,blue,arab,1,8,no,lshift,1512,0
Pupi02,2,red,arab,1,9,no,rshift,622,0
Pupi02,2,blue,arab,1,2,no,lshift,793,0
Pupi02,2,blue,arab,1,6,no,lshift,495,0
Pupi02,2,blue,arab,1,6,no,lshift,774,0
Pupi02,2,red,arab,1,8,no,rshift,686,0
Pupi02,2,red,arab,1,3,no,rshift,688,0
Pupi02,2,blue,arab,1,1,no,lshift,620,0
Pupi02,2,blue,arab,1,1,no,lshift,812,0
Pupi02,2,blue,arab,1,3,no,lshift,883,0
Pupi02,2,blue,arab,1,1,no,lshift,726,0
Pupi02,2,red,arab,1,3,no,rshift,661,0
Pupi02,2,red,arab,0,6,no,lshift,1018,0
Pupi02,2,red,arab,1,6,no,rshift,741,0
Pupi02,2,red,arab,1,1,no,rshift,909,0
Pupi02,2,blue,arab,1,3,no,lshift,484,0
Pupi02,2,blue,arab,1,9,no,lshift,572,0
Pupi02,2,blue,arab,1,4,no,lshift,436,0
Pupi02,2,blue,arab,1,7,no,lshift,453,0
Pupi02,2,red,arab,1,8,no,rshift,371,0
Pupi02,2,red,arab,1,6,no,rshift,645,0
Pupi02,2,blue,arab,1,2,no,lshift,618,0
Pupi02,2,red,arab,1,8,no,rshift,395,0
Pupi02,2,red,arab,1,9,no,rshift,488,0
Pupi02,2,blue,arab,1,3,no,lshift,649,0
Pupi02,2,red,arab,1,4,no,rshift,470,0
Pupi02,2,blue,arab,1,6,no,lshift,419,0
Pupi02,2,blue,arab,1,3,no,lshift,482,0
Pupi02,2,blue,arab,1,1,no,lshift,483,0
Pupi02,2,red,arab,1,1,no,rshift,568,0
Pupi02,2,blue,arab,1,2,no,lshift,668,0
Pupi02,2,blue,arab,1,3,no,lshift,518,0
Pupi02,2,red,arab,1,3,no,rshift,367,0
Pupi02,2,blue,arab,1,8,no,lshift,599,0
Pupi02,2,blue,arab,1,9,no,lshift,420,0
Pupi02,2,blue,arab,1,3,no,lshift,424,0
Pupi02,2,blue,arab,1,8,no,lshift,485,0
Pupi02,2,blue,arab,1,2,no,lshift,351,0
Pupi02,2,red,arab,1,6,no,rshift,1786,0
Pupi02,2,blue,arab,1,4,no,lshift,400,0
Pupi02,2,red,arab,1,9,no,rshift,409,0
Pupi02,2,blue,arab,1,2,no,lshift,340,0
Pupi02,2,red,arab,1,8,no,rshift,412,0
Pupi02,2,blue,arab,1,1,no,lshift,469,0
Pupi02,2,red,arab,1,2,no,rshift,546,0
Pupi02,2,blue,arab,1,8,no,lshift,576,0
Pupi02,2,red,arab,1,6,no,rshift,445,0
Pupi02,2,blue,arab,1,4,no,lshift,405,0
Pupi02,2,red,arab,1,2,no,rshift,372,0
Pupi02,2,blue,arab,1,9,no,lshift,539,0
Pupi02,2,red,arab,1,7,no,rshift,458,0
Pupi02,2,blue,arab,1,4,no,lshift,659,0
Pupi02,2,blue,arab,0,7,no,rshift,408,0
Pupi02,2,red,arab,1,6,no,rshift,770,0
Pupi02,2,blue,arab,1,6,no,lshift,680,0
Pupi02,2,blue,arab,1,6,no,lshift,551,0
Pupi02,2,red,arab,1,2,no,rshift,656,0
Pupi02,2,red,arab,1,8,no,rshift,649,0
Pupi02,2,blue,arab,1,6,no,lshift,428,0
Pupi02,2,red,arab,1,7,no,rshift,534,0
Pupi02,2,red,arab,1,7,no,rshift,630,0
Pupi02,2,blue,arab,1,4,no,lshift,601,0
Pupi02,2,red,arab,1,4,no,rshift,371,0
Pupi02,2,blue,arab,1,4,no,lshift,618,0
Pupi02,2,blue,arab,1,8,no,lshift,717,0
Pupi02,2,red,arab,1,4,no,rshift,575,0
Pupi02,2,blue,arab,1,4,no,lshift,462,0
Pupi02,2,red,arab,1,2,no,rshift,627,0
Pupi02,2,red,arab,1,4,no,rshift,809,0
Pupi02,2,blue,arab,1,3,no,lshift,470,0
Pupi02,2,red,arab,1,6,no,rshift,780,0
Pupi02,2,red,arab,1,8,no,rshift,720,0
Pupi02,2,blue,arab,1,2,no,lshift,517,0
Pupi02,2,blue,arab,1,1,no,lshift,508,0
Pupi02,2,blue,arab,1,9,no,lshift,667,0
Pupi02,2,red,arab,1,4,no,rshift,368,0
Pupi02,2,blue,arab,1,7,no,lshift,480,0
Pupi02,2,red,arab,1,8,no,rshift,628,0
Pupi02,2,blue,arab,1,2,no,lshift,518,0
Pupi02,2,red,arab,1,1,no,rshift,523,0
Pupi02,2,red,arab,1,8,no,rshift,472,0
Pupi02,2,blue,arab,1,8,no,lshift,402,0
Pupi02,2,blue,arab,1,9,no,lshift,508,0
Pupi02,2,blue,arab,1,8,no,lshift,402,0
Pupi02,2,red,arab,1,1,no,rshift,386,0
Pupi02,2,red,arab,1,2,no,rshift,385,0
Pupi02,2,red,arab,0,8,no,lshift,356,0
Pupi02,2,blue,arab,1,1,no,lshift,672,0
Pupi02,2,red,arab,1,9,no,rshift,698,0
Pupi02,2,blue,arab,0,4,no,rshift,415,0
Pupi02,2,red,arab,1,9,no,rshift,542,0
Pupi02,2,red,arab,1,7,no,rshift,635,0
Pupi02,2,red,arab,1,7,no,rshift,536,0
Pupi02,2,red,arab,1,2,no,rshift,2641,0
Pupi02,2,blue,arab,1,7,no,lshift,503,0
Pupi02,2,red,arab,1,7,no,rshift,598,0
Pupi02,2,red,arab,1,4,no,rshift,473,0
Pupi02,2,blue,arab,1,7,no,lshift,903,0
Pupi02,2,red,arab,1,4,no,rshift,827,0
Pupi02,2,red,arab,1,7,no,rshift,755,0
Pupi02,2,blue,arab,1,2,no,lshift,644,0
Pupi02,2,red,arab,1,4,no,rshift,11937,0
Pupi02,2,blue,arab,1,6,no,lshift,845,0
Pupi02,2,red,arab,1,3,no,rshift,531,0
Pupi02,2,red,arab,1,6,no,rshift,956,0
Pupi02,2,red,arab,1,1,no,rshift,592,0
Pupi02,2,red,arab,1,2,no,rshift,468,0
Pupi02,2,red,arab,1,3,no,rshift,356,0
Pupi02,2,red,arab,1,8,no,rshift,1175,0
Pupi02,2,blue,arab,1,9,no,lshift,430,0
Pupi02,2,red,arab,1,6,no,rshift,539,0
Pupi02,2,blue,arab,1,3,no,lshift,463,0
Pupi02,2,blue,arab,1,4,no,lshift,682,0
Pupi02,2,red,arab,1,1,no,rshift,523,0
Pupi02,2,blue,arab,1,9,no,lshift,566,0
Pupi02,2,red,arab,1,3,no,rshift,548,0
Pupi02,2,blue,arab,1,7,no,lshift,549,0
Pupi02,2,blue,arab,1,8,no,lshift,519,0
Pupi02,2,blue,arab,1,3,no,lshift,469,0
Pupi02,2,red,arab,1,9,no,rshift,334,0
Pupi02,2,blue,arab,1,9,no,lshift,424,0
Pupi02,2,blue,arab,1,1,no,lshift,503,0
Pupi02,2,blue,arab,1,2,no,lshift,712,0
Pupi02,2,red,arab,1,6,no,rshift,616,0
Pupi02,2,red,arab,1,9,no,rshift,538,0
Pupi02,2,red,arab,1,2,no,rshift,509,0
Pupi02,2,red,arab,1,7,no,rshift,514,0
Pupi02,2,red,arab,1,7,no,rshift,519,0
Pupi02,2,red,arab,1,7,no,rshift,636,0
Pupi02,3,red,arab,1,8,no,rshift,742,0
Pupi02,3,blue,arab,1,3,no,lshift,558,0
Pupi02,3,red,arab,1,6,no,rshift,634,0
Pupi02,3,blue,arab,1,6,no,lshift,852,0
Pupi02,3,red,arab,1,2,no,rshift,549,0
Pupi02,3,blue,arab,1,4,no,lshift,358,0
Pupi02,3,red,arab,1,8,no,rshift,564,0
Pupi02,3,blue,arab,1,3,no,lshift,593,0
Pupi02,3,red,arab,1,2,no,rshift,904,0
Pupi02,3,blue,arab,1,3,no,lshift,464,0
Pupi02,3,red,arab,1,6,no,rshift,426,0
Pupi02,3,red,arab,1,7,no,rshift,406,0
Pupi02,3,red,arab,1,7,no,rshift,372,0
Pupi02,3,blue,arab,1,4,no,lshift,549,0
Pupi02,3,blue,arab,1,1,no,lshift,501,0
Pupi02,3,blue,arab,1,9,no,lshift,550,0
Pupi02,3,red,arab,1,4,no,rshift,385,0
Pupi02,3,red,arab,1,1,no,rshift,442,0
Pupi02,3,red,arab,1,6,no,rshift,528,0
Pupi02,3,blue,arab,1,2,no,lshift,628,0
Pupi02,3,red,arab,1,1,no,rshift,337,0
Pupi02,3,red,arab,1,9,no,rshift,316,0
Pupi02,3,blue,arab,0,7,no,rshift,328,0
Pupi02,3,red,arab,1,8,no,rshift,425,0
Pupi02,3,red,arab,1,3,no,rshift,503,0
Pupi02,3,blue,arab,1,8,no,lshift,481,0
Pupi02,3,red,arab,0,8,no,lshift,492,0
Pupi02,3,red,arab,1,1,no,rshift,677,0
Pupi02,3,red,arab,1,7,no,rshift,652,0
Pupi02,3,red,arab,1,2,no,rshift,589,0
Pupi02,3,blue,arab,1,6,no,lshift,539,0
Pupi02,3,red,arab,1,3,no,rshift,344,0
Pupi02,3,red,arab,1,6,no,rshift,1293,0
Pupi02,3,blue,arab,1,4,no,lshift,653,0
Pupi02,3,blue,arab,1,9,no,lshift,744,0
Pupi02,3,blue,arab,1,4,no,lshift,1121,0
Pupi02,3,blue,arab,1,9,no,lshift,592,0
Pupi02,3,blue,arab,1,2,no,lshift,569,0
Pupi02,3,red,arab,1,3,no,rshift,993,0
Pupi02,3,blue,arab,1,8,no,lshift,722,0
Pupi02,3,blue,arab,0,6,no,rshift,395,0
Pupi02,3,blue,arab,1,2,no,lshift,764,0
Pupi02,3,blue,arab,1,3,no,lshift,509,0
Pupi02,3,blue,arab,1,7,no,lshift,433,0
Pupi02,3,blue,arab,1,2,no,lshift,580,0
Pupi02,3,red,arab,1,9,no,rshift,465,0
Pupi02,3,red,arab,1,8,no,rshift,356,0
Pupi02,3,red,arab,1,7,no,rshift,478,0
Pupi02,3,red,arab,1,1,no,rshift,359,0
Pupi02,3,blue,arab,1,7,no,lshift,504,0
Pupi02,3,red,arab,1,3,no,rshift,536,0
Pupi02,3,blue,arab,1,1,no,lshift,514,0
Pupi02,3,blue,arab,1,7,no,lshift,459,0
Pupi02,3,blue,arab,1,7,no,lshift,476,0
Pupi02,3,blue,arab,1,2,no,lshift,590,0
Pupi02,3,red,arab,1,6,no,rshift,436,0
Pupi02,3,blue,arab,1,1,no,lshift,747,0
Pupi02,3,red,arab,1,9,no,rshift,528,0
Pupi02,3,red,arab,1,3,no,rshift,1564,0
Pupi02,3,blue,arab,1,9,no,lshift,412,0
Pupi02,3,red,arab,1,9,no,rshift,435,0
Pupi02,3,red,arab,1,2,no,rshift,398,0
Pupi02,3,red,arab,1,6,no,rshift,413,0
Pupi02,3,red,arab,1,3,no,rshift,340,0
Pupi02,3,blue,arab,1,9,no,lshift,664,0
Pupi02,3,blue,arab,1,6,no,lshift,440,0
Pupi02,3,red,arab,1,7,no,rshift,732,0
Pupi02,3,red,arab,1,9,no,rshift,493,0
Pupi02,3,red,arab,1,9,no,rshift,610,0
Pupi02,3,blue,arab,1,8,no,lshift,685,0
Pupi02,3,red,arab,1,3,no,rshift,342,0
Pupi02,3,blue,arab,1,3,no,lshift,541,0
Pupi02,3,blue,arab,1,2,no,lshift,529,0
Pupi02,3,blue,arab,1,7,no,lshift,720,0
Pupi02,3,blue,arab,0,8,no,rshift,445,0
Pupi02,3,blue,arab,1,6,no,lshift,671,0
Pupi02,3,red,arab,1,4,no,rshift,599,0
Pupi02,3,red,arab,1,7,no,rshift,356,0
Pupi02,3,red,arab,1,1,no,rshift,373,0
Pupi02,3,blue,arab,1,1,no,lshift,456,0
Pupi02,3,red,arab,1,6,no,rshift,642,0
Pupi02,3,blue,arab,1,8,no,lshift,485,0
Pupi02,3,blue,arab,1,6,no,lshift,495,0
Pupi02,3,red,arab,1,7,no,rshift,1219,0
Pupi02,3,blue,arab,1,7,no,lshift,544,0
Pupi02,3,blue,arab,1,2,no,lshift,1011,0
Pupi02,3,red,arab,1,8,no,rshift,542,0
Pupi02,3,red,arab,1,3,no,rshift,2191,0
Pupi02,3,blue,arab,1,2,no,lshift,980,0
Pupi02,3,red,arab,1,3,no,rshift,446,0
Pupi02,3,blue,arab,1,3,no,lshift,665,0
Pupi02,3,red,arab,1,1,no,rshift,364,0
Pupi02,3,red,arab,1,9,no,rshift,618,0
Pupi02,3,red,arab,1,6,no,rshift,314,0
Pupi02,3,red,arab,1,9,no,rshift,598,0
Pupi02,3,red,arab,1,4,no,rshift,570,0
Pupi02,3,blue,arab,1,2,no,lshift,9527,0
Pupi02,3,red,arab,1,1,no,rshift,575,0
Pupi02,3,blue,arab,1,6,no,lshift,654,0
Pupi02,3,red,arab,1,1,no,rshift,707,0
Pupi02,3,blue,arab,1,8,no,lshift,490,0
Pupi02,3,blue,arab,1,1,no,lshift,583,0
Pupi02,3,blue,arab,1,4,no,lshift,748,0
Pupi02,3,red,arab,1,6,no,rshift,515,0
Pupi02,3,blue,arab,1,9,no,lshift,1162,0
Pupi02,3,red,arab,1,7,no,rshift,772,0
Pupi02,3,blue,arab,1,3,no,lshift,625,0
Pupi02,3,blue,arab,1,9,no,lshift,536,0
Pupi02,3,blue,arab,1,8,no,lshift,426,0
Pupi02,3,blue,arab,1,1,no,lshift,617,0
Pupi02,3,red,arab,1,9,no,rshift,404,0
Pupi02,3,red,arab,1,7,no,rshift,581,0
Pupi02,3,red,arab,1,1,no,rshift,420,0
Pupi02,3,red,arab,1,8,no,rshift,563,0
Pupi02,3,blue,arab,1,8,no,lshift,464,0
Pupi02,3,blue,arab,0,8,no,rshift,521,0
Pupi02,3,blue,arab,1,4,no,lshift,609,0
Pupi02,3,blue,arab,1,7,no,lshift,414,0
Pupi02,3,blue,arab,1,6,no,lshift,617,0
Pupi02,3,red,arab,1,2,no,rshift,598,0
Pupi02,3,blue,arab,1,1,no,lshift,645,0
Pupi02,3,red,arab,1,2,no,rshift,511,0
Pupi02,3,red,arab,1,4,no,rshift,677,0
Pupi02,3,red,arab,1,4,no,rshift,425,0
Pupi02,3,red,arab,1,3,no,rshift,692,0
Pupi02,3,red,arab,1,2,no,rshift,475,0
Pupi02,3,red,arab,1,4,no,rshift,3610,0
Pupi02,3,red,arab,1,9,no,rshift,527,0
Pupi02,3,blue,arab,1,2,no,lshift,436,0
Pupi02,3,blue,arab,1,3,no,lshift,433,0
Pupi02,3,blue,arab,1,9,no,lshift,519,0
Pupi02,3,red,arab,1,1,no,rshift,487,0
Pupi02,3,red,arab,1,7,no,rshift,452,0
Pupi02,3,red,arab,1,2,no,rshift,443,0
Pupi02,3,red,arab,1,2,no,rshift,432,0
Pupi02,3,blue,arab,1,4,no,lshift,466,0
Pupi02,3,red,arab,1,8,no,rshift,468,0
Pupi02,3,blue,arab,1,9,no,lshift,466,0
Pupi02,3,blue,arab,1,9,no,lshift,441,0
Pupi02,3,blue,arab,1,3,no,lshift,467,0
Pupi02,3,blue,arab,1,4,no,lshift,364,0
Pupi02,3,red,arab,1,8,no,rshift,594,0
Pupi02,3,red,arab,1,6,no,rshift,696,0
Pupi02,3,blue,arab,1,8,no,lshift,672,0
Pupi02,3,red,arab,1,4,no,rshift,676,0
Pupi02,3,blue,arab,1,1,no,lshift,1217,0
Pupi02,3,blue,arab,1,6,no,lshift,462,0
Pupi02,3,red,arab,1,8,no,rshift,350,0
Pupi02,3,blue,arab,1,1,no,lshift,556,0
Pupi02,3,blue,arab,1,7,no,lshift,536,0
Pupi02,3,blue,arab,1,6,no,lshift,399,0
Pupi02,3,blue,arab,1,7,no,lshift,606,0
Pupi02,3,blue,arab,1,3,no,lshift,468,0
Pupi02,3,blue,arab,1,4,no,lshift,2175,0
Pupi02,3,red,arab,1,4,no,rshift,624,0
Pupi02,3,red,arab,1,2,no,rshift,347,0
Pupi02,3,red,arab,0,4,no,lshift,384,0
Pupi02,3,blue,arab,1,1,no,lshift,495,0
Pupi02,3,blue,arab,1,4,no,lshift,596,0
Pupi02,3,red,arab,1,4,no,rshift,627,0
Pupi02,0,red,dot,1,8,yes,rshift,988,0
Pupi02,0,blue,dot,1,4,yes,lshift,415,0
Pupi02,0,red,dot,1,1,yes,rshift,562,0
Pupi02,0,blue,dot,1,1,yes,lshift,639,0
Pupi02,0,red,dot,1,2,yes,rshift,321,0
Pupi02,0,blue,dot,1,8,yes,lshift,404,0
Pupi02,0,red,dot,0,6,yes,lshift,611,0
Pupi02,0,blue,dot,1,6,yes,lshift,828,0
Pupi02,0,red,dot,1,4,yes,rshift,343,0
Pupi02,0,red,dot,1,3,yes,rshift,567,0
Pupi02,0,red,dot,1,9,yes,rshift,486,0
Pupi02,0,blue,dot,1,7,yes,lshift,394,0
Pupi02,0,blue,dot,1,9,yes,lshift,700,0
Pupi02,0,blue,dot,1,2,yes,lshift,468,0
Pupi02,0,red,dot,1,7,yes,rshift,422,0
Pupi02,0,blue,dot,1,3,yes,lshift,475,0
Pupi02,1,blue,dot,1,7,no,lshift,757,0
Pupi02,1,red,dot,1,1,no,rshift,495,0
Pupi02,1,blue,dot,1,7,no,lshift,607,0
Pupi02,1,red,dot,1,8,no,rshift,445,0
Pupi02,1,blue,dot,1,3,no,lshift,668,0
Pupi02,1,blue,dot,1,6,no,lshift,534,0
Pupi02,1,red,dot,1,6,no,rshift,564,0
Pupi02,1,blue,dot,1,1,no,lshift,949,0
Pupi02,1,blue,dot,1,2,no,lshift,409,0
Pupi02,1,blue,dot,1,3,no,lshift,562,0
Pupi02,1,blue,dot,1,9,no,lshift,490,0
Pupi02,1,red,dot,1,2,no,rshift,9735,0
Pupi02,1,blue,dot,1,9,no,lshift,2759,0
Pupi02,1,red,dot,1,6,no,rshift,615,0
Pupi02,1,blue,dot,1,1,no,lshift,517,0
Pupi02,1,red,dot,1,4,no,rshift,888,0
Pupi02,1,blue,dot,1,6,no,lshift,488,0
Pupi02,1,red,dot,1,2,no,rshift,763,0
Pupi02,1,red,dot,1,9,no,rshift,564,0
Pupi02,1,red,dot,1,2,no,rshift,559,0
Pupi02,1,blue,dot,1,2,no,lshift,580,0
Pupi02,1,blue,dot,1,6,no,lshift,581,0
Pupi02,1,red,dot,1,6,no,rshift,523,0
Pupi02,1,red,dot,1,2,no,rshift,373,0
Pupi02,1,blue,dot,1,2,no,lshift,799,0
Pupi02,1,blue,dot,1,4,no,lshift,468,0
Pupi02,1,blue,dot,1,6,no,lshift,408,0
Pupi02,1,blue,dot,1,7,no,lshift,441,0
Pupi02,1,blue,dot,1,8,no,lshift,380,0
Pupi02,1,blue,dot,1,4,no,lshift,8483,0
Pupi02,1,red,dot,1,2,no,rshift,839,0
Pupi02,1,red,dot,1,7,no,rshift,426,0
Pupi02,1,red,dot,1,1,no,rshift,563,0
Pupi02,1,blue,dot,1,6,no,lshift,437,0
Pupi02,1,blue,dot,1,8,no,lshift,506,0
Pupi02,1,red,dot,1,4,no,rshift,385,0
Pupi02,1,red,dot,1,7,no,rshift,1193,0
Pupi02,1,blue,dot,1,2,no,lshift,812,0
Pupi02,1,red,dot,1,2,no,rshift,365,0
Pupi02,1,blue,dot,1,6,no,lshift,456,0
Pupi02,1,blue,dot,1,8,no,lshift,418,0
Pupi02,1,blue,dot,1,3,no,lshift,399,0
Pupi02,1,blue,dot,1,7,no,lshift,391,0
Pupi02,1,red,dot,1,8,no,rshift,552,0
Pupi02,1,red,dot,1,7,no,rshift,481,0
Pupi02,1,blue,dot,1,9,no,lshift,436,0
Pupi02,1,blue,dot,1,4,no,lshift,480,0
Pupi02,1,red,dot,1,7,no,rshift,530,0
Pupi02,1,red,dot,1,6,no,rshift,434,0
Pupi02,1,red,dot,1,6,no,rshift,383,0
Pupi02,1,blue,dot,1,3,no,lshift,437,0
Pupi02,1,red,dot,1,8,no,rshift,525,0
Pupi02,1,red,dot,1,8,no,rshift,568,0
Pupi02,1,blue,dot,1,4,no,lshift,596,0
Pupi02,1,blue,dot,0,9,no,rshift,428,0
Pupi02,1,red,dot,1,3,no,rshift,501,0
Pupi02,1,red,dot,1,3,no,rshift,574,0
Pupi02,1,blue,dot,1,3,no,lshift,578,0
Pupi02,1,red,dot,1,8,no,rshift,430,0
Pupi02,1,red,dot,1,4,no,rshift,535,0
Pupi02,1,blue,dot,1,4,no,lshift,1395,0
Pupi02,1,blue,dot,1,3,no,lshift,405,0
Pupi02,1,blue,dot,1,3,no,lshift,416,0
Pupi02,1,blue,dot,1,9,no,lshift,368,0
Pupi02,1,red,dot,1,2,no,rshift,520,0
Pupi02,1,blue,dot,1,1,no,lshift,735,0
Pupi02,1,blue,dot,1,8,no,lshift,729,0
Pupi02,1,red,dot,1,1,no,rshift,491,0
Pupi02,1,blue,dot,1,7,no,lshift,623,0
Pupi02,1,blue,dot,1,1,no,lshift,608,0
Pupi02,1,red,dot,1,2,no,rshift,429,0
Pupi02,1,blue,dot,1,9,no,lshift,539,0
Pupi02,1,red,dot,1,9,no,rshift,645,0
Pupi02,1,blue,dot,1,4,no,lshift,419,0
Pupi02,1,blue,dot,1,4,no,lshift,828,0
Pupi02,1,blue,dot,1,1,no,lshift,614,0
Pupi02,1,blue,dot,1,7,no,lshift,627,0
Pupi02,1,red,dot,1,9,no,rshift,459,0
Pupi02,1,red,dot,1,9,no,rshift,721,0
Pupi02,1,blue,dot,1,3,no,lshift,619,0
Pupi02,1,blue,dot,1,2,no,lshift,416,0
Pupi02,1,blue,dot,1,2,no,lshift,448,0
Pupi02,1,red,dot,1,6,no,rshift,474,0
Pupi02,1,red,dot,1,8,no,rshift,760,0
Pupi02,1,red,dot,1,8,no,rshift,410,0
Pupi02,1,red,dot,1,4,no,rshift,375,0
Pupi02,1,red,dot,1,9,no,rshift,405,0
Pupi02,1,red,dot,1,8,no,rshift,1994,0
Pupi02,1,red,dot,1,9,no,rshift,2164,0
Pupi02,1,blue,dot,1,4,no,lshift,4437,0
Pupi02,1,red,dot,1,1,no,rshift,4093,0
Pupi02,1,red,dot,1,1,no,rshift,339,0
Pupi02,1,blue,dot,1,8,no,lshift,454,0
Pupi02,1,red,dot,1,6,no,rshift,401,0
Pupi02,1,blue,dot,1,7,no,lshift,394,0
Pupi02,1,blue,dot,1,2,no,lshift,543,0
Pupi02,1,red,dot,1,7,no,rshift,598,0
Pupi02,1,red,dot,0,9,no,lshift,442,0
Pupi02,1,red,dot,1,2,no,rshift,550,0
Pupi02,1,red,dot,1,7,no,rshift,351,0
Pupi02,1,red,dot,1,1,no,rshift,555,0
Pupi02,1,blue,dot,1,8,no,lshift,587,0
Pupi02,1,red,dot,1,9,no,rshift,383,0
Pupi02,1,red,dot,1,4,no,rshift,522,0
Pupi02,1,blue,dot,1,9,no,lshift,596,0
Pupi02,1,blue,dot,1,1,no,lshift,364,0
Pupi02,1,red,dot,1,7,no,rshift,601,0
Pupi02,1,blue,dot,1,7,no,lshift,596,0
Pupi02,1,blue,dot,1,2,no,lshift,515,0
Pupi02,1,red,dot,1,8,no,rshift,413,0
Pupi02,1,red,dot,1,2,no,rshift,438,0
Pupi02,1,red,dot,1,4,no,rshift,402,0
Pupi02,1,blue,dot,0,8,no,rshift,2099,0
Pupi02,1,blue,dot,1,1,no,lshift,367,0
Pupi02,1,red,dot,1,6,no,rshift,584,0
Pupi02,1,blue,dot,1,4,no,lshift,373,0
Pupi02,1,blue,dot,1,9,no,lshift,459,0
Pupi02,1,red,dot,1,1,no,rshift,588,0
Pupi02,1,red,dot,1,3,no,rshift,618,0
Pupi02,1,blue,dot,1,8,no,lshift,646,0
Pupi02,1,red,dot,1,4,no,rshift,469,0
Pupi02,1,red,dot,1,3,no,rshift,563,0
Pupi02,1,red,dot,1,3,no,rshift,510,0
Pupi02,1,red,dot,1,8,no,rshift,594,0
Pupi02,1,red,dot,1,3,no,rshift,600,0
Pupi02,1,blue,dot,1,2,no,lshift,1651,0
Pupi02,1,red,dot,1,1,no,rshift,5716,0
Pupi02,1,blue,dot,1,6,no,lshift,406,0
Pupi02,1,red,dot,1,6,no,rshift,1088,0
Pupi02,1,blue,dot,1,1,no,lshift,691,0
Pupi02,1,red,dot,1,7,no,rshift,495,0
Pupi02,1,blue,dot,1,3,no,lshift,746,0
Pupi02,1,blue,dot,1,1,no,lshift,537,0
Pupi02,1,red,dot,1,6,no,rshift,464,0
Pupi02,1,blue,dot,1,7,no,lshift,424,0
Pupi02,1,blue,dot,1,6,no,lshift,443,0
Pupi02,1,blue,dot,1,3,no,lshift,348,0
Pupi02,1,blue,dot,1,8,no,lshift,427,0
Pupi02,1,red,dot,1,7,no,rshift,459,0
Pupi02,1,red,dot,1,4,no,rshift,431,0
Pupi02,1,blue,dot,1,6,no,lshift,423,0
Pupi02,1,blue,dot,1,9,no,lshift,684,0
Pupi02,1,red,dot,1,1,no,rshift,379,0
Pupi02,1,red,dot,1,9,no,rshift,837,0
Pupi02,1,blue,dot,1,8,no,lshift,623,0
Pupi02,1,red,dot,1,3,no,rshift,2346,0
Pupi02,1,blue,dot,1,4,no,lshift,602,0
Pupi02,1,red,dot,1,7,no,rshift,76,0
Pupi02,1,red,dot,1,4,no,rshift,451,0
Pupi02,1,blue,dot,1,7,no,lshift,858,0
Pupi02,1,red,dot,1,3,no,rshift,529,0
Pupi02,1,blue,dot,1,9,no,lshift,1949,0
Pupi02,1,red,dot,1,4,no,rshift,601,0
Pupi02,1,red,dot,1,3,no,rshift,456,0
Pupi02,1,red,dot,1,3,no,rshift,592,0
Pupi02,1,red,dot,1,9,no,rshift,513,0
Pupi02,1,blue,dot,1,6,no,lshift,726,0
Pupi02,1,blue,dot,1,1,no,lshift,462,0
Pupi02,1,blue,dot,1,2,no,lshift,461,0
Pupi02,1,red,dot,1,1,no,rshift,530,0
Pupi02,2,red,dot,1,8,no,rshift,415,0
Pupi02,2,blue,dot,1,6,no,lshift,1671,0
Pupi02,2,blue,dot,1,8,no,lshift,24743,0
Pupi02,2,red,dot,1,6,no,rshift,6115,0
Pupi02,2,blue,dot,1,3,no,lshift,1031,0
Pupi02,2,blue,dot,1,9,no,lshift,973,0
Pupi02,2,red,dot,1,3,no,rshift,2972,0
Pupi02,2,blue,dot,1,3,no,lshift,1013,0
Pupi02,2,blue,dot,1,4,no,lshift,622,0
Pupi02,2,red,dot,1,1,no,rshift,374,0
Pupi02,2,blue,dot,1,8,no,lshift,398,0
Pupi02,2,red,dot,0,2,no,lshift,480,0
Pupi02,2,blue,dot,1,8,no,lshift,708,0
Pupi02,2,red,dot,1,7,no,rshift,379,0
Pupi02,2,blue,dot,1,8,no,lshift,745,0
Pupi02,2,red,dot,1,3,no,rshift,344,0
Pupi02,2,blue,dot,1,7,no,lshift,662,0
Pupi02,2,blue,dot,1,1,no,lshift,627,0
Pupi02,2,blue,dot,0,1,no,rshift,361,0
Pupi02,2,red,dot,1,8,no,rshift,619,0
Pupi02,2,red,dot,1,2,no,rshift,475,0
Pupi02,2,blue,dot,1,3,no,lshift,992,0
Pupi02,2,red,dot,1,4,no,rshift,845,0
Pupi02,2,blue,dot,1,1,no,lshift,1426,0
Pupi02,2,blue,dot,1,4,no,lshift,1049,0
Pupi02,2,red,dot,1,6,no,rshift,777,0
Pupi02,2,blue,dot,1,6,no,lshift,805,0
Pupi02,2,blue,dot,1,7,no,lshift,2813,0
Pupi02,2,red,dot,1,3,no,rshift,5129,0
Pupi02,2,red,dot,1,7,no,rshift,506,0
Pupi02,2,blue,dot,1,8,no,lshift,973,0
Pupi02,2,red,dot,1,1,no,rshift,815,0
Pupi02,2,red,dot,1,1,no,rshift,1689,0
Pupi02,2,red,dot,1,7,no,rshift,7405,0
Pupi02,2,red,dot,1,9,no,rshift,564,0
Pupi02,2,blue,dot,1,4,no,lshift,1009,0
Pupi02,2,red,dot,1,6,no,rshift,944,0
Pupi02,2,red,dot,1,7,no,rshift,464,0
Pupi02,2,red,dot,1,6,no,rshift,724,0
Pupi02,2,red,dot,1,1,no,rshift,789,0
Pupi02,2,blue,dot,1,6,no,lshift,3734,0
Pupi02,2,blue,dot,1,8,no,lshift,1096,0
Pupi02,2,blue,dot,1,8,no,lshift,2476,0
Pupi02,2,blue,dot,1,4,no,lshift,702,0
Pupi02,2,blue,dot,1,2,no,lshift,2487,0
Pupi02,2,blue,dot,1,1,no,lshift,6611,0
Pupi02,2,red,dot,1,6,no,rshift,5900,0
Pupi02,2,blue,dot,1,9,no,lshift,1394,0
Pupi02,2,red,dot,1,3,no,rshift,731,0
Pupi02,2,red,dot,1,2,no,rshift,414,0
Pupi02,2,red,dot,1,2,no,rshift,466,0
Pupi02,2,red,dot,1,3,no,rshift,485,0
Pupi02,2,blue,dot,1,2,no,lshift,519,0
Pupi02,2,red,dot,1,2,no,rshift,601,0
Pupi02,2,blue,dot,1,6,no,lshift,437,0
Pupi02,2,blue,dot,1,6,no,lshift,718,0
Pupi02,2,blue,dot,1,9,no,lshift,572,0
Pupi02,2,blue,dot,1,8,no,lshift,1196,0
Pupi02,2,red,dot,1,7,no,rshift,648,0
Pupi02,2,red,dot,1,7,no,rshift,508,0
Pupi02,2,red,dot,1,9,no,rshift,447,0
Pupi02,2,blue,dot,1,9,no,lshift,534,0
Pupi02,2,red,dot,1,9,no,rshift,436,0
Pupi02,2,blue,dot,1,3,no,lshift,645,0
Pupi02,2,red,dot,1,6,no,rshift,490,0
Pupi02,2,red,dot,1,4,no,rshift,457,0
Pupi02,2,blue,dot,1,3,no,lshift,632,0
Pupi02,2,blue,dot,1,9,no,lshift,802,0
Pupi02,2,blue,dot,1,3,no,lshift,606,0
Pupi02,2,red,dot,1,7,no,rshift,443,0
Pupi02,2,red,dot,1,8,no,rshift,598,0
Pupi02,2,red,dot,1,4,no,rshift,472,0
Pupi02,2,red,dot,1,8,no,rshift,504,0
Pupi02,2,blue,dot,1,6,no,lshift,1255,0
Pupi02,2,blue,dot,1,6,no,lshift,1384,0
Pupi02,2,blue,dot,1,2,no,lshift,618,0
Pupi02,2,red,dot,1,4,no,rshift,1130,0
Pupi02,2,blue,dot,1,9,no,lshift,948,0
Pupi02,2,blue,dot,1,4,no,lshift,454,0
Pupi02,2,blue,dot,1,9,no,lshift,695,0
Pupi02,2,blue,dot,1,1,no,lshift,609,0
Pupi02,2,red,dot,1,4,no,rshift,459,0
Pupi02,2,red,dot,1,4,no,rshift,596,0
Pupi02,2,red,dot,1,7,no,rshift,451,0
Pupi02,2,blue,dot,1,2,no,lshift,452,0
Pupi02,2,blue,dot,1,1,no,lshift,554,0
Pupi02,2,blue,dot,1,7,no,lshift,490,0
Pupi02,2,red,dot,1,2,no,rshift,580,0
Pupi02,2,blue,dot,1,9,no,lshift,533,0
Pupi02,2,red,dot,1,1,no,rshift,738,0
Pupi02,2,blue,dot,1,1,no,lshift,478,0
Pupi02,2,red,dot,1,1,no,rshift,435,0
Pupi02,2,blue,dot,1,7,no,lshift,642,0
Pupi02,2,red,dot,1,9,no,rshift,473,0
Pupi02,2,red,dot,1,3,no,rshift,487,0
Pupi02,2,blue,dot,1,6,no,lshift,596,0
Pupi02,2,red,dot,1,4,no,rshift,724,0
Pupi02,2,red,dot,1,8,no,rshift,404,0
Pupi02,2,red,dot,1,4,no,rshift,355,0
Pupi02,2,red,dot,1,2,no,rshift,523,0
Pupi02,2,red,dot,1,8,no,rshift,361,0
Pupi02,2,red,dot,1,1,no,rshift,3322,0
Pupi02,2,blue,dot,1,1,no,lshift,572,0
Pupi02,2,blue,dot,1,2,no,lshift,528,0
Pupi02,2,blue,dot,1,3,no,lshift,405,0
Pupi02,2,red,dot,1,9,no,rshift,344,0
Pupi02,2,red,dot,1,2,no,rshift,874,0
Pupi02,2,blue,dot,1,4,no,lshift,981,0
Pupi02,2,blue,dot,1,4,no,lshift,1687,0
Pupi02,2,blue,dot,1,2,no,lshift,1116,0
Pupi02,2,blue,dot,1,2,no,lshift,623,0
Pupi02,2,red,dot,1,8,no,rshift,1048,0
Pupi02,2,blue,dot,1,4,no,lshift,1303,0
Pupi02,2,blue,dot,1,4,no,lshift,1317,0
Pupi02,2,blue,dot,1,9,no,lshift,1762,0
Pupi02,2,blue,dot,1,6,no,lshift,1883,0
Pupi02,2,red,dot,1,3,no,rshift,1287,0
Pupi02,2,red,dot,1,2,no,rshift,290,0
Pupi02,2,red,dot,1,2,no,rshift,881,0
Pupi02,2,blue,dot,1,9,no,lshift,922,0
Pupi02,2,blue,dot,1,7,no,lshift,425,0
Pupi02,2,red,dot,1,7,no,rshift,900,0
Pupi02,2,red,dot,1,4,no,rshift,385,0
Pupi02,2,red,dot,1,1,no,rshift,341,0
Pupi02,2,red,dot,1,8,no,rshift,349,0
Pupi02,2,blue,dot,1,8,no,lshift,962,0
Pupi02,2,red,dot,1,8,no,rshift,842,0
Pupi02,2,blue,dot,1,1,no,lshift,1004,0
Pupi02,2,red,dot,1,9,no,rshift,460,0
Pupi02,2,blue,dot,0,7,no,rshift,367,0
Pupi02,2,blue,dot,1,3,no,lshift,398,0
Pupi02,2,red,dot,1,9,no,rshift,416,0
Pupi02,2,blue,dot,1,1,no,lshift,541,0
Pupi02,2,red,dot,1,9,no,rshift,703,0
Pupi02,2,red,dot,0,3,no,lshift,400,0
Pupi02,2,red,dot,1,1,no,rshift,426,0
Pupi02,2,red,dot,1,6,no,rshift,694,0
Pupi02,2,blue,dot,0,2,no,rshift,534,0
Pupi02,2,red,dot,1,1,no,rshift,437,0
Pupi02,2,red,dot,1,3,no,rshift,718,0
Pupi02,2,red,dot,1,8,no,rshift,424,0
Pupi02,2,blue,dot,1,7,no,lshift,433,0
Pupi02,2,red,dot,1,6,no,rshift,518,0
Pupi02,2,red,dot,1,6,no,rshift,353,0
Pupi02,2,blue,dot,1,8,no,lshift,744,0
Pupi02,2,red,dot,1,3,no,rshift,570,0
Pupi02,2,blue,dot,1,3,no,lshift,528,0
Pupi02,2,blue,dot,1,7,no,lshift,463,0
Pupi02,2,blue,dot,1,7,no,lshift,650,0
Pupi02,2,red,dot,1,4,no,rshift,693,0
Pupi02,2,red,dot,1,7,no,rshift,487,0
Pupi02,2,blue,dot,1,6,no,lshift,673,0
Pupi02,2,red,dot,1,9,no,rshift,541,0
Pupi02,2,red,dot,1,6,no,rshift,500,0
Pupi02,2,blue,dot,1,3,no,lshift,543,0
Pupi02,2,blue,dot,1,2,no,lshift,565,0
Pupi02,2,blue,dot,0,2,no,rshift,309,0
Pupi02,2,blue,dot,1,4,no,lshift,539,0
Pupi02,2,red,dot,1,9,no,rshift,403,0
Pupi02,2,blue,dot,1,7,no,lshift,525,0
Pupi02,3,red,dot,1,4,no,rshift,1327,0
Pupi02,3,blue,dot,1,8,no,lshift,1001,0
Pupi02,3,red,dot,1,8,no,rshift,1139,0
Pupi02,3,red,dot,1,3,no,rshift,445,0
Pupi02,3,red,dot,1,6,no,rshift,601,0
Pupi02,3,blue,dot,1,9,no,lshift,1233,0
Pupi02,3,red,dot,0,3,no,lshift,560,0
Pupi02,3,red,dot,1,2,no,rshift,443,0
Pupi02,3,blue,dot,1,8,no,lshift,484,0
Pupi02,3,blue,dot,1,2,no,lshift,562,0
Pupi02,3,blue,dot,1,8,no,lshift,656,0
Pupi02,3,blue,dot,1,8,no,lshift,562,0
Pupi02,3,red,dot,1,9,no,rshift,517,0
Pupi02,3,red,dot,1,8,no,rshift,615,0
Pupi02,3,red,dot,1,7,no,rshift,631,0
Pupi02,3,red,dot,1,6,no,rshift,1271,0
Pupi02,3,red,dot,1,3,no,rshift,508,0
Pupi02,3,red,dot,1,9,no,rshift,562,0
Pupi02,3,red,dot,1,4,no,rshift,528,0
Pupi02,3,blue,dot,1,9,no,lshift,632,0
Pupi02,3,blue,dot,1,8,no,lshift,748,0
Pupi02,3,blue,dot,1,2,no,lshift,631,0
Pupi02,3,blue,dot,1,8,no,lshift,559,0
Pupi02,3,blue,dot,1,9,no,lshift,789,0
Pupi02,3,blue,dot,1,7,no,lshift,528,0
Pupi02,3,red,dot,1,2,no,rshift,596,0
Pupi02,3,blue,dot,1,2,no,lshift,551,0
Pupi02,3,red,dot,1,1,no,rshift,668,0
Pupi02,3,blue,dot,1,4,no,lshift,508,0
Pupi02,3,red,dot,1,3,no,rshift,484,0
Pupi02,3,blue,dot,1,3,no,lshift,722,0
Pupi02,3,red,dot,1,2,no,rshift,625,0
Pupi02,3,blue,dot,1,8,no,lshift,649,0
Pupi02,3,red,dot,1,9,no,rshift,564,0
Pupi02,3,blue,dot,1,1,no,lshift,1207,0
Pupi02,3,blue,dot,1,7,no,lshift,723,0
Pupi02,3,red,dot,1,7,no,rshift,575,0
Pupi02,3,red,dot,1,1,no,rshift,377,0
Pupi02,3,red,dot,1,7,no,rshift,145,0
Pupi02,3,blue,dot,0,3,no,rshift,244,0
Pupi02,3,blue,dot,1,2,no,lshift,405,0
Pupi02,3,blue,dot,1,7,no,lshift,344,0
Pupi02,3,blue,dot,1,2,no,lshift,393,0
Pupi02,3,blue,dot,1,6,no,lshift,394,0
Pupi02,3,red,dot,1,1,no,rshift,364,0
Pupi02,3,red,dot,1,1,no,rshift,371,0
Pupi02,3,red,dot,1,8,no,rshift,344,0
Pupi02,3,red,dot,1,1,no,rshift,351,0
Pupi02,3,blue,dot,1,8,no,lshift,485,0
Pupi02,3,red,dot,1,4,no,rshift,450,0
Pupi02,3,blue,dot,1,3,no,lshift,525,0
Pupi02,3,blue,dot,1,7,no,lshift,925,0
Pupi02,3,red,dot,1,8,no,rshift,681,0
Pupi02,3,blue,dot,1,1,no,lshift,1354,0
Pupi02,3,red,dot,1,3,no,rshift,554,0
Pupi02,3,red,dot,1,4,no,rshift,353,0
Pupi02,3,red,dot,1,9,no,rshift,733,0
Pupi02,3,red,dot,1,6,no,rshift,435,0
Pupi02,3,red,dot,1,6,no,rshift,715,0
Pupi02,3,red,dot,1,7,no,rshift,866,0
Pupi02,3,red,dot,1,6,no,rshift,475,0
Pupi02,3,red,dot,1,3,no,rshift,360,0
Pupi02,3,red,dot,1,4,no,rshift,300,0
Pupi02,3,blue,dot,1,3,no,lshift,527,0
Pupi02,3,blue,dot,1,4,no,lshift,341,0
Pupi02,3,blue,dot,1,4,no,lshift,529,0
Pupi02,3,blue,dot,1,2,no,lshift,380,0
Pupi02,3,red,dot,1,6,no,rshift,464,0
Pupi02,3,blue,dot,1,7,no,lshift,538,0
Pupi02,3,red,dot,1,9,no,rshift,562,0
Pupi02,3,red,dot,1,6,no,rshift,544,0
Pupi02,3,blue,dot,0,1,no,rshift,656,0
Pupi02,3,red,dot,1,1,no,rshift,595,0
Pupi02,3,red,dot,1,6,no,rshift,846,0
Pupi02,3,blue,dot,1,1,no,lshift,521,0
Pupi02,3,blue,dot,1,6,no,lshift,534,0
Pupi02,3,red,dot,1,1,no,rshift,425,0
Pupi02,3,red,dot,1,4,no,rshift,478,0
Pupi02,3,blue,dot,1,2,no,lshift,524,0
Pupi02,3,blue,dot,1,1,no,lshift,652,0
Pupi02,3,red,dot,1,7,no,rshift,366,0
Pupi02,3,red,dot,1,7,no,rshift,472,0
Pupi02,3,red,dot,1,2,no,rshift,327,0
Pupi02,3,blue,dot,1,4,no,lshift,479,0
Pupi02,3,blue,dot,0,9,no,rshift,332,0
Pupi02,3,red,dot,1,4,no,rshift,538,0
Pupi02,3,blue,dot,1,1,no,lshift,442,0
Pupi02,3,red,dot,1,7,no,rshift,545,0
Pupi02,3,blue,dot,1,3,no,lshift,417,0
Pupi02,3,blue,dot,1,6,no,lshift,442,0
Pupi02,3,red,dot,1,3,no,rshift,595,0
Pupi02,3,red,dot,1,8,no,rshift,924,0
Pupi02,3,blue,dot,1,4,no,lshift,614,0
Pupi02,3,red,dot,1,1,no,rshift,496,0
Pupi02,3,blue,dot,1,9,no,lshift,451,0
Pupi02,3,blue,dot,1,7,no,lshift,451,0
Pupi02,3,blue,dot,1,6,no,lshift,440,0
Pupi02,3,blue,dot,1,2,no,lshift,596,0
Pupi02,3,red,dot,1,2,no,rshift,396,0
Pupi02,3,red,dot,1,3,no,rshift,587,0
Pupi02,3,red,dot,1,1,no,rshift,345,0
Pupi02,3,blue,dot,1,9,no,lshift,424,0
Pupi02,3,red,dot,1,2,no,rshift,347,0
Pupi02,3,blue,dot,1,6,no,lshift,459,0
Pupi02,3,blue,dot,1,6,no,lshift,383,0
Pupi02,3,blue,dot,1,1,no,lshift,396,0
Pupi02,3,blue,dot,1,6,no,lshift,348,0
Pupi02,3,blue,dot,1,2,no,lshift,514,0
Pupi02,3,blue,dot,0,7,no,rshift,614,0
Pupi02,3,red,dot,0,4,no,lshift,395,0
Pupi02,3,red,dot,1,3,no,rshift,462,0
Pupi02,3,blue,dot,1,1,no,lshift,466,0
Pupi02,3,red,dot,1,2,no,rshift,354,0
Pupi02,3,blue,dot,1,4,no,lshift,510,0
Pupi02,3,blue,dot,1,1,no,lshift,453,0
Pupi02,3,red,dot,1,2,no,rshift,413,0
Pupi02,3,blue,dot,1,9,no,lshift,431,0
Pupi02,3,blue,dot,1,2,no,lshift,415,0
Pupi02,3,red,dot,1,8,no,rshift,549,0
Pupi02,3,red,dot,1,8,no,rshift,421,0
Pupi02,3,red,dot,1,7,no,rshift,546,0
Pupi02,3,red,dot,1,8,no,rshift,529,0
Pupi02,3,blue,dot,1,6,no,lshift,427,0
Pupi02,3,red,dot,1,9,no,rshift,761,0
Pupi02,3,blue,dot,1,6,no,lshift,599,0
Pupi02,3,blue,dot,1,4,no,lshift,496,0
Pupi02,3,blue,dot,1,3,no,lshift,367,0
Pupi02,3,blue,dot,1,6,no,lshift,369,0
Pupi02,3,blue,dot,1,1,no,lshift,528,0
Pupi02,3,blue,dot,1,4,no,lshift,431,0
Pupi02,3,red,dot,1,3,no,rshift,410,0
Pupi02,3,blue,dot,1,4,no,lshift,507,0
Pupi02,3,blue,dot,1,9,no,lshift,438,0
Pupi02,3,red,dot,1,6,no,rshift,386,0
Pupi02,3,blue,dot,1,7,no,lshift,387,0
Pupi02,3,blue,dot,0,3,no,rshift,370,0
Pupi02,3,red,dot,1,9,no,rshift,451,0
Pupi02,3,red,dot,1,7,no,rshift,527,0
Pupi02,3,blue,dot,1,3,no,lshift,1209,0
Pupi02,3,blue,dot,1,3,no,lshift,464,0
Pupi02,3,blue,dot,1,8,no,lshift,471,0
Pupi02,3,blue,dot,1,7,no,lshift,973,0
Pupi02,3,blue,dot,1,8,no,lshift,556,0
Pupi02,3,blue,dot,1,4,no,lshift,609,0
Pupi02,3,red,dot,1,9,no,rshift,826,0
Pupi02,3,red,dot,1,1,no,rshift,340,0
Pupi02,3,red,dot,1,4,no,rshift,374,0
Pupi02,3,red,dot,1,9,no,rshift,376,0
Pupi02,3,red,dot,1,8,no,rshift,401,0
Pupi02,3,red,dot,1,4,no,rshift,347,0
Pupi02,3,blue,dot,1,7,no,lshift,4935,0
Pupi02,3,blue,dot,1,3,no,lshift,542,0
Pupi02,3,red,dot,1,9,no,rshift,974,0
Pupi02,3,red,dot,1,2,no,rshift,660,0
Pupi02,3,red,dot,1,7,no,rshift,422,0
Pupi02,3,red,dot,1,6,no,rshift,675,0
Pupi02,3,red,dot,1,8,no,rshift,457,0
Pupi02,3,red,dot,1,2,no,rshift,347,0
Pupi02,3,blue,dot,1,9,no,lshift,889,0
Pupi02,3,blue,dot,1,9,no,lshift,567,0
Pupi02,0,blue,classic,1,4,yes,rshift,4101,0
Pupi02,0,blue,classic,1,6,yes,rshift,606,0
Pupi02,0,blue,classic,1,7,yes,lshift,3708,0
Pupi02,0,blue,classic,1,3,yes,lshift,981,0
Pupi02,0,blue,classic,1,2,yes,rshift,551,0
Pupi02,0,blue,classic,1,1,yes,lshift,591,0
Pupi02,0,blue,classic,1,8,yes,rshift,603,0
Pupi02,0,blue,classic,1,9,yes,lshift,1245,0
Pupi02,1,blue,classic,1,1,yes,rshift,592,0
Pupi02,1,blue,classic,1,7,yes,rshift,766,0
Pupi02,1,blue,classic,1,9,yes,rshift,609,0
Pupi02,1,blue,classic,1,4,yes,lshift,426,0
Pupi02,1,blue,classic,1,3,yes,rshift,629,0
Pupi02,1,blue,classic,1,6,yes,lshift,1459,0
Pupi02,1,blue,classic,1,2,yes,lshift,1011,0
Pupi02,1,blue,classic,1,8,yes,lshift,1169,0
Pupi02,2,blue,classic,1,9,no,lshift,1294,0
Pupi02,2,blue,classic,1,7,no,lshift,783,0
Pupi02,2,blue,classic,1,2,no,rshift,1135,0
Pupi02,2,blue,classic,1,8,no,rshift,1451,0
Pupi02,2,blue,classic,1,8,no,rshift,959,0
Pupi02,2,blue,classic,1,9,no,lshift,676,0
Pupi02,2,blue,classic,1,1,no,lshift,786,0
Pupi02,2,blue,classic,1,4,no,rshift,1008,0
Pupi02,2,blue,classic,1,3,no,lshift,1206,0
Pupi02,2,blue,classic,1,1,no,lshift,965,0
Pupi02,2,blue,classic,1,7,no,lshift,568,0
Pupi02,2,blue,classic,1,9,no,lshift,474,0
Pupi02,2,blue,classic,1,1,no,lshift,463,0
Pupi02,2,blue,classic,1,2,no,rshift,4555,0
Pupi02,2,blue,classic,1,1,no,lshift,783,0
Pupi02,2,blue,classic,1,4,no,rshift,942,0
Pupi02,2,blue,classic,1,3,no,lshift,976,0
Pupi02,2,blue,classic,1,7,no,lshift,675,0
Pupi02,2,blue,classic,1,3,no,lshift,537,0
Pupi02,2,blue,classic,1,9,no,lshift,954,0
Pupi02,2,blue,classic,1,3,no,lshift,455,0
Pupi02,2,blue,classic,1,8,no,rshift,1580,0
Pupi02,2,blue,classic,1,4,no,rshift,1053,0
Pupi02,2,blue,classic,1,8,no,rshift,1153,0
Pupi02,2,blue,classic,1,2,no,rshift,1042,0
Pupi02,2,blue,classic,1,8,no,rshift,1479,0
Pupi02,2,blue,classic,1,7,no,lshift,2595,0
Pupi02,2,blue,classic,1,3,no,lshift,905,0
Pupi02,2,blue,classic,1,1,no,lshift,641,0
Pupi02,2,blue,classic,1,2,no,rshift,506,0
Pupi02,2,blue,classic,0,4,no,lshift,517,0
Pupi02,2,blue,classic,1,6,no,rshift,582,0
Pupi02,2,blue,classic,1,4,no,rshift,470,0
Pupi02,2,blue,classic,1,7,no,lshift,689,0
Pupi02,2,blue,classic,1,6,no,rshift,1138,0
Pupi02,2,blue,classic,1,9,no,lshift,1302,0
Pupi02,2,blue,classic,1,8,no,rshift,642,0
Pupi02,2,blue,classic,1,6,no,rshift,470,0
Pupi02,2,blue,classic,1,1,no,lshift,704,0
Pupi02,2,blue,classic,1,8,no,rshift,652,0
Pupi02,2,blue,classic,1,1,no,lshift,485,0
Pupi02,2,blue,classic,1,3,no,lshift,595,0
Pupi02,2,blue,classic,1,1,no,lshift,465,0
Pupi02,2,blue,classic,1,7,no,lshift,726,0
Pupi02,2,blue,classic,1,8,no,rshift,540,0
Pupi02,2,blue,classic,1,1,no,lshift,707,0
Pupi02,2,blue,classic,1,7,no,lshift,684,0
Pupi02,2,blue,classic,1,7,no,lshift,715,0
Pupi02,2,blue,classic,1,4,no,rshift,639,0
Pupi02,2,blue,classic,1,2,no,rshift,955,0
Pupi02,2,blue,classic,1,9,no,lshift,1167,0
Pupi02,2,blue,classic,1,4,no,rshift,668,0
Pupi02,2,blue,classic,1,8,no,rshift,571,0
Pupi02,2,blue,classic,1,7,no,lshift,1365,0
Pupi02,2,blue,classic,1,3,no,lshift,608,0
Pupi02,2,blue,classic,1,6,no,rshift,490,0
Pupi02,2,blue,classic,1,9,no,lshift,655,0
Pupi02,2,blue,classic,1,6,no,rshift,587,0
Pupi02,2,blue,classic,1,6,no,rshift,431,0
Pupi02,2,blue,classic,1,7,no,lshift,552,0
Pupi02,2,blue,classic,1,2,no,rshift,529,0
Pupi02,2,blue,classic,1,6,no,rshift,680,0
Pupi02,2,blue,classic,1,9,no,lshift,575,0
Pupi02,2,blue,classic,1,6,no,rshift,490,0
Pupi02,2,blue,classic,1,1,no,lshift,451,0
Pupi02,2,blue,classic,1,2,no,rshift,1094,0
Pupi02,2,blue,classic,1,8,no,rshift,422,0
Pupi02,2,blue,classic,1,3,no,lshift,982,0
Pupi02,2,blue,classic,1,3,no,lshift,415,0
Pupi02,2,blue,classic,1,3,no,lshift,444,0
Pupi02,2,blue,classic,1,3,no,lshift,410,0
Pupi02,2,blue,classic,1,2,no,rshift,684,0
Pupi02,2,blue,classic,1,9,no,lshift,665,0
Pupi02,2,blue,classic,1,8,no,rshift,454,0
Pupi02,2,blue,classic,0,2,no,lshift,403,0
Pupi02,2,blue,classic,1,8,no,rshift,449,0
Pupi02,2,blue,classic,1,9,no,lshift,582,0
Pupi02,2,blue,classic,1,1,no,lshift,469,0
Pupi02,2,blue,classic,0,2,no,lshift,458,0
Pupi02,2,blue,classic,1,1,no,lshift,518,0
Pupi02,2,blue,classic,1,6,no,rshift,446,0
Pupi02,2,blue,classic,1,7,no,lshift,512,0
Pupi02,2,blue,classic,1,1,no,lshift,439,0
Pupi02,2,blue,classic,1,4,no,rshift,598,0
Pupi02,2,blue,classic,1,6,no,rshift,431,0
Pupi02,2,blue,classic,1,4,no,rshift,442,0
Pupi02,2,blue,classic,1,8,no,rshift,385,0
Pupi02,2,blue,classic,1,1,no,lshift,1059,0
Pupi02,2,blue,classic,0,7,no,rshift,382,0
Pupi02,2,blue,classic,1,4,no,rshift,3577,0
Pupi02,2,blue,classic,1,9,no,lshift,859,0
Pupi02,2,blue,classic,1,9,no,lshift,1100,0
Pupi02,2,blue,classic,1,2,no,rshift,849,0
Pupi02,2,blue,classic,1,2,no,rshift,634,0
Pupi02,2,blue,classic,1,6,no,rshift,613,0
Pupi02,2,blue,classic,1,8,no,rshift,486,0
Pupi02,2,blue,classic,1,3,no,lshift,1233,0
Pupi02,2,blue,classic,1,4,no,rshift,986,0
Pupi02,2,blue,classic,1,7,no,lshift,942,0
Pupi02,2,blue,classic,1,4,no,rshift,657,0
Pupi02,2,blue,classic,1,9,no,lshift,1831,0
Pupi02,2,blue,classic,1,2,no,rshift,1115,0
Pupi02,2,blue,classic,1,4,no,rshift,467,0
Pupi02,2,blue,classic,0,6,no,lshift,416,0
Pupi02,2,blue,classic,1,2,no,rshift,443,0
Pupi02,2,blue,classic,0,7,no,rshift,439,0
Pupi02,2,blue,classic,1,4,no,rshift,461,0
Pupi02,2,blue,classic,1,3,no,lshift,574,0
Pupi02,2,blue,classic,1,6,no,rshift,491,0
Pupi02,2,blue,classic,1,9,no,lshift,545,0
Pupi02,2,blue,classic,1,3,no,lshift,440,0
Pupi02,2,blue,classic,1,6,no,rshift,407,0
Pupi02,3,blue,classic,1,6,no,lshift,519,0
Pupi02,3,blue,classic,1,9,no,rshift,623,0
Pupi02,3,blue,classic,0,7,no,lshift,515,0
Pupi02,3,blue,classic,1,1,no,rshift,718,0
Pupi02,3,blue,classic,1,2,no,lshift,768,0
Pupi02,3,blue,classic,1,2,no,lshift,574,0
Pupi02,3,blue,classic,1,8,no,lshift,711,0
Pupi02,3,blue,classic,1,3,no,rshift,735,0
Pupi02,3,blue,classic,1,2,no,lshift,1043,0
Pupi02,3,blue,classic,1,3,no,rshift,972,0
Pupi02,3,blue,classic,1,9,no,rshift,1112,0
Pupi02,3,blue,classic,1,6,no,lshift,777,0
Pupi02,3,blue,classic,1,1,no,rshift,740,0
Pupi02,3,blue,classic,1,4,no,lshift,544,0
Pupi02,3,blue,classic,0,9,no,lshift,575,0
Pupi02,3,blue,classic,1,8,no,lshift,709,0
Pupi02,3,blue,classic,1,1,no,rshift,428,0
Pupi02,3,blue,classic,1,2,no,lshift,439,0
Pupi02,3,blue,classic,1,6,no,lshift,1526,0
Pupi02,3,blue,classic,1,9,no,rshift,2802,0
Pupi02,3,blue,classic,1,4,no,lshift,3657,0
Pupi02,3,blue,classic,1,4,no,lshift,586,0
Pupi02,3,blue,classic,1,1,no,rshift,682,0
Pupi02,3,blue,classic,1,7,no,rshift,916,0
Pupi02,3,blue,classic,1,1,no,rshift,499,0
Pupi02,3,blue,classic,1,2,no,lshift,496,0
Pupi02,3,blue,classic,1,7,no,rshift,689,0
Pupi02,3,blue,classic,1,2,no,lshift,790,0
Pupi02,3,blue,classic,1,3,no,rshift,573,0
Pupi02,3,blue,classic,1,2,no,lshift,1256,0
Pupi02,3,blue,classic,1,4,no,lshift,561,0
Pupi02,3,blue,classic,1,6,no,lshift,632,0
Pupi02,3,blue,classic,1,1,no,rshift,541,0
Pupi02,3,blue,classic,1,2,no,lshift,574,0
Pupi02,3,blue,classic,1,7,no,rshift,745,0
Pupi02,3,blue,classic,1,9,no,rshift,787,0
Pupi02,3,blue,classic,1,1,no,rshift,729,0
Pupi02,3,blue,classic,1,6,no,lshift,654,0
Pupi02,3,blue,classic,1,9,no,rshift,844,0
Pupi02,3,blue,classic,1,4,no,lshift,807,0
Pupi02,3,blue,classic,1,7,no,rshift,687,0
Pupi02,3,blue,classic,1,7,no,rshift,859,0
Pupi02,3,blue,classic,1,6,no,lshift,624,0
Pupi02,3,blue,classic,1,3,no,rshift,546,0
Pupi02,3,blue,classic,1,4,no,lshift,742,0
Pupi02,3,blue,classic,1,8,no,lshift,1092,0
Pupi02,3,blue,classic,1,8,no,lshift,891,0
Pupi02,3,blue,classic,1,4,no,lshift,2149,0
Pupi02,3,blue,classic,1,7,no,rshift,603,0
Pupi02,3,blue,classic,1,6,no,lshift,540,0
Pupi02,3,blue,classic,1,4,no,lshift,680,0
Pupi02,3,blue,classic,1,3,no,rshift,542,0
Pupi02,3,blue,classic,1,8,no,lshift,2087,0
Pupi02,3,blue,classic,1,9,no,rshift,698,0
Pupi02,3,blue,classic,1,9,no,rshift,1763,0
Pupi02,3,blue,classic,1,7,no,rshift,779,0
Pupi02,3,blue,classic,1,1,no,rshift,963,0
Pupi02,3,blue,classic,1,4,no,lshift,687,0
Pupi02,3,blue,classic,1,4,no,lshift,651,0
Pupi02,3,blue,classic,1,1,no,rshift,539,0
Pupi02,3,blue,classic,1,2,no,lshift,696,0
Pupi02,3,blue,classic,1,9,no,rshift,930,0
Pupi02,3,blue,classic,1,6,no,lshift,650,0
Pupi02,3,blue,classic,1,8,no,lshift,1071,0
Pupi02,3,blue,classic,1,3,no,rshift,664,0
Pupi02,3,blue,classic,1,6,no,lshift,577,0
Pupi02,3,blue,classic,1,3,no,rshift,455,0
Pupi02,3,blue,classic,1,9,no,rshift,708,0
Pupi02,3,blue,classic,1,9,no,rshift,380,0
Pupi02,3,blue,classic,0,2,no,rshift,388,0
Pupi02,3,blue,classic,1,3,no,rshift,641,0
Pupi02,3,blue,classic,1,4,no,lshift,767,0
Pupi02,3,blue,classic,1,7,no,rshift,495,0
Pupi02,3,blue,classic,1,6,no,lshift,809,0
Pupi02,3,blue,classic,1,1,no,rshift,711,0
Pupi02,3,blue,classic,1,2,no,lshift,646,0
Pupi02,3,blue,classic,1,3,no,rshift,1213,0
Pupi02,3,blue,classic,1,3,no,rshift,472,0
Pupi02,3,blue,classic,1,8,no,lshift,689,0
Pupi02,3,blue,classic,1,1,no,rshift,519,0
Pupi02,3,blue,classic,1,6,no,lshift,704,0
Pupi02,3,blue,classic,1,8,no,lshift,477,0
Pupi02,3,blue,classic,1,8,no,lshift,602,0
Pupi02,3,blue,classic,1,1,no,rshift,703,0
Pupi02,3,blue,classic,1,9,no,rshift,570,0
Pupi02,3,blue,classic,0,8,no,rshift,594,0
Pupi02,3,blue,classic,1,3,no,rshift,650,0
Pupi02,3,blue,classic,1,7,no,rshift,898,0
Pupi02,3,blue,classic,1,8,no,lshift,727,0
Pupi02,3,blue,classic,1,4,no,lshift,547,0
Pupi02,3,blue,classic,1,6,no,lshift,1159,0
Pupi02,3,blue,classic,1,4,no,lshift,574,0
Pupi02,3,blue,classic,1,4,no,lshift,646,0
Pupi02,3,blue,classic,1,8,no,lshift,918,0
Pupi02,3,blue,classic,1,3,no,rshift,552,0
Pupi02,3,blue,classic,0,7,no,lshift,18,0
Pupi02,3,blue,classic,1,1,no,rshift,624,0
Pupi02,3,blue,classic,1,7,no,rshift,748,0
Pupi02,3,blue,classic,1,7,no,rshift,512,0
Pupi02,3,blue,classic,1,6,no,lshift,660,0
Pupi02,3,blue,classic,1,8,no,lshift,545,0
Pupi02,3,blue,classic,1,6,no,lshift,442,0
Pupi02,3,blue,classic,1,3,no,rshift,563,0
Pupi02,3,blue,classic,1,2,no,lshift,577,0
Pupi02,3,blue,classic,1,9,no,rshift,621,0
Pupi02,3,blue,classic,1,3,no,rshift,540,0
Pupi02,3,blue,classic,0,2,no,rshift,508,0
Pupi02,3,blue,classic,1,9,no,rshift,514,0
Pupi02,3,blue,classic,1,1,no,rshift,500,0
Pupi02,3,blue,classic,1,2,no,lshift,554,0
Pupi02,3,blue,classic,1,7,no,rshift,730,0
Pupi02,3,blue,classic,1,8,no,lshift,543,0
