ID_name,block,color,condition,correct_keyboard_response,number,practice,response_keyboard_response,response_time_keyboard_response,subject_nr
Hetamo,0,blue,arab,1,1,yes,lshift,2540,1
Hetamo,0,blue,arab,1,6,yes,lshift,2306,1
Hetamo,0,blue,arab,1,7,yes,lshift,900,1
Hetamo,0,blue,arab,1,9,yes,lshift,743,1
Hetamo,0,red,arab,1,8,yes,rshift,1620,1
Hetamo,0,blue,arab,1,3,yes,lshift,17404,1
Hetamo,0,red,arab,1,7,yes,rshift,873,1
Hetamo,0,red,arab,1,4,yes,rshift,635,1
Hetamo,0,red,arab,1,6,yes,rshift,408,1
Hetamo,0,red,arab,1,1,yes,rshift,415,1
Hetamo,0,red,arab,1,9,yes,rshift,398,1
Hetamo,0,blue,arab,1,4,yes,lshift,499,1
Hetamo,0,red,arab,1,2,yes,rshift,439,1
Hetamo,0,red,arab,1,3,yes,rshift,466,1
Hetamo,0,blue,arab,1,8,yes,lshift,821,1
Hetamo,0,blue,arab,1,2,yes,lshift,734,1
Hetamo,1,blue,arab,1,6,no,lshift,680,1
Hetamo,1,red,arab,1,4,no,rshift,334,1
Hetamo,1,blue,arab,1,2,no,lshift,352,1
Hetamo,1,red,arab,1,2,no,rshift,338,1
Hetamo,1,blue,arab,1,2,no,lshift,405,1
Hetamo,1,red,arab,1,1,no,rshift,488,1
Hetamo,1,red,arab,1,3,no,rshift,392,1
Hetamo,1,red,arab,1,3,no,rshift,530,1
Hetamo,1,blue,arab,1,7,no,lshift,416,1
Hetamo,1,red,arab,1,1,no,rshift,377,1
Hetamo,1,blue,arab,1,4,no,lshift,328,1
Hetamo,1,red,arab,1,9,no,rshift,350,1
Hetamo,1,blue,arab,1,1,no,lshift,341,1
Hetamo,1,blue,arab,1,1,no,lshift,617,1
Hetamo,1,blue,arab,1,9,no,lshift,384,1
Hetamo,1,blue,arab,1,9,no,lshift,403,1
Hetamo,1,blue,arab,1,9,no,lshift,402,1
Hetamo,1,red,arab,1,7,no,rshift,340,1
Hetamo,1,red,arab,1,2,no,rshift,361,1
Hetamo,1,red,arab,1,4,no,rshift,386,1
Hetamo,1,red,arab,1,7,no,rshift,460,1
Hetamo,1,red,arab,1,9,no,rshift,373,1
Hetamo,1,blue,arab,1,6,no,lshift,457,1
Hetamo,1,blue,arab,1,2,no,lshift,435,1
Hetamo,1,red,arab,1,4,no,rshift,484,1
Hetamo,1,blue,arab,1,8,no,lshift,368,1
Hetamo,1,red,arab,1,9,no,rshift,324,1
Hetamo,1,blue,arab,1,4,no,lshift,367,1
Hetamo,1,red,arab,1,9,no,rshift,697,1
Hetamo,1,blue,arab,1,6,no,lshift,384,1
Hetamo,1,red,arab,1,3,no,rshift,379,1
Hetamo,1,red,arab,1,8,no,rshift,336,1
Hetamo,1,red,arab,1,1,no,rshift,391,1
Hetamo,1,red,arab,1,8,no,rshift,556,1
Hetamo,1,blue,arab,1,2,no,lshift,391,1
Hetamo,1,red,arab,1,3,no,rshift,431,1
Hetamo,1,red,arab,1,7,no,rshift,412,1
Hetamo,1,red,arab,1,1,no,rshift,357,1
Hetamo,1,blue,arab,1,2,no,lshift,346,1
Hetamo,1,red,arab,1,3,no,rshift,379,1
Hetamo,1,blue,arab,1,6,no,lshift,342,1
Hetamo,1,blue,arab,1,8,no,lshift,532,1
Hetamo,1,blue,arab,1,8,no,lshift,490,1
Hetamo,1,red,arab,1,8,no,rshift,575,1
Hetamo,1,red,arab,1,1,no,rshift,414,1
Hetamo,1,blue,arab,1,1,no,lshift,491,1
Hetamo,1,red,arab,1,6,no,rshift,310,1
Hetamo,1,red,arab,1,9,no,rshift,345,1
Hetamo,1,red,arab,1,1,no,rshift,364,1
Hetamo,1,red,arab,1,8,no,rshift,355,1
Hetamo,1,blue,arab,1,7,no,lshift,346,1
Hetamo,1,blue,arab,0,1,no,rshift,451,1
Hetamo,1,blue,arab,1,8,no,lshift,738,1
Hetamo,1,red,arab,1,8,no,rshift,503,1
Hetamo,1,blue,arab,1,9,no,lshift,383,1
Hetamo,1,red,arab,1,6,no,rshift,384,1
Hetamo,1,red,arab,1,6,no,rshift,325,1
Hetamo,1,red,arab,1,6,no,rshift,389,1
Hetamo,1,blue,arab,1,3,no,lshift,325,1
Hetamo,1,red,arab,1,4,no,rshift,378,1
Hetamo,1,red,arab,1,6,no,rshift,407,1
Hetamo,1,red,arab,1,9,no,rshift,340,1
Hetamo,1,blue,arab,1,2,no,lshift,391,1
Hetamo,1,red,arab,1,8,no,rshift,291,1
Hetamo,1,blue,arab,1,2,no,lshift,362,1
Hetamo,1,blue,arab,1,4,no,lshift,352,1
Hetamo,1,red,arab,1,3,no,rshift,416,1
Hetamo,1,red,arab,1,6,no,rshift,385,1
Hetamo,1,blue,arab,1,1,no,lshift,365,1
Hetamo,1,blue,arab,1,3,no,lshift,348,1
Hetamo,1,red,arab,1,7,no,rshift,446,1
Hetamo,1,blue,arab,1,7,no,lshift,324,1
Hetamo,1,red,arab,1,2,no,rshift,398,1
Hetamo,1,red,arab,1,1,no,rshift,769,1
Hetamo,1,red,arab,1,8,no,rshift,335,1
Hetamo,1,blue,arab,1,9,no,lshift,341,1
Hetamo,1,blue,arab,1,3,no,lshift,410,1
Hetamo,1,blue,arab,1,6,no,lshift,397,1
Hetamo,1,blue,arab,1,3,no,lshift,383,1
Hetamo,1,red,arab,1,9,no,rshift,331,1
Hetamo,1,red,arab,0,9,no,lshift,436,1
Hetamo,1,red,arab,1,3,no,rshift,453,1
Hetamo,1,red,arab,1,2,no,rshift,498,1
Hetamo,1,blue,arab,1,9,no,lshift,386,1
Hetamo,1,blue,arab,1,7,no,lshift,640,1
Hetamo,1,red,arab,1,6,no,rshift,405,1
Hetamo,1,blue,arab,1,3,no,lshift,318,1
Hetamo,1,blue,arab,1,7,no,lshift,527,1
Hetamo,1,red,arab,1,6,no,rshift,440,1
Hetamo,1,red,arab,1,2,no,rshift,437,1
Hetamo,1,red,arab,1,1,no,rshift,480,1
Hetamo,1,red,arab,1,2,no,rshift,373,1
Hetamo,1,red,arab,1,6,no,rshift,367,1
Hetamo,1,blue,arab,1,9,no,lshift,461,1
Hetamo,1,blue,arab,1,3,no,lshift,513,1
Hetamo,1,blue,arab,1,6,no,lshift,435,1
Hetamo,1,blue,arab,1,9,no,lshift,353,1
Hetamo,1,red,arab,1,4,no,rshift,484,1
Hetamo,1,red,arab,1,6,no,rshift,386,1
Hetamo,1,red,arab,1,4,no,rshift,353,1
Hetamo,1,blue,arab,1,3,no,lshift,384,1
Hetamo,1,red,arab,1,8,no,rshift,387,1
Hetamo,1,red,arab,1,2,no,rshift,403,1
Hetamo,1,red,arab,1,9,no,rshift,360,1
Hetamo,1,blue,arab,1,4,no,lshift,415,1
Hetamo,1,blue,arab,1,1,no,lshift,433,1
Hetamo,1,red,arab,1,8,no,rshift,477,1
Hetamo,1,blue,arab,1,2,no,lshift,466,1
Hetamo,1,blue,arab,1,6,no,lshift,353,1
Hetamo,1,blue,arab,1,6,no,lshift,425,1
Hetamo,1,blue,arab,1,7,no,lshift,358,1
Hetamo,1,red,arab,1,7,no,rshift,381,1
Hetamo,1,blue,arab,1,6,no,lshift,410,1
Hetamo,1,red,arab,1,9,no,rshift,317,1
Hetamo,1,blue,arab,1,4,no,lshift,315,1
Hetamo,1,blue,arab,1,1,no,lshift,376,1
Hetamo,1,red,arab,1,3,no,rshift,396,1
Hetamo,1,blue,arab,1,8,no,lshift,580,1
Hetamo,1,red,arab,1,7,no,rshift,404,1
Hetamo,1,blue,arab,1,9,no,lshift,365,1
Hetamo,1,red,arab,1,8,no,rshift,350,1
Hetamo,1,blue,arab,1,7,no,lshift,328,1
Hetamo,1,blue,arab,1,2,no,lshift,360,1
Hetamo,1,blue,arab,1,8,no,lshift,399,1
Hetamo,1,blue,arab,1,4,no,lshift,370,1
Hetamo,1,blue,arab,1,8,no,lshift,333,1
Hetamo,1,blue,arab,1,8,no,lshift,337,1
Hetamo,1,blue,arab,1,8,no,lshift,342,1
Hetamo,1,blue,arab,1,1,no,lshift,481,1
Hetamo,1,blue,arab,1,4,no,lshift,329,1
Hetamo,1,red,arab,1,1,no,rshift,297,1
Hetamo,1,blue,arab,1,9,no,lshift,345,1
Hetamo,1,blue,arab,1,3,no,lshift,333,1
Hetamo,1,red,arab,1,4,no,rshift,406,1
Hetamo,1,blue,arab,1,7,no,lshift,321,1
Hetamo,1,blue,arab,1,6,no,lshift,321,1
Hetamo,1,red,arab,1,7,no,rshift,345,1
Hetamo,1,blue,arab,1,4,no,lshift,330,1
Hetamo,1,blue,arab,1,4,no,lshift,364,1
Hetamo,1,blue,arab,1,1,no,lshift,331,1
Hetamo,1,red,arab,1,4,no,rshift,417,1
Hetamo,1,blue,arab,1,7,no,lshift,377,1
Hetamo,1,red,arab,1,4,no,rshift,356,1
Hetamo,1,blue,arab,1,8,no,lshift,334,1
Hetamo,1,blue,arab,1,1,no,lshift,383,1
Hetamo,1,blue,arab,1,4,no,lshift,341,1
Hetamo,1,blue,arab,1,2,no,lshift,342,1
Hetamo,1,red,arab,1,3,no,rshift,398,1
Hetamo,1,blue,arab,1,3,no,lshift,409,1
Hetamo,1,red,arab,1,1,no,rshift,297,1
Hetamo,1,red,arab,1,3,no,rshift,383,1
Hetamo,1,red,arab,1,2,no,rshift,304,1
Hetamo,1,blue,arab,1,3,no,lshift,365,1
Hetamo,1,red,arab,1,7,no,rshift,524,1
Hetamo,1,red,arab,1,4,no,rshift,377,1
Hetamo,1,blue,arab,1,7,no,lshift,379,1
Hetamo,1,red,arab,1,7,no,rshift,416,1
Hetamo,1,red,arab,1,2,no,rshift,367,1
Hetamo,1,red,arab,1,7,no,rshift,380,1
Hetamo,1,red,arab,1,2,no,rshift,379,1
Hetamo,2,blue,arab,1,6,no,lshift,566,1
Hetamo,2,blue,arab,1,7,no,lshift,397,1
Hetamo,2,red,arab,1,6,no,rshift,423,1
Hetamo,2,red,arab,1,8,no,rshift,343,1
Hetamo,2,blue,arab,1,6,no,lshift,329,1
Hetamo,2,blue,arab,1,4,no,lshift,355,1
Hetamo,2,red,arab,1,2,no,rshift,453,1
Hetamo,2,red,arab,1,1,no,rshift,346,1
Hetamo,2,red,arab,1,6,no,rshift,497,1
Hetamo,2,red,arab,1,1,no,rshift,291,1
Hetamo,2,blue,arab,1,9,no,lshift,386,1
Hetamo,2,blue,arab,1,3,no,lshift,369,1
Hetamo,2,red,arab,1,1,no,rshift,432,1
Hetamo,2,blue,arab,1,4,no,lshift,522,1
Hetamo,2,red,arab,1,4,no,rshift,633,1
Hetamo,2,red,arab,1,1,no,rshift,346,1
Hetamo,2,blue,arab,1,9,no,lshift,411,1
Hetamo,2,blue,arab,1,7,no,lshift,564,1
Hetamo,2,blue,arab,1,8,no,lshift,439,1
Hetamo,2,blue,arab,1,7,no,lshift,724,1
Hetamo,2,red,arab,1,9,no,rshift,508,1
Hetamo,2,red,arab,1,4,no,rshift,553,1
Hetamo,2,red,arab,1,2,no,rshift,320,1
Hetamo,2,red,arab,1,9,no,rshift,352,1
Hetamo,2,blue,arab,1,9,no,lshift,423,1
Hetamo,2,blue,arab,1,8,no,lshift,412,1
Hetamo,2,red,arab,0,2,no,lshift,374,1
Hetamo,2,blue,arab,1,6,no,lshift,356,1
Hetamo,2,blue,arab,1,8,no,lshift,389,1
Hetamo,2,blue,arab,1,7,no,lshift,366,1
Hetamo,2,red,arab,1,4,no,rshift,308,1
Hetamo,2,red,arab,1,3,no,rshift,341,1
Hetamo,2,red,arab,1,3,no,rshift,354,1
Hetamo,2,blue,arab,1,3,no,lshift,389,1
Hetamo,2,red,arab,1,3,no,rshift,337,1
Hetamo,2,red,arab,1,7,no,rshift,384,1
Hetamo,2,red,arab,1,1,no,rshift,322,1
Hetamo,2,red,arab,1,4,no,rshift,370,1
Hetamo,2,blue,arab,1,4,no,lshift,336,1
Hetamo,2,blue,arab,1,8,no,lshift,482,1
Hetamo,2,red,arab,0,1,no,lshift,422,1
Hetamo,2,red,arab,1,9,no,rshift,395,1
Hetamo,2,red,arab,1,3,no,rshift,355,1
Hetamo,2,red,arab,1,8,no,rshift,332,1
Hetamo,2,red,arab,1,7,no,rshift,328,1
Hetamo,2,blue,arab,1,9,no,lshift,426,1
Hetamo,2,red,arab,1,4,no,rshift,314,1
Hetamo,2,blue,arab,1,3,no,lshift,384,1
Hetamo,2,blue,arab,1,6,no,lshift,447,1
Hetamo,2,red,arab,1,9,no,rshift,337,1
Hetamo,2,red,arab,1,3,no,rshift,371,1
Hetamo,2,red,arab,1,2,no,rshift,385,1
Hetamo,2,blue,arab,1,2,no,lshift,376,1
Hetamo,2,red,arab,1,7,no,rshift,463,1
Hetamo,2,red,arab,1,3,no,rshift,384,1
Hetamo,2,red,arab,1,9,no,rshift,294,1
Hetamo,2,blue,arab,1,6,no,lshift,362,1
Hetamo,2,red,arab,1,6,no,rshift,292,1
Hetamo,2,blue,arab,1,7,no,lshift,436,1
Hetamo,2,red,arab,1,2,no,rshift,512,1
Hetamo,2,red,arab,1,2,no,rshift,336,1
Hetamo,2,red,arab,1,4,no,rshift,319,1
Hetamo,2,red,arab,1,9,no,rshift,376,1
Hetamo,2,red,arab,1,8,no,rshift,299,1
Hetamo,2,red,arab,1,2,no,rshift,363,1
Hetamo,2,blue,arab,1,4,no,lshift,410,1
Hetamo,2,red,arab,1,6,no,rshift,273,1
Hetamo,2,red,arab,1,4,no,rshift,425,1
Hetamo,2,blue,arab,1,4,no,lshift,467,1
Hetamo,2,blue,arab,1,1,no,lshift,438,1
Hetamo,2,blue,arab,1,2,no,lshift,510,1
Hetamo,2,red,arab,1,7,no,rshift,643,1
Hetamo,2,red,arab,1,6,no,rshift,539,1
Hetamo,2,red,arab,1,8,no,rshift,433,1
Hetamo,2,red,arab,1,9,no,rshift,349,1
Hetamo,2,red,arab,1,3,no,rshift,362,1
Hetamo,2,blue,arab,1,1,no,lshift,327,1
Hetamo,2,blue,arab,1,2,no,lshift,323,1
Hetamo,2,blue,arab,1,6,no,lshift,425,1
Hetamo,2,blue,arab,1,4,no,lshift,347,1
Hetamo,2,blue,arab,1,3,no,lshift,371,1
Hetamo,2,blue,arab,1,1,no,lshift,329,1
Hetamo,2,blue,arab,1,9,no,lshift,381,1
Hetamo,2,blue,arab,1,3,no,lshift,406,1
Hetamo,2,red,arab,1,2,no,rshift,432,1
Hetamo,2,red,arab,1,7,no,rshift,308,1
Hetamo,2,blue,arab,1,8,no,lshift,383,1
Hetamo,2,blue,arab,1,2,no,lshift,345,1
Hetamo,2,red,arab,1,7,no,rshift,321,1
Hetamo,2,blue,arab,1,1,no,lshift,331,1
Hetamo,2,blue,arab,1,6,no,lshift,350,1
Hetamo,2,blue,arab,1,9,no,lshift,373,1
Hetamo,2,blue,arab,1,1,no,lshift,393,1
Hetamo,2,red,arab,1,9,no,rshift,354,1
Hetamo,2,blue,arab,1,9,no,lshift,390,1
Hetamo,2,blue,arab,1,8,no,lshift,471,1
Hetamo,2,red,arab,0,1,no,lshift,304,1
Hetamo,2,red,arab,1,6,no,rshift,339,1
Hetamo,2,blue,arab,1,7,no,lshift,429,1
Hetamo,2,red,arab,1,7,no,rshift,314,1
Hetamo,2,blue,arab,1,2,no,lshift,412,1
Hetamo,2,blue,arab,1,1,no,lshift,408,1
Hetamo,2,blue,arab,1,8,no,lshift,349,1
Hetamo,2,blue,arab,1,7,no,lshift,343,1
Hetamo,2,red,arab,1,6,no,rshift,405,1
Hetamo,2,red,arab,1,6,no,rshift,307,1
Hetamo,2,blue,arab,1,1,no,lshift,363,1
Hetamo,2,blue,arab,1,3,no,lshift,405,1
Hetamo,2,blue,arab,1,4,no,lshift,418,1
Hetamo,2,blue,arab,1,2,no,lshift,486,1
Hetamo,2,red,arab,1,2,no,rshift,400,1
Hetamo,2,red,arab,1,3,no,rshift,408,1
Hetamo,2,blue,arab,1,9,no,lshift,432,1
Hetamo,2,red,arab,1,8,no,rshift,466,1
Hetamo,2,blue,arab,1,4,no,lshift,754,1
Hetamo,2,red,arab,1,7,no,rshift,377,1
Hetamo,2,red,arab,1,6,no,rshift,433,1
Hetamo,2,blue,arab,1,2,no,lshift,379,1
Hetamo,2,blue,arab,1,3,no,lshift,403,1
Hetamo,2,blue,arab,1,9,no,lshift,390,1
Hetamo,2,red,arab,1,4,no,rshift,508,1
Hetamo,2,red,arab,1,1,no,rshift,434,1
Hetamo,2,red,arab,1,3,no,rshift,363,1
Hetamo,2,red,arab,1,4,no,rshift,380,1
Hetamo,2,blue,arab,1,6,no,lshift,398,1
Hetamo,2,blue,arab,1,6,no,lshift,441,1
Hetamo,2,blue,arab,1,3,no,lshift,489,1
Hetamo,2,blue,arab,1,4,no,lshift,404,1
Hetamo,2,blue,arab,1,7,no,lshift,397,1
Hetamo,2,blue,arab,1,1,no,lshift,421,1
Hetamo,2,blue,arab,1,4,no,lshift,377,1
Hetamo,2,blue,arab,1,8,no,lshift,415,1
Hetamo,2,red,arab,1,7,no,rshift,379,1
Hetamo,2,red,arab,1,7,no,rshift,393,1
Hetamo,2,red,arab,1,1,no,rshift,298,1
Hetamo,2,red,arab,1,3,no,rshift,460,1
Hetamo,2,red,arab,1,8,no,rshift,383,1
Hetamo,2,blue,arab,1,9,no,lshift,356,1
Hetamo,2,red,arab,1,8,no,rshift,331,1
Hetamo,2,red,arab,1,8,no,rshift,397,1
Hetamo,2,blue,arab,1,8,no,lshift,394,1
Hetamo,2,blue,arab,1,2,no,lshift,433,1
Hetamo,2,red,arab,1,9,no,rshift,419,1
Hetamo,2,blue,arab,1,3,no,lshift,345,1
Hetamo,2,blue,arab,1,7,no,lshift,556,1
Hetamo,2,red,arab,1,4,no,rshift,331,1
Hetamo,2,blue,arab,1,7,no,lshift,462,1
Hetamo,2,red,arab,1,9,no,rshift,626,1
Hetamo,2,blue,arab,1,2,no,lshift,407,1
Hetamo,2,red,arab,1,2,no,rshift,427,1
Hetamo,2,red,arab,1,8,no,rshift,334,1
Hetamo,2,red,arab,1,8,no,rshift,419,1
Hetamo,2,blue,arab,1,2,no,lshift,494,1
Hetamo,2,blue,arab,1,8,no,lshift,482,1
Hetamo,2,blue,arab,1,1,no,lshift,391,1
Hetamo,2,blue,arab,1,3,no,lshift,368,1
Hetamo,2,blue,arab,1,1,no,lshift,390,1
Hetamo,2,blue,arab,1,6,no,lshift,612,1
Hetamo,2,red,arab,1,1,no,rshift,485,1
Hetamo,2,red,arab,1,6,no,rshift,703,1
Hetamo,3,red,arab,1,4,no,rshift,388,1
Hetamo,3,red,arab,1,9,no,rshift,331,1
Hetamo,3,red,arab,1,1,no,rshift,293,1
Hetamo,3,red,arab,1,9,no,rshift,328,1
Hetamo,3,red,arab,1,8,no,rshift,286,1
Hetamo,3,blue,arab,1,6,no,lshift,378,1
Hetamo,3,blue,arab,1,7,no,lshift,308,1
Hetamo,3,blue,arab,1,1,no,lshift,334,1
Hetamo,3,blue,arab,1,8,no,lshift,292,1
Hetamo,3,blue,arab,1,4,no,lshift,345,1
Hetamo,3,red,arab,1,7,no,rshift,392,1
Hetamo,3,blue,arab,1,7,no,lshift,384,1
Hetamo,3,blue,arab,1,4,no,lshift,314,1
Hetamo,3,red,arab,1,6,no,rshift,459,1
Hetamo,3,blue,arab,1,4,no,lshift,407,1
Hetamo,3,blue,arab,1,6,no,lshift,413,1
Hetamo,3,blue,arab,1,1,no,lshift,348,1
Hetamo,3,red,arab,1,6,no,rshift,452,1
Hetamo,3,red,arab,1,7,no,rshift,315,1
Hetamo,3,red,arab,1,7,no,rshift,334,1
Hetamo,3,blue,arab,1,8,no,lshift,363,1
Hetamo,3,red,arab,1,6,no,rshift,428,1
Hetamo,3,red,arab,1,3,no,rshift,386,1
Hetamo,3,red,arab,1,7,no,rshift,381,1
Hetamo,3,red,arab,1,1,no,rshift,335,1
Hetamo,3,blue,arab,1,1,no,lshift,451,1
Hetamo,3,blue,arab,1,7,no,lshift,333,1
Hetamo,3,red,arab,1,1,no,rshift,275,1
Hetamo,3,blue,arab,1,9,no,lshift,436,1
Hetamo,3,blue,arab,1,1,no,lshift,279,1
Hetamo,3,red,arab,1,9,no,rshift,342,1
Hetamo,3,blue,arab,1,4,no,lshift,412,1
Hetamo,3,blue,arab,1,2,no,lshift,373,1
Hetamo,3,blue,arab,1,7,no,lshift,317,1
Hetamo,3,red,arab,1,1,no,rshift,287,1
Hetamo,3,red,arab,1,6,no,rshift,355,1
Hetamo,3,blue,arab,1,7,no,lshift,269,1
Hetamo,3,blue,arab,1,3,no,lshift,314,1
Hetamo,3,blue,arab,1,7,no,lshift,379,1
Hetamo,3,blue,arab,1,2,no,lshift,320,1
Hetamo,3,blue,arab,1,6,no,lshift,328,1
Hetamo,3,red,arab,1,9,no,rshift,381,1
Hetamo,3,blue,arab,1,8,no,lshift,388,1
Hetamo,3,blue,arab,1,3,no,lshift,321,1
Hetamo,3,blue,arab,1,1,no,lshift,337,1
Hetamo,3,blue,arab,1,2,no,lshift,358,1
Hetamo,3,blue,arab,1,6,no,lshift,373,1
Hetamo,3,blue,arab,1,3,no,lshift,373,1
Hetamo,3,blue,arab,1,2,no,lshift,379,1
Hetamo,3,red,arab,1,8,no,rshift,318,1
Hetamo,3,blue,arab,1,9,no,lshift,354,1
Hetamo,3,red,arab,1,6,no,rshift,397,1
Hetamo,3,blue,arab,1,6,no,lshift,345,1
Hetamo,3,red,arab,1,1,no,rshift,394,1
Hetamo,3,red,arab,1,3,no,rshift,355,1
Hetamo,3,blue,arab,1,8,no,lshift,317,1
Hetamo,3,red,arab,1,2,no,rshift,350,1
Hetamo,3,blue,arab,1,4,no,lshift,301,1
Hetamo,3,red,arab,1,6,no,rshift,325,1
Hetamo,3,red,arab,1,3,no,rshift,425,1
Hetamo,3,red,arab,1,3,no,rshift,349,1
Hetamo,3,red,arab,0,7,no,lshift,428,1
Hetamo,3,red,arab,1,2,no,rshift,400,1
Hetamo,3,blue,arab,1,4,no,lshift,348,1
Hetamo,3,red,arab,1,4,no,rshift,433,1
Hetamo,3,red,arab,1,8,no,rshift,401,1
Hetamo,3,blue,arab,1,7,no,lshift,355,1
Hetamo,3,red,arab,1,4,no,rshift,366,1
Hetamo,3,red,arab,1,2,no,rshift,483,1
Hetamo,3,blue,arab,1,4,no,lshift,431,1
Hetamo,3,blue,arab,1,1,no,lshift,379,1
Hetamo,3,blue,arab,1,2,no,lshift,399,1
Hetamo,3,red,arab,1,9,no,rshift,359,1
Hetamo,3,blue,arab,1,7,no,lshift,450,1
Hetamo,3,red,arab,1,2,no,rshift,426,1
Hetamo,3,blue,arab,1,2,no,lshift,397,1
Hetamo,3,blue,arab,1,2,no,lshift,454,1
Hetamo,3,red,arab,1,8,no,rshift,321,1
Hetamo,3,red,arab,1,8,no,rshift,320,1
Hetamo,3,red,arab,1,6,no,rshift,288,1
Hetamo,3,blue,arab,1,9,no,lshift,372,1
Hetamo,3,blue,arab,1,3,no,lshift,431,1
Hetamo,3,red,arab,1,1,no,rshift,399,1
Hetamo,3,blue,arab,1,9,no,lshift,440,1
Hetamo,3,blue,arab,1,2,no,lshift,383,1
Hetamo,3,blue,arab,1,8,no,lshift,440,1
Hetamo,3,red,arab,1,8,no,rshift,342,1
Hetamo,3,red,arab,0,2,no,lshift,423,1
Hetamo,3,red,arab,1,8,no,rshift,322,1
Hetamo,3,red,arab,1,6,no,rshift,321,1
Hetamo,3,red,arab,1,2,no,rshift,348,1
Hetamo,3,blue,arab,1,8,no,lshift,329,1
Hetamo,3,blue,arab,1,2,no,lshift,388,1
Hetamo,3,blue,arab,1,9,no,lshift,388,1
Hetamo,3,blue,arab,1,8,no,lshift,376,1
Hetamo,3,red,arab,1,4,no,rshift,355,1
Hetamo,3,blue,arab,1,8,no,lshift,683,1
Hetamo,3,red,arab,1,1,no,rshift,338,1
Hetamo,3,blue,arab,1,3,no,lshift,384,1
Hetamo,3,blue,arab,1,9,no,lshift,618,1
Hetamo,3,blue,arab,1,9,no,lshift,441,1
Hetamo,3,red,arab,1,8,no,rshift,368,1
Hetamo,3,red,arab,1,9,no,rshift,332,1
Hetamo,3,red,arab,1,3,no,rshift,335,1
Hetamo,3,red,arab,1,4,no,rshift,323,1
Hetamo,3,red,arab,1,7,no,rshift,328,1
Hetamo,3,blue,arab,1,9,no,lshift,383,1
Hetamo,3,red,arab,1,3,no,rshift,428,1
Hetamo,3,blue,arab,1,7,no,lshift,470,1
Hetamo,3,blue,arab,1,8,no,lshift,379,1
Hetamo,3,red,arab,1,8,no,rshift,395,1
Hetamo,3,blue,arab,1,3,no,lshift,374,1
Hetamo,3,blue,arab,1,6,no,lshift,391,1
Hetamo,3,blue,arab,1,4,no,lshift,390,1
Hetamo,3,red,arab,1,1,no,rshift,381,1
Hetamo,3,blue,arab,1,4,no,lshift,373,1
Hetamo,3,red,arab,1,7,no,rshift,383,1
Hetamo,3,blue,arab,1,3,no,lshift,400,1
Hetamo,3,blue,arab,1,1,no,lshift,398,1
Hetamo,3,red,arab,1,7,no,rshift,361,1
Hetamo,3,blue,arab,1,1,no,lshift,364,1
Hetamo,3,blue,arab,1,8,no,lshift,416,1
Hetamo,3,red,arab,1,1,no,rshift,418,1
Hetamo,3,blue,arab,1,9,no,lshift,407,1
Hetamo,3,red,arab,1,2,no,rshift,401,1
Hetamo,3,red,arab,1,6,no,rshift,412,1
Hetamo,3,blue,arab,1,2,no,lshift,407,1
Hetamo,3,blue,arab,1,7,no,lshift,391,1
Hetamo,3,red,arab,1,4,no,rshift,758,1
Hetamo,3,red,arab,1,3,no,rshift,397,1
Hetamo,3,red,arab,1,2,no,rshift,423,1
Hetamo,3,blue,arab,1,3,no,lshift,391,1
Hetamo,3,red,arab,1,4,no,rshift,501,1
Hetamo,3,blue,arab,1,6,no,lshift,395,1
Hetamo,3,blue,arab,1,6,no,lshift,359,1
Hetamo,3,red,arab,1,8,no,rshift,302,1
Hetamo,3,red,arab,1,9,no,rshift,547,1
Hetamo,3,red,arab,1,4,no,rshift,321,1
Hetamo,3,red,arab,1,7,no,rshift,305,1
Hetamo,3,red,arab,1,4,no,rshift,306,1
Hetamo,3,red,arab,1,2,no,rshift,383,1
Hetamo,3,red,arab,1,6,no,rshift,348,1
Hetamo,3,blue,arab,1,3,no,lshift,394,1
Hetamo,3,blue,arab,1,1,no,lshift,472,1
Hetamo,3,red,arab,1,7,no,rshift,353,1
Hetamo,3,red,arab,0,9,no,lshift,433,1
Hetamo,3,red,arab,1,3,no,rshift,332,1
Hetamo,3,red,arab,1,9,no,rshift,320,1
Hetamo,3,red,arab,1,1,no,rshift,394,1
Hetamo,3,red,arab,1,3,no,rshift,274,1
Hetamo,3,blue,arab,1,3,no,lshift,342,1
Hetamo,3,blue,arab,1,9,no,lshift,512,1
Hetamo,3,blue,arab,1,1,no,lshift,438,1
Hetamo,3,blue,arab,1,6,no,lshift,353,1
Hetamo,3,red,arab,1,9,no,rshift,350,1
Hetamo,3,blue,arab,1,6,no,lshift,371,1
Hetamo,3,blue,arab,1,4,no,lshift,337,1
Hetamo,3,red,arab,1,4,no,rshift,315,1
Hetamo,3,red,arab,1,2,no,rshift,343,1
Hetamo,3,red,arab,1,3,no,rshift,351,1
Hetamo,0,blue,dot,1,7,yes,lshift,499,1
Hetamo,0,blue,dot,1,9,yes,lshift,344,1
Hetamo,0,blue,dot,1,4,yes,lshift,349,1
Hetamo,0,blue,dot,1,6,yes,lshift,390,1
Hetamo,0,red,dot,0,6,yes,lshift,282,1
Hetamo,0,red,dot,1,4,yes,rshift,459,1
Hetamo,0,red,dot,1,9,yes,rshift,323,1
Hetamo,0,red,dot,1,8,yes,rshift,283,1
Hetamo,0,blue,dot,1,8,yes,lshift,322,1
Hetamo,0,blue,dot,1,3,yes,lshift,417,1
Hetamo,0,red,dot,1,1,yes,rshift,358,1
Hetamo,0,red,dot,1,7,yes,rshift,415,1
Hetamo,0,blue,dot,1,2,yes,lshift,417,1
Hetamo,0,blue,dot,1,1,yes,lshift,414,1
Hetamo,0,red,dot,1,3,yes,rshift,385,1
Hetamo,0,red,dot,1,2,yes,rshift,399,1
Hetamo,1,red,dot,1,6,no,rshift,463,1
Hetamo,1,red,dot,1,8,no,rshift,385,1
Hetamo,1,red,dot,1,1,no,rshift,358,1
Hetamo,1,red,dot,1,9,no,rshift,313,1
Hetamo,1,red,dot,1,7,no,rshift,283,1
Hetamo,1,blue,dot,1,6,no,lshift,320,1
Hetamo,1,blue,dot,1,1,no,lshift,322,1
Hetamo,1,red,dot,1,7,no,rshift,334,1
Hetamo,1,red,dot,1,3,no,rshift,340,1
Hetamo,1,red,dot,1,9,no,rshift,353,1
Hetamo,1,blue,dot,1,7,no,lshift,348,1
Hetamo,1,blue,dot,1,7,no,lshift,400,1
Hetamo,1,blue,dot,1,1,no,lshift,396,1
Hetamo,1,blue,dot,1,3,no,lshift,333,1
Hetamo,1,red,dot,1,1,no,rshift,377,1
Hetamo,1,red,dot,1,3,no,rshift,410,1
Hetamo,1,red,dot,1,4,no,rshift,359,1
Hetamo,1,blue,dot,1,9,no,lshift,393,1
Hetamo,1,blue,dot,1,8,no,lshift,390,1
Hetamo,1,blue,dot,1,4,no,lshift,339,1
Hetamo,1,red,dot,1,3,no,rshift,408,1
Hetamo,1,red,dot,1,4,no,rshift,360,1
Hetamo,1,blue,dot,1,9,no,lshift,475,1
Hetamo,1,blue,dot,1,1,no,lshift,473,1
Hetamo,1,red,dot,1,2,no,rshift,344,1
Hetamo,1,red,dot,1,7,no,rshift,297,1
Hetamo,1,red,dot,1,1,no,rshift,284,1
Hetamo,1,blue,dot,1,9,no,lshift,287,1
Hetamo,1,red,dot,1,8,no,rshift,370,1
Hetamo,1,blue,dot,1,3,no,lshift,458,1
Hetamo,1,red,dot,1,8,no,rshift,297,1
Hetamo,1,blue,dot,1,6,no,lshift,410,1
Hetamo,1,red,dot,1,1,no,rshift,342,1
Hetamo,1,blue,dot,1,9,no,lshift,391,1
Hetamo,1,red,dot,1,4,no,rshift,362,1
Hetamo,1,blue,dot,1,3,no,lshift,948,1
Hetamo,1,red,dot,1,2,no,rshift,516,1
Hetamo,1,red,dot,1,8,no,rshift,576,1
Hetamo,1,blue,dot,1,9,no,lshift,426,1
Hetamo,1,blue,dot,1,3,no,lshift,549,1
Hetamo,1,blue,dot,1,9,no,lshift,512,1
Hetamo,1,blue,dot,1,4,no,lshift,418,1
Hetamo,1,red,dot,1,3,no,rshift,433,1
Hetamo,1,blue,dot,1,6,no,lshift,403,1
Hetamo,1,red,dot,1,7,no,rshift,481,1
Hetamo,1,red,dot,1,3,no,rshift,472,1
Hetamo,1,blue,dot,1,4,no,lshift,355,1
Hetamo,1,blue,dot,0,2,no,rshift,478,1
Hetamo,1,blue,dot,1,6,no,lshift,348,1
Hetamo,1,red,dot,1,1,no,rshift,406,1
Hetamo,1,red,dot,1,8,no,rshift,354,1
Hetamo,1,red,dot,1,3,no,rshift,323,1
Hetamo,1,blue,dot,1,6,no,lshift,544,1
Hetamo,1,blue,dot,1,4,no,lshift,431,1
Hetamo,1,blue,dot,0,3,no,rshift,800,1
Hetamo,1,red,dot,1,4,no,rshift,333,1
Hetamo,1,red,dot,1,8,no,rshift,381,1
Hetamo,1,red,dot,1,8,no,rshift,311,1
Hetamo,1,blue,dot,1,6,no,lshift,375,1
Hetamo,1,blue,dot,1,6,no,lshift,372,1
Hetamo,1,blue,dot,1,8,no,lshift,368,1
Hetamo,1,blue,dot,1,7,no,lshift,379,1
Hetamo,1,blue,dot,1,1,no,lshift,384,1
Hetamo,1,red,dot,1,7,no,rshift,429,1
Hetamo,1,blue,dot,1,4,no,lshift,336,1
Hetamo,1,blue,dot,1,7,no,lshift,414,1
Hetamo,1,red,dot,1,9,no,rshift,422,1
Hetamo,1,blue,dot,1,8,no,lshift,343,1
Hetamo,1,blue,dot,1,1,no,lshift,352,1
Hetamo,1,red,dot,1,9,no,rshift,479,1
Hetamo,1,blue,dot,1,7,no,lshift,361,1
Hetamo,1,red,dot,1,4,no,rshift,309,1
Hetamo,1,red,dot,1,9,no,rshift,367,1
Hetamo,1,red,dot,1,7,no,rshift,310,1
Hetamo,1,red,dot,1,1,no,rshift,374,1
Hetamo,1,blue,dot,1,1,no,lshift,327,1
Hetamo,1,red,dot,1,2,no,rshift,325,1
Hetamo,1,blue,dot,1,7,no,lshift,354,1
Hetamo,1,blue,dot,1,4,no,lshift,346,1
Hetamo,1,blue,dot,1,3,no,lshift,355,1
Hetamo,1,red,dot,1,4,no,rshift,550,1
Hetamo,1,blue,dot,1,4,no,lshift,351,1
Hetamo,1,blue,dot,1,3,no,lshift,362,1
Hetamo,1,blue,dot,1,2,no,lshift,376,1
Hetamo,1,blue,dot,1,3,no,lshift,335,1
Hetamo,1,red,dot,1,6,no,rshift,310,1
Hetamo,1,blue,dot,1,7,no,lshift,358,1
Hetamo,1,red,dot,1,6,no,rshift,491,1
Hetamo,1,blue,dot,1,2,no,lshift,354,1
Hetamo,1,red,dot,1,3,no,rshift,295,1
Hetamo,1,red,dot,1,1,no,rshift,281,1
Hetamo,1,blue,dot,1,6,no,lshift,371,1
Hetamo,1,red,dot,1,9,no,rshift,385,1
Hetamo,1,blue,dot,1,2,no,lshift,430,1
Hetamo,1,red,dot,1,9,no,rshift,386,1
Hetamo,1,blue,dot,1,2,no,lshift,348,1
Hetamo,1,red,dot,1,3,no,rshift,325,1
Hetamo,1,blue,dot,1,8,no,lshift,353,1
Hetamo,1,red,dot,1,4,no,rshift,410,1
Hetamo,1,red,dot,1,4,no,rshift,393,1
Hetamo,1,blue,dot,1,2,no,lshift,541,1
Hetamo,1,blue,dot,1,2,no,lshift,406,1
Hetamo,1,red,dot,1,9,no,rshift,374,1
Hetamo,1,red,dot,1,8,no,rshift,415,1
Hetamo,1,blue,dot,1,9,no,lshift,483,1
Hetamo,1,blue,dot,1,8,no,lshift,378,1
Hetamo,1,blue,dot,1,7,no,lshift,528,1
Hetamo,1,blue,dot,1,2,no,lshift,425,1
Hetamo,1,red,dot,1,3,no,rshift,469,1
Hetamo,1,red,dot,1,1,no,rshift,313,1
Hetamo,1,blue,dot,1,9,no,lshift,335,1
Hetamo,1,red,dot,1,9,no,rshift,386,1
Hetamo,1,red,dot,1,8,no,rshift,402,1
Hetamo,1,red,dot,1,3,no,rshift,353,1
Hetamo,1,blue,dot,1,8,no,lshift,370,1
Hetamo,1,red,dot,1,1,no,rshift,291,1
Hetamo,1,blue,dot,1,1,no,lshift,297,1
Hetamo,1,red,dot,1,2,no,rshift,273,1
Hetamo,1,red,dot,1,6,no,rshift,385,1
Hetamo,1,blue,dot,1,1,no,lshift,316,1
Hetamo,1,blue,dot,1,6,no,lshift,452,1
Hetamo,1,blue,dot,1,4,no,lshift,376,1
Hetamo,1,red,dot,1,7,no,rshift,332,1
Hetamo,1,red,dot,1,2,no,rshift,276,1
Hetamo,1,blue,dot,1,8,no,lshift,308,1
Hetamo,1,red,dot,1,6,no,rshift,427,1
Hetamo,1,red,dot,1,9,no,rshift,354,1
Hetamo,1,red,dot,1,4,no,rshift,336,1
Hetamo,1,red,dot,1,7,no,rshift,412,1
Hetamo,1,red,dot,1,2,no,rshift,322,1
Hetamo,1,blue,dot,1,3,no,lshift,308,1
Hetamo,1,blue,dot,1,3,no,lshift,403,1
Hetamo,1,red,dot,0,4,no,lshift,389,1
Hetamo,1,blue,dot,1,8,no,lshift,467,1
Hetamo,1,blue,dot,1,8,no,lshift,442,1
Hetamo,1,blue,dot,1,4,no,lshift,470,1
Hetamo,1,red,dot,1,1,no,rshift,325,1
Hetamo,1,red,dot,1,7,no,rshift,365,1
Hetamo,1,blue,dot,1,4,no,lshift,399,1
Hetamo,1,blue,dot,1,7,no,lshift,321,1
Hetamo,1,blue,dot,1,8,no,lshift,395,1
Hetamo,1,blue,dot,1,6,no,lshift,355,1
Hetamo,1,red,dot,1,2,no,rshift,313,1
Hetamo,1,blue,dot,1,2,no,lshift,394,1
Hetamo,1,red,dot,1,6,no,rshift,364,1
Hetamo,1,red,dot,1,6,no,rshift,304,1
Hetamo,1,red,dot,1,2,no,rshift,434,1
Hetamo,1,blue,dot,1,1,no,lshift,478,1
Hetamo,1,blue,dot,1,9,no,lshift,390,1
Hetamo,1,red,dot,1,2,no,rshift,433,1
Hetamo,1,red,dot,1,7,no,rshift,415,1
Hetamo,1,blue,dot,1,9,no,lshift,409,1
Hetamo,1,red,dot,1,2,no,rshift,324,1
Hetamo,1,red,dot,1,6,no,rshift,358,1
Hetamo,1,red,dot,1,6,no,rshift,292,1
Hetamo,1,blue,dot,1,1,no,lshift,313,1
Hetamo,1,red,dot,1,8,no,rshift,281,1
Hetamo,1,red,dot,1,6,no,rshift,328,1
Hetamo,1,blue,dot,1,2,no,lshift,315,1
Hetamo,1,blue,dot,1,7,no,lshift,362,1
Hetamo,2,red,dot,1,1,no,rshift,518,1
Hetamo,2,red,dot,1,9,no,rshift,348,1
Hetamo,2,blue,dot,1,6,no,lshift,288,1
Hetamo,2,red,dot,1,3,no,rshift,299,1
Hetamo,2,red,dot,1,1,no,rshift,316,1
Hetamo,2,blue,dot,1,2,no,lshift,328,1
Hetamo,2,red,dot,1,3,no,rshift,428,1
Hetamo,2,red,dot,1,2,no,rshift,431,1
Hetamo,2,blue,dot,1,4,no,lshift,404,1
Hetamo,2,blue,dot,1,6,no,lshift,390,1
Hetamo,2,blue,dot,1,1,no,lshift,393,1
Hetamo,2,blue,dot,1,1,no,lshift,327,1
Hetamo,2,red,dot,1,9,no,rshift,269,1
Hetamo,2,red,dot,1,4,no,rshift,401,1
Hetamo,2,red,dot,1,9,no,rshift,416,1
Hetamo,2,red,dot,1,7,no,rshift,335,1
Hetamo,2,blue,dot,1,9,no,lshift,333,1
Hetamo,2,red,dot,1,1,no,rshift,430,1
Hetamo,2,red,dot,1,1,no,rshift,331,1
Hetamo,2,red,dot,1,2,no,rshift,397,1
Hetamo,2,red,dot,1,3,no,rshift,329,1
Hetamo,2,red,dot,1,1,no,rshift,299,1
Hetamo,2,red,dot,1,1,no,rshift,335,1
Hetamo,2,red,dot,1,8,no,rshift,349,1
Hetamo,2,blue,dot,1,1,no,lshift,311,1
Hetamo,2,blue,dot,1,4,no,lshift,432,1
Hetamo,2,blue,dot,1,6,no,lshift,343,1
Hetamo,2,red,dot,1,6,no,rshift,289,1
Hetamo,2,red,dot,1,8,no,rshift,382,1
Hetamo,2,red,dot,1,6,no,rshift,310,1
Hetamo,2,blue,dot,1,1,no,lshift,500,1
Hetamo,2,red,dot,1,7,no,rshift,353,1
Hetamo,2,red,dot,1,9,no,rshift,465,1
Hetamo,2,red,dot,1,9,no,rshift,307,1
Hetamo,2,blue,dot,1,4,no,lshift,310,1
Hetamo,2,blue,dot,1,7,no,lshift,371,1
Hetamo,2,red,dot,1,7,no,rshift,357,1
Hetamo,2,red,dot,1,7,no,rshift,293,1
Hetamo,2,blue,dot,1,6,no,lshift,353,1
Hetamo,2,red,dot,1,3,no,rshift,366,1
Hetamo,2,red,dot,1,8,no,rshift,306,1
Hetamo,2,blue,dot,1,6,no,lshift,387,1
Hetamo,2,red,dot,1,4,no,rshift,468,1
Hetamo,2,red,dot,1,4,no,rshift,417,1
Hetamo,2,red,dot,1,4,no,rshift,328,1
Hetamo,2,blue,dot,1,7,no,lshift,339,1
Hetamo,2,blue,dot,1,4,no,lshift,573,1
Hetamo,2,red,dot,1,9,no,rshift,393,1
Hetamo,2,red,dot,1,3,no,rshift,396,1
Hetamo,2,blue,dot,1,7,no,lshift,333,1
Hetamo,2,blue,dot,1,6,no,lshift,369,1
Hetamo,2,red,dot,0,8,no,lshift,331,1
Hetamo,2,red,dot,1,1,no,rshift,329,1
Hetamo,2,red,dot,1,2,no,rshift,480,1
Hetamo,2,red,dot,1,7,no,rshift,372,1
Hetamo,2,blue,dot,1,3,no,lshift,377,1
Hetamo,2,red,dot,1,7,no,rshift,388,1
Hetamo,2,blue,dot,1,3,no,lshift,348,1
Hetamo,2,blue,dot,1,3,no,lshift,404,1
Hetamo,2,blue,dot,1,7,no,lshift,383,1
Hetamo,2,blue,dot,1,8,no,lshift,335,1
Hetamo,2,red,dot,1,3,no,rshift,334,1
Hetamo,2,red,dot,1,3,no,rshift,330,1
Hetamo,2,blue,dot,1,9,no,lshift,357,1
Hetamo,2,red,dot,1,1,no,rshift,297,1
Hetamo,2,blue,dot,1,8,no,lshift,361,1
Hetamo,2,blue,dot,1,1,no,lshift,409,1
Hetamo,2,red,dot,1,1,no,rshift,293,1
Hetamo,2,red,dot,1,2,no,rshift,309,1
Hetamo,2,blue,dot,1,8,no,lshift,328,1
Hetamo,2,red,dot,1,2,no,rshift,286,1
Hetamo,2,blue,dot,1,2,no,lshift,327,1
Hetamo,2,blue,dot,1,9,no,lshift,345,1
Hetamo,2,red,dot,1,8,no,rshift,370,1
Hetamo,2,blue,dot,1,9,no,lshift,315,1
Hetamo,2,red,dot,1,9,no,rshift,336,1
Hetamo,2,red,dot,1,4,no,rshift,359,1
Hetamo,2,blue,dot,1,7,no,lshift,361,1
Hetamo,2,blue,dot,1,8,no,lshift,320,1
Hetamo,2,red,dot,1,7,no,rshift,383,1
Hetamo,2,blue,dot,1,7,no,lshift,1042,1
Hetamo,2,red,dot,1,6,no,rshift,287,1
Hetamo,2,red,dot,1,8,no,rshift,292,1
Hetamo,2,red,dot,1,9,no,rshift,306,1
Hetamo,2,red,dot,1,8,no,rshift,509,1
Hetamo,2,blue,dot,1,9,no,lshift,417,1
Hetamo,2,blue,dot,1,2,no,lshift,337,1
Hetamo,2,blue,dot,1,8,no,lshift,401,1
Hetamo,2,blue,dot,1,2,no,lshift,378,1
Hetamo,2,red,dot,1,7,no,rshift,370,1
Hetamo,2,blue,dot,1,2,no,lshift,382,1
Hetamo,2,blue,dot,1,7,no,lshift,396,1
Hetamo,2,red,dot,1,2,no,rshift,455,1
Hetamo,2,red,dot,1,2,no,rshift,488,1
Hetamo,2,red,dot,1,9,no,rshift,348,1
Hetamo,2,red,dot,1,4,no,rshift,476,1
Hetamo,2,red,dot,1,7,no,rshift,381,1
Hetamo,2,blue,dot,1,3,no,lshift,384,1
Hetamo,2,red,dot,1,8,no,rshift,414,1
Hetamo,2,red,dot,1,7,no,rshift,538,1
Hetamo,2,blue,dot,1,9,no,lshift,347,1
Hetamo,2,blue,dot,1,1,no,lshift,348,1
Hetamo,2,blue,dot,1,4,no,lshift,359,1
Hetamo,2,blue,dot,1,3,no,lshift,352,1
Hetamo,2,blue,dot,1,8,no,lshift,349,1
Hetamo,2,red,dot,1,2,no,rshift,332,1
Hetamo,2,blue,dot,1,9,no,lshift,406,1
Hetamo,2,blue,dot,1,6,no,lshift,293,1
Hetamo,2,blue,dot,1,3,no,lshift,311,1
Hetamo,2,blue,dot,1,4,no,lshift,279,1
Hetamo,2,blue,dot,1,8,no,lshift,279,1
Hetamo,2,blue,dot,1,2,no,lshift,308,1
Hetamo,2,red,dot,1,2,no,rshift,432,1
Hetamo,2,red,dot,1,6,no,rshift,541,1
Hetamo,2,blue,dot,1,8,no,lshift,370,1
Hetamo,2,blue,dot,1,4,no,lshift,423,1
Hetamo,2,red,dot,1,4,no,rshift,403,1
Hetamo,2,blue,dot,1,2,no,lshift,377,1
Hetamo,2,red,dot,1,1,no,rshift,429,1
Hetamo,2,red,dot,1,4,no,rshift,328,1
Hetamo,2,blue,dot,1,9,no,lshift,401,1
Hetamo,2,red,dot,1,6,no,rshift,358,1
Hetamo,2,blue,dot,1,1,no,lshift,299,1
Hetamo,2,red,dot,1,2,no,rshift,265,1
Hetamo,2,blue,dot,1,6,no,lshift,310,1
Hetamo,2,blue,dot,1,2,no,lshift,376,1
Hetamo,2,blue,dot,1,7,no,lshift,324,1
Hetamo,2,blue,dot,1,3,no,lshift,329,1
Hetamo,2,red,dot,1,4,no,rshift,383,1
Hetamo,2,blue,dot,1,8,no,lshift,307,1
Hetamo,2,blue,dot,1,6,no,lshift,295,1
Hetamo,2,red,dot,1,3,no,rshift,302,1
Hetamo,2,blue,dot,1,7,no,lshift,372,1
Hetamo,2,red,dot,1,6,no,rshift,350,1
Hetamo,2,red,dot,1,9,no,rshift,315,1
Hetamo,2,blue,dot,1,1,no,lshift,345,1
Hetamo,2,blue,dot,1,2,no,lshift,465,1
Hetamo,2,blue,dot,0,4,no,rshift,337,1
Hetamo,2,red,dot,1,4,no,rshift,289,1
Hetamo,2,red,dot,1,6,no,rshift,323,1
Hetamo,2,red,dot,1,6,no,rshift,370,1
Hetamo,2,blue,dot,1,7,no,lshift,340,1
Hetamo,2,blue,dot,1,9,no,lshift,346,1
Hetamo,2,red,dot,1,6,no,rshift,296,1
Hetamo,2,red,dot,1,8,no,rshift,307,1
Hetamo,2,red,dot,1,3,no,rshift,342,1
Hetamo,2,blue,dot,1,3,no,lshift,317,1
Hetamo,2,blue,dot,1,1,no,lshift,324,1
Hetamo,2,blue,dot,1,2,no,lshift,272,1
Hetamo,2,blue,dot,1,6,no,lshift,320,1
Hetamo,2,blue,dot,1,4,no,lshift,355,1
Hetamo,2,red,dot,1,3,no,rshift,362,1
Hetamo,2,blue,dot,1,3,no,lshift,487,1
Hetamo,2,red,dot,1,6,no,rshift,559,1
Hetamo,2,red,dot,1,8,no,rshift,308,1
Hetamo,2,blue,dot,1,8,no,lshift,365,1
Hetamo,2,blue,dot,1,1,no,lshift,504,1
Hetamo,2,blue,dot,1,9,no,lshift,476,1
Hetamo,2,blue,dot,1,3,no,lshift,605,1
Hetamo,2,blue,dot,1,4,no,lshift,316,1
Hetamo,3,blue,dot,1,8,no,lshift,363,1
Hetamo,3,red,dot,1,7,no,rshift,345,1
Hetamo,3,red,dot,1,4,no,rshift,511,1
Hetamo,3,red,dot,1,8,no,rshift,312,1
Hetamo,3,blue,dot,1,1,no,lshift,274,1
Hetamo,3,blue,dot,1,3,no,lshift,339,1
Hetamo,3,red,dot,1,4,no,rshift,381,1
Hetamo,3,red,dot,1,8,no,rshift,341,1
Hetamo,3,blue,dot,1,3,no,lshift,425,1
Hetamo,3,blue,dot,0,1,no,rshift,299,1
Hetamo,3,red,dot,1,1,no,rshift,328,1
Hetamo,3,blue,dot,1,7,no,lshift,309,1
Hetamo,3,red,dot,1,7,no,rshift,323,1
Hetamo,3,red,dot,1,3,no,rshift,348,1
Hetamo,3,red,dot,1,8,no,rshift,289,1
Hetamo,3,blue,dot,1,6,no,lshift,322,1
Hetamo,3,blue,dot,1,1,no,lshift,477,1
Hetamo,3,red,dot,1,3,no,rshift,286,1
Hetamo,3,red,dot,1,1,no,rshift,399,1
Hetamo,3,blue,dot,1,7,no,lshift,390,1
Hetamo,3,blue,dot,1,8,no,lshift,277,1
Hetamo,3,blue,dot,1,6,no,lshift,386,1
Hetamo,3,red,dot,1,9,no,rshift,403,1
Hetamo,3,red,dot,1,6,no,rshift,307,1
Hetamo,3,red,dot,1,3,no,rshift,331,1
Hetamo,3,blue,dot,1,8,no,lshift,369,1
Hetamo,3,blue,dot,1,7,no,lshift,358,1
Hetamo,3,blue,dot,1,2,no,lshift,487,1
Hetamo,3,red,dot,1,6,no,rshift,309,1
Hetamo,3,blue,dot,1,8,no,lshift,487,1
Hetamo,3,blue,dot,1,8,no,lshift,446,1
Hetamo,3,red,dot,1,6,no,rshift,381,1
Hetamo,3,red,dot,1,1,no,rshift,360,1
Hetamo,3,red,dot,1,1,no,rshift,335,1
Hetamo,3,red,dot,1,6,no,rshift,298,1
Hetamo,3,red,dot,1,2,no,rshift,324,1
Hetamo,3,red,dot,1,4,no,rshift,278,1
Hetamo,3,red,dot,1,1,no,rshift,343,1
Hetamo,3,red,dot,1,1,no,rshift,269,1
Hetamo,3,red,dot,1,4,no,rshift,300,1
Hetamo,3,red,dot,1,7,no,rshift,321,1
Hetamo,3,blue,dot,1,6,no,lshift,357,1
Hetamo,3,red,dot,1,2,no,rshift,335,1
Hetamo,3,blue,dot,0,1,no,rshift,297,1
Hetamo,3,blue,dot,1,2,no,lshift,363,1
Hetamo,3,blue,dot,1,7,no,lshift,325,1
Hetamo,3,red,dot,1,3,no,rshift,301,1
Hetamo,3,red,dot,1,9,no,rshift,287,1
Hetamo,3,blue,dot,1,4,no,lshift,331,1
Hetamo,3,blue,dot,1,6,no,lshift,334,1
Hetamo,3,blue,dot,1,9,no,lshift,379,1
Hetamo,3,blue,dot,1,9,no,lshift,415,1
Hetamo,3,blue,dot,1,7,no,lshift,330,1
Hetamo,3,red,dot,1,7,no,rshift,307,1
Hetamo,3,red,dot,0,7,no,lshift,294,1
Hetamo,3,red,dot,1,8,no,rshift,325,1
Hetamo,3,red,dot,1,7,no,rshift,452,1
Hetamo,3,red,dot,1,7,no,rshift,352,1
Hetamo,3,red,dot,1,8,no,rshift,292,1
Hetamo,3,blue,dot,1,2,no,lshift,351,1
Hetamo,3,blue,dot,1,1,no,lshift,348,1
Hetamo,3,red,dot,1,7,no,rshift,338,1
Hetamo,3,red,dot,1,9,no,rshift,355,1
Hetamo,3,red,dot,1,8,no,rshift,325,1
Hetamo,3,blue,dot,1,6,no,lshift,319,1
Hetamo,3,red,dot,1,2,no,rshift,408,1
Hetamo,3,blue,dot,1,3,no,lshift,353,1
Hetamo,3,red,dot,1,3,no,rshift,326,1
Hetamo,3,blue,dot,1,7,no,lshift,364,1
Hetamo,3,blue,dot,1,3,no,lshift,329,1
Hetamo,3,red,dot,1,3,no,rshift,310,1
Hetamo,3,blue,dot,1,1,no,lshift,424,1
Hetamo,3,red,dot,1,9,no,rshift,317,1
Hetamo,3,red,dot,1,2,no,rshift,364,1
Hetamo,3,blue,dot,1,9,no,lshift,348,1
Hetamo,3,red,dot,1,6,no,rshift,353,1
Hetamo,3,red,dot,1,7,no,rshift,393,1
Hetamo,3,blue,dot,1,3,no,lshift,378,1
Hetamo,3,blue,dot,0,8,no,rshift,439,1
Hetamo,3,blue,dot,1,1,no,lshift,336,1
Hetamo,3,blue,dot,1,2,no,lshift,357,1
Hetamo,3,red,dot,1,3,no,rshift,359,1
Hetamo,3,blue,dot,1,3,no,lshift,374,1
Hetamo,3,blue,dot,1,4,no,lshift,370,1
Hetamo,3,red,dot,1,2,no,rshift,365,1
Hetamo,3,red,dot,1,9,no,rshift,266,1
Hetamo,3,blue,dot,1,4,no,lshift,272,1
Hetamo,3,blue,dot,1,9,no,lshift,320,1
Hetamo,3,red,dot,1,2,no,rshift,292,1
Hetamo,3,blue,dot,1,2,no,lshift,315,1
Hetamo,3,blue,dot,1,4,no,lshift,360,1
Hetamo,3,red,dot,0,9,no,lshift,336,1
Hetamo,3,blue,dot,1,7,no,lshift,354,1
Hetamo,3,blue,dot,1,4,no,lshift,379,1
Hetamo,3,red,dot,1,3,no,rshift,269,1
Hetamo,3,red,dot,1,4,no,rshift,332,1
Hetamo,3,blue,dot,1,7,no,lshift,315,1
Hetamo,3,red,dot,1,2,no,rshift,425,1
Hetamo,3,blue,dot,1,9,no,lshift,279,1
Hetamo,3,blue,dot,1,9,no,lshift,343,1
Hetamo,3,red,dot,1,4,no,rshift,450,1
Hetamo,3,blue,dot,1,3,no,lshift,328,1
Hetamo,3,blue,dot,1,4,no,lshift,415,1
Hetamo,3,red,dot,1,3,no,rshift,363,1
Hetamo,3,red,dot,1,9,no,rshift,388,1
Hetamo,3,red,dot,1,6,no,rshift,400,1
Hetamo,3,red,dot,1,9,no,rshift,290,1
Hetamo,3,blue,dot,1,7,no,lshift,368,1
Hetamo,3,blue,dot,1,7,no,lshift,413,1
Hetamo,3,red,dot,1,8,no,rshift,351,1
Hetamo,3,red,dot,1,1,no,rshift,372,1
Hetamo,3,red,dot,1,9,no,rshift,339,1
Hetamo,3,red,dot,1,3,no,rshift,328,1
Hetamo,3,blue,dot,1,8,no,lshift,591,1
Hetamo,3,blue,dot,1,1,no,lshift,345,1
Hetamo,3,red,dot,1,6,no,rshift,364,1
Hetamo,3,blue,dot,1,8,no,lshift,410,1
Hetamo,3,blue,dot,1,3,no,lshift,396,1
Hetamo,3,blue,dot,1,1,no,lshift,349,1
Hetamo,3,blue,dot,1,9,no,lshift,436,1
Hetamo,3,red,dot,1,6,no,rshift,349,1
Hetamo,3,red,dot,1,8,no,rshift,413,1
Hetamo,3,blue,dot,1,3,no,lshift,401,1
Hetamo,3,red,dot,1,9,no,rshift,396,1
Hetamo,3,blue,dot,1,6,no,lshift,355,1
Hetamo,3,blue,dot,1,2,no,lshift,633,1
Hetamo,3,red,dot,1,2,no,rshift,432,1
Hetamo,3,blue,dot,1,4,no,lshift,384,1
Hetamo,3,blue,dot,1,2,no,lshift,478,1
Hetamo,3,blue,dot,1,2,no,lshift,377,1
Hetamo,3,red,dot,1,2,no,rshift,406,1
Hetamo,3,red,dot,1,7,no,rshift,497,1
Hetamo,3,red,dot,1,8,no,rshift,319,1
Hetamo,3,red,dot,1,1,no,rshift,542,1
Hetamo,3,red,dot,1,1,no,rshift,405,1
Hetamo,3,red,dot,1,4,no,rshift,300,1
Hetamo,3,red,dot,1,8,no,rshift,328,1
Hetamo,3,blue,dot,1,8,no,lshift,365,1
Hetamo,3,red,dot,1,6,no,rshift,344,1
Hetamo,3,blue,dot,1,8,no,lshift,384,1
Hetamo,3,blue,dot,1,1,no,lshift,502,1
Hetamo,3,blue,dot,1,6,no,lshift,318,1
Hetamo,3,blue,dot,1,6,no,lshift,418,1
Hetamo,3,blue,dot,1,3,no,lshift,498,1
Hetamo,3,blue,dot,1,4,no,lshift,503,1
Hetamo,3,red,dot,1,4,no,rshift,377,1
Hetamo,3,blue,dot,1,2,no,lshift,505,1
Hetamo,3,blue,dot,1,4,no,lshift,430,1
Hetamo,3,red,dot,1,4,no,rshift,377,1
Hetamo,3,red,dot,1,1,no,rshift,303,1
Hetamo,3,blue,dot,1,4,no,lshift,368,1
Hetamo,3,blue,dot,1,2,no,lshift,373,1
Hetamo,3,blue,dot,1,9,no,lshift,366,1
Hetamo,3,red,dot,1,4,no,rshift,318,1
Hetamo,3,red,dot,1,2,no,rshift,383,1
Hetamo,3,blue,dot,1,6,no,lshift,377,1
Hetamo,3,blue,dot,1,9,no,lshift,318,1
Hetamo,3,blue,dot,1,9,no,lshift,416,1
Hetamo,3,red,dot,1,6,no,rshift,404,1
Hetamo,3,blue,dot,1,6,no,lshift,418,1
Hetamo,0,blue,classic,1,1,yes,lshift,796,1
Hetamo,0,blue,classic,1,7,yes,lshift,581,1
Hetamo,0,blue,classic,1,4,yes,rshift,540,1
Hetamo,0,blue,classic,1,8,yes,rshift,470,1
Hetamo,0,blue,classic,1,6,yes,rshift,547,1
Hetamo,0,blue,classic,1,3,yes,lshift,456,1
Hetamo,0,blue,classic,1,2,yes,rshift,514,1
Hetamo,0,blue,classic,1,9,yes,lshift,531,1
Hetamo,1,blue,classic,1,4,yes,lshift,532,1
Hetamo,1,blue,classic,1,9,yes,rshift,588,1
Hetamo,1,blue,classic,0,1,yes,lshift,582,1
Hetamo,1,blue,classic,1,3,yes,rshift,1682,1
Hetamo,1,blue,classic,1,6,yes,lshift,996,1
Hetamo,1,blue,classic,1,8,yes,lshift,1140,1
Hetamo,1,blue,classic,1,2,yes,lshift,1717,1
Hetamo,1,blue,classic,1,7,yes,rshift,444,1
Hetamo,2,blue,classic,1,7,no,lshift,696,1
Hetamo,2,blue,classic,1,2,no,rshift,458,1
Hetamo,2,blue,classic,1,9,no,lshift,603,1
Hetamo,2,blue,classic,1,8,no,rshift,472,1
Hetamo,2,blue,classic,1,9,no,lshift,537,1
Hetamo,2,blue,classic,1,6,no,rshift,517,1
Hetamo,2,blue,classic,1,9,no,lshift,505,1
Hetamo,2,blue,classic,1,9,no,lshift,549,1
Hetamo,2,blue,classic,1,2,no,rshift,890,1
Hetamo,2,blue,classic,1,4,no,rshift,501,1
Hetamo,2,blue,classic,1,1,no,lshift,569,1
Hetamo,2,blue,classic,1,8,no,rshift,446,1
Hetamo,2,blue,classic,1,1,no,lshift,427,1
Hetamo,2,blue,classic,1,1,no,lshift,500,1
Hetamo,2,blue,classic,1,2,no,rshift,535,1
Hetamo,2,blue,classic,1,3,no,lshift,546,1
Hetamo,2,blue,classic,1,6,no,rshift,438,1
Hetamo,2,blue,classic,1,7,no,lshift,548,1
Hetamo,2,blue,classic,1,8,no,rshift,443,1
Hetamo,2,blue,classic,1,4,no,rshift,805,1
Hetamo,2,blue,classic,1,3,no,lshift,571,1
Hetamo,2,blue,classic,1,7,no,lshift,661,1
Hetamo,2,blue,classic,1,2,no,rshift,560,1
Hetamo,2,blue,classic,1,3,no,lshift,792,1
Hetamo,2,blue,classic,1,3,no,lshift,519,1
Hetamo,2,blue,classic,1,4,no,rshift,493,1
Hetamo,2,blue,classic,1,7,no,lshift,565,1
Hetamo,2,blue,classic,1,6,no,rshift,780,1
Hetamo,2,blue,classic,1,8,no,rshift,600,1
Hetamo,2,blue,classic,1,1,no,lshift,784,1
Hetamo,2,blue,classic,1,9,no,lshift,625,1
Hetamo,2,blue,classic,1,9,no,lshift,470,1
Hetamo,2,blue,classic,1,4,no,rshift,498,1
Hetamo,2,blue,classic,1,8,no,rshift,508,1
Hetamo,2,blue,classic,1,1,no,lshift,558,1
Hetamo,2,blue,classic,1,6,no,rshift,774,1
Hetamo,2,blue,classic,1,3,no,lshift,511,1
Hetamo,2,blue,classic,1,4,no,rshift,536,1
Hetamo,2,blue,classic,1,9,no,lshift,550,1
Hetamo,2,blue,classic,1,3,no,lshift,526,1
Hetamo,2,blue,classic,1,9,no,lshift,550,1
Hetamo,2,blue,classic,1,2,no,rshift,1205,1
Hetamo,2,blue,classic,1,9,no,lshift,521,1
Hetamo,2,blue,classic,1,8,no,rshift,590,1
Hetamo,2,blue,classic,1,3,no,lshift,488,1
Hetamo,2,blue,classic,1,3,no,lshift,410,1
Hetamo,2,blue,classic,1,7,no,lshift,532,1
Hetamo,2,blue,classic,1,4,no,rshift,478,1
Hetamo,2,blue,classic,1,1,no,lshift,546,1
Hetamo,2,blue,classic,1,6,no,rshift,575,1
Hetamo,2,blue,classic,1,7,no,lshift,492,1
Hetamo,2,blue,classic,1,9,no,lshift,520,1
Hetamo,2,blue,classic,1,6,no,rshift,766,1
Hetamo,2,blue,classic,1,6,no,rshift,600,1
Hetamo,2,blue,classic,1,9,no,lshift,612,1
Hetamo,2,blue,classic,1,4,no,rshift,461,1
Hetamo,2,blue,classic,1,9,no,lshift,672,1
Hetamo,2,blue,classic,1,7,no,lshift,543,1
Hetamo,2,blue,classic,1,2,no,rshift,528,1
Hetamo,2,blue,classic,1,1,no,lshift,545,1
Hetamo,2,blue,classic,1,4,no,rshift,543,1
Hetamo,2,blue,classic,1,8,no,rshift,820,1
Hetamo,2,blue,classic,1,9,no,lshift,557,1
Hetamo,2,blue,classic,1,1,no,lshift,554,1
Hetamo,2,blue,classic,1,6,no,rshift,549,1
Hetamo,2,blue,classic,1,6,no,rshift,450,1
Hetamo,2,blue,classic,1,4,no,rshift,537,1
Hetamo,2,blue,classic,1,3,no,lshift,496,1
Hetamo,2,blue,classic,1,1,no,lshift,529,1
Hetamo,2,blue,classic,1,7,no,lshift,538,1
Hetamo,2,blue,classic,1,4,no,rshift,443,1
Hetamo,2,blue,classic,1,8,no,rshift,422,1
Hetamo,2,blue,classic,1,2,no,rshift,406,1
Hetamo,2,blue,classic,1,6,no,rshift,462,1
Hetamo,2,blue,classic,1,4,no,rshift,556,1
Hetamo,2,blue,classic,1,1,no,lshift,487,1
Hetamo,2,blue,classic,1,8,no,rshift,466,1
Hetamo,2,blue,classic,1,2,no,rshift,615,1
Hetamo,2,blue,classic,1,8,no,rshift,601,1
Hetamo,2,blue,classic,1,6,no,rshift,509,1
Hetamo,2,blue,classic,1,1,no,lshift,529,1
Hetamo,2,blue,classic,1,4,no,rshift,511,1
Hetamo,2,blue,classic,1,4,no,rshift,579,1
Hetamo,2,blue,classic,1,7,no,lshift,550,1
Hetamo,2,blue,classic,1,7,no,lshift,716,1
Hetamo,2,blue,classic,1,2,no,rshift,480,1
Hetamo,2,blue,classic,1,6,no,rshift,555,1
Hetamo,2,blue,classic,1,2,no,rshift,544,1
Hetamo,2,blue,classic,1,1,no,lshift,526,1
Hetamo,2,blue,classic,1,7,no,lshift,536,1
Hetamo,2,blue,classic,1,2,no,rshift,482,1
Hetamo,2,blue,classic,1,7,no,lshift,491,1
Hetamo,2,blue,classic,1,8,no,rshift,486,1
Hetamo,2,blue,classic,1,7,no,lshift,501,1
Hetamo,2,blue,classic,1,8,no,rshift,504,1
Hetamo,2,blue,classic,1,2,no,rshift,602,1
Hetamo,2,blue,classic,1,2,no,rshift,613,1
Hetamo,2,blue,classic,1,7,no,lshift,559,1
Hetamo,2,blue,classic,1,3,no,lshift,433,1
Hetamo,2,blue,classic,1,6,no,rshift,525,1
Hetamo,2,blue,classic,1,8,no,rshift,422,1
Hetamo,2,blue,classic,1,4,no,rshift,573,1
Hetamo,2,blue,classic,1,2,no,rshift,450,1
Hetamo,2,blue,classic,1,1,no,lshift,486,1
Hetamo,2,blue,classic,1,1,no,lshift,511,1
Hetamo,2,blue,classic,1,9,no,lshift,591,1
Hetamo,2,blue,classic,1,3,no,lshift,457,1
Hetamo,2,blue,classic,1,3,no,lshift,588,1
Hetamo,2,blue,classic,1,8,no,rshift,653,1
Hetamo,2,blue,classic,1,6,no,rshift,607,1
Hetamo,2,blue,classic,1,3,no,lshift,562,1
Hetamo,2,blue,classic,1,3,no,lshift,414,1
Hetamo,3,blue,classic,1,1,no,rshift,849,1
Hetamo,3,blue,classic,1,8,no,lshift,626,1
Hetamo,3,blue,classic,1,2,no,lshift,477,1
Hetamo,3,blue,classic,1,1,no,rshift,564,1
Hetamo,3,blue,classic,1,4,no,lshift,464,1
Hetamo,3,blue,classic,0,9,no,lshift,576,1
Hetamo,3,blue,classic,1,7,no,rshift,940,1
Hetamo,3,blue,classic,1,4,no,lshift,742,1
Hetamo,3,blue,classic,1,7,no,rshift,452,1
Hetamo,3,blue,classic,1,2,no,lshift,518,1
Hetamo,3,blue,classic,1,7,no,rshift,564,1
Hetamo,3,blue,classic,1,9,no,rshift,1935,1
Hetamo,3,blue,classic,1,2,no,lshift,687,1
Hetamo,3,blue,classic,1,8,no,lshift,1298,1
Hetamo,3,blue,classic,1,6,no,lshift,476,1
Hetamo,3,blue,classic,1,6,no,lshift,464,1
Hetamo,3,blue,classic,1,6,no,lshift,541,1
Hetamo,3,blue,classic,1,8,no,lshift,543,1
Hetamo,3,blue,classic,1,8,no,lshift,471,1
Hetamo,3,blue,classic,1,2,no,lshift,626,1
Hetamo,3,blue,classic,1,7,no,rshift,506,1
Hetamo,3,blue,classic,1,3,no,rshift,490,1
Hetamo,3,blue,classic,1,3,no,rshift,421,1
Hetamo,3,blue,classic,1,8,no,lshift,484,1
Hetamo,3,blue,classic,1,4,no,lshift,561,1
Hetamo,3,blue,classic,1,7,no,rshift,717,1
Hetamo,3,blue,classic,1,7,no,rshift,581,1
Hetamo,3,blue,classic,1,4,no,lshift,571,1
Hetamo,3,blue,classic,1,8,no,lshift,444,1
Hetamo,3,blue,classic,1,9,no,rshift,520,1
Hetamo,3,blue,classic,1,8,no,lshift,546,1
Hetamo,3,blue,classic,1,9,no,rshift,631,1
Hetamo,3,blue,classic,1,7,no,rshift,547,1
Hetamo,3,blue,classic,1,1,no,rshift,559,1
Hetamo,3,blue,classic,1,1,no,rshift,404,1
Hetamo,3,blue,classic,1,7,no,rshift,528,1
Hetamo,3,blue,classic,1,8,no,lshift,607,1
Hetamo,3,blue,classic,1,2,no,lshift,1004,1
Hetamo,3,blue,classic,1,6,no,lshift,488,1
Hetamo,3,blue,classic,1,6,no,lshift,459,1
Hetamo,3,blue,classic,1,3,no,rshift,532,1
Hetamo,3,blue,classic,1,7,no,rshift,703,1
Hetamo,3,blue,classic,1,1,no,rshift,751,1
Hetamo,3,blue,classic,1,3,no,rshift,1275,1
Hetamo,3,blue,classic,1,2,no,lshift,518,1
Hetamo,3,blue,classic,1,6,no,lshift,423,1
Hetamo,3,blue,classic,1,6,no,lshift,531,1
Hetamo,3,blue,classic,1,8,no,lshift,454,1
Hetamo,3,blue,classic,1,1,no,rshift,550,1
Hetamo,3,blue,classic,0,1,no,lshift,440,1
Hetamo,3,blue,classic,1,2,no,lshift,473,1
Hetamo,3,blue,classic,1,9,no,rshift,609,1
Hetamo,3,blue,classic,1,9,no,rshift,430,1
Hetamo,3,blue,classic,1,1,no,rshift,719,1
Hetamo,3,blue,classic,1,1,no,rshift,581,1
Hetamo,3,blue,classic,1,1,no,rshift,406,1
Hetamo,3,blue,classic,1,8,no,lshift,601,1
Hetamo,3,blue,classic,1,7,no,rshift,656,1
Hetamo,3,blue,classic,1,2,no,lshift,844,1
Hetamo,3,blue,classic,1,1,no,rshift,800,1
Hetamo,3,blue,classic,1,6,no,lshift,635,1
Hetamo,3,blue,classic,1,8,no,lshift,1061,1
Hetamo,3,blue,classic,1,2,no,lshift,490,1
Hetamo,3,blue,classic,1,3,no,rshift,500,1
Hetamo,3,blue,classic,1,8,no,lshift,480,1
Hetamo,3,blue,classic,1,3,no,rshift,555,1
Hetamo,3,blue,classic,1,3,no,rshift,443,1
Hetamo,3,blue,classic,1,3,no,rshift,479,1
Hetamo,3,blue,classic,1,2,no,lshift,822,1
Hetamo,3,blue,classic,1,1,no,rshift,640,1
Hetamo,3,blue,classic,1,3,no,rshift,493,1
Hetamo,3,blue,classic,1,8,no,lshift,550,1
Hetamo,3,blue,classic,1,6,no,lshift,569,1
Hetamo,3,blue,classic,1,9,no,rshift,691,1
Hetamo,3,blue,classic,1,3,no,rshift,490,1
Hetamo,3,blue,classic,1,6,no,lshift,499,1
Hetamo,3,blue,classic,1,7,no,rshift,437,1
Hetamo,3,blue,classic,1,1,no,rshift,403,1
Hetamo,3,blue,classic,1,4,no,lshift,401,1
Hetamo,3,blue,classic,1,3,no,rshift,466,1
Hetamo,3,blue,classic,1,6,no,lshift,474,1
Hetamo,3,blue,classic,1,8,no,lshift,575,1
Hetamo,3,blue,classic,1,4,no,lshift,731,1
Hetamo,3,blue,classic,1,3,no,rshift,510,1
Hetamo,3,blue,classic,1,4,no,lshift,523,1
Hetamo,3,blue,classic,1,6,no,lshift,498,1
Hetamo,3,blue,classic,1,4,no,lshift,557,1
Hetamo,3,blue,classic,1,9,no,rshift,432,1
Hetamo,3,blue,classic,1,9,no,rshift,421,1
Hetamo,3,blue,classic,1,3,no,rshift,605,1
Hetamo,3,blue,classic,1,6,no,lshift,413,1
Hetamo,3,blue,classic,1,4,no,lshift,512,1
Hetamo,3,blue,classic,1,6,no,lshift,457,1
Hetamo,3,blue,classic,1,9,no,rshift,497,1
Hetamo,3,blue,classic,1,2,no,lshift,488,1
Hetamo,3,blue,classic,1,2,no,lshift,394,1
Hetamo,3,blue,classic,1,4,no,lshift,554,1
Hetamo,3,blue,classic,1,9,no,rshift,480,1
Hetamo,3,blue,classic,1,7,no,rshift,504,1
Hetamo,3,blue,classic,1,9,no,rshift,590,1
Hetamo,3,blue,classic,1,9,no,rshift,424,1
Hetamo,3,blue,classic,1,4,no,lshift,478,1
Hetamo,3,blue,classic,1,9,no,rshift,378,1
Hetamo,3,blue,classic,1,7,no,rshift,508,1
Hetamo,3,blue,classic,1,7,no,rshift,461,1
Hetamo,3,blue,classic,1,3,no,rshift,445,1
Hetamo,3,blue,classic,1,4,no,lshift,547,1
Hetamo,3,blue,classic,1,4,no,lshift,506,1
Hetamo,3,blue,classic,1,4,no,lshift,443,1
Hetamo,3,blue,classic,1,2,no,lshift,728,1
Hetamo,3,blue,classic,1,2,no,lshift,394,1
Hetamo,3,blue,classic,1,1,no,rshift,458,1
