ID_name,block,color,condition,correct_keyboard_response,number,practice,response_keyboard_response,response_time_keyboard_response,subject_nr
rox2002,0,blue,arab,1,9,yes,lshift,650,0
rox2002,0,blue,arab,1,6,yes,lshift,511,0
rox2002,0,red,arab,1,1,yes,rshift,337,0
rox2002,0,red,arab,0,3,yes,lshift,286,0
rox2002,0,blue,arab,1,4,yes,lshift,499,0
rox2002,0,red,arab,1,2,yes,rshift,335,0
rox2002,0,red,arab,1,8,yes,rshift,375,0
rox2002,0,blue,arab,1,3,yes,lshift,470,0
rox2002,0,blue,arab,1,2,yes,lshift,392,0
rox2002,0,red,arab,1,4,yes,rshift,502,0
rox2002,0,red,arab,1,7,yes,rshift,401,0
rox2002,0,red,arab,1,9,yes,rshift,450,0
rox2002,0,red,arab,0,6,yes,lshift,378,0
rox2002,0,blue,arab,0,1,yes,rshift,385,0
rox2002,0,blue,arab,1,8,yes,lshift,499,0
rox2002,0,blue,arab,1,7,yes,lshift,433,0
rox2002,1,blue,arab,1,9,no,lshift,4260,0
rox2002,1,red,arab,1,4,no,rshift,364,0
rox2002,1,red,arab,0,8,no,lshift,241,0
rox2002,1,red,arab,1,1,no,rshift,408,0
rox2002,1,red,arab,1,7,no,rshift,369,0
rox2002,1,blue,arab,1,7,no,lshift,425,0
rox2002,1,blue,arab,1,4,no,lshift,353,0
rox2002,1,blue,arab,1,4,no,lshift,392,0
rox2002,1,blue,arab,1,2,no,lshift,400,0
rox2002,1,red,arab,1,3,no,rshift,347,0
rox2002,1,red,arab,1,3,no,rshift,370,0
rox2002,1,red,arab,1,1,no,rshift,322,0
rox2002,1,blue,arab,1,9,no,lshift,395,0
rox2002,1,red,arab,1,3,no,rshift,424,0
rox2002,1,red,arab,1,4,no,rshift,451,0
rox2002,1,blue,arab,1,2,no,lshift,437,0
rox2002,1,red,arab,1,7,no,rshift,421,0
rox2002,1,red,arab,1,1,no,rshift,433,0
rox2002,1,red,arab,0,4,no,lshift,412,0
rox2002,1,red,arab,1,1,no,rshift,360,0
rox2002,1,red,arab,1,3,no,rshift,375,0
rox2002,1,blue,arab,1,8,no,lshift,1408,0
rox2002,1,blue,arab,1,3,no,lshift,580,0
rox2002,1,red,arab,1,4,no,rshift,452,0
rox2002,1,blue,arab,1,7,no,lshift,464,0
rox2002,1,blue,arab,1,6,no,lshift,463,0
rox2002,1,red,arab,1,8,no,rshift,1095,0
rox2002,1,blue,arab,1,3,no,lshift,407,0
rox2002,1,blue,arab,1,6,no,lshift,654,0
rox2002,1,red,arab,0,6,no,lshift,350,0
rox2002,1,blue,arab,1,8,no,lshift,468,0
rox2002,1,red,arab,1,2,no,rshift,478,0
rox2002,1,blue,arab,1,6,no,lshift,436,0
rox2002,1,red,arab,1,7,no,rshift,428,0
rox2002,1,blue,arab,1,1,no,lshift,549,0
rox2002,1,blue,arab,1,1,no,lshift,632,0
rox2002,1,red,arab,1,2,no,rshift,356,0
rox2002,1,blue,arab,1,2,no,lshift,444,0
rox2002,1,red,arab,1,3,no,rshift,508,0
rox2002,1,blue,arab,1,3,no,lshift,434,0
rox2002,1,red,arab,1,9,no,rshift,464,0
rox2002,1,blue,arab,1,4,no,lshift,451,0
rox2002,1,red,arab,1,9,no,rshift,390,0
rox2002,1,blue,arab,1,9,no,lshift,422,0
rox2002,1,red,arab,1,1,no,rshift,386,0
rox2002,1,blue,arab,1,1,no,lshift,602,0
rox2002,1,red,arab,1,9,no,rshift,348,0
rox2002,1,red,arab,0,3,no,lshift,302,0
rox2002,1,blue,arab,1,6,no,lshift,323,0
rox2002,1,red,arab,1,4,no,rshift,438,0
rox2002,1,red,arab,1,6,no,rshift,818,0
rox2002,1,blue,arab,1,9,no,lshift,467,0
rox2002,1,red,arab,1,7,no,rshift,548,0
rox2002,1,red,arab,1,4,no,rshift,317,0
rox2002,1,blue,arab,1,8,no,lshift,376,0
rox2002,1,blue,arab,1,3,no,lshift,446,0
rox2002,1,blue,arab,1,3,no,lshift,980,0
rox2002,1,red,arab,1,4,no,rshift,752,0
rox2002,1,red,arab,1,6,no,rshift,488,0
rox2002,1,blue,arab,1,8,no,lshift,680,0
rox2002,1,red,arab,1,8,no,rshift,426,0
rox2002,1,red,arab,1,7,no,rshift,421,0
rox2002,1,blue,arab,1,7,no,lshift,411,0
rox2002,1,blue,arab,0,6,no,rshift,403,0
rox2002,1,blue,arab,1,6,no,lshift,425,0
rox2002,1,red,arab,1,8,no,rshift,449,0
rox2002,1,red,arab,1,9,no,rshift,462,0
rox2002,1,blue,arab,1,2,no,lshift,444,0
rox2002,1,red,arab,1,9,no,rshift,379,0
rox2002,1,blue,arab,1,7,no,lshift,460,0
rox2002,1,red,arab,1,1,no,rshift,417,0
rox2002,1,blue,arab,0,1,no,rshift,376,0
rox2002,1,red,arab,1,3,no,rshift,373,0
rox2002,1,blue,arab,1,2,no,lshift,406,0
rox2002,1,red,arab,1,2,no,rshift,662,0
rox2002,1,blue,arab,1,9,no,lshift,368,0
rox2002,1,blue,arab,1,9,no,lshift,437,0
rox2002,1,red,arab,1,8,no,rshift,585,0
rox2002,1,red,arab,0,8,no,lshift,494,0
rox2002,1,blue,arab,1,3,no,lshift,501,0
rox2002,1,red,arab,1,9,no,rshift,530,0
rox2002,1,red,arab,1,9,no,rshift,423,0
rox2002,1,blue,arab,1,4,no,lshift,460,0
rox2002,1,red,arab,1,2,no,rshift,493,0
rox2002,1,red,arab,1,6,no,rshift,708,0
rox2002,1,blue,arab,1,6,no,lshift,528,0
rox2002,1,red,arab,1,1,no,rshift,434,0
rox2002,1,blue,arab,1,1,no,lshift,551,0
rox2002,1,blue,arab,1,8,no,lshift,519,0
rox2002,1,blue,arab,1,9,no,lshift,449,0
rox2002,1,red,arab,1,2,no,rshift,480,0
rox2002,1,blue,arab,1,6,no,lshift,532,0
rox2002,1,blue,arab,1,1,no,lshift,503,0
rox2002,1,red,arab,0,2,no,lshift,420,0
rox2002,1,red,arab,1,6,no,rshift,561,0
rox2002,1,red,arab,1,3,no,rshift,383,0
rox2002,1,red,arab,1,1,no,rshift,441,0
rox2002,1,red,arab,1,7,no,rshift,606,0
rox2002,1,red,arab,1,3,no,rshift,413,0
rox2002,1,blue,arab,0,2,no,rshift,5061,0
rox2002,1,red,arab,1,7,no,rshift,727,0
rox2002,1,blue,arab,1,3,no,lshift,595,0
rox2002,1,blue,arab,0,4,no,rshift,301,0
rox2002,1,blue,arab,1,4,no,lshift,534,0
rox2002,1,blue,arab,1,4,no,lshift,450,0
rox2002,1,blue,arab,1,7,no,lshift,422,0
rox2002,1,red,arab,1,6,no,rshift,626,0
rox2002,1,blue,arab,1,7,no,lshift,578,0
rox2002,1,blue,arab,1,7,no,lshift,473,0
rox2002,1,red,arab,1,2,no,rshift,427,0
rox2002,1,blue,arab,1,8,no,lshift,589,0
rox2002,1,blue,arab,1,7,no,lshift,422,0
rox2002,1,blue,arab,1,2,no,lshift,458,0
rox2002,1,blue,arab,1,1,no,lshift,475,0
rox2002,1,blue,arab,1,8,no,lshift,351,0
rox2002,1,red,arab,1,7,no,rshift,3294,0
rox2002,1,blue,arab,1,7,no,lshift,3675,0
rox2002,1,blue,arab,1,3,no,lshift,1047,0
rox2002,1,red,arab,1,6,no,rshift,421,0
rox2002,1,blue,arab,1,4,no,lshift,300,0
rox2002,1,red,arab,1,2,no,rshift,464,0
rox2002,1,blue,arab,0,1,no,rshift,418,0
rox2002,1,blue,arab,1,8,no,lshift,292,0
rox2002,1,red,arab,1,1,no,rshift,531,0
rox2002,1,red,arab,0,6,no,lshift,562,0
rox2002,1,blue,arab,1,3,no,lshift,538,0
rox2002,1,blue,arab,1,8,no,lshift,450,0
rox2002,1,blue,arab,1,6,no,lshift,3916,0
rox2002,1,blue,arab,1,1,no,lshift,524,0
rox2002,1,red,arab,1,7,no,rshift,869,0
rox2002,1,blue,arab,1,2,no,lshift,856,0
rox2002,1,red,arab,1,9,no,rshift,734,0
rox2002,1,blue,arab,1,9,no,lshift,395,0
rox2002,1,red,arab,1,6,no,rshift,499,0
rox2002,1,blue,arab,1,1,no,lshift,408,0
rox2002,1,red,arab,1,8,no,rshift,477,0
rox2002,1,blue,arab,1,7,no,lshift,443,0
rox2002,1,red,arab,1,4,no,rshift,870,0
rox2002,1,red,arab,1,7,no,rshift,384,0
rox2002,1,red,arab,1,4,no,rshift,450,0
rox2002,1,blue,arab,1,6,no,lshift,451,0
rox2002,1,red,arab,1,3,no,rshift,472,0
rox2002,1,blue,arab,1,2,no,lshift,436,0
rox2002,1,blue,arab,1,9,no,lshift,461,0
rox2002,1,red,arab,1,2,no,rshift,461,0
rox2002,1,red,arab,1,8,no,rshift,445,0
rox2002,1,red,arab,1,2,no,rshift,317,0
rox2002,1,blue,arab,1,4,no,lshift,421,0
rox2002,1,blue,arab,1,3,no,lshift,484,0
rox2002,1,red,arab,1,8,no,rshift,740,0
rox2002,1,blue,arab,1,8,no,lshift,421,0
rox2002,1,red,arab,0,4,no,lshift,392,0
rox2002,1,blue,arab,1,9,no,lshift,598,0
rox2002,1,red,arab,1,8,no,rshift,533,0
rox2002,1,blue,arab,1,4,no,lshift,353,0
rox2002,1,red,arab,1,1,no,rshift,534,0
rox2002,1,red,arab,1,9,no,rshift,370,0
rox2002,1,red,arab,1,6,no,rshift,351,0
rox2002,1,red,arab,1,9,no,rshift,372,0
rox2002,1,blue,arab,1,2,no,lshift,507,0
rox2002,2,blue,arab,1,4,no,lshift,2243,0
rox2002,2,blue,arab,1,7,no,lshift,495,0
rox2002,2,red,arab,1,7,no,rshift,519,0
rox2002,2,red,arab,1,6,no,rshift,498,0
rox2002,2,blue,arab,1,9,no,lshift,431,0
rox2002,2,red,arab,1,8,no,rshift,522,0
rox2002,2,blue,arab,1,3,no,lshift,419,0
rox2002,2,blue,arab,1,2,no,lshift,802,0
rox2002,2,blue,arab,1,1,no,lshift,363,0
rox2002,2,red,arab,1,1,no,rshift,424,0
rox2002,2,blue,arab,1,4,no,lshift,520,0
rox2002,2,red,arab,1,3,no,rshift,500,0
rox2002,2,red,arab,1,2,no,rshift,711,0
rox2002,2,red,arab,1,1,no,rshift,341,0
rox2002,2,blue,arab,1,7,no,lshift,421,0
rox2002,2,red,arab,0,7,no,lshift,331,0
rox2002,2,blue,arab,1,6,no,lshift,613,0
rox2002,2,blue,arab,1,2,no,lshift,376,0
rox2002,2,red,arab,1,7,no,rshift,485,0
rox2002,2,blue,arab,1,9,no,lshift,521,0
rox2002,2,blue,arab,1,4,no,lshift,530,0
rox2002,2,red,arab,1,2,no,rshift,394,0
rox2002,2,red,arab,1,9,no,rshift,400,0
rox2002,2,blue,arab,1,6,no,lshift,679,0
rox2002,2,blue,arab,1,8,no,lshift,717,0
rox2002,2,blue,arab,1,8,no,lshift,362,0
rox2002,2,red,arab,1,9,no,rshift,566,0
rox2002,2,blue,arab,1,4,no,lshift,643,0
rox2002,2,red,arab,1,1,no,rshift,413,0
rox2002,2,red,arab,1,6,no,rshift,306,0
rox2002,2,red,arab,1,4,no,rshift,288,0
rox2002,2,blue,arab,0,1,no,rshift,592,0
rox2002,2,red,arab,1,2,no,rshift,7624,0
rox2002,2,blue,arab,0,8,no,rshift,489,0
rox2002,2,blue,arab,1,4,no,lshift,3160,0
rox2002,2,red,arab,1,9,no,rshift,410,0
rox2002,2,red,arab,1,7,no,rshift,514,0
rox2002,2,red,arab,1,3,no,rshift,349,0
rox2002,2,red,arab,1,3,no,rshift,508,0
rox2002,2,blue,arab,1,2,no,lshift,622,0
rox2002,2,blue,arab,1,8,no,lshift,396,0
rox2002,2,red,arab,1,9,no,rshift,412,0
rox2002,2,blue,arab,1,6,no,lshift,459,0
rox2002,2,blue,arab,1,3,no,lshift,451,0
rox2002,2,red,arab,0,1,no,lshift,374,0
rox2002,2,red,arab,1,1,no,rshift,434,0
rox2002,2,red,arab,1,4,no,rshift,452,0
rox2002,2,blue,arab,1,9,no,lshift,380,0
rox2002,2,red,arab,0,3,no,lshift,395,0
rox2002,2,red,arab,1,8,no,rshift,504,0
rox2002,2,blue,arab,0,7,no,rshift,434,0
rox2002,2,blue,arab,1,2,no,lshift,817,0
rox2002,2,red,arab,1,7,no,rshift,493,0
rox2002,2,blue,arab,1,4,no,lshift,435,0
rox2002,2,red,arab,1,9,no,rshift,488,0
rox2002,2,red,arab,1,8,no,rshift,595,0
rox2002,2,blue,arab,1,4,no,lshift,502,0
rox2002,2,blue,arab,1,7,no,lshift,419,0
rox2002,2,blue,arab,1,3,no,lshift,573,0
rox2002,2,blue,arab,1,7,no,lshift,564,0
rox2002,2,red,arab,1,4,no,rshift,488,0
rox2002,2,blue,arab,1,3,no,lshift,532,0
rox2002,2,blue,arab,1,8,no,lshift,561,0
rox2002,2,red,arab,1,6,no,rshift,565,0
rox2002,2,red,arab,1,2,no,rshift,641,0
rox2002,2,red,arab,1,8,no,rshift,505,0
rox2002,2,red,arab,0,7,no,lshift,485,0
rox2002,2,red,arab,1,2,no,rshift,1374,0
rox2002,2,red,arab,1,8,no,rshift,677,0
rox2002,2,red,arab,1,7,no,rshift,325,0
rox2002,2,red,arab,1,8,no,rshift,616,0
rox2002,2,blue,arab,1,9,no,lshift,495,0
rox2002,2,blue,arab,1,6,no,lshift,588,0
rox2002,2,red,arab,1,6,no,rshift,457,0
rox2002,2,red,arab,1,8,no,rshift,905,0
rox2002,2,red,arab,1,3,no,rshift,363,0
rox2002,2,red,arab,1,6,no,rshift,455,0
rox2002,2,red,arab,1,7,no,rshift,405,0
rox2002,2,red,arab,1,1,no,rshift,1808,0
rox2002,2,red,arab,1,9,no,rshift,701,0
rox2002,2,blue,arab,1,2,no,lshift,382,0
rox2002,2,red,arab,1,6,no,rshift,329,0
rox2002,2,red,arab,1,4,no,rshift,515,0
rox2002,2,blue,arab,1,8,no,lshift,419,0
rox2002,2,blue,arab,1,8,no,lshift,265,0
rox2002,2,blue,arab,1,7,no,lshift,156,0
rox2002,2,blue,arab,1,6,no,lshift,118,0
rox2002,2,blue,arab,0,9,no,rshift,342,0
rox2002,2,blue,arab,1,9,no,lshift,443,0
rox2002,2,red,arab,1,3,no,rshift,407,0
rox2002,2,blue,arab,1,3,no,lshift,404,0
rox2002,2,blue,arab,1,6,no,lshift,323,0
rox2002,2,blue,arab,1,9,no,lshift,262,0
rox2002,2,red,arab,1,3,no,rshift,452,0
rox2002,2,red,arab,1,4,no,rshift,317,0
rox2002,2,red,arab,1,9,no,rshift,288,0
rox2002,2,red,arab,1,8,no,rshift,304,0
rox2002,2,red,arab,1,1,no,rshift,404,0
rox2002,2,red,arab,1,4,no,rshift,944,0
rox2002,2,red,arab,1,3,no,rshift,396,0
rox2002,2,blue,arab,1,3,no,lshift,555,0
rox2002,2,red,arab,1,4,no,rshift,486,0
rox2002,2,red,arab,1,2,no,rshift,726,0
rox2002,2,blue,arab,1,1,no,lshift,387,0
rox2002,2,blue,arab,1,1,no,lshift,349,0
rox2002,2,blue,arab,1,1,no,lshift,1051,0
rox2002,2,blue,arab,1,3,no,lshift,432,0
rox2002,2,red,arab,1,8,no,rshift,445,0
rox2002,2,blue,arab,1,6,no,lshift,691,0
rox2002,2,blue,arab,1,1,no,lshift,423,0
rox2002,2,blue,arab,1,4,no,lshift,386,0
rox2002,2,blue,arab,1,1,no,lshift,363,0
rox2002,2,blue,arab,1,9,no,lshift,394,0
rox2002,2,red,arab,1,1,no,rshift,3062,0
rox2002,2,blue,arab,1,2,no,lshift,442,0
rox2002,2,red,arab,1,1,no,rshift,676,0
rox2002,2,blue,arab,1,9,no,lshift,418,0
rox2002,2,blue,arab,1,2,no,lshift,453,0
rox2002,2,red,arab,1,7,no,rshift,466,0
rox2002,2,blue,arab,1,6,no,lshift,459,0
rox2002,2,red,arab,1,6,no,rshift,530,0
rox2002,2,red,arab,1,3,no,rshift,349,0
rox2002,2,red,arab,1,7,no,rshift,410,0
rox2002,2,blue,arab,1,3,no,lshift,412,0
rox2002,2,blue,arab,1,1,no,lshift,436,0
rox2002,2,blue,arab,1,4,no,lshift,491,0
rox2002,2,red,arab,1,9,no,rshift,484,0
rox2002,2,blue,arab,1,2,no,lshift,885,0
rox2002,2,red,arab,1,2,no,rshift,458,0
rox2002,2,blue,arab,1,2,no,lshift,459,0
rox2002,2,red,arab,1,4,no,rshift,395,0
rox2002,2,blue,arab,1,7,no,lshift,431,0
rox2002,2,blue,arab,1,8,no,lshift,389,0
rox2002,2,red,arab,1,4,no,rshift,390,0
rox2002,2,blue,arab,1,6,no,lshift,528,0
rox2002,2,red,arab,1,6,no,rshift,475,0
rox2002,2,red,arab,0,9,no,lshift,445,0
rox2002,2,red,arab,1,2,no,rshift,458,0
rox2002,2,blue,arab,1,3,no,lshift,452,0
rox2002,2,blue,arab,1,2,no,lshift,344,0
rox2002,2,blue,arab,1,1,no,lshift,389,0
rox2002,2,red,arab,1,2,no,rshift,464,0
rox2002,2,red,arab,0,3,no,lshift,769,0
rox2002,2,blue,arab,1,3,no,lshift,457,0
rox2002,2,blue,arab,1,7,no,lshift,394,0
rox2002,2,blue,arab,1,6,no,lshift,425,0
rox2002,2,blue,arab,1,4,no,lshift,380,0
rox2002,2,red,arab,1,2,no,rshift,1498,0
rox2002,2,blue,arab,0,7,no,rshift,524,0
rox2002,2,red,arab,1,9,no,rshift,661,0
rox2002,2,blue,arab,1,7,no,lshift,393,0
rox2002,2,blue,arab,1,8,no,lshift,341,0
rox2002,2,red,arab,0,6,no,lshift,315,0
rox2002,2,red,arab,1,8,no,rshift,519,0
rox2002,2,red,arab,1,6,no,rshift,427,0
rox2002,2,red,arab,1,4,no,rshift,506,0
rox2002,2,red,arab,1,1,no,rshift,495,0
rox2002,2,blue,arab,1,9,no,lshift,516,0
rox2002,2,blue,arab,1,1,no,lshift,422,0
rox2002,2,blue,arab,1,8,no,lshift,607,0
rox2002,3,blue,arab,1,8,no,lshift,2062,0
rox2002,3,blue,arab,1,7,no,lshift,288,0
rox2002,3,red,arab,1,1,no,rshift,711,0
rox2002,3,red,arab,1,7,no,rshift,394,0
rox2002,3,red,arab,1,9,no,rshift,330,0
rox2002,3,blue,arab,0,3,no,rshift,261,0
rox2002,3,red,arab,0,4,no,lshift,141,0
rox2002,3,red,arab,1,7,no,rshift,392,0
rox2002,3,blue,arab,1,8,no,lshift,453,0
rox2002,3,blue,arab,1,3,no,lshift,678,0
rox2002,3,red,arab,1,2,no,rshift,659,0
rox2002,3,red,arab,1,8,no,rshift,337,0
rox2002,3,blue,arab,1,8,no,lshift,471,0
rox2002,3,blue,arab,1,4,no,lshift,317,0
rox2002,3,blue,arab,1,1,no,lshift,423,0
rox2002,3,red,arab,1,4,no,rshift,577,0
rox2002,3,red,arab,1,7,no,rshift,429,0
rox2002,3,blue,arab,1,6,no,lshift,392,0
rox2002,3,blue,arab,1,3,no,lshift,352,0
rox2002,3,red,arab,1,1,no,rshift,576,0
rox2002,3,red,arab,1,9,no,rshift,430,0
rox2002,3,blue,arab,1,8,no,lshift,403,0
rox2002,3,blue,arab,1,7,no,lshift,509,0
rox2002,3,red,arab,1,6,no,rshift,448,0
rox2002,3,red,arab,0,6,no,lshift,343,0
rox2002,3,blue,arab,1,8,no,lshift,407,0
rox2002,3,blue,arab,1,7,no,lshift,245,0
rox2002,3,blue,arab,1,1,no,lshift,390,0
rox2002,3,red,arab,1,3,no,rshift,442,0
rox2002,3,red,arab,1,1,no,rshift,516,0
rox2002,3,red,arab,1,6,no,rshift,322,0
rox2002,3,blue,arab,1,7,no,lshift,350,0
rox2002,3,blue,arab,1,6,no,lshift,340,0
rox2002,3,blue,arab,1,2,no,lshift,380,0
rox2002,3,red,arab,1,1,no,rshift,581,0
rox2002,3,blue,arab,0,8,no,rshift,403,0
rox2002,3,blue,arab,1,4,no,lshift,581,0
rox2002,3,blue,arab,1,1,no,lshift,328,0
rox2002,3,red,arab,0,7,no,lshift,344,0
rox2002,3,red,arab,1,9,no,rshift,266,0
rox2002,3,red,arab,1,2,no,rshift,245,0
rox2002,3,blue,arab,0,1,no,rshift,392,0
rox2002,3,blue,arab,1,9,no,lshift,520,0
rox2002,3,red,arab,1,1,no,rshift,649,0
rox2002,3,red,arab,1,2,no,rshift,2606,0
rox2002,3,blue,arab,1,7,no,lshift,485,0
rox2002,3,blue,arab,1,2,no,lshift,304,0
rox2002,3,red,arab,1,3,no,rshift,437,0
rox2002,3,blue,arab,1,7,no,lshift,492,0
rox2002,3,red,arab,1,6,no,rshift,428,0
rox2002,3,red,arab,0,9,no,lshift,334,0
rox2002,3,red,arab,1,4,no,rshift,1078,0
rox2002,3,blue,arab,1,4,no,lshift,409,0
rox2002,3,red,arab,1,9,no,rshift,612,0
rox2002,3,blue,arab,1,3,no,lshift,411,0
rox2002,3,blue,arab,1,4,no,lshift,473,0
rox2002,3,red,arab,1,7,no,rshift,435,0
rox2002,3,red,arab,1,3,no,rshift,578,0
rox2002,3,blue,arab,1,6,no,lshift,493,0
rox2002,3,red,arab,1,3,no,rshift,325,0
rox2002,3,blue,arab,1,6,no,lshift,367,0
rox2002,3,red,arab,1,8,no,rshift,413,0
rox2002,3,blue,arab,1,3,no,lshift,678,0
rox2002,3,red,arab,0,2,no,lshift,122,0
rox2002,3,red,arab,1,8,no,rshift,1128,0
rox2002,3,blue,arab,1,4,no,lshift,534,0
rox2002,3,blue,arab,1,9,no,lshift,301,0
rox2002,3,blue,arab,1,2,no,lshift,251,0
rox2002,3,red,arab,1,6,no,rshift,465,0
rox2002,3,blue,arab,1,3,no,lshift,448,0
rox2002,3,red,arab,1,4,no,rshift,434,0
rox2002,3,red,arab,1,3,no,rshift,624,0
rox2002,3,blue,arab,1,1,no,lshift,404,0
rox2002,3,red,arab,1,7,no,rshift,418,0
rox2002,3,blue,arab,1,8,no,lshift,381,0
rox2002,3,red,arab,1,2,no,rshift,397,0
rox2002,3,red,arab,0,4,no,lshift,480,0
rox2002,3,red,arab,1,7,no,rshift,375,0
rox2002,3,red,arab,1,4,no,rshift,400,0
rox2002,3,blue,arab,0,3,no,rshift,393,0
rox2002,3,blue,arab,1,6,no,lshift,327,0
rox2002,3,blue,arab,1,8,no,lshift,388,0
rox2002,3,red,arab,1,8,no,rshift,383,0
rox2002,3,blue,arab,1,9,no,lshift,324,0
rox2002,3,red,arab,1,9,no,rshift,419,0
rox2002,3,blue,arab,1,3,no,lshift,469,0
rox2002,3,blue,arab,1,9,no,lshift,403,0
rox2002,3,blue,arab,1,4,no,lshift,301,0
rox2002,3,blue,arab,1,7,no,lshift,365,0
rox2002,3,red,arab,1,1,no,rshift,438,0
rox2002,3,red,arab,0,3,no,lshift,431,0
rox2002,3,blue,arab,1,2,no,lshift,444,0
rox2002,3,blue,arab,1,7,no,lshift,414,0
rox2002,3,red,arab,1,6,no,rshift,1937,0
rox2002,3,red,arab,1,8,no,rshift,3497,0
rox2002,3,blue,arab,1,4,no,lshift,471,0
rox2002,3,blue,arab,1,7,no,lshift,471,0
rox2002,3,red,arab,1,4,no,rshift,550,0
rox2002,3,blue,arab,1,6,no,lshift,433,0
rox2002,3,blue,arab,1,6,no,lshift,618,0
rox2002,3,blue,arab,1,1,no,lshift,355,0
rox2002,3,red,arab,1,2,no,rshift,643,0
rox2002,3,blue,arab,1,2,no,lshift,581,0
rox2002,3,red,arab,1,4,no,rshift,433,0
rox2002,3,blue,arab,1,1,no,lshift,450,0
rox2002,3,red,arab,1,8,no,rshift,594,0
rox2002,3,blue,arab,1,9,no,lshift,3159,0
rox2002,3,blue,arab,1,2,no,lshift,423,0
rox2002,3,red,arab,1,9,no,rshift,732,0
rox2002,3,blue,arab,1,4,no,lshift,466,0
rox2002,3,blue,arab,1,6,no,lshift,452,0
rox2002,3,red,arab,1,2,no,rshift,410,0
rox2002,3,red,arab,1,1,no,rshift,368,0
rox2002,3,red,arab,1,3,no,rshift,614,0
rox2002,3,blue,arab,1,1,no,lshift,635,0
rox2002,3,blue,arab,0,4,no,rshift,1610,0
rox2002,3,red,arab,1,3,no,rshift,501,0
rox2002,3,red,arab,1,4,no,rshift,2696,0
rox2002,3,red,arab,1,7,no,rshift,6093,0
rox2002,3,red,arab,1,8,no,rshift,457,0
rox2002,3,blue,arab,1,6,no,lshift,3065,0
rox2002,3,red,arab,1,2,no,rshift,881,0
rox2002,3,red,arab,1,8,no,rshift,336,0
rox2002,3,blue,arab,1,4,no,lshift,501,0
rox2002,3,blue,arab,1,1,no,lshift,605,0
rox2002,3,red,arab,1,6,no,rshift,1983,0
rox2002,3,red,arab,1,9,no,rshift,289,0
rox2002,3,red,arab,1,4,no,rshift,366,0
rox2002,3,red,arab,1,3,no,rshift,90,0
rox2002,3,blue,arab,1,9,no,lshift,467,0
rox2002,3,blue,arab,1,9,no,lshift,314,0
rox2002,3,blue,arab,1,9,no,lshift,618,0
rox2002,3,blue,arab,1,2,no,lshift,1548,0
rox2002,3,red,arab,1,3,no,rshift,515,0
rox2002,3,blue,arab,1,2,no,lshift,12298,0
rox2002,3,blue,arab,1,2,no,lshift,828,0
rox2002,3,blue,arab,1,3,no,lshift,263,0
rox2002,3,blue,arab,1,8,no,lshift,295,0
rox2002,3,blue,arab,1,2,no,lshift,4964,0
rox2002,3,red,arab,1,2,no,rshift,638,0
rox2002,3,blue,arab,0,1,no,rshift,125,0
rox2002,3,red,arab,0,7,no,lshift,109,0
rox2002,3,red,arab,1,8,no,rshift,289,0
rox2002,3,red,arab,1,8,no,rshift,237,0
rox2002,3,red,arab,1,1,no,rshift,304,0
rox2002,3,red,arab,1,2,no,rshift,381,0
rox2002,3,red,arab,1,6,no,rshift,259,0
rox2002,3,blue,arab,1,7,no,lshift,564,0
rox2002,3,red,arab,1,9,no,rshift,2627,0
rox2002,3,red,arab,1,1,no,rshift,5548,0
rox2002,3,blue,arab,0,3,no,rshift,1190,0
rox2002,3,red,arab,1,7,no,rshift,473,0
rox2002,3,red,arab,1,6,no,rshift,454,0
rox2002,3,red,arab,1,6,no,rshift,819,0
rox2002,3,red,arab,1,9,no,rshift,272,0
rox2002,3,blue,arab,1,9,no,lshift,456,0
rox2002,3,blue,arab,1,6,no,lshift,1880,0
rox2002,3,blue,arab,0,8,no,rshift,2492,0
rox2002,3,red,arab,0,1,no,lshift,291,0
rox2002,3,blue,arab,1,9,no,lshift,557,0
rox2002,0,blue,dot,1,6,yes,lshift,1252,0
rox2002,0,blue,dot,1,7,yes,lshift,307,0
rox2002,0,red,dot,1,8,yes,rshift,396,0
rox2002,0,red,dot,1,1,yes,rshift,419,0
rox2002,0,blue,dot,1,3,yes,lshift,402,0
rox2002,0,blue,dot,1,2,yes,lshift,1114,0
rox2002,0,blue,dot,1,8,yes,lshift,598,0
rox2002,0,red,dot,1,3,yes,rshift,2697,0
rox2002,0,blue,dot,1,1,yes,lshift,284,0
rox2002,0,red,dot,1,7,yes,rshift,453,0
rox2002,0,blue,dot,1,4,yes,lshift,505,0
rox2002,0,red,dot,1,9,yes,rshift,465,0
rox2002,0,red,dot,1,6,yes,rshift,384,0
rox2002,0,blue,dot,1,9,yes,lshift,488,0
rox2002,0,red,dot,1,2,yes,rshift,548,0
rox2002,0,red,dot,1,4,yes,rshift,333,0
rox2002,1,red,dot,1,9,no,rshift,1143,0
rox2002,1,red,dot,1,8,no,rshift,452,0
rox2002,1,red,dot,1,8,no,rshift,272,0
rox2002,1,blue,dot,0,9,no,rshift,288,0
rox2002,1,blue,dot,1,3,no,lshift,469,0
rox2002,1,blue,dot,0,9,no,rshift,532,0
rox2002,1,red,dot,1,3,no,rshift,28372,0
rox2002,1,red,dot,0,7,no,lshift,1115,0
rox2002,1,red,dot,1,1,no,rshift,389,0
rox2002,1,red,dot,1,9,no,rshift,480,0
rox2002,1,red,dot,1,7,no,rshift,368,0
rox2002,1,red,dot,1,7,no,rshift,181,0
rox2002,1,red,dot,1,6,no,rshift,350,0
rox2002,1,blue,dot,1,2,no,lshift,965,0
rox2002,1,blue,dot,1,3,no,lshift,1275,0
rox2002,1,red,dot,1,4,no,rshift,584,0
rox2002,1,blue,dot,1,4,no,lshift,464,0
rox2002,1,blue,dot,1,4,no,lshift,316,0
rox2002,1,blue,dot,0,7,no,rshift,815,0
rox2002,1,blue,dot,1,9,no,lshift,411,0
rox2002,1,red,dot,1,1,no,rshift,355,0
rox2002,1,blue,dot,1,2,no,lshift,598,0
rox2002,1,red,dot,1,1,no,rshift,322,0
rox2002,1,blue,dot,1,3,no,lshift,641,0
rox2002,1,blue,dot,1,3,no,lshift,371,0
rox2002,1,blue,dot,1,4,no,lshift,349,0
rox2002,1,blue,dot,1,6,no,lshift,293,0
rox2002,1,red,dot,1,4,no,rshift,336,0
rox2002,1,red,dot,0,6,no,lshift,658,0
rox2002,1,blue,dot,1,7,no,lshift,529,0
rox2002,1,red,dot,1,6,no,rshift,558,0
rox2002,1,red,dot,1,6,no,rshift,3495,0
rox2002,1,blue,dot,1,1,no,lshift,6794,0
rox2002,1,blue,dot,1,8,no,lshift,443,0
rox2002,1,red,dot,1,2,no,rshift,411,0
rox2002,1,blue,dot,1,3,no,lshift,663,0
rox2002,1,blue,dot,1,2,no,lshift,356,0
rox2002,1,blue,dot,1,6,no,lshift,593,0
rox2002,1,red,dot,1,4,no,rshift,6987,0
rox2002,1,blue,dot,1,6,no,lshift,493,0
rox2002,1,red,dot,0,8,no,lshift,453,0
rox2002,1,blue,dot,0,7,no,rshift,382,0
rox2002,1,red,dot,1,9,no,rshift,512,0
rox2002,1,red,dot,1,1,no,rshift,513,0
rox2002,1,red,dot,1,7,no,rshift,317,0
rox2002,1,blue,dot,0,1,no,rshift,284,0
rox2002,1,blue,dot,1,7,no,lshift,1734,0
rox2002,1,blue,dot,1,7,no,lshift,576,0
rox2002,1,blue,dot,1,1,no,lshift,436,0
rox2002,1,red,dot,1,7,no,rshift,510,0
rox2002,1,red,dot,1,2,no,rshift,544,0
rox2002,1,blue,dot,1,3,no,lshift,693,0
rox2002,1,blue,dot,1,7,no,lshift,494,0
rox2002,1,blue,dot,1,3,no,lshift,515,0
rox2002,1,red,dot,1,9,no,rshift,1222,0
rox2002,1,red,dot,0,9,no,lshift,3679,0
rox2002,1,red,dot,1,9,no,rshift,596,0
rox2002,1,red,dot,1,8,no,rshift,389,0
rox2002,1,red,dot,1,2,no,rshift,347,0
rox2002,1,red,dot,1,2,no,rshift,303,0
rox2002,1,blue,dot,1,2,no,lshift,794,0
rox2002,1,red,dot,1,7,no,rshift,466,0
rox2002,1,red,dot,1,8,no,rshift,366,0
rox2002,1,red,dot,1,4,no,rshift,255,0
rox2002,1,red,dot,1,7,no,rshift,2998,0
rox2002,1,blue,dot,1,6,no,lshift,3841,0
rox2002,1,blue,dot,1,6,no,lshift,414,0
rox2002,1,red,dot,1,1,no,rshift,454,0
rox2002,1,red,dot,1,3,no,rshift,1108,0
rox2002,1,blue,dot,1,4,no,lshift,581,0
rox2002,1,blue,dot,1,1,no,lshift,550,0
rox2002,1,red,dot,1,8,no,rshift,2032,0
rox2002,1,blue,dot,1,8,no,lshift,417,0
rox2002,1,blue,dot,1,6,no,lshift,2553,0
rox2002,1,blue,dot,1,3,no,lshift,383,0
rox2002,1,blue,dot,1,4,no,lshift,1733,0
rox2002,1,blue,dot,1,8,no,lshift,542,0
rox2002,1,red,dot,1,9,no,rshift,1511,0
rox2002,1,blue,dot,1,7,no,lshift,449,0
rox2002,1,red,dot,1,1,no,rshift,709,0
rox2002,1,red,dot,1,4,no,rshift,699,0
rox2002,1,red,dot,1,3,no,rshift,337,0
rox2002,1,red,dot,1,3,no,rshift,566,0
rox2002,1,blue,dot,0,7,no,rshift,113,0
rox2002,1,red,dot,1,2,no,rshift,4499,0
rox2002,1,blue,dot,1,8,no,lshift,498,0
rox2002,1,red,dot,1,2,no,rshift,647,0
rox2002,1,red,dot,1,6,no,rshift,512,0
rox2002,1,blue,dot,1,2,no,lshift,542,0
rox2002,1,blue,dot,1,4,no,lshift,437,0
rox2002,1,blue,dot,1,4,no,lshift,539,0
rox2002,1,blue,dot,1,4,no,lshift,845,0
rox2002,1,blue,dot,1,8,no,lshift,579,0
rox2002,1,blue,dot,1,3,no,lshift,1442,0
rox2002,1,red,dot,1,9,no,rshift,349,0
rox2002,1,red,dot,1,9,no,rshift,608,0
rox2002,1,red,dot,1,6,no,rshift,341,0
rox2002,1,blue,dot,1,6,no,lshift,553,0
rox2002,1,blue,dot,1,6,no,lshift,886,0
rox2002,1,blue,dot,1,4,no,lshift,544,0
rox2002,1,red,dot,1,6,no,rshift,692,0
rox2002,1,blue,dot,1,2,no,lshift,608,0
rox2002,1,red,dot,1,7,no,rshift,580,0
rox2002,1,blue,dot,1,9,no,lshift,462,0
rox2002,1,blue,dot,0,1,no,rshift,456,0
rox2002,1,blue,dot,1,8,no,lshift,497,0
rox2002,1,blue,dot,1,1,no,lshift,448,0
rox2002,1,blue,dot,1,7,no,lshift,386,0
rox2002,1,blue,dot,1,8,no,lshift,346,0
rox2002,1,red,dot,1,6,no,rshift,4025,0
rox2002,1,red,dot,1,1,no,rshift,363,0
rox2002,1,blue,dot,1,8,no,lshift,443,0
rox2002,1,blue,dot,1,3,no,lshift,276,0
rox2002,1,red,dot,1,4,no,rshift,382,0
rox2002,1,red,dot,1,3,no,rshift,344,0
rox2002,1,red,dot,1,7,no,rshift,310,0
rox2002,1,red,dot,1,8,no,rshift,298,0
rox2002,1,red,dot,1,2,no,rshift,311,0
rox2002,1,blue,dot,1,4,no,lshift,774,0
rox2002,1,red,dot,1,1,no,rshift,389,0
rox2002,1,blue,dot,1,1,no,lshift,525,0
rox2002,1,red,dot,1,4,no,rshift,522,0
rox2002,1,red,dot,1,3,no,rshift,615,0
rox2002,1,red,dot,1,8,no,rshift,550,0
rox2002,1,blue,dot,1,9,no,lshift,566,0
rox2002,1,blue,dot,1,2,no,lshift,624,0
rox2002,1,blue,dot,1,9,no,lshift,441,0
rox2002,1,red,dot,1,6,no,rshift,452,0
rox2002,1,red,dot,0,6,no,lshift,380,0
rox2002,1,blue,dot,1,6,no,lshift,947,0
rox2002,1,blue,dot,1,6,no,lshift,462,0
rox2002,1,blue,dot,1,9,no,lshift,422,0
rox2002,1,blue,dot,1,2,no,lshift,468,0
rox2002,1,blue,dot,0,2,no,rshift,3622,0
rox2002,1,blue,dot,1,9,no,lshift,502,0
rox2002,1,red,dot,1,4,no,rshift,396,0
rox2002,1,red,dot,1,9,no,rshift,408,0
rox2002,1,red,dot,1,8,no,rshift,402,0
rox2002,1,red,dot,1,2,no,rshift,311,0
rox2002,1,blue,dot,1,1,no,lshift,477,0
rox2002,1,red,dot,1,2,no,rshift,446,0
rox2002,1,red,dot,1,3,no,rshift,408,0
rox2002,1,blue,dot,1,2,no,lshift,594,0
rox2002,1,red,dot,1,7,no,rshift,561,0
rox2002,1,red,dot,1,1,no,rshift,432,0
rox2002,1,red,dot,1,4,no,rshift,354,0
rox2002,1,red,dot,1,1,no,rshift,300,0
rox2002,1,blue,dot,1,9,no,lshift,438,0
rox2002,1,blue,dot,1,7,no,lshift,559,0
rox2002,1,red,dot,0,3,no,lshift,430,0
rox2002,1,red,dot,0,3,no,lshift,2201,0
rox2002,1,red,dot,1,8,no,rshift,444,0
rox2002,1,blue,dot,1,1,no,lshift,407,0
rox2002,1,red,dot,0,2,no,lshift,391,0
rox2002,1,red,dot,1,4,no,rshift,414,0
rox2002,1,red,dot,1,3,no,rshift,328,0
rox2002,1,blue,dot,1,8,no,lshift,539,0
rox2002,1,blue,dot,0,9,no,rshift,300,0
rox2002,1,blue,dot,1,8,no,lshift,403,0
rox2002,1,blue,dot,1,1,no,lshift,429,0
rox2002,2,blue,dot,1,7,no,lshift,1332,0
rox2002,2,red,dot,1,1,no,rshift,489,0
rox2002,2,red,dot,1,3,no,rshift,600,0
rox2002,2,blue,dot,1,6,no,lshift,505,0
rox2002,2,red,dot,1,2,no,rshift,452,0
rox2002,2,blue,dot,1,1,no,lshift,525,0
rox2002,2,red,dot,0,8,no,lshift,291,0
rox2002,2,blue,dot,1,2,no,lshift,408,0
rox2002,2,red,dot,1,1,no,rshift,442,0
rox2002,2,red,dot,1,8,no,rshift,390,0
rox2002,2,red,dot,1,4,no,rshift,598,0
rox2002,2,red,dot,1,8,no,rshift,167,0
rox2002,2,red,dot,1,3,no,rshift,421,0
rox2002,2,blue,dot,0,2,no,rshift,1265,0
rox2002,2,red,dot,1,7,no,rshift,493,0
rox2002,2,red,dot,1,6,no,rshift,430,0
rox2002,2,red,dot,1,9,no,rshift,436,0
rox2002,2,blue,dot,1,9,no,lshift,376,0
rox2002,2,blue,dot,0,3,no,rshift,402,0
rox2002,2,blue,dot,1,8,no,lshift,475,0
rox2002,2,blue,dot,1,2,no,lshift,491,0
rox2002,2,red,dot,1,7,no,rshift,320,0
rox2002,2,red,dot,0,2,no,lshift,374,0
rox2002,2,red,dot,1,7,no,rshift,461,0
rox2002,2,blue,dot,1,6,no,lshift,664,0
rox2002,2,blue,dot,1,3,no,lshift,432,0
rox2002,2,red,dot,1,8,no,rshift,492,0
rox2002,2,red,dot,0,9,no,lshift,577,0
rox2002,2,blue,dot,1,3,no,lshift,485,0
rox2002,2,red,dot,1,3,no,rshift,440,0
rox2002,2,blue,dot,1,9,no,lshift,440,0
rox2002,2,red,dot,1,2,no,rshift,514,0
rox2002,2,blue,dot,1,2,no,lshift,489,0
rox2002,2,blue,dot,1,7,no,lshift,394,0
rox2002,2,red,dot,1,2,no,rshift,422,0
rox2002,2,blue,dot,1,4,no,lshift,793,0
rox2002,2,red,dot,1,9,no,rshift,498,0
rox2002,2,blue,dot,1,7,no,lshift,453,0
rox2002,2,red,dot,1,2,no,rshift,504,0
rox2002,2,red,dot,1,1,no,rshift,574,0
rox2002,2,blue,dot,1,8,no,lshift,225,0
rox2002,2,blue,dot,1,8,no,lshift,468,0
rox2002,2,blue,dot,1,4,no,lshift,461,0
rox2002,2,red,dot,1,8,no,rshift,6649,0
rox2002,2,red,dot,1,6,no,rshift,391,0
rox2002,2,red,dot,1,2,no,rshift,569,0
rox2002,2,red,dot,1,7,no,rshift,503,0
rox2002,2,blue,dot,1,3,no,lshift,462,0
rox2002,2,blue,dot,1,2,no,lshift,349,0
rox2002,2,red,dot,1,4,no,rshift,540,0
rox2002,2,blue,dot,1,9,no,lshift,457,0
rox2002,2,red,dot,1,6,no,rshift,474,0
rox2002,2,red,dot,1,7,no,rshift,430,0
rox2002,2,blue,dot,1,8,no,lshift,537,0
rox2002,2,red,dot,1,9,no,rshift,558,0
rox2002,2,red,dot,1,7,no,rshift,1790,0
rox2002,2,blue,dot,1,2,no,lshift,466,0
rox2002,2,blue,dot,1,4,no,lshift,366,0
rox2002,2,blue,dot,1,7,no,lshift,334,0
rox2002,2,blue,dot,1,4,no,lshift,390,0
rox2002,2,blue,dot,1,4,no,lshift,1531,0
rox2002,2,red,dot,1,1,no,rshift,511,0
rox2002,2,red,dot,1,4,no,rshift,465,0
rox2002,2,blue,dot,1,6,no,lshift,484,0
rox2002,2,blue,dot,1,1,no,lshift,875,0
rox2002,2,blue,dot,1,1,no,lshift,604,0
rox2002,2,red,dot,1,8,no,rshift,538,0
rox2002,2,red,dot,1,9,no,rshift,375,0
rox2002,2,blue,dot,0,6,no,rshift,276,0
rox2002,2,red,dot,1,6,no,rshift,706,0
rox2002,2,red,dot,1,2,no,rshift,441,0
rox2002,2,blue,dot,1,3,no,lshift,6596,0
rox2002,2,red,dot,1,4,no,rshift,399,0
rox2002,2,red,dot,1,7,no,rshift,574,0
rox2002,2,blue,dot,1,9,no,lshift,558,0
rox2002,2,red,dot,1,9,no,rshift,559,0
rox2002,2,red,dot,0,7,no,lshift,1193,0
rox2002,2,blue,dot,1,4,no,lshift,557,0
rox2002,2,blue,dot,1,7,no,lshift,515,0
rox2002,2,red,dot,1,6,no,rshift,435,0
rox2002,2,red,dot,1,7,no,rshift,440,0
rox2002,2,blue,dot,1,7,no,lshift,535,0
rox2002,2,blue,dot,1,8,no,lshift,418,0
rox2002,2,red,dot,1,9,no,rshift,575,0
rox2002,2,red,dot,1,6,no,rshift,367,0
rox2002,2,red,dot,1,3,no,rshift,543,0
rox2002,2,red,dot,1,2,no,rshift,406,0
rox2002,2,blue,dot,1,7,no,lshift,510,0
rox2002,2,red,dot,1,2,no,rshift,2575,0
rox2002,2,blue,dot,1,3,no,lshift,528,0
rox2002,2,blue,dot,0,1,no,rshift,1149,0
rox2002,2,blue,dot,0,3,no,rshift,456,0
rox2002,2,red,dot,1,4,no,rshift,369,0
rox2002,2,blue,dot,1,4,no,lshift,415,0
rox2002,2,blue,dot,1,7,no,lshift,432,0
rox2002,2,red,dot,0,9,no,lshift,1081,0
rox2002,2,blue,dot,1,8,no,lshift,387,0
rox2002,2,red,dot,1,1,no,rshift,557,0
rox2002,2,red,dot,1,9,no,rshift,715,0
rox2002,2,red,dot,1,3,no,rshift,344,0
rox2002,2,red,dot,1,4,no,rshift,587,0
rox2002,2,blue,dot,1,4,no,lshift,434,0
rox2002,2,blue,dot,1,4,no,lshift,458,0
rox2002,2,blue,dot,1,8,no,lshift,2166,0
rox2002,2,red,dot,1,6,no,rshift,4164,0
rox2002,2,blue,dot,1,3,no,lshift,814,0
rox2002,2,red,dot,1,7,no,rshift,626,0
rox2002,2,blue,dot,1,3,no,lshift,1156,0
rox2002,2,red,dot,1,9,no,rshift,1520,0
rox2002,2,blue,dot,1,7,no,lshift,791,0
rox2002,2,red,dot,1,1,no,rshift,1530,0
rox2002,2,red,dot,1,4,no,rshift,976,0
rox2002,2,red,dot,1,4,no,rshift,365,0
rox2002,2,blue,dot,1,6,no,lshift,540,0
rox2002,2,blue,dot,1,1,no,lshift,287,0
rox2002,2,blue,dot,1,1,no,lshift,411,0
rox2002,2,blue,dot,1,8,no,lshift,340,0
rox2002,2,blue,dot,1,6,no,lshift,375,0
rox2002,2,blue,dot,1,2,no,lshift,1348,0
rox2002,2,blue,dot,1,1,no,lshift,313,0
rox2002,2,red,dot,0,6,no,lshift,459,0
rox2002,2,blue,dot,1,1,no,lshift,457,0
rox2002,2,blue,dot,1,2,no,lshift,302,0
rox2002,2,red,dot,1,1,no,rshift,2976,0
rox2002,2,red,dot,1,3,no,rshift,1505,0
rox2002,2,red,dot,1,2,no,rshift,345,0
rox2002,2,red,dot,1,4,no,rshift,297,0
rox2002,2,red,dot,1,6,no,rshift,284,0
rox2002,2,blue,dot,1,9,no,lshift,1079,0
rox2002,2,blue,dot,1,2,no,lshift,554,0
rox2002,2,blue,dot,1,6,no,lshift,348,0
rox2002,2,red,dot,1,3,no,rshift,544,0
rox2002,2,blue,dot,0,9,no,rshift,292,0
rox2002,2,blue,dot,0,6,no,rshift,325,0
rox2002,2,red,dot,0,3,no,lshift,54,0
rox2002,2,red,dot,1,8,no,rshift,701,0
rox2002,2,red,dot,0,1,no,lshift,389,0
rox2002,2,blue,dot,1,4,no,lshift,506,0
rox2002,2,red,dot,1,6,no,rshift,681,0
rox2002,2,blue,dot,1,1,no,lshift,402,0
rox2002,2,red,dot,1,3,no,rshift,456,0
rox2002,2,blue,dot,1,8,no,lshift,554,0
rox2002,2,blue,dot,1,9,no,lshift,1648,0
rox2002,2,red,dot,1,1,no,rshift,499,0
rox2002,2,blue,dot,1,1,no,lshift,452,0
rox2002,2,blue,dot,1,6,no,lshift,711,0
rox2002,2,red,dot,1,8,no,rshift,520,0
rox2002,2,blue,dot,1,9,no,lshift,491,0
rox2002,2,red,dot,1,1,no,rshift,485,0
rox2002,2,red,dot,1,8,no,rshift,440,0
rox2002,2,blue,dot,0,7,no,rshift,555,0
rox2002,2,blue,dot,1,3,no,lshift,1062,0
rox2002,2,red,dot,1,3,no,rshift,590,0
rox2002,2,blue,dot,1,9,no,lshift,567,0
rox2002,2,blue,dot,1,9,no,lshift,6270,0
rox2002,2,red,dot,1,4,no,rshift,3721,0
rox2002,2,red,dot,1,8,no,rshift,374,0
rox2002,2,blue,dot,1,6,no,lshift,430,0
rox2002,2,blue,dot,1,8,no,lshift,417,0
rox2002,2,blue,dot,1,2,no,lshift,652,0
rox2002,3,red,dot,1,1,no,rshift,878,0
rox2002,3,red,dot,1,7,no,rshift,735,0
rox2002,3,red,dot,1,3,no,rshift,276,0
rox2002,3,red,dot,1,7,no,rshift,226,0
rox2002,3,blue,dot,1,7,no,lshift,486,0
rox2002,3,red,dot,1,4,no,rshift,563,0
rox2002,3,red,dot,1,6,no,rshift,541,0
rox2002,3,red,dot,0,3,no,lshift,517,0
rox2002,3,blue,dot,1,3,no,lshift,430,0
rox2002,3,blue,dot,1,2,no,lshift,422,0
rox2002,3,red,dot,1,3,no,rshift,748,0
rox2002,3,blue,dot,1,4,no,lshift,434,0
rox2002,3,blue,dot,1,3,no,lshift,1100,0
rox2002,3,blue,dot,1,6,no,lshift,1058,0
rox2002,3,red,dot,0,6,no,lshift,540,0
rox2002,3,red,dot,1,7,no,rshift,447,0
rox2002,3,red,dot,1,8,no,rshift,842,0
rox2002,3,red,dot,1,7,no,rshift,407,0
rox2002,3,blue,dot,1,8,no,lshift,525,0
rox2002,3,red,dot,1,9,no,rshift,489,0
rox2002,3,red,dot,1,9,no,rshift,790,0
rox2002,3,blue,dot,1,4,no,lshift,1209,0
rox2002,3,red,dot,1,4,no,rshift,1187,0
rox2002,3,blue,dot,1,6,no,lshift,792,0
rox2002,3,blue,dot,0,2,no,rshift,1008,0
rox2002,3,red,dot,1,8,no,rshift,546,0
rox2002,3,blue,dot,1,7,no,lshift,533,0
rox2002,3,blue,dot,1,8,no,lshift,397,0
rox2002,3,blue,dot,1,9,no,lshift,591,0
rox2002,3,blue,dot,1,1,no,lshift,478,0
rox2002,3,blue,dot,1,4,no,lshift,331,0
rox2002,3,blue,dot,1,4,no,lshift,2616,0
rox2002,3,blue,dot,1,6,no,lshift,331,0
rox2002,3,blue,dot,1,8,no,lshift,1346,0
rox2002,3,red,dot,1,7,no,rshift,491,0
rox2002,3,red,dot,1,4,no,rshift,1888,0
rox2002,3,red,dot,1,4,no,rshift,453,0
rox2002,3,red,dot,1,1,no,rshift,380,0
rox2002,3,blue,dot,0,2,no,rshift,324,0
rox2002,3,red,dot,1,6,no,rshift,1592,0
rox2002,3,blue,dot,1,1,no,lshift,475,0
rox2002,3,red,dot,1,3,no,rshift,990,0
rox2002,3,red,dot,1,6,no,rshift,367,0
rox2002,3,blue,dot,1,1,no,lshift,438,0
rox2002,3,red,dot,1,2,no,rshift,500,0
rox2002,3,blue,dot,1,9,no,lshift,550,0
rox2002,3,red,dot,1,9,no,rshift,616,0
rox2002,3,blue,dot,0,2,no,rshift,264,0
rox2002,3,red,dot,1,1,no,rshift,638,0
rox2002,3,blue,dot,1,8,no,lshift,595,0
rox2002,3,blue,dot,0,7,no,rshift,493,0
rox2002,3,red,dot,1,3,no,rshift,834,0
rox2002,3,red,dot,1,1,no,rshift,328,0
rox2002,3,blue,dot,1,7,no,lshift,1426,0
rox2002,3,blue,dot,1,6,no,lshift,518,0
rox2002,3,blue,dot,1,7,no,lshift,386,0
rox2002,3,red,dot,1,8,no,rshift,553,0
rox2002,3,red,dot,1,3,no,rshift,499,0
rox2002,3,blue,dot,0,1,no,rshift,305,0
rox2002,3,blue,dot,1,9,no,lshift,356,0
rox2002,3,blue,dot,1,3,no,lshift,354,0
rox2002,3,blue,dot,1,1,no,lshift,304,0
rox2002,3,red,dot,1,3,no,rshift,664,0
rox2002,3,blue,dot,1,9,no,lshift,627,0
rox2002,3,red,dot,1,9,no,rshift,415,0
rox2002,3,blue,dot,1,3,no,lshift,619,0
rox2002,3,red,dot,1,7,no,rshift,497,0
rox2002,3,red,dot,1,4,no,rshift,322,0
rox2002,3,blue,dot,0,2,no,rshift,358,0
rox2002,3,blue,dot,1,4,no,lshift,365,0
rox2002,3,red,dot,1,9,no,rshift,549,0
rox2002,3,blue,dot,1,3,no,lshift,443,0
rox2002,3,red,dot,1,1,no,rshift,419,0
rox2002,3,blue,dot,1,1,no,lshift,312,0
rox2002,3,red,dot,1,8,no,rshift,415,0
rox2002,3,red,dot,0,1,no,lshift,465,0
rox2002,3,blue,dot,0,7,no,rshift,752,0
rox2002,3,red,dot,1,7,no,rshift,407,0
rox2002,3,blue,dot,0,3,no,rshift,201,0
rox2002,3,red,dot,0,1,no,lshift,379,0
rox2002,3,blue,dot,1,9,no,lshift,549,0
rox2002,3,blue,dot,1,4,no,lshift,317,0
rox2002,3,blue,dot,1,1,no,lshift,422,0
rox2002,3,blue,dot,1,4,no,lshift,906,0
rox2002,3,red,dot,1,2,no,rshift,2716,0
rox2002,3,red,dot,1,9,no,rshift,401,0
rox2002,3,red,dot,1,8,no,rshift,364,0
rox2002,3,blue,dot,1,9,no,lshift,4491,0
rox2002,3,blue,dot,1,7,no,lshift,595,0
rox2002,3,blue,dot,1,7,no,lshift,6369,0
rox2002,3,red,dot,1,9,no,rshift,1730,0
rox2002,3,blue,dot,1,6,no,lshift,4442,0
rox2002,3,blue,dot,1,4,no,lshift,404,0
rox2002,3,red,dot,1,9,no,rshift,1599,0
rox2002,3,blue,dot,1,3,no,lshift,888,0
rox2002,3,blue,dot,1,1,no,lshift,476,0
rox2002,3,red,dot,1,8,no,rshift,441,0
rox2002,3,red,dot,0,1,no,lshift,537,0
rox2002,3,blue,dot,1,1,no,lshift,336,0
rox2002,3,blue,dot,1,6,no,lshift,438,0
rox2002,3,red,dot,1,4,no,rshift,689,0
rox2002,3,red,dot,1,8,no,rshift,367,0
rox2002,3,red,dot,1,4,no,rshift,329,0
rox2002,3,blue,dot,1,6,no,lshift,465,0
rox2002,3,red,dot,1,6,no,rshift,495,0
rox2002,3,red,dot,1,2,no,rshift,379,0
rox2002,3,red,dot,1,2,no,rshift,324,0
rox2002,3,blue,dot,1,2,no,lshift,641,0
rox2002,3,red,dot,1,7,no,rshift,416,0
rox2002,3,red,dot,1,7,no,rshift,452,0
rox2002,3,blue,dot,1,7,no,lshift,689,0
rox2002,3,red,dot,1,8,no,rshift,394,0
rox2002,3,blue,dot,0,9,no,rshift,332,0
rox2002,3,red,dot,1,2,no,rshift,776,0
rox2002,3,red,dot,1,2,no,rshift,418,0
rox2002,3,blue,dot,0,6,no,rshift,495,0
rox2002,3,blue,dot,1,6,no,lshift,4068,0
rox2002,3,blue,dot,1,1,no,lshift,456,0
rox2002,3,blue,dot,1,3,no,lshift,290,0
rox2002,3,blue,dot,1,4,no,lshift,2683,0
rox2002,3,blue,dot,1,8,no,lshift,627,0
rox2002,3,red,dot,1,4,no,rshift,1261,0
rox2002,3,red,dot,1,9,no,rshift,440,0
rox2002,3,red,dot,1,3,no,rshift,496,0
rox2002,3,blue,dot,1,8,no,lshift,414,0
rox2002,3,red,dot,1,8,no,rshift,1046,0
rox2002,3,blue,dot,1,7,no,lshift,528,0
rox2002,3,red,dot,1,4,no,rshift,409,0
rox2002,3,blue,dot,1,8,no,lshift,504,0
rox2002,3,red,dot,1,6,no,rshift,393,0
rox2002,3,red,dot,1,6,no,rshift,378,0
rox2002,3,blue,dot,1,8,no,lshift,675,0
rox2002,3,blue,dot,1,3,no,lshift,785,0
rox2002,3,red,dot,1,3,no,rshift,747,0
rox2002,3,blue,dot,1,9,no,lshift,951,0
rox2002,3,red,dot,1,6,no,rshift,702,0
rox2002,3,blue,dot,1,2,no,lshift,562,0
rox2002,3,red,dot,1,3,no,rshift,432,0
rox2002,3,red,dot,1,4,no,rshift,372,0
rox2002,3,red,dot,1,6,no,rshift,510,0
rox2002,3,red,dot,1,8,no,rshift,6091,0
rox2002,3,blue,dot,1,4,no,lshift,376,0
rox2002,3,red,dot,0,1,no,lshift,222,0
rox2002,3,blue,dot,0,9,no,rshift,34,0
rox2002,3,red,dot,1,2,no,rshift,249,0
rox2002,3,red,dot,1,2,no,rshift,332,0
rox2002,3,blue,dot,0,2,no,rshift,617,0
rox2002,3,blue,dot,1,6,no,lshift,325,0
rox2002,3,blue,dot,1,8,no,lshift,301,0
rox2002,3,blue,dot,1,2,no,lshift,375,0
rox2002,3,blue,dot,1,2,no,lshift,333,0
rox2002,3,blue,dot,1,8,no,lshift,158,0
rox2002,3,red,dot,1,9,no,rshift,1260,0
rox2002,3,red,dot,1,2,no,rshift,448,0
rox2002,3,red,dot,1,6,no,rshift,245,0
rox2002,3,blue,dot,1,9,no,lshift,484,0
rox2002,3,red,dot,0,1,no,lshift,610,0
rox2002,3,red,dot,1,2,no,rshift,413,0
rox2002,3,red,dot,1,7,no,rshift,455,0
rox2002,3,blue,dot,1,3,no,lshift,412,0
rox2002,0,blue,classic,1,9,yes,lshift,2103,0
rox2002,0,blue,classic,1,3,yes,lshift,1750,0
rox2002,0,blue,classic,1,4,yes,rshift,585,0
rox2002,0,blue,classic,1,7,yes,lshift,1133,0
rox2002,0,blue,classic,1,1,yes,lshift,697,0
rox2002,0,blue,classic,1,8,yes,rshift,469,0
rox2002,0,blue,classic,1,2,yes,rshift,672,0
rox2002,0,blue,classic,1,6,yes,rshift,515,0
rox2002,1,blue,classic,0,3,yes,lshift,741,0
rox2002,1,blue,classic,0,6,yes,rshift,895,0
rox2002,1,blue,classic,1,4,yes,lshift,937,0
rox2002,1,blue,classic,1,1,yes,rshift,724,0
rox2002,1,blue,classic,0,9,yes,lshift,629,0
rox2002,1,blue,classic,0,8,yes,rshift,730,0
rox2002,1,blue,classic,1,2,yes,lshift,1073,0
rox2002,1,blue,classic,1,7,yes,rshift,995,0
rox2002,2,blue,classic,1,7,no,lshift,884,0
rox2002,2,blue,classic,0,2,no,lshift,468,0
rox2002,2,blue,classic,1,9,no,lshift,495,0
rox2002,2,blue,classic,0,3,no,rshift,453,0
rox2002,2,blue,classic,1,8,no,rshift,815,0
rox2002,2,blue,classic,1,1,no,lshift,533,0
rox2002,2,blue,classic,1,4,no,rshift,650,0
rox2002,2,blue,classic,1,8,no,rshift,670,0
rox2002,2,blue,classic,1,4,no,rshift,412,0
rox2002,2,blue,classic,1,7,no,lshift,704,0
rox2002,2,blue,classic,0,8,no,lshift,558,0
rox2002,2,blue,classic,0,7,no,rshift,1203,0
rox2002,2,blue,classic,1,9,no,lshift,1128,0
rox2002,2,blue,classic,1,7,no,lshift,600,0
rox2002,2,blue,classic,1,2,no,rshift,843,0
rox2002,2,blue,classic,1,7,no,lshift,624,0
rox2002,2,blue,classic,1,9,no,lshift,511,0
rox2002,2,blue,classic,1,7,no,lshift,463,0
rox2002,2,blue,classic,0,6,no,lshift,390,0
rox2002,2,blue,classic,1,4,no,rshift,557,0
rox2002,2,blue,classic,1,2,no,rshift,807,0
rox2002,2,blue,classic,1,1,no,lshift,650,0
rox2002,2,blue,classic,1,9,no,lshift,512,0
rox2002,2,blue,classic,1,9,no,lshift,634,0
rox2002,2,blue,classic,0,1,no,rshift,689,0
rox2002,2,blue,classic,1,1,no,lshift,734,0
rox2002,2,blue,classic,1,7,no,lshift,728,0
rox2002,2,blue,classic,1,7,no,lshift,493,0
rox2002,2,blue,classic,0,4,no,lshift,1089,0
rox2002,2,blue,classic,1,1,no,lshift,782,0
rox2002,2,blue,classic,1,3,no,lshift,6579,0
rox2002,2,blue,classic,1,6,no,rshift,733,0
rox2002,2,blue,classic,1,2,no,rshift,534,0
rox2002,2,blue,classic,1,6,no,rshift,749,0
rox2002,2,blue,classic,1,3,no,lshift,569,0
rox2002,2,blue,classic,1,1,no,lshift,634,0
rox2002,2,blue,classic,1,8,no,rshift,640,0
rox2002,2,blue,classic,0,8,no,lshift,772,0
rox2002,2,blue,classic,0,9,no,rshift,958,0
rox2002,2,blue,classic,1,9,no,lshift,646,0
rox2002,2,blue,classic,0,3,no,rshift,591,0
rox2002,2,blue,classic,1,4,no,rshift,724,0
rox2002,2,blue,classic,0,8,no,lshift,517,0
rox2002,2,blue,classic,0,8,no,lshift,510,0
rox2002,2,blue,classic,0,1,no,rshift,479,0
rox2002,2,blue,classic,1,7,no,lshift,584,0
rox2002,2,blue,classic,1,4,no,rshift,577,0
rox2002,2,blue,classic,1,1,no,lshift,707,0
rox2002,2,blue,classic,0,4,no,lshift,419,0
rox2002,2,blue,classic,1,1,no,lshift,705,0
rox2002,2,blue,classic,1,9,no,lshift,847,0
rox2002,2,blue,classic,1,9,no,lshift,471,0
rox2002,2,blue,classic,1,2,no,rshift,1549,0
rox2002,2,blue,classic,1,7,no,lshift,523,0
rox2002,2,blue,classic,0,3,no,rshift,496,0
rox2002,2,blue,classic,0,8,no,lshift,748,0
rox2002,2,blue,classic,1,6,no,rshift,753,0
rox2002,2,blue,classic,1,1,no,lshift,665,0
rox2002,2,blue,classic,1,7,no,lshift,1506,0
rox2002,2,blue,classic,1,2,no,rshift,3351,0
rox2002,2,blue,classic,1,2,no,rshift,631,0
rox2002,2,blue,classic,0,6,no,lshift,800,0
rox2002,2,blue,classic,1,3,no,lshift,704,0
rox2002,2,blue,classic,1,9,no,lshift,786,0
rox2002,2,blue,classic,1,6,no,rshift,693,0
rox2002,2,blue,classic,1,2,no,rshift,544,0
rox2002,2,blue,classic,0,9,no,rshift,450,0
rox2002,2,blue,classic,1,2,no,rshift,613,0
rox2002,2,blue,classic,1,7,no,lshift,791,0
rox2002,2,blue,classic,0,3,no,rshift,560,0
rox2002,2,blue,classic,0,6,no,lshift,723,0
rox2002,2,blue,classic,1,7,no,lshift,352,0
rox2002,2,blue,classic,1,6,no,rshift,752,0
rox2002,2,blue,classic,1,2,no,rshift,370,0
rox2002,2,blue,classic,0,1,no,rshift,369,0
rox2002,2,blue,classic,1,6,no,rshift,755,0
rox2002,2,blue,classic,1,3,no,lshift,241,0
rox2002,2,blue,classic,1,1,no,lshift,533,0
rox2002,2,blue,classic,0,6,no,lshift,350,0
rox2002,2,blue,classic,1,4,no,rshift,523,0
rox2002,2,blue,classic,1,3,no,lshift,758,0
rox2002,2,blue,classic,1,2,no,rshift,471,0
rox2002,2,blue,classic,1,3,no,lshift,658,0
rox2002,2,blue,classic,1,7,no,lshift,589,0
rox2002,2,blue,classic,0,8,no,lshift,482,0
rox2002,2,blue,classic,1,6,no,rshift,788,0
rox2002,2,blue,classic,0,4,no,lshift,1350,0
rox2002,2,blue,classic,0,3,no,rshift,687,0
rox2002,2,blue,classic,1,1,no,lshift,676,0
rox2002,2,blue,classic,1,6,no,rshift,580,0
rox2002,2,blue,classic,1,9,no,lshift,939,0
rox2002,2,blue,classic,0,3,no,rshift,576,0
rox2002,2,blue,classic,1,3,no,lshift,1066,0
rox2002,2,blue,classic,1,4,no,rshift,543,0
rox2002,2,blue,classic,1,3,no,lshift,712,0
rox2002,2,blue,classic,1,9,no,lshift,492,0
rox2002,2,blue,classic,1,8,no,rshift,722,0
rox2002,2,blue,classic,1,8,no,rshift,1474,0
rox2002,2,blue,classic,1,1,no,lshift,19097,0
rox2002,2,blue,classic,1,4,no,rshift,541,0
rox2002,2,blue,classic,0,8,no,lshift,485,0
rox2002,2,blue,classic,1,9,no,lshift,426,0
rox2002,2,blue,classic,1,6,no,rshift,607,0
rox2002,2,blue,classic,1,2,no,rshift,638,0
rox2002,2,blue,classic,1,2,no,rshift,394,0
rox2002,2,blue,classic,1,4,no,rshift,725,0
rox2002,2,blue,classic,1,8,no,rshift,792,0
rox2002,2,blue,classic,1,4,no,rshift,2278,0
rox2002,2,blue,classic,1,2,no,rshift,635,0
rox2002,2,blue,classic,1,6,no,rshift,425,0
rox2002,2,blue,classic,1,8,no,rshift,735,0
rox2002,2,blue,classic,1,4,no,rshift,1022,0
rox2002,3,blue,classic,1,3,no,rshift,983,0
rox2002,3,blue,classic,1,2,no,lshift,455,0
rox2002,3,blue,classic,1,7,no,rshift,906,0
rox2002,3,blue,classic,1,1,no,rshift,597,0
rox2002,3,blue,classic,1,9,no,rshift,576,0
rox2002,3,blue,classic,1,8,no,lshift,636,0
rox2002,3,blue,classic,0,8,no,rshift,659,0
rox2002,3,blue,classic,1,9,no,rshift,499,0
rox2002,3,blue,classic,1,1,no,rshift,620,0
rox2002,3,blue,classic,1,4,no,lshift,414,0
rox2002,3,blue,classic,1,4,no,lshift,427,0
rox2002,3,blue,classic,1,6,no,lshift,506,0
rox2002,3,blue,classic,1,4,no,lshift,434,0
rox2002,3,blue,classic,1,3,no,rshift,777,0
rox2002,3,blue,classic,1,9,no,rshift,599,0
rox2002,3,blue,classic,1,7,no,rshift,408,0
rox2002,3,blue,classic,1,3,no,rshift,618,0
rox2002,3,blue,classic,1,6,no,lshift,893,0
rox2002,3,blue,classic,0,4,no,rshift,474,0
rox2002,3,blue,classic,1,9,no,rshift,611,0
rox2002,3,blue,classic,1,3,no,rshift,695,0
rox2002,3,blue,classic,1,8,no,lshift,685,0
rox2002,3,blue,classic,0,2,no,rshift,386,0
rox2002,3,blue,classic,1,7,no,rshift,606,0
rox2002,3,blue,classic,1,7,no,rshift,849,0
rox2002,3,blue,classic,0,1,no,lshift,539,0
rox2002,3,blue,classic,1,2,no,lshift,353,0
rox2002,3,blue,classic,1,3,no,rshift,562,0
rox2002,3,blue,classic,1,4,no,lshift,709,0
rox2002,3,blue,classic,0,2,no,rshift,522,0
rox2002,3,blue,classic,1,1,no,rshift,584,0
rox2002,3,blue,classic,1,1,no,rshift,530,0
rox2002,3,blue,classic,1,9,no,rshift,556,0
rox2002,3,blue,classic,1,3,no,rshift,503,0
rox2002,3,blue,classic,1,1,no,rshift,1040,0
rox2002,3,blue,classic,1,8,no,lshift,723,0
rox2002,3,blue,classic,1,8,no,lshift,1735,0
rox2002,3,blue,classic,1,4,no,lshift,492,0
rox2002,3,blue,classic,1,2,no,lshift,488,0
rox2002,3,blue,classic,1,7,no,rshift,566,0
rox2002,3,blue,classic,1,7,no,rshift,452,0
rox2002,3,blue,classic,1,7,no,rshift,328,0
rox2002,3,blue,classic,1,8,no,lshift,896,0
rox2002,3,blue,classic,1,8,no,lshift,484,0
rox2002,3,blue,classic,0,9,no,lshift,345,0
rox2002,3,blue,classic,1,6,no,lshift,619,0
rox2002,3,blue,classic,1,6,no,lshift,503,0
rox2002,3,blue,classic,1,1,no,rshift,941,0
rox2002,3,blue,classic,1,4,no,lshift,608,0
rox2002,3,blue,classic,1,6,no,lshift,447,0
rox2002,3,blue,classic,1,6,no,lshift,392,0
rox2002,3,blue,classic,1,7,no,rshift,529,0
rox2002,3,blue,classic,1,2,no,lshift,656,0
rox2002,3,blue,classic,1,6,no,lshift,576,0
rox2002,3,blue,classic,1,4,no,lshift,451,0
rox2002,3,blue,classic,1,4,no,lshift,389,0
rox2002,3,blue,classic,1,6,no,lshift,527,0
rox2002,3,blue,classic,1,6,no,lshift,1123,0
rox2002,3,blue,classic,1,9,no,rshift,467,0
rox2002,3,blue,classic,1,3,no,rshift,749,0
rox2002,3,blue,classic,1,8,no,lshift,666,0
rox2002,3,blue,classic,1,2,no,lshift,494,0
rox2002,3,blue,classic,1,2,no,lshift,566,0
rox2002,3,blue,classic,1,7,no,rshift,770,0
rox2002,3,blue,classic,1,2,no,lshift,661,0
rox2002,3,blue,classic,1,2,no,lshift,418,0
rox2002,3,blue,classic,1,9,no,rshift,690,0
rox2002,3,blue,classic,1,2,no,lshift,623,0
rox2002,3,blue,classic,1,7,no,rshift,454,0
rox2002,3,blue,classic,1,4,no,lshift,574,0
rox2002,3,blue,classic,1,2,no,lshift,496,0
rox2002,3,blue,classic,1,7,no,rshift,807,0
rox2002,3,blue,classic,0,9,no,lshift,2878,0
rox2002,3,blue,classic,1,9,no,rshift,499,0
rox2002,3,blue,classic,1,1,no,rshift,755,0
rox2002,3,blue,classic,0,1,no,lshift,524,0
rox2002,3,blue,classic,1,8,no,lshift,522,0
rox2002,3,blue,classic,1,3,no,rshift,559,0
rox2002,3,blue,classic,1,6,no,lshift,640,0
rox2002,3,blue,classic,1,9,no,rshift,611,0
rox2002,3,blue,classic,0,8,no,rshift,432,0
rox2002,3,blue,classic,1,8,no,lshift,549,0
rox2002,3,blue,classic,1,8,no,lshift,509,0
rox2002,3,blue,classic,1,4,no,lshift,948,0
rox2002,3,blue,classic,1,4,no,lshift,537,0
rox2002,3,blue,classic,1,2,no,lshift,494,0
rox2002,3,blue,classic,1,1,no,rshift,923,0
rox2002,3,blue,classic,1,1,no,rshift,4537,0
rox2002,3,blue,classic,0,6,no,rshift,951,0
rox2002,3,blue,classic,1,9,no,rshift,961,0
rox2002,3,blue,classic,1,7,no,rshift,1097,0
rox2002,3,blue,classic,1,3,no,rshift,619,0
rox2002,3,blue,classic,1,1,no,rshift,568,0
rox2002,3,blue,classic,1,7,no,rshift,765,0
rox2002,3,blue,classic,1,4,no,lshift,623,0
rox2002,3,blue,classic,1,1,no,rshift,1195,0
rox2002,3,blue,classic,1,3,no,rshift,407,0
rox2002,3,blue,classic,1,3,no,rshift,539,0
rox2002,3,blue,classic,1,3,no,rshift,355,0
rox2002,3,blue,classic,1,6,no,lshift,684,0
rox2002,3,blue,classic,1,1,no,rshift,557,0
rox2002,3,blue,classic,1,4,no,lshift,629,0
rox2002,3,blue,classic,1,3,no,rshift,766,0
rox2002,3,blue,classic,1,9,no,rshift,529,0
rox2002,3,blue,classic,1,9,no,rshift,550,0
rox2002,3,blue,classic,1,8,no,lshift,2047,0
rox2002,3,blue,classic,1,7,no,rshift,625,0
rox2002,3,blue,classic,1,6,no,lshift,630,0
rox2002,3,blue,classic,0,8,no,rshift,490,0
rox2002,3,blue,classic,1,2,no,lshift,649,0
rox2002,3,blue,classic,1,6,no,lshift,458,0
rox2002,3,blue,classic,0,3,no,lshift,451,0
