ID_name,block,color,condition,correct_keyboard_response,number,practice,response_keyboard_response,response_time_keyboard_response,subject_nr
almás lángos,0,red,arab,1,8,yes,rshift,1607,1
almás lángos,0,red,arab,1,4,yes,rshift,3424,1
almás lángos,0,blue,arab,1,3,yes,lshift,3882,1
almás lángos,0,blue,arab,1,2,yes,lshift,935,1
almás lángos,0,blue,arab,1,1,yes,lshift,2497,1
almás lángos,0,red,arab,1,9,yes,rshift,721,1
almás lángos,0,blue,arab,1,6,yes,lshift,944,1
almás lángos,0,red,arab,1,7,yes,rshift,1714,1
almás lángos,0,blue,arab,1,9,yes,lshift,1036,1
almás lángos,0,red,arab,1,1,yes,rshift,655,1
almás lángos,0,red,arab,1,2,yes,rshift,1704,1
almás lángos,0,blue,arab,1,8,yes,lshift,593,1
almás lángos,0,blue,arab,1,7,yes,lshift,1277,1
almás lángos,0,red,arab,1,3,yes,rshift,879,1
almás lángos,0,red,arab,1,6,yes,rshift,2102,1
almás lángos,0,blue,arab,1,4,yes,lshift,983,1
almás lángos,1,blue,arab,1,2,no,lshift,848,1
almás lángos,1,red,arab,1,1,no,rshift,564,1
almás lángos,1,red,arab,1,1,no,rshift,656,1
almás lángos,1,red,arab,1,9,no,rshift,703,1
almás lángos,1,red,arab,1,4,no,rshift,2261,1
almás lángos,1,red,arab,1,7,no,rshift,515,1
almás lángos,1,blue,arab,1,6,no,lshift,453,1
almás lángos,1,blue,arab,1,6,no,lshift,580,1
almás lángos,1,blue,arab,1,9,no,lshift,691,1
almás lángos,1,blue,arab,1,9,no,lshift,609,1
almás lángos,1,blue,arab,1,3,no,lshift,518,1
almás lángos,1,red,arab,1,3,no,rshift,579,1
almás lángos,1,blue,arab,1,9,no,lshift,529,1
almás lángos,1,red,arab,1,8,no,rshift,574,1
almás lángos,1,blue,arab,1,4,no,lshift,573,1
almás lángos,1,red,arab,1,8,no,rshift,676,1
almás lángos,1,red,arab,1,2,no,rshift,573,1
almás lángos,1,red,arab,1,9,no,rshift,741,1
almás lángos,1,red,arab,1,7,no,rshift,803,1
almás lángos,1,blue,arab,1,6,no,lshift,535,1
almás lángos,1,red,arab,1,3,no,rshift,631,1
almás lángos,1,blue,arab,1,4,no,lshift,584,1
almás lángos,1,blue,arab,1,8,no,lshift,695,1
almás lángos,1,blue,arab,1,1,no,lshift,510,1
almás lángos,1,blue,arab,1,4,no,lshift,496,1
almás lángos,1,blue,arab,1,4,no,lshift,414,1
almás lángos,1,blue,arab,1,7,no,lshift,517,1
almás lángos,1,blue,arab,1,2,no,lshift,446,1
almás lángos,1,red,arab,1,8,no,rshift,546,1
almás lángos,1,red,arab,1,6,no,rshift,557,1
almás lángos,1,blue,arab,1,4,no,lshift,536,1
almás lángos,1,red,arab,1,1,no,rshift,520,1
almás lángos,1,red,arab,1,6,no,rshift,612,1
almás lángos,1,blue,arab,1,2,no,lshift,533,1
almás lángos,1,red,arab,1,2,no,rshift,582,1
almás lángos,1,red,arab,1,7,no,rshift,444,1
almás lángos,1,red,arab,1,9,no,rshift,737,1
almás lángos,1,blue,arab,1,8,no,lshift,535,1
almás lángos,1,red,arab,1,7,no,rshift,870,1
almás lángos,1,blue,arab,1,8,no,lshift,1014,1
almás lángos,1,red,arab,1,4,no,rshift,1093,1
almás lángos,1,blue,arab,1,7,no,lshift,1101,1
almás lángos,1,red,arab,1,4,no,rshift,748,1
almás lángos,1,red,arab,1,6,no,rshift,1245,1
almás lángos,1,red,arab,1,1,no,rshift,792,1
almás lángos,1,blue,arab,1,9,no,lshift,681,1
almás lángos,1,blue,arab,1,1,no,lshift,816,1
almás lángos,1,blue,arab,1,9,no,lshift,455,1
almás lángos,1,red,arab,1,6,no,rshift,461,1
almás lángos,1,blue,arab,1,3,no,lshift,595,1
almás lángos,1,blue,arab,1,3,no,lshift,502,1
almás lángos,1,blue,arab,1,8,no,lshift,452,1
almás lángos,1,red,arab,1,9,no,rshift,667,1
almás lángos,1,blue,arab,1,4,no,lshift,485,1
almás lángos,1,blue,arab,1,7,no,lshift,465,1
almás lángos,1,blue,arab,1,3,no,lshift,475,1
almás lángos,1,red,arab,1,4,no,rshift,517,1
almás lángos,1,red,arab,1,9,no,rshift,500,1
almás lángos,1,blue,arab,1,3,no,lshift,501,1
almás lángos,1,blue,arab,1,8,no,lshift,466,1
almás lángos,1,red,arab,1,6,no,rshift,493,1
almás lángos,1,red,arab,1,2,no,rshift,516,1
almás lángos,1,blue,arab,1,3,no,lshift,453,1
almás lángos,1,red,arab,1,9,no,rshift,412,1
almás lángos,1,blue,arab,1,2,no,lshift,468,1
almás lángos,1,red,arab,1,1,no,rshift,526,1
almás lángos,1,blue,arab,1,6,no,lshift,402,1
almás lángos,1,blue,arab,1,7,no,lshift,503,1
almás lángos,1,blue,arab,1,3,no,lshift,373,1
almás lángos,1,red,arab,1,6,no,rshift,436,1
almás lángos,1,blue,arab,1,9,no,lshift,414,1
almás lángos,1,blue,arab,1,1,no,lshift,452,1
almás lángos,1,blue,arab,1,7,no,lshift,596,1
almás lángos,1,blue,arab,1,2,no,lshift,430,1
almás lángos,1,red,arab,1,3,no,rshift,448,1
almás lángos,1,blue,arab,1,9,no,lshift,513,1
almás lángos,1,blue,arab,1,1,no,lshift,427,1
almás lángos,1,red,arab,1,3,no,rshift,492,1
almás lángos,1,red,arab,1,3,no,rshift,475,1
almás lángos,1,blue,arab,1,2,no,lshift,445,1
almás lángos,1,red,arab,1,6,no,rshift,473,1
almás lángos,1,red,arab,1,7,no,rshift,722,1
almás lángos,1,blue,arab,1,4,no,lshift,448,1
almás lángos,1,blue,arab,1,4,no,lshift,459,1
almás lángos,1,red,arab,1,8,no,rshift,403,1
almás lángos,1,red,arab,1,9,no,rshift,487,1
almás lángos,1,red,arab,1,8,no,rshift,490,1
almás lángos,1,blue,arab,1,2,no,lshift,512,1
almás lángos,1,red,arab,1,2,no,rshift,583,1
almás lángos,1,red,arab,1,6,no,rshift,439,1
almás lángos,1,blue,arab,1,1,no,lshift,492,1
almás lángos,1,red,arab,1,2,no,rshift,492,1
almás lángos,1,blue,arab,1,7,no,lshift,447,1
almás lángos,1,blue,arab,1,8,no,lshift,555,1
almás lángos,1,blue,arab,1,4,no,lshift,428,1
almás lángos,1,blue,arab,1,3,no,lshift,439,1
almás lángos,1,blue,arab,1,4,no,lshift,371,1
almás lángos,1,blue,arab,1,2,no,lshift,402,1
almás lángos,1,red,arab,1,3,no,rshift,438,1
almás lángos,1,red,arab,1,4,no,rshift,530,1
almás lángos,1,red,arab,1,1,no,rshift,439,1
almás lángos,1,blue,arab,1,7,no,lshift,457,1
almás lángos,1,red,arab,1,3,no,rshift,424,1
almás lángos,1,blue,arab,1,7,no,lshift,479,1
almás lángos,1,red,arab,1,8,no,rshift,579,1
almás lángos,1,red,arab,1,8,no,rshift,497,1
almás lángos,1,blue,arab,1,1,no,lshift,545,1
almás lángos,1,red,arab,1,9,no,rshift,442,1
almás lángos,1,blue,arab,1,8,no,lshift,495,1
almás lángos,1,red,arab,1,2,no,rshift,401,1
almás lángos,1,red,arab,1,1,no,rshift,532,1
almás lángos,1,red,arab,1,3,no,rshift,477,1
almás lángos,1,red,arab,1,7,no,rshift,427,1
almás lángos,1,red,arab,1,9,no,rshift,437,1
almás lángos,1,blue,arab,1,6,no,lshift,437,1
almás lángos,1,red,arab,1,4,no,rshift,426,1
almás lángos,1,blue,arab,1,6,no,lshift,524,1
almás lángos,1,red,arab,1,2,no,rshift,415,1
almás lángos,1,red,arab,1,6,no,rshift,424,1
almás lángos,1,red,arab,1,4,no,rshift,558,1
almás lángos,1,red,arab,1,4,no,rshift,403,1
almás lángos,1,blue,arab,1,2,no,lshift,355,1
almás lángos,1,blue,arab,1,2,no,lshift,480,1
almás lángos,1,blue,arab,1,1,no,lshift,501,1
almás lángos,1,red,arab,1,4,no,rshift,652,1
almás lángos,1,blue,arab,1,7,no,lshift,539,1
almás lángos,1,red,arab,1,7,no,rshift,458,1
almás lángos,1,blue,arab,1,8,no,lshift,528,1
almás lángos,1,blue,arab,1,1,no,lshift,469,1
almás lángos,1,blue,arab,1,6,no,lshift,470,1
almás lángos,1,red,arab,1,4,no,rshift,462,1
almás lángos,1,blue,arab,1,8,no,lshift,469,1
almás lángos,1,red,arab,1,3,no,rshift,453,1
almás lángos,1,blue,arab,1,1,no,lshift,429,1
almás lángos,1,blue,arab,1,3,no,lshift,477,1
almás lángos,1,blue,arab,1,6,no,lshift,485,1
almás lángos,1,red,arab,1,9,no,rshift,421,1
almás lángos,1,red,arab,1,8,no,rshift,701,1
almás lángos,1,blue,arab,1,8,no,lshift,468,1
almás lángos,1,blue,arab,1,9,no,lshift,492,1
almás lángos,1,red,arab,1,8,no,rshift,395,1
almás lángos,1,blue,arab,1,9,no,lshift,445,1
almás lángos,1,red,arab,1,7,no,rshift,449,1
almás lángos,1,blue,arab,1,9,no,lshift,518,1
almás lángos,1,red,arab,1,7,no,rshift,414,1
almás lángos,1,red,arab,1,2,no,rshift,428,1
almás lángos,1,blue,arab,1,1,no,lshift,453,1
almás lángos,1,blue,arab,1,6,no,lshift,443,1
almás lángos,1,red,arab,1,1,no,rshift,489,1
almás lángos,1,blue,arab,1,7,no,lshift,452,1
almás lángos,1,red,arab,1,2,no,rshift,387,1
almás lángos,1,red,arab,1,3,no,rshift,502,1
almás lángos,1,blue,arab,1,3,no,lshift,419,1
almás lángos,1,blue,arab,1,6,no,lshift,444,1
almás lángos,1,red,arab,1,8,no,rshift,376,1
almás lángos,1,red,arab,1,2,no,rshift,447,1
almás lángos,1,red,arab,1,1,no,rshift,395,1
almás lángos,1,red,arab,1,6,no,rshift,406,1
almás lángos,1,red,arab,1,1,no,rshift,417,1
almás lángos,1,red,arab,1,7,no,rshift,408,1
almás lángos,2,blue,arab,1,3,no,lshift,608,1
almás lángos,2,blue,arab,1,6,no,lshift,573,1
almás lángos,2,red,arab,1,7,no,rshift,508,1
almás lángos,2,red,arab,1,2,no,rshift,518,1
almás lángos,2,blue,arab,1,6,no,lshift,479,1
almás lángos,2,red,arab,1,6,no,rshift,452,1
almás lángos,2,blue,arab,1,1,no,lshift,547,1
almás lángos,2,blue,arab,1,6,no,lshift,493,1
almás lángos,2,red,arab,1,7,no,rshift,434,1
almás lángos,2,blue,arab,1,4,no,lshift,437,1
almás lángos,2,blue,arab,1,1,no,lshift,455,1
almás lángos,2,blue,arab,1,9,no,lshift,446,1
almás lángos,2,blue,arab,1,9,no,lshift,426,1
almás lángos,2,blue,arab,1,2,no,lshift,388,1
almás lángos,2,red,arab,1,2,no,rshift,446,1
almás lángos,2,red,arab,1,3,no,rshift,584,1
almás lángos,2,blue,arab,1,4,no,lshift,444,1
almás lángos,2,blue,arab,1,1,no,lshift,535,1
almás lángos,2,red,arab,1,6,no,rshift,415,1
almás lángos,2,blue,arab,1,1,no,lshift,470,1
almás lángos,2,red,arab,1,3,no,rshift,423,1
almás lángos,2,red,arab,1,3,no,rshift,398,1
almás lángos,2,red,arab,1,3,no,rshift,410,1
almás lángos,2,blue,arab,1,3,no,lshift,462,1
almás lángos,2,blue,arab,1,6,no,lshift,446,1
almás lángos,2,red,arab,1,1,no,rshift,490,1
almás lángos,2,red,arab,1,2,no,rshift,388,1
almás lángos,2,red,arab,1,9,no,rshift,450,1
almás lángos,2,red,arab,1,4,no,rshift,375,1
almás lángos,2,blue,arab,1,3,no,lshift,493,1
almás lángos,2,blue,arab,1,7,no,lshift,724,1
almás lángos,2,blue,arab,1,1,no,lshift,465,1
almás lángos,2,blue,arab,1,8,no,lshift,443,1
almás lángos,2,blue,arab,1,7,no,lshift,407,1
almás lángos,2,red,arab,1,9,no,rshift,441,1
almás lángos,2,blue,arab,1,2,no,lshift,429,1
almás lángos,2,blue,arab,1,4,no,lshift,406,1
almás lángos,2,blue,arab,1,4,no,lshift,451,1
almás lángos,2,red,arab,1,9,no,rshift,458,1
almás lángos,2,blue,arab,1,3,no,lshift,417,1
almás lángos,2,blue,arab,1,8,no,lshift,432,1
almás lángos,2,blue,arab,1,7,no,lshift,386,1
almás lángos,2,red,arab,1,1,no,rshift,468,1
almás lángos,2,red,arab,1,7,no,rshift,446,1
almás lángos,2,blue,arab,1,6,no,lshift,458,1
almás lángos,2,red,arab,1,3,no,rshift,456,1
almás lángos,2,blue,arab,1,8,no,lshift,463,1
almás lángos,2,blue,arab,1,4,no,lshift,431,1
almás lángos,2,red,arab,1,8,no,rshift,447,1
almás lángos,2,red,arab,1,6,no,rshift,354,1
almás lángos,2,blue,arab,1,8,no,lshift,524,1
almás lángos,2,red,arab,1,4,no,rshift,448,1
almás lángos,2,red,arab,1,3,no,rshift,357,1
almás lángos,2,blue,arab,1,8,no,lshift,494,1
almás lángos,2,red,arab,1,4,no,rshift,453,1
almás lángos,2,red,arab,1,7,no,rshift,364,1
almás lángos,2,blue,arab,1,1,no,lshift,512,1
almás lángos,2,red,arab,1,6,no,rshift,418,1
almás lángos,2,red,arab,1,2,no,rshift,432,1
almás lángos,2,blue,arab,1,7,no,lshift,603,1
almás lángos,2,blue,arab,1,7,no,lshift,519,1
almás lángos,2,red,arab,1,2,no,rshift,427,1
almás lángos,2,red,arab,1,8,no,rshift,380,1
almás lángos,2,red,arab,1,1,no,rshift,427,1
almás lángos,2,red,arab,1,6,no,rshift,358,1
almás lángos,2,blue,arab,1,8,no,lshift,505,1
almás lángos,2,red,arab,1,9,no,rshift,405,1
almás lángos,2,red,arab,1,3,no,rshift,378,1
almás lángos,2,blue,arab,1,8,no,lshift,426,1
almás lángos,2,red,arab,1,4,no,rshift,387,1
almás lángos,2,red,arab,1,9,no,rshift,437,1
almás lángos,2,red,arab,1,6,no,rshift,472,1
almás lángos,2,blue,arab,1,9,no,lshift,469,1
almás lángos,2,red,arab,1,8,no,rshift,383,1
almás lángos,2,blue,arab,1,7,no,lshift,438,1
almás lángos,2,red,arab,1,8,no,rshift,392,1
almás lángos,2,red,arab,1,2,no,rshift,451,1
almás lángos,2,red,arab,1,9,no,rshift,389,1
almás lángos,2,red,arab,1,3,no,rshift,416,1
almás lángos,2,red,arab,1,8,no,rshift,383,1
almás lángos,2,red,arab,1,4,no,rshift,389,1
almás lángos,2,blue,arab,1,4,no,lshift,447,1
almás lángos,2,blue,arab,1,6,no,lshift,482,1
almás lángos,2,blue,arab,1,3,no,lshift,438,1
almás lángos,2,blue,arab,1,3,no,lshift,484,1
almás lángos,2,blue,arab,1,6,no,lshift,488,1
almás lángos,2,red,arab,1,1,no,rshift,524,1
almás lángos,2,red,arab,1,2,no,rshift,521,1
almás lángos,2,blue,arab,1,7,no,lshift,477,1
almás lángos,2,red,arab,1,7,no,rshift,422,1
almás lángos,2,blue,arab,1,7,no,lshift,484,1
almás lángos,2,blue,arab,1,1,no,lshift,546,1
almás lángos,2,blue,arab,1,7,no,lshift,532,1
almás lángos,2,red,arab,1,4,no,rshift,506,1
almás lángos,2,blue,arab,1,9,no,lshift,484,1
almás lángos,2,blue,arab,1,3,no,lshift,489,1
almás lángos,2,red,arab,1,8,no,rshift,466,1
almás lángos,2,blue,arab,1,1,no,lshift,468,1
almás lángos,2,blue,arab,1,8,no,lshift,485,1
almás lángos,2,red,arab,1,6,no,rshift,401,1
almás lángos,2,blue,arab,1,3,no,lshift,438,1
almás lángos,2,red,arab,1,4,no,rshift,435,1
almás lángos,2,blue,arab,1,4,no,lshift,428,1
almás lángos,2,red,arab,1,7,no,rshift,430,1
almás lángos,2,red,arab,1,1,no,rshift,544,1
almás lángos,2,red,arab,1,6,no,rshift,446,1
almás lángos,2,blue,arab,1,2,no,lshift,435,1
almás lángos,2,blue,arab,1,3,no,lshift,420,1
almás lángos,2,blue,arab,1,8,no,lshift,628,1
almás lángos,2,red,arab,1,1,no,rshift,428,1
almás lángos,2,red,arab,1,1,no,rshift,441,1
almás lángos,2,blue,arab,1,1,no,lshift,477,1
almás lángos,2,blue,arab,1,3,no,lshift,664,1
almás lángos,2,blue,arab,1,9,no,lshift,519,1
almás lángos,2,blue,arab,1,4,no,lshift,474,1
almás lángos,2,blue,arab,1,9,no,lshift,788,1
almás lángos,2,blue,arab,1,2,no,lshift,486,1
almás lángos,2,blue,arab,1,2,no,lshift,394,1
almás lángos,2,red,arab,1,2,no,rshift,547,1
almás lángos,2,red,arab,1,4,no,rshift,509,1
almás lángos,2,red,arab,1,7,no,rshift,478,1
almás lángos,2,red,arab,1,3,no,rshift,464,1
almás lángos,2,blue,arab,1,6,no,lshift,591,1
almás lángos,2,red,arab,1,4,no,rshift,408,1
almás lángos,2,red,arab,1,9,no,rshift,445,1
almás lángos,2,red,arab,1,1,no,rshift,473,1
almás lángos,2,red,arab,1,8,no,rshift,396,1
almás lángos,2,blue,arab,1,9,no,lshift,500,1
almás lángos,2,red,arab,1,8,no,rshift,604,1
almás lángos,2,blue,arab,1,8,no,lshift,416,1
almás lángos,2,blue,arab,1,9,no,lshift,439,1
almás lángos,2,red,arab,1,7,no,rshift,435,1
almás lángos,2,blue,arab,1,2,no,lshift,421,1
almás lángos,2,blue,arab,1,1,no,lshift,580,1
almás lángos,2,blue,arab,1,6,no,lshift,507,1
almás lángos,2,red,arab,1,2,no,rshift,508,1
almás lángos,2,red,arab,1,6,no,rshift,501,1
almás lángos,2,red,arab,1,4,no,rshift,493,1
almás lángos,2,red,arab,1,8,no,rshift,413,1
almás lángos,2,blue,arab,1,9,no,lshift,491,1
almás lángos,2,blue,arab,1,2,no,lshift,495,1
almás lángos,2,blue,arab,1,2,no,lshift,472,1
almás lángos,2,blue,arab,1,9,no,lshift,488,1
almás lángos,2,red,arab,1,1,no,rshift,460,1
almás lángos,2,blue,arab,1,2,no,lshift,476,1
almás lángos,2,red,arab,1,8,no,rshift,404,1
almás lángos,2,red,arab,1,9,no,rshift,425,1
almás lángos,2,blue,arab,1,7,no,lshift,475,1
almás lángos,2,red,arab,1,3,no,rshift,484,1
almás lángos,2,red,arab,1,6,no,rshift,377,1
almás lángos,2,blue,arab,1,6,no,lshift,440,1
almás lángos,2,red,arab,1,7,no,rshift,588,1
almás lángos,2,red,arab,1,2,no,rshift,373,1
almás lángos,2,blue,arab,1,4,no,lshift,458,1
almás lángos,2,blue,arab,1,2,no,lshift,473,1
almás lángos,2,blue,arab,1,4,no,lshift,467,1
almás lángos,2,red,arab,1,9,no,rshift,382,1
almás lángos,2,red,arab,1,1,no,rshift,418,1
almás lángos,2,red,arab,1,7,no,rshift,368,1
almás lángos,2,red,arab,1,9,no,rshift,364,1
almás lángos,3,red,arab,1,6,no,rshift,551,1
almás lángos,3,red,arab,1,7,no,rshift,361,1
almás lángos,3,blue,arab,1,6,no,lshift,470,1
almás lángos,3,red,arab,1,7,no,rshift,408,1
almás lángos,3,blue,arab,1,3,no,lshift,444,1
almás lángos,3,blue,arab,1,8,no,lshift,432,1
almás lángos,3,red,arab,1,4,no,rshift,475,1
almás lángos,3,red,arab,1,2,no,rshift,475,1
almás lángos,3,red,arab,1,1,no,rshift,413,1
almás lángos,3,blue,arab,1,3,no,lshift,412,1
almás lángos,3,blue,arab,1,4,no,lshift,482,1
almás lángos,3,red,arab,1,6,no,rshift,463,1
almás lángos,3,blue,arab,1,2,no,lshift,461,1
almás lángos,3,red,arab,1,8,no,rshift,453,1
almás lángos,3,blue,arab,1,6,no,lshift,412,1
almás lángos,3,red,arab,1,1,no,rshift,451,1
almás lángos,3,blue,arab,1,8,no,lshift,409,1
almás lángos,3,red,arab,1,4,no,rshift,451,1
almás lángos,3,blue,arab,1,1,no,lshift,467,1
almás lángos,3,red,arab,1,4,no,rshift,428,1
almás lángos,3,red,arab,1,2,no,rshift,517,1
almás lángos,3,blue,arab,1,2,no,lshift,410,1
almás lángos,3,red,arab,1,6,no,rshift,575,1
almás lángos,3,red,arab,1,9,no,rshift,431,1
almás lángos,3,blue,arab,1,2,no,lshift,439,1
almás lángos,3,red,arab,1,9,no,rshift,395,1
almás lángos,3,blue,arab,1,9,no,lshift,413,1
almás lángos,3,red,arab,1,8,no,rshift,436,1
almás lángos,3,red,arab,1,3,no,rshift,430,1
almás lángos,3,red,arab,1,8,no,rshift,432,1
almás lángos,3,red,arab,1,3,no,rshift,465,1
almás lángos,3,blue,arab,1,9,no,lshift,483,1
almás lángos,3,red,arab,1,2,no,rshift,406,1
almás lángos,3,red,arab,1,4,no,rshift,507,1
almás lángos,3,red,arab,1,7,no,rshift,357,1
almás lángos,3,red,arab,1,1,no,rshift,402,1
almás lángos,3,red,arab,1,2,no,rshift,360,1
almás lángos,3,red,arab,1,2,no,rshift,484,1
almás lángos,3,red,arab,1,6,no,rshift,361,1
almás lángos,3,red,arab,1,9,no,rshift,453,1
almás lángos,3,red,arab,1,1,no,rshift,388,1
almás lángos,3,red,arab,1,1,no,rshift,366,1
almás lángos,3,blue,arab,1,2,no,lshift,442,1
almás lángos,3,blue,arab,1,1,no,lshift,383,1
almás lángos,3,red,arab,1,1,no,rshift,476,1
almás lángos,3,blue,arab,1,2,no,lshift,367,1
almás lángos,3,red,arab,1,9,no,rshift,371,1
almás lángos,3,blue,arab,1,8,no,lshift,499,1
almás lángos,3,blue,arab,1,7,no,lshift,482,1
almás lángos,3,blue,arab,1,1,no,lshift,508,1
almás lángos,3,red,arab,1,9,no,rshift,408,1
almás lángos,3,blue,arab,1,1,no,lshift,444,1
almás lángos,3,red,arab,1,6,no,rshift,536,1
almás lángos,3,red,arab,1,4,no,rshift,511,1
almás lángos,3,red,arab,1,7,no,rshift,345,1
almás lángos,3,red,arab,1,4,no,rshift,354,1
almás lángos,3,red,arab,1,7,no,rshift,412,1
almás lángos,3,blue,arab,1,8,no,lshift,659,1
almás lángos,3,red,arab,1,1,no,rshift,474,1
almás lángos,3,red,arab,1,9,no,rshift,362,1
almás lángos,3,red,arab,1,8,no,rshift,486,1
almás lángos,3,red,arab,1,7,no,rshift,383,1
almás lángos,3,blue,arab,1,4,no,lshift,615,1
almás lángos,3,blue,arab,1,6,no,lshift,430,1
almás lángos,3,red,arab,1,4,no,rshift,600,1
almás lángos,3,red,arab,1,4,no,rshift,411,1
almás lángos,3,blue,arab,1,3,no,lshift,511,1
almás lángos,3,red,arab,1,2,no,rshift,480,1
almás lángos,3,red,arab,1,6,no,rshift,325,1
almás lángos,3,blue,arab,1,4,no,lshift,433,1
almás lángos,3,blue,arab,1,9,no,lshift,516,1
almás lángos,3,blue,arab,1,4,no,lshift,462,1
almás lángos,3,blue,arab,1,9,no,lshift,378,1
almás lángos,3,blue,arab,1,7,no,lshift,401,1
almás lángos,3,blue,arab,1,9,no,lshift,372,1
almás lángos,3,red,arab,1,8,no,rshift,483,1
almás lángos,3,red,arab,1,3,no,rshift,383,1
almás lángos,3,blue,arab,1,4,no,lshift,464,1
almás lángos,3,red,arab,1,7,no,rshift,461,1
almás lángos,3,blue,arab,1,7,no,lshift,437,1
almás lángos,3,blue,arab,1,8,no,lshift,422,1
almás lángos,3,blue,arab,1,3,no,lshift,389,1
almás lángos,3,blue,arab,1,8,no,lshift,327,1
almás lángos,3,blue,arab,1,7,no,lshift,419,1
almás lángos,3,red,arab,1,9,no,rshift,506,1
almás lángos,3,blue,arab,1,4,no,lshift,491,1
almás lángos,3,red,arab,1,8,no,rshift,371,1
almás lángos,3,red,arab,1,2,no,rshift,440,1
almás lángos,3,blue,arab,1,4,no,lshift,435,1
almás lángos,3,red,arab,1,1,no,rshift,382,1
almás lángos,3,blue,arab,1,4,no,lshift,397,1
almás lángos,3,blue,arab,1,2,no,lshift,470,1
almás lángos,3,blue,arab,1,2,no,lshift,439,1
almás lángos,3,blue,arab,1,3,no,lshift,357,1
almás lángos,3,blue,arab,1,3,no,lshift,439,1
almás lángos,3,red,arab,1,3,no,rshift,499,1
almás lángos,3,blue,arab,1,7,no,lshift,434,1
almás lángos,3,red,arab,1,6,no,rshift,419,1
almás lángos,3,blue,arab,1,6,no,lshift,458,1
almás lángos,3,blue,arab,1,4,no,lshift,376,1
almás lángos,3,red,arab,1,7,no,rshift,432,1
almás lángos,3,red,arab,1,6,no,rshift,369,1
almás lángos,3,red,arab,1,2,no,rshift,374,1
almás lángos,3,blue,arab,1,6,no,lshift,502,1
almás lángos,3,blue,arab,1,6,no,lshift,452,1
almás lángos,3,blue,arab,1,6,no,lshift,476,1
almás lángos,3,red,arab,1,4,no,rshift,477,1
almás lángos,3,red,arab,1,3,no,rshift,376,1
almás lángos,3,blue,arab,1,6,no,lshift,454,1
almás lángos,3,blue,arab,1,3,no,lshift,532,1
almás lángos,3,red,arab,1,7,no,rshift,451,1
almás lángos,3,blue,arab,1,9,no,lshift,440,1
almás lángos,3,red,arab,1,6,no,rshift,435,1
almás lángos,3,blue,arab,1,3,no,lshift,462,1
almás lángos,3,blue,arab,1,9,no,lshift,476,1
almás lángos,3,red,arab,1,7,no,rshift,420,1
almás lángos,3,red,arab,1,3,no,rshift,362,1
almás lángos,3,red,arab,1,2,no,rshift,424,1
almás lángos,3,blue,arab,1,9,no,lshift,429,1
almás lángos,3,red,arab,1,8,no,rshift,399,1
almás lángos,3,red,arab,1,1,no,rshift,372,1
almás lángos,3,blue,arab,1,8,no,lshift,410,1
almás lángos,3,red,arab,1,4,no,rshift,439,1
almás lángos,3,red,arab,1,3,no,rshift,387,1
almás lángos,3,red,arab,1,8,no,rshift,355,1
almás lángos,3,blue,arab,1,7,no,lshift,484,1
almás lángos,3,blue,arab,1,2,no,lshift,392,1
almás lángos,3,red,arab,1,1,no,rshift,482,1
almás lángos,3,blue,arab,1,6,no,lshift,454,1
almás lángos,3,blue,arab,1,3,no,lshift,437,1
almás lángos,3,blue,arab,1,1,no,lshift,415,1
almás lángos,3,blue,arab,1,1,no,lshift,387,1
almás lángos,3,blue,arab,1,1,no,lshift,429,1
almás lángos,3,red,arab,1,8,no,rshift,447,1
almás lángos,3,blue,arab,1,7,no,lshift,464,1
almás lángos,3,blue,arab,1,9,no,lshift,495,1
almás lángos,3,red,arab,1,3,no,rshift,423,1
almás lángos,3,red,arab,1,9,no,rshift,485,1
almás lángos,3,blue,arab,1,6,no,lshift,441,1
almás lángos,3,blue,arab,1,8,no,lshift,479,1
almás lángos,3,blue,arab,1,1,no,lshift,479,1
almás lángos,3,blue,arab,1,7,no,lshift,475,1
almás lángos,3,blue,arab,1,1,no,lshift,413,1
almás lángos,3,blue,arab,1,7,no,lshift,404,1
almás lángos,3,red,arab,1,3,no,rshift,424,1
almás lángos,3,blue,arab,1,8,no,lshift,498,1
almás lángos,3,blue,arab,1,9,no,lshift,441,1
almás lángos,3,blue,arab,1,2,no,lshift,446,1
almás lángos,3,red,arab,1,3,no,rshift,482,1
almás lángos,3,blue,arab,1,8,no,lshift,454,1
almás lángos,3,blue,arab,1,2,no,lshift,477,1
almás lángos,3,red,arab,1,9,no,rshift,447,1
almás lángos,3,red,arab,1,9,no,rshift,444,1
almás lángos,3,blue,arab,1,4,no,lshift,431,1
almás lángos,3,red,arab,1,8,no,rshift,345,1
almás lángos,3,blue,arab,1,3,no,lshift,442,1
almás lángos,3,blue,arab,1,7,no,lshift,431,1
almás lángos,3,red,arab,1,2,no,rshift,544,1
almás lángos,3,blue,arab,1,1,no,lshift,456,1
almás lángos,3,red,arab,1,6,no,rshift,487,1
almás lángos,0,red,dot,1,9,yes,rshift,3108,1
almás lángos,0,red,dot,1,1,yes,rshift,1534,1
almás lángos,0,blue,dot,1,9,yes,lshift,504,1
almás lángos,0,blue,dot,1,3,yes,lshift,394,1
almás lángos,0,red,dot,1,8,yes,rshift,754,1
almás lángos,0,blue,dot,1,4,yes,lshift,445,1
almás lángos,0,red,dot,1,2,yes,rshift,396,1
almás lángos,0,red,dot,1,3,yes,rshift,430,1
almás lángos,0,blue,dot,1,8,yes,lshift,504,1
almás lángos,0,red,dot,1,7,yes,rshift,375,1
almás lángos,0,blue,dot,1,6,yes,lshift,457,1
almás lángos,0,blue,dot,1,1,yes,lshift,544,1
almás lángos,0,red,dot,1,4,yes,rshift,473,1
almás lángos,0,red,dot,1,6,yes,rshift,412,1
almás lángos,0,blue,dot,1,2,yes,lshift,346,1
almás lángos,0,blue,dot,1,7,yes,lshift,461,1
almás lángos,1,red,dot,1,6,no,rshift,832,1
almás lángos,1,red,dot,1,7,no,rshift,500,1
almás lángos,1,blue,dot,1,7,no,lshift,525,1
almás lángos,1,blue,dot,1,7,no,lshift,587,1
almás lángos,1,red,dot,1,7,no,rshift,563,1
almás lángos,1,red,dot,1,7,no,rshift,472,1
almás lángos,1,red,dot,1,1,no,rshift,529,1
almás lángos,1,blue,dot,1,4,no,lshift,384,1
almás lángos,1,red,dot,1,7,no,rshift,484,1
almás lángos,1,red,dot,1,6,no,rshift,406,1
almás lángos,1,red,dot,1,3,no,rshift,357,1
almás lángos,1,blue,dot,1,1,no,lshift,422,1
almás lángos,1,blue,dot,1,7,no,lshift,453,1
almás lángos,1,red,dot,1,7,no,rshift,546,1
almás lángos,1,blue,dot,1,4,no,lshift,435,1
almás lángos,1,blue,dot,1,9,no,lshift,518,1
almás lángos,1,blue,dot,1,1,no,lshift,378,1
almás lángos,1,blue,dot,1,9,no,lshift,411,1
almás lángos,1,blue,dot,1,4,no,lshift,381,1
almás lángos,1,blue,dot,1,3,no,lshift,434,1
almás lángos,1,red,dot,1,6,no,rshift,515,1
almás lángos,1,blue,dot,1,6,no,lshift,437,1
almás lángos,1,blue,dot,1,1,no,lshift,338,1
almás lángos,1,red,dot,1,1,no,rshift,475,1
almás lángos,1,red,dot,0,8,no,lshift,1329,1
almás lángos,1,blue,dot,1,6,no,lshift,829,1
almás lángos,1,blue,dot,1,6,no,lshift,503,1
almás lángos,1,blue,dot,1,9,no,lshift,638,1
almás lángos,1,red,dot,1,8,no,rshift,442,1
almás lángos,1,blue,dot,1,2,no,lshift,527,1
almás lángos,1,red,dot,1,6,no,rshift,418,1
almás lángos,1,red,dot,1,7,no,rshift,480,1
almás lángos,1,blue,dot,1,6,no,lshift,431,1
almás lángos,1,blue,dot,1,1,no,lshift,649,1
almás lángos,1,red,dot,1,3,no,rshift,472,1
almás lángos,1,blue,dot,1,4,no,lshift,432,1
almás lángos,1,red,dot,1,9,no,rshift,503,1
almás lángos,1,red,dot,1,4,no,rshift,537,1
almás lángos,1,red,dot,1,7,no,rshift,520,1
almás lángos,1,red,dot,1,2,no,rshift,509,1
almás lángos,1,red,dot,1,4,no,rshift,448,1
almás lángos,1,red,dot,1,6,no,rshift,410,1
almás lángos,1,red,dot,1,3,no,rshift,418,1
almás lángos,1,red,dot,1,9,no,rshift,415,1
almás lángos,1,red,dot,1,1,no,rshift,489,1
almás lángos,1,blue,dot,1,6,no,lshift,459,1
almás lángos,1,blue,dot,1,2,no,lshift,708,1
almás lángos,1,blue,dot,1,1,no,lshift,414,1
almás lángos,1,red,dot,1,1,no,rshift,430,1
almás lángos,1,red,dot,1,9,no,rshift,392,1
almás lángos,1,red,dot,1,4,no,rshift,393,1
almás lángos,1,red,dot,1,1,no,rshift,398,1
almás lángos,1,red,dot,1,9,no,rshift,395,1
almás lángos,1,red,dot,1,8,no,rshift,396,1
almás lángos,1,blue,dot,1,3,no,lshift,493,1
almás lángos,1,blue,dot,1,4,no,lshift,434,1
almás lángos,1,blue,dot,1,2,no,lshift,460,1
almás lángos,1,blue,dot,1,9,no,lshift,475,1
almás lángos,1,blue,dot,1,7,no,lshift,417,1
almás lángos,1,blue,dot,1,2,no,lshift,419,1
almás lángos,1,red,dot,1,9,no,rshift,464,1
almás lángos,1,red,dot,1,7,no,rshift,423,1
almás lángos,1,blue,dot,1,2,no,lshift,415,1
almás lángos,1,blue,dot,1,8,no,lshift,811,1
almás lángos,1,blue,dot,1,3,no,lshift,475,1
almás lángos,1,blue,dot,1,3,no,lshift,452,1
almás lángos,1,red,dot,1,8,no,rshift,423,1
almás lángos,1,red,dot,1,1,no,rshift,454,1
almás lángos,1,blue,dot,1,2,no,lshift,430,1
almás lángos,1,red,dot,1,6,no,rshift,398,1
almás lángos,1,blue,dot,1,4,no,lshift,450,1
almás lángos,1,blue,dot,1,7,no,lshift,473,1
almás lángos,1,red,dot,1,6,no,rshift,419,1
almás lángos,1,red,dot,1,8,no,rshift,395,1
almás lángos,1,red,dot,1,8,no,rshift,447,1
almás lángos,1,red,dot,1,3,no,rshift,355,1
almás lángos,1,blue,dot,1,6,no,lshift,452,1
almás lángos,1,red,dot,1,6,no,rshift,459,1
almás lángos,1,blue,dot,1,3,no,lshift,410,1
almás lángos,1,blue,dot,1,9,no,lshift,440,1
almás lángos,1,red,dot,1,4,no,rshift,422,1
almás lángos,1,red,dot,1,1,no,rshift,406,1
almás lángos,1,blue,dot,1,7,no,lshift,433,1
almás lángos,1,blue,dot,1,7,no,lshift,474,1
almás lángos,1,blue,dot,1,2,no,lshift,405,1
almás lángos,1,blue,dot,1,3,no,lshift,418,1
almás lángos,1,blue,dot,1,3,no,lshift,448,1
almás lángos,1,red,dot,1,2,no,rshift,449,1
almás lángos,1,blue,dot,1,8,no,lshift,452,1
almás lángos,1,red,dot,1,3,no,rshift,387,1
almás lángos,1,red,dot,1,2,no,rshift,407,1
almás lángos,1,blue,dot,1,1,no,lshift,412,1
almás lángos,1,blue,dot,1,1,no,lshift,491,1
almás lángos,1,red,dot,1,9,no,rshift,439,1
almás lángos,1,blue,dot,1,2,no,lshift,421,1
almás lángos,1,blue,dot,1,8,no,lshift,451,1
almás lángos,1,red,dot,1,2,no,rshift,518,1
almás lángos,1,red,dot,1,3,no,rshift,405,1
almás lángos,1,red,dot,1,4,no,rshift,406,1
almás lángos,1,red,dot,1,3,no,rshift,380,1
almás lángos,1,red,dot,1,3,no,rshift,381,1
almás lángos,1,blue,dot,1,6,no,lshift,438,1
almás lángos,1,blue,dot,1,6,no,lshift,470,1
almás lángos,1,blue,dot,1,3,no,lshift,504,1
almás lángos,1,blue,dot,1,8,no,lshift,611,1
almás lángos,1,blue,dot,1,7,no,lshift,461,1
almás lángos,1,blue,dot,1,7,no,lshift,480,1
almás lángos,1,red,dot,1,1,no,rshift,437,1
almás lángos,1,red,dot,1,4,no,rshift,377,1
almás lángos,1,red,dot,1,1,no,rshift,377,1
almás lángos,1,blue,dot,1,4,no,lshift,434,1
almás lángos,1,blue,dot,1,7,no,lshift,430,1
almás lángos,1,blue,dot,1,9,no,lshift,432,1
almás lángos,1,blue,dot,1,4,no,lshift,436,1
almás lángos,1,blue,dot,1,3,no,lshift,463,1
almás lángos,1,red,dot,1,2,no,rshift,418,1
almás lángos,1,blue,dot,1,2,no,lshift,408,1
almás lángos,1,red,dot,1,3,no,rshift,382,1
almás lángos,1,blue,dot,1,8,no,lshift,400,1
almás lángos,1,red,dot,1,9,no,rshift,528,1
almás lángos,1,blue,dot,1,9,no,lshift,475,1
almás lángos,1,red,dot,1,7,no,rshift,481,1
almás lángos,1,red,dot,1,8,no,rshift,395,1
almás lángos,1,red,dot,1,6,no,rshift,371,1
almás lángos,1,red,dot,1,1,no,rshift,432,1
almás lángos,1,blue,dot,1,8,no,lshift,441,1
almás lángos,1,red,dot,1,9,no,rshift,426,1
almás lángos,1,red,dot,1,8,no,rshift,412,1
almás lángos,1,red,dot,1,2,no,rshift,415,1
almás lángos,1,red,dot,1,9,no,rshift,415,1
almás lángos,1,red,dot,1,4,no,rshift,418,1
almás lángos,1,red,dot,1,3,no,rshift,432,1
almás lángos,1,red,dot,1,2,no,rshift,350,1
almás lángos,1,blue,dot,1,1,no,lshift,423,1
almás lángos,1,blue,dot,1,6,no,lshift,449,1
almás lángos,1,red,dot,1,4,no,rshift,471,1
almás lángos,1,blue,dot,1,1,no,lshift,424,1
almás lángos,1,blue,dot,1,1,no,lshift,560,1
almás lángos,1,red,dot,1,8,no,rshift,413,1
almás lángos,1,blue,dot,1,8,no,lshift,478,1
almás lángos,1,blue,dot,1,9,no,lshift,797,1
almás lángos,1,blue,dot,1,8,no,lshift,412,1
almás lángos,1,blue,dot,1,8,no,lshift,429,1
almás lángos,1,red,dot,1,8,no,rshift,403,1
almás lángos,1,blue,dot,1,4,no,lshift,426,1
almás lángos,1,red,dot,1,2,no,rshift,412,1
almás lángos,1,blue,dot,1,2,no,lshift,450,1
almás lángos,1,red,dot,1,6,no,rshift,405,1
almás lángos,1,red,dot,1,4,no,rshift,444,1
almás lángos,1,blue,dot,1,9,no,lshift,447,1
almás lángos,1,blue,dot,1,9,no,lshift,742,1
almás lángos,1,red,dot,1,2,no,rshift,389,1
almás lángos,1,blue,dot,1,4,no,lshift,398,1
almás lángos,1,red,dot,1,4,no,rshift,406,1
almás lángos,1,red,dot,1,2,no,rshift,374,1
almás lángos,1,blue,dot,1,3,no,lshift,438,1
almás lángos,1,blue,dot,1,8,no,lshift,548,1
almás lángos,1,blue,dot,1,6,no,lshift,494,1
almás lángos,1,red,dot,1,7,no,rshift,452,1
almás lángos,1,red,dot,1,9,no,rshift,438,1
almás lángos,2,red,dot,0,2,no,lshift,943,1
almás lángos,2,blue,dot,1,3,no,lshift,1219,1
almás lángos,2,blue,dot,1,9,no,lshift,1196,1
almás lángos,2,red,dot,1,7,no,rshift,449,1
almás lángos,2,blue,dot,1,1,no,lshift,503,1
almás lángos,2,red,dot,1,4,no,rshift,437,1
almás lángos,2,red,dot,1,2,no,rshift,522,1
almás lángos,2,red,dot,1,3,no,rshift,414,1
almás lángos,2,red,dot,1,9,no,rshift,542,1
almás lángos,2,red,dot,1,3,no,rshift,408,1
almás lángos,2,blue,dot,1,9,no,lshift,485,1
almás lángos,2,red,dot,1,1,no,rshift,443,1
almás lángos,2,red,dot,1,4,no,rshift,439,1
almás lángos,2,red,dot,1,1,no,rshift,539,1
almás lángos,2,red,dot,1,4,no,rshift,370,1
almás lángos,2,red,dot,1,2,no,rshift,470,1
almás lángos,2,blue,dot,1,4,no,lshift,487,1
almás lángos,2,red,dot,1,2,no,rshift,388,1
almás lángos,2,red,dot,1,4,no,rshift,420,1
almás lángos,2,red,dot,1,3,no,rshift,509,1
almás lángos,2,blue,dot,1,4,no,lshift,511,1
almás lángos,2,red,dot,1,6,no,rshift,432,1
almás lángos,2,red,dot,1,1,no,rshift,426,1
almás lángos,2,blue,dot,1,2,no,lshift,507,1
almás lángos,2,blue,dot,1,3,no,lshift,491,1
almás lángos,2,blue,dot,1,1,no,lshift,516,1
almás lángos,2,red,dot,1,8,no,rshift,446,1
almás lángos,2,red,dot,1,9,no,rshift,417,1
almás lángos,2,red,dot,1,7,no,rshift,400,1
almás lángos,2,red,dot,1,8,no,rshift,347,1
almás lángos,2,red,dot,1,9,no,rshift,413,1
almás lángos,2,blue,dot,1,1,no,lshift,375,1
almás lángos,2,blue,dot,1,6,no,lshift,485,1
almás lángos,2,red,dot,1,8,no,rshift,420,1
almás lángos,2,red,dot,1,7,no,rshift,405,1
almás lángos,2,blue,dot,1,9,no,lshift,471,1
almás lángos,2,red,dot,1,8,no,rshift,389,1
almás lángos,2,red,dot,1,7,no,rshift,402,1
almás lángos,2,blue,dot,1,3,no,lshift,485,1
almás lángos,2,blue,dot,1,7,no,lshift,487,1
almás lángos,2,blue,dot,1,6,no,lshift,469,1
almás lángos,2,blue,dot,1,2,no,lshift,475,1
almás lángos,2,blue,dot,1,4,no,lshift,591,1
almás lángos,2,red,dot,1,6,no,rshift,403,1
almás lángos,2,blue,dot,1,3,no,lshift,467,1
almás lángos,2,red,dot,1,1,no,rshift,445,1
almás lángos,2,blue,dot,1,2,no,lshift,459,1
almás lángos,2,blue,dot,1,4,no,lshift,565,1
almás lángos,2,red,dot,1,8,no,rshift,483,1
almás lángos,2,red,dot,1,6,no,rshift,371,1
almás lángos,2,red,dot,1,4,no,rshift,381,1
almás lángos,2,blue,dot,1,8,no,lshift,469,1
almás lángos,2,red,dot,1,6,no,rshift,425,1
almás lángos,2,blue,dot,1,8,no,lshift,495,1
almás lángos,2,blue,dot,1,2,no,lshift,496,1
almás lángos,2,blue,dot,1,8,no,lshift,417,1
almás lángos,2,blue,dot,1,7,no,lshift,412,1
almás lángos,2,red,dot,1,7,no,rshift,437,1
almás lángos,2,red,dot,1,7,no,rshift,399,1
almás lángos,2,blue,dot,1,4,no,lshift,493,1
almás lángos,2,blue,dot,1,9,no,lshift,463,1
almás lángos,2,red,dot,1,3,no,rshift,451,1
almás lángos,2,red,dot,1,9,no,rshift,406,1
almás lángos,2,red,dot,1,8,no,rshift,430,1
almás lángos,2,blue,dot,1,7,no,lshift,473,1
almás lángos,2,red,dot,1,8,no,rshift,437,1
almás lángos,2,blue,dot,1,2,no,lshift,430,1
almás lángos,2,red,dot,1,2,no,rshift,372,1
almás lángos,2,blue,dot,1,6,no,lshift,436,1
almás lángos,2,red,dot,1,4,no,rshift,445,1
almás lángos,2,blue,dot,1,9,no,lshift,410,1
almás lángos,2,red,dot,1,3,no,rshift,374,1
almás lángos,2,blue,dot,1,1,no,lshift,608,1
almás lángos,2,blue,dot,1,7,no,lshift,876,1
almás lángos,2,red,dot,1,6,no,rshift,408,1
almás lángos,2,blue,dot,1,6,no,lshift,502,1
almás lángos,2,blue,dot,1,1,no,lshift,445,1
almás lángos,2,blue,dot,1,8,no,lshift,450,1
almás lángos,2,blue,dot,1,3,no,lshift,428,1
almás lángos,2,blue,dot,1,6,no,lshift,514,1
almás lángos,2,red,dot,1,9,no,rshift,439,1
almás lángos,2,red,dot,1,8,no,rshift,547,1
almás lángos,2,red,dot,1,7,no,rshift,485,1
almás lángos,2,red,dot,1,1,no,rshift,428,1
almás lángos,2,blue,dot,1,7,no,lshift,550,1
almás lángos,2,blue,dot,1,3,no,lshift,787,1
almás lángos,2,blue,dot,1,8,no,lshift,475,1
almás lángos,2,red,dot,1,9,no,rshift,440,1
almás lángos,2,red,dot,1,8,no,rshift,407,1
almás lángos,2,blue,dot,1,2,no,lshift,445,1
almás lángos,2,blue,dot,1,4,no,lshift,625,1
almás lángos,2,red,dot,1,2,no,rshift,483,1
almás lángos,2,blue,dot,1,9,no,lshift,528,1
almás lángos,2,red,dot,1,3,no,rshift,490,1
almás lángos,2,red,dot,1,9,no,rshift,1350,1
almás lángos,2,red,dot,1,9,no,rshift,625,1
almás lángos,2,blue,dot,1,4,no,lshift,405,1
almás lángos,2,blue,dot,1,6,no,lshift,480,1
almás lángos,2,red,dot,1,2,no,rshift,446,1
almás lángos,2,blue,dot,1,1,no,lshift,1218,1
almás lángos,2,blue,dot,1,3,no,lshift,480,1
almás lángos,2,red,dot,1,3,no,rshift,452,1
almás lángos,2,red,dot,1,7,no,rshift,395,1
almás lángos,2,blue,dot,1,7,no,lshift,493,1
almás lángos,2,blue,dot,1,9,no,lshift,468,1
almás lángos,2,blue,dot,1,9,no,lshift,487,1
almás lángos,2,blue,dot,1,3,no,lshift,496,1
almás lángos,2,blue,dot,1,4,no,lshift,486,1
almás lángos,2,blue,dot,1,1,no,lshift,405,1
almás lángos,2,red,dot,1,7,no,rshift,505,1
almás lángos,2,blue,dot,1,2,no,lshift,395,1
almás lángos,2,blue,dot,1,2,no,lshift,437,1
almás lángos,2,blue,dot,1,7,no,lshift,455,1
almás lángos,2,blue,dot,1,4,no,lshift,419,1
almás lángos,2,blue,dot,1,7,no,lshift,427,1
almás lángos,2,red,dot,1,3,no,rshift,495,1
almás lángos,2,red,dot,1,4,no,rshift,547,1
almás lángos,2,red,dot,1,1,no,rshift,428,1
almás lángos,2,blue,dot,1,6,no,lshift,461,1
almás lángos,2,red,dot,1,6,no,rshift,415,1
almás lángos,2,red,dot,1,4,no,rshift,474,1
almás lángos,2,red,dot,1,1,no,rshift,395,1
almás lángos,2,red,dot,1,1,no,rshift,477,1
almás lángos,2,blue,dot,1,8,no,lshift,903,1
almás lángos,2,red,dot,1,3,no,rshift,483,1
almás lángos,2,blue,dot,1,6,no,lshift,523,1
almás lángos,2,blue,dot,1,1,no,lshift,529,1
almás lángos,2,red,dot,1,7,no,rshift,462,1
almás lángos,2,red,dot,1,9,no,rshift,471,1
almás lángos,2,red,dot,1,6,no,rshift,380,1
almás lángos,2,blue,dot,1,3,no,lshift,462,1
almás lángos,2,red,dot,1,2,no,rshift,494,1
almás lángos,2,blue,dot,1,3,no,lshift,523,1
almás lángos,2,red,dot,1,8,no,rshift,396,1
almás lángos,2,blue,dot,1,9,no,lshift,563,1
almás lángos,2,blue,dot,1,1,no,lshift,480,1
almás lángos,2,blue,dot,1,8,no,lshift,582,1
almás lángos,2,red,dot,1,4,no,rshift,484,1
almás lángos,2,blue,dot,1,8,no,lshift,518,1
almás lángos,2,red,dot,1,3,no,rshift,454,1
almás lángos,2,red,dot,1,4,no,rshift,487,1
almás lángos,2,blue,dot,1,6,no,lshift,477,1
almás lángos,2,blue,dot,0,1,no,rshift,362,1
almás lángos,2,blue,dot,1,8,no,lshift,583,1
almás lángos,2,red,dot,1,2,no,rshift,478,1
almás lángos,2,blue,dot,1,7,no,lshift,459,1
almás lángos,2,blue,dot,1,2,no,lshift,430,1
almás lángos,2,red,dot,1,9,no,rshift,754,1
almás lángos,2,red,dot,1,6,no,rshift,527,1
almás lángos,2,red,dot,1,2,no,rshift,542,1
almás lángos,2,red,dot,1,6,no,rshift,477,1
almás lángos,2,red,dot,1,1,no,rshift,477,1
almás lángos,2,red,dot,1,1,no,rshift,534,1
almás lángos,2,blue,dot,1,4,no,lshift,479,1
almás lángos,2,red,dot,1,6,no,rshift,548,1
almás lángos,2,blue,dot,1,6,no,lshift,546,1
almás lángos,2,blue,dot,1,2,no,lshift,452,1
almás lángos,2,blue,dot,1,9,no,lshift,469,1
almás lángos,2,blue,dot,1,7,no,lshift,433,1
almás lángos,2,blue,dot,1,8,no,lshift,468,1
almás lángos,3,blue,dot,1,3,no,lshift,729,1
almás lángos,3,red,dot,1,8,no,rshift,493,1
almás lángos,3,blue,dot,1,7,no,lshift,503,1
almás lángos,3,red,dot,1,1,no,rshift,788,1
almás lángos,3,blue,dot,1,3,no,lshift,364,1
almás lángos,3,red,dot,1,8,no,rshift,398,1
almás lángos,3,blue,dot,1,2,no,lshift,461,1
almás lángos,3,red,dot,1,3,no,rshift,377,1
almás lángos,3,blue,dot,1,7,no,lshift,476,1
almás lángos,3,red,dot,1,1,no,rshift,327,1
almás lángos,3,blue,dot,1,8,no,lshift,364,1
almás lángos,3,blue,dot,1,9,no,lshift,441,1
almás lángos,3,red,dot,1,4,no,rshift,737,1
almás lángos,3,red,dot,1,4,no,rshift,391,1
almás lángos,3,red,dot,1,6,no,rshift,456,1
almás lángos,3,blue,dot,1,6,no,lshift,479,1
almás lángos,3,red,dot,1,8,no,rshift,374,1
almás lángos,3,blue,dot,1,9,no,lshift,453,1
almás lángos,3,red,dot,1,7,no,rshift,350,1
almás lángos,3,blue,dot,1,9,no,lshift,390,1
almás lángos,3,red,dot,1,6,no,rshift,576,1
almás lángos,3,blue,dot,1,4,no,lshift,504,1
almás lángos,3,red,dot,1,6,no,rshift,452,1
almás lángos,3,blue,dot,1,6,no,lshift,428,1
almás lángos,3,red,dot,1,6,no,rshift,366,1
almás lángos,3,blue,dot,1,3,no,lshift,555,1
almás lángos,3,blue,dot,1,8,no,lshift,530,1
almás lángos,3,red,dot,1,6,no,rshift,475,1
almás lángos,3,red,dot,1,2,no,rshift,476,1
almás lángos,3,red,dot,1,7,no,rshift,430,1
almás lángos,3,red,dot,1,9,no,rshift,415,1
almás lángos,3,blue,dot,1,8,no,lshift,463,1
almás lángos,3,blue,dot,1,2,no,lshift,593,1
almás lángos,3,red,dot,1,3,no,rshift,411,1
almás lángos,3,red,dot,1,9,no,rshift,427,1
almás lángos,3,red,dot,1,1,no,rshift,375,1
almás lángos,3,blue,dot,1,2,no,lshift,445,1
almás lángos,3,red,dot,1,6,no,rshift,450,1
almás lángos,3,red,dot,1,3,no,rshift,415,1
almás lángos,3,red,dot,1,9,no,rshift,570,1
almás lángos,3,red,dot,1,9,no,rshift,404,1
almás lángos,3,red,dot,1,1,no,rshift,342,1
almás lángos,3,blue,dot,1,6,no,lshift,439,1
almás lángos,3,red,dot,1,8,no,rshift,396,1
almás lángos,3,blue,dot,1,2,no,lshift,420,1
almás lángos,3,blue,dot,1,4,no,lshift,415,1
almás lángos,3,blue,dot,1,2,no,lshift,432,1
almás lángos,3,red,dot,1,4,no,rshift,387,1
almás lángos,3,red,dot,1,3,no,rshift,373,1
almás lángos,3,red,dot,1,7,no,rshift,359,1
almás lángos,3,red,dot,1,4,no,rshift,352,1
almás lángos,3,blue,dot,1,9,no,lshift,481,1
almás lángos,3,blue,dot,1,1,no,lshift,507,1
almás lángos,3,red,dot,1,1,no,rshift,452,1
almás lángos,3,red,dot,1,3,no,rshift,395,1
almás lángos,3,blue,dot,1,7,no,lshift,430,1
almás lángos,3,red,dot,1,9,no,rshift,370,1
almás lángos,3,blue,dot,1,4,no,lshift,444,1
almás lángos,3,red,dot,1,2,no,rshift,378,1
almás lángos,3,blue,dot,1,3,no,lshift,457,1
almás lángos,3,red,dot,1,2,no,rshift,472,1
almás lángos,3,red,dot,1,3,no,rshift,560,1
almás lángos,3,blue,dot,1,7,no,lshift,687,1
almás lángos,3,red,dot,1,8,no,rshift,501,1
almás lángos,3,blue,dot,1,3,no,lshift,450,1
almás lángos,3,blue,dot,1,6,no,lshift,423,1
almás lángos,3,red,dot,1,9,no,rshift,465,1
almás lángos,3,red,dot,1,6,no,rshift,387,1
almás lángos,3,blue,dot,1,3,no,lshift,676,1
almás lángos,3,red,dot,1,7,no,rshift,411,1
almás lángos,3,red,dot,1,7,no,rshift,378,1
almás lángos,3,blue,dot,1,9,no,lshift,536,1
almás lángos,3,blue,dot,1,6,no,lshift,475,1
almás lángos,3,red,dot,1,4,no,rshift,440,1
almás lángos,3,red,dot,1,4,no,rshift,376,1
almás lángos,3,blue,dot,1,9,no,lshift,472,1
almás lángos,3,red,dot,1,4,no,rshift,388,1
almás lángos,3,blue,dot,1,8,no,lshift,425,1
almás lángos,3,blue,dot,1,6,no,lshift,459,1
almás lángos,3,blue,dot,1,2,no,lshift,439,1
almás lángos,3,blue,dot,1,3,no,lshift,477,1
almás lángos,3,red,dot,1,1,no,rshift,460,1
almás lángos,3,blue,dot,1,7,no,lshift,586,1
almás lángos,3,red,dot,1,1,no,rshift,445,1
almás lángos,3,blue,dot,1,8,no,lshift,453,1
almás lángos,3,red,dot,1,4,no,rshift,364,1
almás lángos,3,blue,dot,1,8,no,lshift,433,1
almás lángos,3,blue,dot,1,4,no,lshift,455,1
almás lángos,3,blue,dot,1,7,no,lshift,462,1
almás lángos,3,blue,dot,1,3,no,lshift,509,1
almás lángos,3,red,dot,1,7,no,rshift,425,1
almás lángos,3,blue,dot,1,7,no,lshift,420,1
almás lángos,3,blue,dot,1,1,no,lshift,590,1
almás lángos,3,blue,dot,1,8,no,lshift,438,1
almás lángos,3,red,dot,1,2,no,rshift,418,1
almás lángos,3,blue,dot,1,2,no,lshift,417,1
almás lángos,3,red,dot,1,6,no,rshift,400,1
almás lángos,3,red,dot,1,2,no,rshift,405,1
almás lángos,3,blue,dot,1,4,no,lshift,456,1
almás lángos,3,red,dot,1,3,no,rshift,453,1
almás lángos,3,red,dot,1,2,no,rshift,392,1
almás lángos,3,red,dot,1,2,no,rshift,385,1
almás lángos,3,blue,dot,1,8,no,lshift,488,1
almás lángos,3,blue,dot,1,6,no,lshift,446,1
almás lángos,3,red,dot,1,6,no,rshift,435,1
almás lángos,3,blue,dot,1,1,no,lshift,454,1
almás lángos,3,blue,dot,1,2,no,lshift,467,1
almás lángos,3,blue,dot,1,8,no,lshift,463,1
almás lángos,3,red,dot,1,3,no,rshift,428,1
almás lángos,3,blue,dot,1,1,no,lshift,454,1
almás lángos,3,blue,dot,1,1,no,lshift,413,1
almás lángos,3,red,dot,1,1,no,rshift,340,1
almás lángos,3,red,dot,1,2,no,rshift,390,1
almás lángos,3,blue,dot,1,6,no,lshift,407,1
almás lángos,3,red,dot,1,1,no,rshift,387,1
almás lángos,3,red,dot,1,2,no,rshift,340,1
almás lángos,3,blue,dot,1,2,no,lshift,419,1
almás lángos,3,blue,dot,1,8,no,lshift,467,1
almás lángos,3,red,dot,1,9,no,rshift,464,1
almás lángos,3,red,dot,1,6,no,rshift,443,1
almás lángos,3,blue,dot,1,1,no,lshift,354,1
almás lángos,3,blue,dot,1,4,no,lshift,483,1
almás lángos,3,red,dot,1,9,no,rshift,383,1
almás lángos,3,blue,dot,1,6,no,lshift,431,1
almás lángos,3,blue,dot,1,3,no,lshift,450,1
almás lángos,3,red,dot,1,3,no,rshift,398,1
almás lángos,3,blue,dot,1,7,no,lshift,456,1
almás lángos,3,red,dot,1,9,no,rshift,434,1
almás lángos,3,blue,dot,1,7,no,lshift,533,1
almás lángos,3,blue,dot,1,4,no,lshift,451,1
almás lángos,3,blue,dot,1,1,no,lshift,438,1
almás lángos,3,red,dot,1,7,no,rshift,396,1
almás lángos,3,red,dot,1,8,no,rshift,391,1
almás lángos,3,red,dot,1,3,no,rshift,385,1
almás lángos,3,red,dot,1,2,no,rshift,315,1
almás lángos,3,blue,dot,1,9,no,lshift,480,1
almás lángos,3,red,dot,1,8,no,rshift,380,1
almás lángos,3,red,dot,1,8,no,rshift,400,1
almás lángos,3,red,dot,1,7,no,rshift,360,1
almás lángos,3,red,dot,1,4,no,rshift,371,1
almás lángos,3,blue,dot,1,1,no,lshift,435,1
almás lángos,3,red,dot,1,4,no,rshift,364,1
almás lángos,3,blue,dot,1,3,no,lshift,382,1
almás lángos,3,blue,dot,1,1,no,lshift,486,1
almás lángos,3,blue,dot,1,9,no,lshift,451,1
almás lángos,3,blue,dot,1,6,no,lshift,427,1
almás lángos,3,red,dot,1,9,no,rshift,459,1
almás lángos,3,blue,dot,1,4,no,lshift,421,1
almás lángos,3,red,dot,1,8,no,rshift,469,1
almás lángos,3,red,dot,1,8,no,rshift,456,1
almás lángos,3,blue,dot,1,1,no,lshift,394,1
almás lángos,3,blue,dot,1,4,no,lshift,532,1
almás lángos,3,blue,dot,1,4,no,lshift,453,1
almás lángos,3,blue,dot,1,9,no,lshift,466,1
almás lángos,3,blue,dot,1,7,no,lshift,457,1
almás lángos,3,blue,dot,1,9,no,lshift,452,1
almás lángos,3,red,dot,1,7,no,rshift,507,1
almás lángos,3,red,dot,1,1,no,rshift,469,1
almás lángos,3,blue,dot,1,2,no,lshift,439,1
almás lángos,3,red,dot,1,7,no,rshift,404,1
almás lángos,0,red,classic,1,8,yes,rshift,2379,1
almás lángos,0,red,classic,1,7,yes,lshift,1241,1
almás lángos,0,red,classic,1,3,yes,lshift,959,1
almás lángos,0,red,classic,1,6,yes,rshift,825,1
almás lángos,0,red,classic,1,9,yes,lshift,754,1
almás lángos,0,red,classic,1,4,yes,rshift,781,1
almás lángos,0,red,classic,1,2,yes,rshift,2387,1
almás lángos,0,red,classic,1,1,yes,lshift,3732,1
almás lángos,1,red,classic,1,6,yes,lshift,877,1
almás lángos,1,red,classic,1,2,yes,lshift,892,1
almás lángos,1,red,classic,1,3,yes,rshift,887,1
almás lángos,1,red,classic,1,4,yes,lshift,924,1
almás lángos,1,red,classic,1,9,yes,rshift,864,1
almás lángos,1,red,classic,1,8,yes,lshift,708,1
almás lángos,1,red,classic,1,1,yes,rshift,884,1
almás lángos,1,red,classic,1,7,yes,rshift,1119,1
almás lángos,2,red,classic,1,4,no,rshift,1407,1
almás lángos,2,red,classic,1,4,no,rshift,785,1
almás lángos,2,red,classic,1,7,no,lshift,877,1
almás lángos,2,red,classic,1,6,no,rshift,692,1
almás lángos,2,red,classic,1,6,no,rshift,2272,1
almás lángos,2,red,classic,1,4,no,rshift,735,1
almás lángos,2,red,classic,1,7,no,lshift,515,1
almás lángos,2,red,classic,1,3,no,lshift,562,1
almás lángos,2,red,classic,1,8,no,rshift,636,1
almás lángos,2,red,classic,1,8,no,rshift,787,1
almás lángos,2,red,classic,1,4,no,rshift,665,1
almás lángos,2,red,classic,1,1,no,lshift,562,1
almás lángos,2,red,classic,1,8,no,rshift,619,1
almás lángos,2,red,classic,1,8,no,rshift,518,1
almás lángos,2,red,classic,1,9,no,lshift,585,1
almás lángos,2,red,classic,1,6,no,rshift,917,1
almás lángos,2,red,classic,0,2,no,lshift,692,1
almás lángos,2,red,classic,1,2,no,rshift,992,1
almás lángos,2,red,classic,1,3,no,lshift,1416,1
almás lángos,2,red,classic,1,1,no,lshift,667,1
almás lángos,2,red,classic,1,2,no,rshift,1306,1
almás lángos,2,red,classic,1,9,no,lshift,906,1
almás lángos,2,red,classic,1,7,no,lshift,2009,1
almás lángos,2,red,classic,1,3,no,lshift,962,1
almás lángos,2,red,classic,1,7,no,lshift,1027,1
almás lángos,2,red,classic,1,8,no,rshift,587,1
almás lángos,2,red,classic,1,7,no,lshift,650,1
almás lángos,2,red,classic,1,8,no,rshift,667,1
almás lángos,2,red,classic,1,4,no,rshift,762,1
almás lángos,2,red,classic,1,3,no,lshift,620,1
almás lángos,2,red,classic,1,4,no,rshift,649,1
almás lángos,2,red,classic,1,2,no,rshift,970,1
almás lángos,2,red,classic,1,9,no,lshift,691,1
almás lángos,2,red,classic,1,4,no,rshift,679,1
almás lángos,2,red,classic,1,2,no,rshift,1849,1
almás lángos,2,red,classic,1,1,no,lshift,723,1
almás lángos,2,red,classic,1,3,no,lshift,981,1
almás lángos,2,red,classic,1,8,no,rshift,552,1
almás lángos,2,red,classic,1,4,no,rshift,576,1
almás lángos,2,red,classic,1,2,no,rshift,1110,1
almás lángos,2,red,classic,1,1,no,lshift,621,1
almás lángos,2,red,classic,1,2,no,rshift,689,1
almás lángos,2,red,classic,1,2,no,rshift,769,1
almás lángos,2,red,classic,1,3,no,lshift,1027,1
almás lángos,2,red,classic,1,1,no,lshift,650,1
almás lángos,2,red,classic,1,4,no,rshift,555,1
almás lángos,2,red,classic,1,7,no,lshift,858,1
almás lángos,2,red,classic,1,1,no,lshift,567,1
almás lángos,2,red,classic,1,1,no,lshift,473,1
almás lángos,2,red,classic,1,9,no,lshift,529,1
almás lángos,2,red,classic,1,4,no,rshift,547,1
almás lángos,2,red,classic,1,4,no,rshift,488,1
almás lángos,2,red,classic,1,1,no,lshift,639,1
almás lángos,2,red,classic,1,3,no,lshift,653,1
almás lángos,2,red,classic,1,1,no,lshift,562,1
almás lángos,2,red,classic,1,9,no,lshift,556,1
almás lángos,2,red,classic,1,7,no,lshift,570,1
almás lángos,2,red,classic,1,9,no,lshift,499,1
almás lángos,2,red,classic,1,3,no,lshift,480,1
almás lángos,2,red,classic,1,9,no,lshift,593,1
almás lángos,2,red,classic,1,2,no,rshift,570,1
almás lángos,2,red,classic,1,4,no,rshift,571,1
almás lángos,2,red,classic,1,7,no,lshift,549,1
almás lángos,2,red,classic,1,7,no,lshift,502,1
almás lángos,2,red,classic,1,6,no,rshift,603,1
almás lángos,2,red,classic,1,9,no,lshift,573,1
almás lángos,2,red,classic,1,8,no,rshift,547,1
almás lángos,2,red,classic,1,3,no,lshift,553,1
almás lángos,2,red,classic,0,9,no,rshift,552,1
almás lángos,2,red,classic,1,9,no,lshift,702,1
almás lángos,2,red,classic,1,9,no,lshift,564,1
almás lángos,2,red,classic,1,6,no,rshift,733,1
almás lángos,2,red,classic,1,7,no,lshift,704,1
almás lángos,2,red,classic,1,2,no,rshift,904,1
almás lángos,2,red,classic,1,7,no,lshift,653,1
almás lángos,2,red,classic,1,6,no,rshift,634,1
almás lángos,2,red,classic,1,1,no,lshift,560,1
almás lángos,2,red,classic,1,2,no,rshift,627,1
almás lángos,2,red,classic,1,1,no,lshift,656,1
almás lángos,2,red,classic,1,2,no,rshift,709,1
almás lángos,2,red,classic,1,1,no,lshift,549,1
almás lángos,2,red,classic,1,4,no,rshift,660,1
almás lángos,2,red,classic,1,3,no,lshift,567,1
almás lángos,2,red,classic,1,7,no,lshift,601,1
almás lángos,2,red,classic,1,6,no,rshift,612,1
almás lángos,2,red,classic,1,8,no,rshift,616,1
almás lángos,2,red,classic,1,8,no,rshift,515,1
almás lángos,2,red,classic,1,1,no,lshift,556,1
almás lángos,2,red,classic,1,7,no,lshift,626,1
almás lángos,2,red,classic,1,9,no,lshift,802,1
almás lángos,2,red,classic,1,3,no,lshift,667,1
almás lángos,2,red,classic,1,6,no,rshift,691,1
almás lángos,2,red,classic,1,3,no,lshift,1610,1
almás lángos,2,red,classic,1,6,no,rshift,642,1
almás lángos,2,red,classic,1,6,no,rshift,635,1
almás lángos,2,red,classic,1,2,no,rshift,1050,1
almás lángos,2,red,classic,1,9,no,lshift,784,1
almás lángos,2,red,classic,1,3,no,lshift,635,1
almás lángos,2,red,classic,1,6,no,rshift,675,1
almás lángos,2,red,classic,1,7,no,lshift,732,1
almás lángos,2,red,classic,1,1,no,lshift,635,1
almás lángos,2,red,classic,1,8,no,rshift,578,1
almás lángos,2,red,classic,1,4,no,rshift,1222,1
almás lángos,2,red,classic,1,8,no,rshift,564,1
almás lángos,2,red,classic,1,8,no,rshift,541,1
almás lángos,2,red,classic,1,3,no,lshift,594,1
almás lángos,2,red,classic,1,9,no,lshift,961,1
almás lángos,2,red,classic,1,8,no,rshift,578,1
almás lángos,2,red,classic,1,6,no,rshift,672,1
almás lángos,2,red,classic,1,2,no,rshift,750,1
almás lángos,2,red,classic,1,6,no,rshift,534,1
almás lángos,2,red,classic,1,6,no,rshift,497,1
almás lángos,3,red,classic,1,6,no,lshift,774,1
almás lángos,3,red,classic,1,7,no,rshift,747,1
almás lángos,3,red,classic,1,8,no,lshift,746,1
almás lángos,3,red,classic,1,2,no,lshift,1009,1
almás lángos,3,red,classic,1,9,no,rshift,706,1
almás lángos,3,red,classic,1,7,no,rshift,746,1
almás lángos,3,red,classic,1,7,no,rshift,601,1
almás lángos,3,red,classic,1,3,no,rshift,875,1
almás lángos,3,red,classic,1,1,no,rshift,865,1
almás lángos,3,red,classic,1,2,no,lshift,640,1
almás lángos,3,red,classic,1,9,no,rshift,738,1
almás lángos,3,red,classic,1,7,no,rshift,702,1
almás lángos,3,red,classic,1,7,no,rshift,539,1
almás lángos,3,red,classic,1,4,no,lshift,600,1
almás lángos,3,red,classic,1,4,no,lshift,512,1
almás lángos,3,red,classic,1,2,no,lshift,738,1
almás lángos,3,red,classic,1,6,no,lshift,668,1
almás lángos,3,red,classic,1,2,no,lshift,540,1
almás lángos,3,red,classic,1,3,no,rshift,641,1
almás lángos,3,red,classic,1,2,no,lshift,577,1
almás lángos,3,red,classic,1,2,no,lshift,503,1
almás lángos,3,red,classic,1,4,no,lshift,556,1
almás lángos,3,red,classic,1,7,no,rshift,498,1
almás lángos,3,red,classic,1,1,no,rshift,512,1
almás lángos,3,red,classic,1,7,no,rshift,501,1
almás lángos,3,red,classic,1,2,no,lshift,515,1
almás lángos,3,red,classic,1,6,no,lshift,569,1
almás lángos,3,red,classic,1,1,no,rshift,659,1
almás lángos,3,red,classic,1,4,no,lshift,559,1
almás lángos,3,red,classic,1,7,no,rshift,489,1
almás lángos,3,red,classic,1,3,no,rshift,723,1
almás lángos,3,red,classic,1,8,no,lshift,693,1
almás lángos,3,red,classic,1,9,no,rshift,923,1
almás lángos,3,red,classic,1,8,no,lshift,595,1
almás lángos,3,red,classic,1,3,no,rshift,602,1
almás lángos,3,red,classic,1,2,no,lshift,466,1
almás lángos,3,red,classic,1,3,no,rshift,659,1
almás lángos,3,red,classic,1,4,no,lshift,599,1
almás lángos,3,red,classic,1,4,no,lshift,528,1
almás lángos,3,red,classic,1,3,no,rshift,555,1
almás lángos,3,red,classic,1,9,no,rshift,617,1
almás lángos,3,red,classic,1,6,no,lshift,886,1
almás lángos,3,red,classic,1,7,no,rshift,680,1
almás lángos,3,red,classic,1,1,no,rshift,721,1
almás lángos,3,red,classic,1,1,no,rshift,556,1
almás lángos,3,red,classic,1,4,no,lshift,571,1
almás lángos,3,red,classic,1,8,no,lshift,524,1
almás lángos,3,red,classic,1,7,no,rshift,509,1
almás lángos,3,red,classic,1,9,no,rshift,550,1
almás lángos,3,red,classic,1,4,no,lshift,571,1
almás lángos,3,red,classic,1,7,no,rshift,465,1
almás lángos,3,red,classic,1,9,no,rshift,542,1
almás lángos,3,red,classic,1,3,no,rshift,596,1
almás lángos,3,red,classic,1,6,no,lshift,546,1
almás lángos,3,red,classic,1,6,no,lshift,516,1
almás lángos,3,red,classic,1,8,no,lshift,546,1
almás lángos,3,red,classic,1,2,no,lshift,601,1
almás lángos,3,red,classic,1,9,no,rshift,600,1
almás lángos,3,red,classic,1,8,no,lshift,618,1
almás lángos,3,red,classic,1,1,no,rshift,679,1
almás lángos,3,red,classic,1,3,no,rshift,549,1
almás lángos,3,red,classic,1,1,no,rshift,502,1
almás lángos,3,red,classic,1,8,no,lshift,577,1
almás lángos,3,red,classic,1,1,no,rshift,685,1
almás lángos,3,red,classic,1,4,no,lshift,615,1
almás lángos,3,red,classic,1,8,no,lshift,700,1
almás lángos,3,red,classic,1,1,no,rshift,614,1
almás lángos,3,red,classic,1,1,no,rshift,485,1
almás lángos,3,red,classic,1,6,no,lshift,542,1
almás lángos,3,red,classic,1,6,no,lshift,483,1
almás lángos,3,red,classic,1,8,no,lshift,508,1
almás lángos,3,red,classic,1,3,no,rshift,595,1
almás lángos,3,red,classic,1,6,no,lshift,523,1
almás lángos,3,red,classic,1,1,no,rshift,541,1
almás lángos,3,red,classic,1,4,no,lshift,622,1
almás lángos,3,red,classic,1,2,no,lshift,569,1
almás lángos,3,red,classic,1,9,no,rshift,604,1
almás lángos,3,red,classic,1,4,no,lshift,527,1
almás lángos,3,red,classic,1,6,no,lshift,663,1
almás lángos,3,red,classic,1,4,no,lshift,596,1
almás lángos,3,red,classic,1,7,no,rshift,515,1
almás lángos,3,red,classic,1,2,no,lshift,466,1
almás lángos,3,red,classic,1,2,no,lshift,473,1
almás lángos,3,red,classic,1,6,no,lshift,641,1
almás lángos,3,red,classic,1,3,no,rshift,538,1
almás lángos,3,red,classic,1,1,no,rshift,623,1
almás lángos,3,red,classic,1,9,no,rshift,533,1
almás lángos,3,red,classic,1,2,no,lshift,525,1
almás lángos,3,red,classic,1,1,no,rshift,687,1
almás lángos,3,red,classic,1,9,no,rshift,616,1
almás lángos,3,red,classic,1,3,no,rshift,742,1
almás lángos,3,red,classic,1,9,no,rshift,496,1
almás lángos,3,red,classic,1,7,no,rshift,573,1
almás lángos,3,red,classic,1,4,no,lshift,563,1
almás lángos,3,red,classic,1,3,no,rshift,669,1
almás lángos,3,red,classic,1,9,no,rshift,515,1
almás lángos,3,red,classic,1,2,no,lshift,499,1
almás lángos,3,red,classic,1,3,no,rshift,647,1
almás lángos,3,red,classic,1,8,no,lshift,567,1
almás lángos,3,red,classic,1,8,no,lshift,593,1
almás lángos,3,red,classic,1,4,no,lshift,721,1
almás lángos,3,red,classic,1,9,no,rshift,698,1
almás lángos,3,red,classic,1,6,no,lshift,552,1
almás lángos,3,red,classic,1,8,no,lshift,696,1
almás lángos,3,red,classic,1,6,no,lshift,547,1
almás lángos,3,red,classic,1,7,no,rshift,715,1
almás lángos,3,red,classic,1,3,no,rshift,696,1
almás lángos,3,red,classic,1,1,no,rshift,662,1
almás lángos,3,red,classic,1,8,no,lshift,538,1
almás lángos,3,red,classic,1,9,no,rshift,631,1
almás lángos,3,red,classic,1,8,no,lshift,533,1
almás lángos,3,red,classic,1,6,no,lshift,506,1
