ID_name,block,color,condition,correct_keyboard_response,number,practice,response_keyboard_response,response_time_keyboard_response,subject_nr
lenlacko,0,blue,dot,1,8,yes,lshift,1451,1
lenlacko,0,red,dot,1,9,yes,rshift,372,1
lenlacko,0,red,dot,1,4,yes,rshift,507,1
lenlacko,0,red,dot,1,8,yes,rshift,422,1
lenlacko,0,red,dot,1,3,yes,rshift,590,1
lenlacko,0,red,dot,1,1,yes,rshift,455,1
lenlacko,0,blue,dot,1,9,yes,lshift,3961,1
lenlacko,0,blue,dot,1,3,yes,lshift,587,1
lenlacko,0,red,dot,1,2,yes,rshift,714,1
lenlacko,0,blue,dot,1,1,yes,lshift,559,1
lenlacko,0,blue,dot,1,7,yes,lshift,602,1
lenlacko,0,red,dot,1,7,yes,rshift,800,1
lenlacko,0,red,dot,1,6,yes,rshift,395,1
lenlacko,0,blue,dot,1,4,yes,lshift,1136,1
lenlacko,0,blue,dot,1,2,yes,lshift,500,1
lenlacko,0,blue,dot,1,6,yes,lshift,806,1
lenlacko,1,blue,dot,1,6,no,lshift,723,1
lenlacko,1,blue,dot,1,4,no,lshift,351,1
lenlacko,1,blue,dot,1,3,no,lshift,341,1
lenlacko,1,red,dot,1,7,no,rshift,409,1
lenlacko,1,blue,dot,1,8,no,lshift,360,1
lenlacko,1,blue,dot,1,6,no,lshift,452,1
lenlacko,1,blue,dot,1,2,no,lshift,358,1
lenlacko,1,red,dot,1,9,no,rshift,314,1
lenlacko,1,blue,dot,1,6,no,lshift,387,1
lenlacko,1,blue,dot,1,4,no,lshift,425,1
lenlacko,1,blue,dot,1,2,no,lshift,349,1
lenlacko,1,blue,dot,1,1,no,lshift,363,1
lenlacko,1,blue,dot,1,6,no,lshift,350,1
lenlacko,1,blue,dot,1,6,no,lshift,382,1
lenlacko,1,red,dot,1,6,no,rshift,304,1
lenlacko,1,red,dot,1,8,no,rshift,424,1
lenlacko,1,red,dot,1,2,no,rshift,318,1
lenlacko,1,red,dot,1,3,no,rshift,388,1
lenlacko,1,red,dot,1,9,no,rshift,409,1
lenlacko,1,blue,dot,1,7,no,lshift,310,1
lenlacko,1,red,dot,1,3,no,rshift,311,1
lenlacko,1,red,dot,1,7,no,rshift,323,1
lenlacko,1,blue,dot,1,7,no,lshift,470,1
lenlacko,1,red,dot,1,1,no,rshift,426,1
lenlacko,1,red,dot,1,2,no,rshift,289,1
lenlacko,1,red,dot,1,4,no,rshift,351,1
lenlacko,1,blue,dot,1,1,no,lshift,378,1
lenlacko,1,blue,dot,1,8,no,lshift,438,1
lenlacko,1,blue,dot,1,6,no,lshift,385,1
lenlacko,1,red,dot,1,8,no,rshift,552,1
lenlacko,1,blue,dot,1,7,no,lshift,531,1
lenlacko,1,blue,dot,1,4,no,lshift,503,1
lenlacko,1,red,dot,1,6,no,rshift,320,1
lenlacko,1,blue,dot,1,9,no,lshift,380,1
lenlacko,1,red,dot,1,9,no,rshift,506,1
lenlacko,1,blue,dot,1,4,no,lshift,432,1
lenlacko,1,red,dot,1,2,no,rshift,550,1
lenlacko,1,blue,dot,1,2,no,lshift,364,1
lenlacko,1,blue,dot,1,6,no,lshift,436,1
lenlacko,1,red,dot,1,3,no,rshift,366,1
lenlacko,1,red,dot,1,8,no,rshift,344,1
lenlacko,1,blue,dot,1,9,no,lshift,348,1
lenlacko,1,red,dot,1,7,no,rshift,369,1
lenlacko,1,red,dot,1,8,no,rshift,424,1
lenlacko,1,red,dot,1,1,no,rshift,380,1
lenlacko,1,red,dot,1,3,no,rshift,306,1
lenlacko,1,blue,dot,1,8,no,lshift,289,1
lenlacko,1,red,dot,1,8,no,rshift,335,1
lenlacko,1,red,dot,1,3,no,rshift,621,1
lenlacko,1,red,dot,1,6,no,rshift,367,1
lenlacko,1,red,dot,1,9,no,rshift,363,1
lenlacko,1,red,dot,1,4,no,rshift,341,1
lenlacko,1,red,dot,1,4,no,rshift,334,1
lenlacko,1,blue,dot,1,1,no,lshift,383,1
lenlacko,1,red,dot,1,1,no,rshift,380,1
lenlacko,1,red,dot,1,2,no,rshift,385,1
lenlacko,1,red,dot,1,7,no,rshift,362,1
lenlacko,1,red,dot,1,3,no,rshift,384,1
lenlacko,1,red,dot,1,6,no,rshift,336,1
lenlacko,1,red,dot,1,4,no,rshift,366,1
lenlacko,1,blue,dot,1,8,no,lshift,348,1
lenlacko,1,blue,dot,1,4,no,lshift,457,1
lenlacko,1,blue,dot,1,6,no,lshift,335,1
lenlacko,1,red,dot,1,1,no,rshift,432,1
lenlacko,1,red,dot,1,1,no,rshift,386,1
lenlacko,1,blue,dot,1,2,no,lshift,419,1
lenlacko,1,red,dot,1,4,no,rshift,324,1
lenlacko,1,red,dot,1,6,no,rshift,379,1
lenlacko,1,blue,dot,1,2,no,lshift,301,1
lenlacko,1,blue,dot,1,2,no,lshift,442,1
lenlacko,1,red,dot,1,8,no,rshift,360,1
lenlacko,1,red,dot,1,2,no,rshift,580,1
lenlacko,1,blue,dot,1,1,no,lshift,453,1
lenlacko,1,blue,dot,1,9,no,lshift,340,1
lenlacko,1,red,dot,1,7,no,rshift,365,1
lenlacko,1,red,dot,1,1,no,rshift,464,1
lenlacko,1,red,dot,1,8,no,rshift,484,1
lenlacko,1,blue,dot,1,4,no,lshift,416,1
lenlacko,1,blue,dot,1,9,no,lshift,479,1
lenlacko,1,red,dot,1,3,no,rshift,348,1
lenlacko,1,red,dot,1,1,no,rshift,804,1
lenlacko,1,blue,dot,1,8,no,lshift,630,1
lenlacko,1,blue,dot,1,4,no,lshift,506,1
lenlacko,1,blue,dot,1,6,no,lshift,414,1
lenlacko,1,red,dot,1,3,no,rshift,506,1
lenlacko,1,red,dot,1,2,no,rshift,347,1
lenlacko,1,blue,dot,1,2,no,lshift,555,1
lenlacko,1,red,dot,1,9,no,rshift,426,1
lenlacko,1,blue,dot,1,9,no,lshift,425,1
lenlacko,1,blue,dot,1,2,no,lshift,382,1
lenlacko,1,blue,dot,1,9,no,lshift,371,1
lenlacko,1,blue,dot,1,7,no,lshift,315,1
lenlacko,1,blue,dot,1,4,no,lshift,401,1
lenlacko,1,blue,dot,1,3,no,lshift,350,1
lenlacko,1,blue,dot,1,7,no,lshift,415,1
lenlacko,1,red,dot,1,7,no,rshift,358,1
lenlacko,1,red,dot,1,6,no,rshift,320,1
lenlacko,1,red,dot,1,9,no,rshift,376,1
lenlacko,1,blue,dot,1,7,no,lshift,452,1
lenlacko,1,red,dot,1,8,no,rshift,427,1
lenlacko,1,blue,dot,1,3,no,lshift,793,1
lenlacko,1,red,dot,1,4,no,rshift,357,1
lenlacko,1,blue,dot,1,4,no,lshift,339,1
lenlacko,1,red,dot,1,4,no,rshift,467,1
lenlacko,1,blue,dot,1,1,no,lshift,450,1
lenlacko,1,red,dot,1,1,no,rshift,442,1
lenlacko,1,blue,dot,1,7,no,lshift,561,1
lenlacko,1,red,dot,1,9,no,rshift,787,1
lenlacko,1,blue,dot,1,7,no,lshift,663,1
lenlacko,1,blue,dot,1,7,no,lshift,446,1
lenlacko,1,blue,dot,1,9,no,lshift,473,1
lenlacko,1,blue,dot,1,1,no,lshift,466,1
lenlacko,1,red,dot,1,9,no,rshift,466,1
lenlacko,1,red,dot,1,6,no,rshift,573,1
lenlacko,1,blue,dot,1,1,no,lshift,392,1
lenlacko,1,blue,dot,1,3,no,lshift,524,1
lenlacko,1,red,dot,1,2,no,rshift,469,1
lenlacko,1,blue,dot,1,1,no,lshift,461,1
lenlacko,1,blue,dot,1,2,no,lshift,467,1
lenlacko,1,red,dot,1,3,no,rshift,365,1
lenlacko,1,blue,dot,1,6,no,lshift,570,1
lenlacko,1,red,dot,1,2,no,rshift,493,1
lenlacko,1,red,dot,1,6,no,rshift,254,1
lenlacko,1,blue,dot,1,1,no,lshift,374,1
lenlacko,1,blue,dot,1,7,no,lshift,328,1
lenlacko,1,blue,dot,1,9,no,lshift,361,1
lenlacko,1,blue,dot,1,8,no,lshift,349,1
lenlacko,1,red,dot,1,9,no,rshift,367,1
lenlacko,1,red,dot,1,2,no,rshift,433,1
lenlacko,1,red,dot,0,8,no,lshift,454,1
lenlacko,1,blue,dot,1,4,no,lshift,579,1
lenlacko,1,blue,dot,1,8,no,lshift,637,1
lenlacko,1,blue,dot,1,2,no,lshift,355,1
lenlacko,1,blue,dot,1,3,no,lshift,475,1
lenlacko,1,blue,dot,1,3,no,lshift,393,1
lenlacko,1,red,dot,1,1,no,rshift,391,1
lenlacko,1,red,dot,1,9,no,rshift,582,1
lenlacko,1,blue,dot,1,8,no,lshift,420,1
lenlacko,1,red,dot,1,1,no,rshift,423,1
lenlacko,1,red,dot,1,7,no,rshift,390,1
lenlacko,1,blue,dot,1,3,no,lshift,402,1
lenlacko,1,red,dot,1,6,no,rshift,501,1
lenlacko,1,blue,dot,1,1,no,lshift,724,1
lenlacko,1,red,dot,1,2,no,rshift,347,1
lenlacko,1,blue,dot,1,8,no,lshift,1413,1
lenlacko,1,red,dot,1,4,no,rshift,1206,1
lenlacko,1,blue,dot,1,3,no,lshift,340,1
lenlacko,1,blue,dot,1,3,no,lshift,473,1
lenlacko,1,red,dot,1,7,no,rshift,378,1
lenlacko,1,blue,dot,1,9,no,lshift,578,1
lenlacko,1,red,dot,1,3,no,rshift,484,1
lenlacko,1,red,dot,1,7,no,rshift,519,1
lenlacko,1,blue,dot,1,8,no,lshift,405,1
lenlacko,1,red,dot,1,4,no,rshift,605,1
lenlacko,1,red,dot,1,8,no,rshift,553,1
lenlacko,1,red,dot,1,7,no,rshift,515,1
lenlacko,1,red,dot,1,6,no,rshift,374,1
lenlacko,1,red,dot,1,4,no,rshift,375,1
lenlacko,1,blue,dot,1,9,no,lshift,427,1
lenlacko,1,blue,dot,1,3,no,lshift,667,1
lenlacko,2,blue,dot,1,1,no,lshift,968,1
lenlacko,2,red,dot,1,9,no,rshift,428,1
lenlacko,2,red,dot,1,1,no,rshift,365,1
lenlacko,2,red,dot,1,7,no,rshift,270,1
lenlacko,2,blue,dot,1,9,no,lshift,346,1
lenlacko,2,red,dot,1,6,no,rshift,391,1
lenlacko,2,red,dot,1,4,no,rshift,334,1
lenlacko,2,red,dot,1,1,no,rshift,302,1
lenlacko,2,blue,dot,1,7,no,lshift,430,1
lenlacko,2,blue,dot,1,7,no,lshift,277,1
lenlacko,2,blue,dot,1,8,no,lshift,285,1
lenlacko,2,red,dot,1,9,no,rshift,266,1
lenlacko,2,red,dot,1,7,no,rshift,370,1
lenlacko,2,red,dot,1,1,no,rshift,349,1
lenlacko,2,blue,dot,1,2,no,lshift,282,1
lenlacko,2,blue,dot,1,4,no,lshift,373,1
lenlacko,2,red,dot,1,9,no,rshift,337,1
lenlacko,2,red,dot,1,2,no,rshift,291,1
lenlacko,2,red,dot,1,1,no,rshift,296,1
lenlacko,2,red,dot,1,3,no,rshift,307,1
lenlacko,2,blue,dot,1,1,no,lshift,369,1
lenlacko,2,blue,dot,1,3,no,lshift,311,1
lenlacko,2,red,dot,1,9,no,rshift,348,1
lenlacko,2,red,dot,1,3,no,rshift,445,1
lenlacko,2,red,dot,1,8,no,rshift,309,1
lenlacko,2,blue,dot,1,9,no,lshift,326,1
lenlacko,2,blue,dot,1,4,no,lshift,421,1
lenlacko,2,blue,dot,1,6,no,lshift,326,1
lenlacko,2,red,dot,1,3,no,rshift,367,1
lenlacko,2,red,dot,1,7,no,rshift,297,1
lenlacko,2,red,dot,1,4,no,rshift,284,1
lenlacko,2,blue,dot,1,2,no,lshift,258,1
lenlacko,2,blue,dot,1,6,no,lshift,339,1
lenlacko,2,red,dot,1,2,no,rshift,426,1
lenlacko,2,blue,dot,1,4,no,lshift,378,1
lenlacko,2,blue,dot,1,7,no,lshift,385,1
lenlacko,2,blue,dot,1,1,no,lshift,272,1
lenlacko,2,red,dot,1,8,no,rshift,277,1
lenlacko,2,blue,dot,1,3,no,lshift,354,1
lenlacko,2,blue,dot,1,8,no,lshift,447,1
lenlacko,2,red,dot,1,1,no,rshift,327,1
lenlacko,2,blue,dot,1,1,no,lshift,331,1
lenlacko,2,blue,dot,0,8,no,rshift,308,1
lenlacko,2,blue,dot,1,3,no,lshift,394,1
lenlacko,2,blue,dot,0,7,no,rshift,264,1
lenlacko,2,blue,dot,1,3,no,lshift,434,1
lenlacko,2,red,dot,1,2,no,rshift,360,1
lenlacko,2,blue,dot,1,6,no,lshift,756,1
lenlacko,2,blue,dot,1,4,no,lshift,307,1
lenlacko,2,red,dot,1,4,no,rshift,610,1
lenlacko,2,blue,dot,1,7,no,lshift,500,1
lenlacko,2,red,dot,1,3,no,rshift,567,1
lenlacko,2,blue,dot,1,6,no,lshift,516,1
lenlacko,2,blue,dot,1,9,no,lshift,520,1
lenlacko,2,red,dot,1,2,no,rshift,324,1
lenlacko,2,blue,dot,1,9,no,lshift,592,1
lenlacko,2,blue,dot,1,2,no,lshift,406,1
lenlacko,2,red,dot,1,6,no,rshift,482,1
lenlacko,2,blue,dot,1,9,no,lshift,362,1
lenlacko,2,blue,dot,1,6,no,lshift,334,1
lenlacko,2,red,dot,1,4,no,rshift,349,1
lenlacko,2,blue,dot,1,7,no,lshift,482,1
lenlacko,2,red,dot,1,7,no,rshift,551,1
lenlacko,2,blue,dot,1,4,no,lshift,514,1
lenlacko,2,red,dot,1,3,no,rshift,410,1
lenlacko,2,red,dot,1,8,no,rshift,468,1
lenlacko,2,red,dot,1,9,no,rshift,456,1
lenlacko,2,blue,dot,1,6,no,lshift,311,1
lenlacko,2,red,dot,1,2,no,rshift,488,1
lenlacko,2,blue,dot,1,9,no,lshift,326,1
lenlacko,2,red,dot,1,9,no,rshift,329,1
lenlacko,2,red,dot,1,4,no,rshift,456,1
lenlacko,2,red,dot,1,7,no,rshift,379,1
lenlacko,2,red,dot,1,4,no,rshift,366,1
lenlacko,2,blue,dot,1,1,no,lshift,293,1
lenlacko,2,red,dot,1,7,no,rshift,340,1
lenlacko,2,blue,dot,1,1,no,lshift,453,1
lenlacko,2,blue,dot,1,4,no,lshift,452,1
lenlacko,2,blue,dot,1,7,no,lshift,452,1
lenlacko,2,red,dot,1,4,no,rshift,536,1
lenlacko,2,blue,dot,1,9,no,lshift,410,1
lenlacko,2,blue,dot,1,9,no,lshift,372,1
lenlacko,2,red,dot,1,6,no,rshift,346,1
lenlacko,2,red,dot,1,9,no,rshift,550,1
lenlacko,2,red,dot,0,1,no,lshift,294,1
lenlacko,2,red,dot,1,6,no,rshift,932,1
lenlacko,2,red,dot,1,8,no,rshift,396,1
lenlacko,2,blue,dot,1,7,no,lshift,337,1
lenlacko,2,blue,dot,1,7,no,lshift,378,1
lenlacko,2,red,dot,1,9,no,rshift,452,1
lenlacko,2,red,dot,1,2,no,rshift,362,1
lenlacko,2,blue,dot,1,4,no,lshift,444,1
lenlacko,2,red,dot,1,4,no,rshift,670,1
lenlacko,2,red,dot,1,8,no,rshift,342,1
lenlacko,2,red,dot,1,2,no,rshift,338,1
lenlacko,2,red,dot,1,4,no,rshift,374,1
lenlacko,2,blue,dot,1,2,no,lshift,401,1
lenlacko,2,blue,dot,1,2,no,lshift,745,1
lenlacko,2,red,dot,1,1,no,rshift,440,1
lenlacko,2,red,dot,1,6,no,rshift,329,1
lenlacko,2,red,dot,1,8,no,rshift,389,1
lenlacko,2,red,dot,1,6,no,rshift,325,1
lenlacko,2,blue,dot,1,1,no,lshift,362,1
lenlacko,2,blue,dot,1,8,no,lshift,398,1
lenlacko,2,red,dot,1,1,no,rshift,290,1
lenlacko,2,red,dot,1,6,no,rshift,336,1
lenlacko,2,blue,dot,1,9,no,lshift,382,1
lenlacko,2,blue,dot,1,3,no,lshift,414,1
lenlacko,2,red,dot,1,6,no,rshift,389,1
lenlacko,2,red,dot,1,3,no,rshift,295,1
lenlacko,2,red,dot,1,3,no,rshift,286,1
lenlacko,2,blue,dot,1,1,no,lshift,265,1
lenlacko,2,blue,dot,1,2,no,lshift,374,1
lenlacko,2,blue,dot,1,6,no,lshift,337,1
lenlacko,2,red,dot,1,8,no,rshift,276,1
lenlacko,2,red,dot,1,3,no,rshift,341,1
lenlacko,2,blue,dot,1,2,no,lshift,366,1
lenlacko,2,blue,dot,1,6,no,lshift,341,1
lenlacko,2,blue,dot,1,7,no,lshift,468,1
lenlacko,2,blue,dot,1,4,no,lshift,363,1
lenlacko,2,red,dot,1,9,no,rshift,347,1
lenlacko,2,red,dot,1,7,no,rshift,262,1
lenlacko,2,blue,dot,1,3,no,lshift,413,1
lenlacko,2,red,dot,0,2,no,lshift,316,1
lenlacko,2,red,dot,1,3,no,rshift,546,1
lenlacko,2,blue,dot,1,3,no,lshift,420,1
lenlacko,2,blue,dot,1,4,no,lshift,408,1
lenlacko,2,blue,dot,1,9,no,lshift,444,1
lenlacko,2,blue,dot,1,2,no,lshift,433,1
lenlacko,2,red,dot,1,6,no,rshift,417,1
lenlacko,2,red,dot,1,3,no,rshift,550,1
lenlacko,2,blue,dot,1,4,no,lshift,309,1
lenlacko,2,blue,dot,1,8,no,lshift,404,1
lenlacko,2,blue,dot,1,8,no,lshift,564,1
lenlacko,2,blue,dot,1,1,no,lshift,393,1
lenlacko,2,blue,dot,1,3,no,lshift,382,1
lenlacko,2,red,dot,1,6,no,rshift,280,1
lenlacko,2,red,dot,1,1,no,rshift,381,1
lenlacko,2,blue,dot,1,6,no,lshift,298,1
lenlacko,2,red,dot,1,4,no,rshift,471,1
lenlacko,2,blue,dot,0,2,no,rshift,358,1
lenlacko,2,blue,dot,1,8,no,lshift,1114,1
lenlacko,2,blue,dot,1,6,no,lshift,482,1
lenlacko,2,blue,dot,1,8,no,lshift,386,1
lenlacko,2,red,dot,1,7,no,rshift,303,1
lenlacko,2,red,dot,1,7,no,rshift,478,1
lenlacko,2,blue,dot,1,1,no,lshift,357,1
lenlacko,2,blue,dot,1,3,no,lshift,780,1
lenlacko,2,red,dot,1,1,no,rshift,421,1
lenlacko,2,red,dot,1,8,no,rshift,562,1
lenlacko,2,blue,dot,1,3,no,lshift,627,1
lenlacko,2,blue,dot,1,8,no,lshift,858,1
lenlacko,2,red,dot,1,2,no,rshift,386,1
lenlacko,2,red,dot,1,7,no,rshift,419,1
lenlacko,2,blue,dot,1,2,no,lshift,384,1
lenlacko,2,red,dot,1,8,no,rshift,431,1
lenlacko,2,red,dot,1,8,no,rshift,459,1
lenlacko,2,red,dot,1,2,no,rshift,394,1
lenlacko,2,blue,dot,1,8,no,lshift,494,1
lenlacko,2,red,dot,1,9,no,rshift,532,1
lenlacko,3,blue,dot,1,7,no,lshift,578,1
lenlacko,3,blue,dot,1,7,no,lshift,409,1
lenlacko,3,blue,dot,1,6,no,lshift,363,1
lenlacko,3,blue,dot,1,3,no,lshift,407,1
lenlacko,3,blue,dot,1,7,no,lshift,497,1
lenlacko,3,red,dot,1,2,no,rshift,303,1
lenlacko,3,red,dot,1,8,no,rshift,303,1
lenlacko,3,red,dot,1,3,no,rshift,393,1
lenlacko,3,red,dot,1,4,no,rshift,356,1
lenlacko,3,blue,dot,1,2,no,lshift,342,1
lenlacko,3,red,dot,1,1,no,rshift,313,1
lenlacko,3,red,dot,1,9,no,rshift,578,1
lenlacko,3,red,dot,1,6,no,rshift,397,1
lenlacko,3,blue,dot,1,7,no,lshift,431,1
lenlacko,3,blue,dot,1,4,no,lshift,367,1
lenlacko,3,blue,dot,1,3,no,lshift,356,1
lenlacko,3,red,dot,1,2,no,rshift,374,1
lenlacko,3,blue,dot,0,8,no,rshift,356,1
lenlacko,3,blue,dot,1,3,no,lshift,561,1
lenlacko,3,blue,dot,1,2,no,lshift,364,1
lenlacko,3,red,dot,1,2,no,rshift,333,1
lenlacko,3,red,dot,1,6,no,rshift,390,1
lenlacko,3,red,dot,1,2,no,rshift,397,1
lenlacko,3,blue,dot,1,1,no,lshift,757,1
lenlacko,3,red,dot,1,4,no,rshift,395,1
lenlacko,3,red,dot,1,3,no,rshift,384,1
lenlacko,3,red,dot,1,3,no,rshift,315,1
lenlacko,3,red,dot,1,7,no,rshift,341,1
lenlacko,3,red,dot,1,3,no,rshift,337,1
lenlacko,3,blue,dot,1,6,no,lshift,376,1
lenlacko,3,blue,dot,1,2,no,lshift,437,1
lenlacko,3,red,dot,1,6,no,rshift,399,1
lenlacko,3,blue,dot,1,9,no,lshift,572,1
lenlacko,3,blue,dot,1,4,no,lshift,410,1
lenlacko,3,red,dot,1,7,no,rshift,467,1
lenlacko,3,red,dot,1,6,no,rshift,417,1
lenlacko,3,red,dot,1,9,no,rshift,492,1
lenlacko,3,red,dot,1,1,no,rshift,477,1
lenlacko,3,blue,dot,1,4,no,lshift,509,1
lenlacko,3,blue,dot,1,9,no,lshift,993,1
lenlacko,3,blue,dot,1,8,no,lshift,448,1
lenlacko,3,blue,dot,1,2,no,lshift,532,1
lenlacko,3,blue,dot,1,8,no,lshift,506,1
lenlacko,3,blue,dot,1,9,no,lshift,464,1
lenlacko,3,blue,dot,1,6,no,lshift,393,1
lenlacko,3,red,dot,1,2,no,rshift,381,1
lenlacko,3,blue,dot,1,2,no,lshift,579,1
lenlacko,3,blue,dot,1,8,no,lshift,452,1
lenlacko,3,blue,dot,1,6,no,lshift,406,1
lenlacko,3,red,dot,1,7,no,rshift,351,1
lenlacko,3,red,dot,1,1,no,rshift,670,1
lenlacko,3,blue,dot,1,7,no,lshift,522,1
lenlacko,3,red,dot,1,8,no,rshift,530,1
lenlacko,3,red,dot,1,3,no,rshift,749,1
lenlacko,3,blue,dot,1,7,no,lshift,349,1
lenlacko,3,red,dot,1,6,no,rshift,371,1
lenlacko,3,blue,dot,0,2,no,rshift,405,1
lenlacko,3,red,dot,0,9,no,lshift,908,1
lenlacko,3,blue,dot,0,2,no,rshift,504,1
lenlacko,3,red,dot,1,8,no,rshift,1157,1
lenlacko,3,red,dot,1,4,no,rshift,459,1
lenlacko,3,blue,dot,1,4,no,lshift,646,1
lenlacko,3,blue,dot,1,3,no,lshift,415,1
lenlacko,3,blue,dot,1,6,no,lshift,413,1
lenlacko,3,red,dot,1,7,no,rshift,400,1
lenlacko,3,red,dot,1,1,no,rshift,698,1
lenlacko,3,red,dot,1,2,no,rshift,397,1
lenlacko,3,red,dot,1,3,no,rshift,338,1
lenlacko,3,red,dot,1,8,no,rshift,295,1
lenlacko,3,red,dot,1,4,no,rshift,356,1
lenlacko,3,red,dot,1,9,no,rshift,309,1
lenlacko,3,red,dot,1,8,no,rshift,347,1
lenlacko,3,blue,dot,1,6,no,lshift,388,1
lenlacko,3,red,dot,0,7,no,lshift,394,1
lenlacko,3,blue,dot,1,9,no,lshift,551,1
lenlacko,3,red,dot,1,1,no,rshift,371,1
lenlacko,3,red,dot,1,3,no,rshift,458,1
lenlacko,3,blue,dot,1,7,no,lshift,393,1
lenlacko,3,blue,dot,1,3,no,lshift,399,1
lenlacko,3,blue,dot,1,3,no,lshift,326,1
lenlacko,3,red,dot,1,8,no,rshift,391,1
lenlacko,3,red,dot,1,6,no,rshift,415,1
lenlacko,3,blue,dot,1,6,no,lshift,370,1
lenlacko,3,blue,dot,1,8,no,lshift,418,1
lenlacko,3,red,dot,1,1,no,rshift,354,1
lenlacko,3,blue,dot,0,1,no,rshift,619,1
lenlacko,3,blue,dot,1,4,no,lshift,721,1
lenlacko,3,red,dot,1,7,no,rshift,414,1
lenlacko,3,red,dot,1,7,no,rshift,516,1
lenlacko,3,blue,dot,1,9,no,lshift,515,1
lenlacko,3,red,dot,1,9,no,rshift,573,1
lenlacko,3,red,dot,1,1,no,rshift,679,1
lenlacko,3,blue,dot,1,1,no,lshift,554,1
lenlacko,3,red,dot,1,1,no,rshift,523,1
lenlacko,3,red,dot,1,4,no,rshift,525,1
lenlacko,3,blue,dot,1,9,no,lshift,329,1
lenlacko,3,blue,dot,1,2,no,lshift,521,1
lenlacko,3,blue,dot,1,3,no,lshift,354,1
lenlacko,3,blue,dot,1,7,no,lshift,367,1
lenlacko,3,blue,dot,1,1,no,lshift,382,1
lenlacko,3,red,dot,1,2,no,rshift,498,1
lenlacko,3,blue,dot,1,9,no,lshift,499,1
lenlacko,3,red,dot,0,2,no,lshift,379,1
lenlacko,3,red,dot,1,6,no,rshift,762,1
lenlacko,3,red,dot,1,4,no,rshift,341,1
lenlacko,3,red,dot,1,4,no,rshift,380,1
lenlacko,3,red,dot,1,6,no,rshift,345,1
lenlacko,3,blue,dot,1,1,no,lshift,272,1
lenlacko,3,red,dot,1,6,no,rshift,384,1
lenlacko,3,red,dot,1,4,no,rshift,318,1
lenlacko,3,blue,dot,1,8,no,lshift,347,1
lenlacko,3,red,dot,1,6,no,rshift,509,1
lenlacko,3,blue,dot,1,6,no,lshift,839,1
lenlacko,3,red,dot,1,4,no,rshift,522,1
lenlacko,3,blue,dot,1,3,no,lshift,602,1
lenlacko,3,red,dot,1,9,no,rshift,476,1
lenlacko,3,blue,dot,1,3,no,lshift,547,1
lenlacko,3,red,dot,1,9,no,rshift,378,1
lenlacko,3,red,dot,1,3,no,rshift,419,1
lenlacko,3,blue,dot,1,1,no,lshift,343,1
lenlacko,3,red,dot,1,7,no,rshift,332,1
lenlacko,3,red,dot,1,9,no,rshift,506,1
lenlacko,3,blue,dot,1,4,no,lshift,500,1
lenlacko,3,red,dot,1,3,no,rshift,360,1
lenlacko,3,blue,dot,1,4,no,lshift,478,1
lenlacko,3,blue,dot,1,9,no,lshift,467,1
lenlacko,3,blue,dot,1,1,no,lshift,389,1
lenlacko,3,red,dot,1,8,no,rshift,330,1
lenlacko,3,red,dot,1,9,no,rshift,356,1
lenlacko,3,blue,dot,1,1,no,lshift,471,1
lenlacko,3,blue,dot,1,2,no,lshift,442,1
lenlacko,3,red,dot,1,2,no,rshift,375,1
lenlacko,3,red,dot,1,1,no,rshift,568,1
lenlacko,3,blue,dot,1,9,no,lshift,444,1
lenlacko,3,red,dot,1,2,no,rshift,399,1
lenlacko,3,blue,dot,1,6,no,lshift,445,1
lenlacko,3,red,dot,1,9,no,rshift,467,1
lenlacko,3,blue,dot,1,8,no,lshift,12,1
lenlacko,3,blue,dot,1,4,no,lshift,714,1
lenlacko,3,blue,dot,1,9,no,lshift,420,1
lenlacko,3,blue,dot,1,4,no,lshift,574,1
lenlacko,3,red,dot,1,8,no,rshift,411,1
lenlacko,3,blue,dot,1,7,no,lshift,362,1
lenlacko,3,red,dot,1,7,no,rshift,329,1
lenlacko,3,blue,dot,1,3,no,lshift,319,1
lenlacko,3,blue,dot,1,8,no,lshift,360,1
lenlacko,3,blue,dot,1,4,no,lshift,376,1
lenlacko,3,blue,dot,1,6,no,lshift,376,1
lenlacko,3,red,dot,1,7,no,rshift,301,1
lenlacko,3,red,dot,1,4,no,rshift,301,1
lenlacko,3,red,dot,1,8,no,rshift,381,1
lenlacko,3,red,dot,1,8,no,rshift,364,1
lenlacko,3,red,dot,1,3,no,rshift,367,1
lenlacko,3,blue,dot,1,1,no,lshift,259,1
lenlacko,3,blue,dot,1,8,no,lshift,312,1
lenlacko,3,blue,dot,1,2,no,lshift,367,1
lenlacko,3,blue,dot,1,1,no,lshift,320,1
lenlacko,3,red,dot,1,1,no,rshift,262,1
lenlacko,3,blue,dot,1,8,no,lshift,384,1
lenlacko,3,blue,dot,1,7,no,lshift,291,1
lenlacko,0,red,arab,1,2,yes,rshift,1599,1
lenlacko,0,blue,arab,1,1,yes,lshift,669,1
lenlacko,0,red,arab,1,4,yes,rshift,527,1
lenlacko,0,blue,arab,1,7,yes,lshift,332,1
lenlacko,0,red,arab,1,9,yes,rshift,429,1
lenlacko,0,blue,arab,1,6,yes,lshift,444,1
lenlacko,0,red,arab,1,8,yes,rshift,522,1
lenlacko,0,blue,arab,1,3,yes,lshift,430,1
lenlacko,0,blue,arab,1,4,yes,lshift,305,1
lenlacko,0,blue,arab,1,9,yes,lshift,398,1
lenlacko,0,red,arab,1,3,yes,rshift,437,1
lenlacko,0,red,arab,1,1,yes,rshift,637,1
lenlacko,0,blue,arab,1,8,yes,lshift,844,1
lenlacko,0,red,arab,1,6,yes,rshift,416,1
lenlacko,0,red,arab,1,7,yes,rshift,307,1
lenlacko,0,blue,arab,1,2,yes,lshift,635,1
lenlacko,1,blue,arab,1,6,no,lshift,813,1
lenlacko,1,blue,arab,1,7,no,lshift,389,1
lenlacko,1,red,arab,1,8,no,rshift,247,1
lenlacko,1,red,arab,1,9,no,rshift,369,1
lenlacko,1,blue,arab,1,6,no,lshift,251,1
lenlacko,1,blue,arab,1,1,no,lshift,424,1
lenlacko,1,blue,arab,1,8,no,lshift,386,1
lenlacko,1,red,arab,1,3,no,rshift,522,1
lenlacko,1,blue,arab,1,7,no,lshift,685,1
lenlacko,1,red,arab,1,8,no,rshift,405,1
lenlacko,1,blue,arab,1,7,no,lshift,357,1
lenlacko,1,blue,arab,1,6,no,lshift,474,1
lenlacko,1,red,arab,1,9,no,rshift,424,1
lenlacko,1,red,arab,1,1,no,rshift,405,1
lenlacko,1,blue,arab,1,9,no,lshift,404,1
lenlacko,1,blue,arab,1,4,no,lshift,387,1
lenlacko,1,red,arab,1,6,no,rshift,411,1
lenlacko,1,blue,arab,1,2,no,lshift,411,1
lenlacko,1,blue,arab,1,6,no,lshift,385,1
lenlacko,1,blue,arab,1,8,no,lshift,436,1
lenlacko,1,blue,arab,1,9,no,lshift,347,1
lenlacko,1,red,arab,1,3,no,rshift,351,1
lenlacko,1,red,arab,1,6,no,rshift,334,1
lenlacko,1,blue,arab,1,3,no,lshift,406,1
lenlacko,1,red,arab,1,8,no,rshift,350,1
lenlacko,1,red,arab,0,3,no,lshift,334,1
lenlacko,1,red,arab,1,8,no,rshift,446,1
lenlacko,1,red,arab,1,7,no,rshift,416,1
lenlacko,1,red,arab,1,3,no,rshift,490,1
lenlacko,1,red,arab,1,4,no,rshift,464,1
lenlacko,1,blue,arab,1,4,no,lshift,425,1
lenlacko,1,red,arab,1,3,no,rshift,689,1
lenlacko,1,blue,arab,1,6,no,lshift,459,1
lenlacko,1,red,arab,1,3,no,rshift,420,1
lenlacko,1,red,arab,1,9,no,rshift,511,1
lenlacko,1,red,arab,1,1,no,rshift,350,1
lenlacko,1,blue,arab,1,1,no,lshift,526,1
lenlacko,1,blue,arab,0,7,no,rshift,634,1
lenlacko,1,blue,arab,1,8,no,lshift,715,1
lenlacko,1,red,arab,1,1,no,rshift,659,1
lenlacko,1,blue,arab,1,2,no,lshift,340,1
lenlacko,1,blue,arab,1,3,no,lshift,336,1
lenlacko,1,red,arab,0,1,no,lshift,342,1
lenlacko,1,blue,arab,1,4,no,lshift,419,1
lenlacko,1,red,arab,1,6,no,rshift,560,1
lenlacko,1,red,arab,1,2,no,rshift,323,1
lenlacko,1,blue,arab,1,1,no,lshift,373,1
lenlacko,1,blue,arab,1,6,no,lshift,490,1
lenlacko,1,blue,arab,1,3,no,lshift,395,1
lenlacko,1,blue,arab,1,1,no,lshift,431,1
lenlacko,1,red,arab,1,3,no,rshift,410,1
lenlacko,1,blue,arab,1,1,no,lshift,568,1
lenlacko,1,red,arab,1,1,no,rshift,451,1
lenlacko,1,blue,arab,1,4,no,lshift,382,1
lenlacko,1,blue,arab,1,8,no,lshift,492,1
lenlacko,1,blue,arab,1,6,no,lshift,332,1
lenlacko,1,red,arab,1,2,no,rshift,410,1
lenlacko,1,blue,arab,1,8,no,lshift,410,1
lenlacko,1,red,arab,1,2,no,rshift,452,1
lenlacko,1,blue,arab,1,8,no,lshift,336,1
lenlacko,1,blue,arab,1,7,no,lshift,422,1
lenlacko,1,blue,arab,1,3,no,lshift,417,1
lenlacko,1,red,arab,1,9,no,rshift,400,1
lenlacko,1,blue,arab,1,4,no,lshift,468,1
lenlacko,1,blue,arab,1,2,no,lshift,468,1
lenlacko,1,red,arab,1,6,no,rshift,374,1
lenlacko,1,blue,arab,1,3,no,lshift,538,1
lenlacko,1,red,arab,1,7,no,rshift,335,1
lenlacko,1,blue,arab,1,9,no,lshift,367,1
lenlacko,1,blue,arab,1,1,no,lshift,432,1
lenlacko,1,blue,arab,1,9,no,lshift,556,1
lenlacko,1,blue,arab,1,2,no,lshift,548,1
lenlacko,1,red,arab,1,8,no,rshift,473,1
lenlacko,1,red,arab,1,7,no,rshift,310,1
lenlacko,1,red,arab,1,2,no,rshift,433,1
lenlacko,1,red,arab,1,9,no,rshift,357,1
lenlacko,1,blue,arab,1,3,no,lshift,457,1
lenlacko,1,blue,arab,1,4,no,lshift,389,1
lenlacko,1,blue,arab,1,9,no,lshift,328,1
lenlacko,1,blue,arab,1,7,no,lshift,425,1
lenlacko,1,red,arab,1,4,no,rshift,419,1
lenlacko,1,blue,arab,1,3,no,lshift,543,1
lenlacko,1,blue,arab,1,4,no,lshift,304,1
lenlacko,1,red,arab,1,3,no,rshift,315,1
lenlacko,1,blue,arab,1,6,no,lshift,417,1
lenlacko,1,red,arab,1,9,no,rshift,422,1
lenlacko,1,blue,arab,1,6,no,lshift,419,1
lenlacko,1,red,arab,1,3,no,rshift,401,1
lenlacko,1,red,arab,1,4,no,rshift,441,1
lenlacko,1,blue,arab,1,2,no,lshift,423,1
lenlacko,1,blue,arab,1,9,no,lshift,409,1
lenlacko,1,red,arab,1,6,no,rshift,398,1
lenlacko,1,red,arab,1,4,no,rshift,330,1
lenlacko,1,blue,arab,1,8,no,lshift,394,1
lenlacko,1,red,arab,1,1,no,rshift,338,1
lenlacko,1,red,arab,1,6,no,rshift,371,1
lenlacko,1,blue,arab,1,4,no,lshift,391,1
lenlacko,1,red,arab,1,8,no,rshift,290,1
lenlacko,1,blue,arab,1,7,no,lshift,372,1
lenlacko,1,red,arab,1,4,no,rshift,336,1
lenlacko,1,blue,arab,1,1,no,lshift,329,1
lenlacko,1,blue,arab,1,6,no,lshift,419,1
lenlacko,1,red,arab,1,7,no,rshift,334,1
lenlacko,1,red,arab,1,1,no,rshift,410,1
lenlacko,1,blue,arab,1,4,no,lshift,377,1
lenlacko,1,red,arab,1,7,no,rshift,514,1
lenlacko,1,red,arab,1,9,no,rshift,384,1
lenlacko,1,red,arab,1,9,no,rshift,328,1
lenlacko,1,red,arab,1,2,no,rshift,620,1
lenlacko,1,blue,arab,1,9,no,lshift,429,1
lenlacko,1,red,arab,1,8,no,rshift,420,1
lenlacko,1,red,arab,1,6,no,rshift,523,1
lenlacko,1,blue,arab,1,7,no,lshift,413,1
lenlacko,1,red,arab,1,7,no,rshift,299,1
lenlacko,1,red,arab,1,2,no,rshift,534,1
lenlacko,1,blue,arab,1,2,no,lshift,378,1
lenlacko,1,red,arab,1,2,no,rshift,542,1
lenlacko,1,blue,arab,1,7,no,lshift,518,1
lenlacko,1,blue,arab,0,1,no,rshift,459,1
lenlacko,1,blue,arab,1,8,no,lshift,769,1
lenlacko,1,red,arab,1,6,no,rshift,506,1
lenlacko,1,blue,arab,1,7,no,lshift,414,1
lenlacko,1,red,arab,1,1,no,rshift,418,1
lenlacko,1,blue,arab,1,2,no,lshift,565,1
lenlacko,1,blue,arab,1,1,no,lshift,806,1
lenlacko,1,red,arab,1,7,no,rshift,404,1
lenlacko,1,red,arab,1,1,no,rshift,474,1
lenlacko,1,blue,arab,1,1,no,lshift,610,1
lenlacko,1,red,arab,1,8,no,rshift,667,1
lenlacko,1,blue,arab,1,9,no,lshift,749,1
lenlacko,1,red,arab,1,2,no,rshift,398,1
lenlacko,1,red,arab,1,8,no,rshift,464,1
lenlacko,1,red,arab,1,4,no,rshift,605,1
lenlacko,1,blue,arab,1,8,no,lshift,466,1
lenlacko,1,blue,arab,1,3,no,lshift,402,1
lenlacko,1,red,arab,1,8,no,rshift,355,1
lenlacko,1,blue,arab,1,2,no,lshift,511,1
lenlacko,1,red,arab,1,6,no,rshift,544,1
lenlacko,1,red,arab,1,4,no,rshift,391,1
lenlacko,1,blue,arab,1,3,no,lshift,359,1
lenlacko,1,blue,arab,1,2,no,lshift,384,1
lenlacko,1,red,arab,1,1,no,rshift,750,1
lenlacko,1,blue,arab,1,9,no,lshift,571,1
lenlacko,1,blue,arab,0,2,no,rshift,433,1
lenlacko,1,red,arab,1,4,no,rshift,708,1
lenlacko,1,red,arab,1,4,no,rshift,629,1
lenlacko,1,red,arab,1,6,no,rshift,416,1
lenlacko,1,red,arab,1,9,no,rshift,340,1
lenlacko,1,red,arab,1,3,no,rshift,458,1
lenlacko,1,red,arab,1,4,no,rshift,347,1
lenlacko,1,red,arab,1,2,no,rshift,353,1
lenlacko,1,red,arab,1,7,no,rshift,416,1
lenlacko,1,red,arab,1,7,no,rshift,386,1
lenlacko,1,red,arab,1,2,no,rshift,373,1
lenlacko,1,red,arab,1,9,no,rshift,321,1
lenlacko,1,blue,arab,1,8,no,lshift,311,1
lenlacko,1,blue,arab,1,9,no,lshift,291,1
lenlacko,1,blue,arab,1,4,no,lshift,277,1
lenlacko,1,red,arab,1,7,no,rshift,881,1
lenlacko,1,blue,arab,1,3,no,lshift,366,1
lenlacko,2,red,arab,1,4,no,rshift,734,1
lenlacko,2,red,arab,1,2,no,rshift,321,1
lenlacko,2,red,arab,1,8,no,rshift,285,1
lenlacko,2,blue,arab,1,9,no,lshift,427,1
lenlacko,2,blue,arab,1,9,no,lshift,320,1
lenlacko,2,blue,arab,0,4,no,rshift,369,1
lenlacko,2,blue,arab,1,9,no,lshift,407,1
lenlacko,2,blue,arab,1,6,no,lshift,336,1
lenlacko,2,red,arab,1,9,no,rshift,422,1
lenlacko,2,red,arab,1,7,no,rshift,959,1
lenlacko,2,blue,arab,1,2,no,lshift,895,1
lenlacko,2,red,arab,1,9,no,rshift,520,1
lenlacko,2,blue,arab,1,4,no,lshift,445,1
lenlacko,2,blue,arab,1,1,no,lshift,423,1
lenlacko,2,blue,arab,1,4,no,lshift,371,1
lenlacko,2,red,arab,1,9,no,rshift,343,1
lenlacko,2,red,arab,0,3,no,lshift,335,1
lenlacko,2,red,arab,1,3,no,rshift,367,1
lenlacko,2,red,arab,1,4,no,rshift,808,1
lenlacko,2,blue,arab,1,1,no,lshift,436,1
lenlacko,2,red,arab,1,8,no,rshift,958,1
lenlacko,2,blue,arab,1,3,no,lshift,440,1
lenlacko,2,blue,arab,1,1,no,lshift,526,1
lenlacko,2,blue,arab,1,8,no,lshift,455,1
lenlacko,2,blue,arab,1,7,no,lshift,435,1
lenlacko,2,red,arab,1,7,no,rshift,494,1
lenlacko,2,red,arab,1,3,no,rshift,521,1
lenlacko,2,blue,arab,1,2,no,lshift,491,1
lenlacko,2,red,arab,1,9,no,rshift,416,1
lenlacko,2,red,arab,1,6,no,rshift,347,1
lenlacko,2,red,arab,1,1,no,rshift,312,1
lenlacko,2,red,arab,1,1,no,rshift,443,1
lenlacko,2,red,arab,1,2,no,rshift,435,1
lenlacko,2,red,arab,1,4,no,rshift,509,1
lenlacko,2,red,arab,1,9,no,rshift,369,1
lenlacko,2,blue,arab,1,7,no,lshift,991,1
lenlacko,2,blue,arab,1,8,no,lshift,431,1
lenlacko,2,red,arab,1,9,no,rshift,338,1
lenlacko,2,red,arab,1,7,no,rshift,319,1
lenlacko,2,red,arab,1,3,no,rshift,892,1
lenlacko,2,blue,arab,1,9,no,lshift,461,1
lenlacko,2,blue,arab,1,6,no,lshift,425,1
lenlacko,2,blue,arab,1,4,no,lshift,380,1
lenlacko,2,red,arab,1,6,no,rshift,370,1
lenlacko,2,red,arab,1,3,no,rshift,809,1
lenlacko,2,red,arab,1,8,no,rshift,350,1
lenlacko,2,red,arab,1,1,no,rshift,379,1
lenlacko,2,red,arab,1,6,no,rshift,326,1
lenlacko,2,red,arab,1,8,no,rshift,434,1
lenlacko,2,red,arab,1,1,no,rshift,362,1
lenlacko,2,red,arab,1,6,no,rshift,741,1
lenlacko,2,red,arab,1,1,no,rshift,408,1
lenlacko,2,red,arab,1,6,no,rshift,309,1
lenlacko,2,blue,arab,1,8,no,lshift,520,1
lenlacko,2,blue,arab,1,9,no,lshift,419,1
lenlacko,2,blue,arab,1,3,no,lshift,550,1
lenlacko,2,blue,arab,1,1,no,lshift,460,1
lenlacko,2,red,arab,1,6,no,rshift,410,1
lenlacko,2,blue,arab,1,8,no,lshift,744,1
lenlacko,2,blue,arab,1,6,no,lshift,386,1
lenlacko,2,blue,arab,1,2,no,lshift,444,1
lenlacko,2,blue,arab,1,9,no,lshift,442,1
lenlacko,2,blue,arab,1,3,no,lshift,358,1
lenlacko,2,red,arab,1,3,no,rshift,377,1
lenlacko,2,red,arab,1,4,no,rshift,590,1
lenlacko,2,blue,arab,1,6,no,lshift,547,1
lenlacko,2,red,arab,1,2,no,rshift,387,1
lenlacko,2,blue,arab,0,7,no,rshift,365,1
lenlacko,2,blue,arab,1,3,no,lshift,381,1
lenlacko,2,red,arab,1,9,no,rshift,366,1
lenlacko,2,red,arab,1,8,no,rshift,434,1
lenlacko,2,red,arab,1,2,no,rshift,399,1
lenlacko,2,blue,arab,1,3,no,lshift,564,1
lenlacko,2,red,arab,1,8,no,rshift,521,1
lenlacko,2,blue,arab,1,1,no,lshift,443,1
lenlacko,2,red,arab,1,4,no,rshift,433,1
lenlacko,2,red,arab,1,8,no,rshift,538,1
lenlacko,2,red,arab,1,1,no,rshift,398,1
lenlacko,2,red,arab,1,9,no,rshift,426,1
lenlacko,2,blue,arab,1,4,no,lshift,365,1
lenlacko,2,red,arab,1,2,no,rshift,467,1
lenlacko,2,blue,arab,1,6,no,lshift,675,1
lenlacko,2,red,arab,1,1,no,rshift,431,1
lenlacko,2,red,arab,1,1,no,rshift,533,1
lenlacko,2,blue,arab,1,7,no,lshift,343,1
lenlacko,2,blue,arab,1,1,no,lshift,401,1
lenlacko,2,red,arab,1,6,no,rshift,392,1
lenlacko,2,red,arab,1,7,no,rshift,351,1
lenlacko,2,blue,arab,1,8,no,lshift,382,1
lenlacko,2,blue,arab,1,6,no,lshift,449,1
lenlacko,2,red,arab,1,7,no,rshift,455,1
lenlacko,2,red,arab,1,4,no,rshift,733,1
lenlacko,2,blue,arab,1,9,no,lshift,387,1
lenlacko,2,blue,arab,1,2,no,lshift,504,1
lenlacko,2,blue,arab,1,8,no,lshift,492,1
lenlacko,2,blue,arab,1,3,no,lshift,391,1
lenlacko,2,red,arab,1,4,no,rshift,482,1
lenlacko,2,red,arab,1,8,no,rshift,860,1
lenlacko,2,red,arab,1,9,no,rshift,444,1
lenlacko,2,red,arab,1,3,no,rshift,508,1
lenlacko,2,blue,arab,1,2,no,lshift,377,1
lenlacko,2,red,arab,1,2,no,rshift,620,1
lenlacko,2,blue,arab,1,4,no,lshift,397,1
lenlacko,2,blue,arab,1,9,no,lshift,367,1
lenlacko,2,blue,arab,1,4,no,lshift,492,1
lenlacko,2,blue,arab,1,9,no,lshift,495,1
lenlacko,2,red,arab,1,2,no,rshift,406,1
lenlacko,2,red,arab,1,6,no,rshift,595,1
lenlacko,2,red,arab,1,3,no,rshift,536,1
lenlacko,2,blue,arab,1,8,no,lshift,478,1
lenlacko,2,blue,arab,1,8,no,lshift,796,1
lenlacko,2,blue,arab,1,3,no,lshift,498,1
lenlacko,2,blue,arab,1,7,no,lshift,468,1
lenlacko,2,red,arab,1,2,no,rshift,472,1
lenlacko,2,red,arab,1,4,no,rshift,683,1
lenlacko,2,red,arab,1,6,no,rshift,492,1
lenlacko,2,blue,arab,1,3,no,lshift,528,1
lenlacko,2,red,arab,1,3,no,rshift,457,1
lenlacko,2,blue,arab,1,1,no,lshift,539,1
lenlacko,2,red,arab,1,6,no,rshift,461,1
lenlacko,2,blue,arab,1,7,no,lshift,402,1
lenlacko,2,blue,arab,1,2,no,lshift,436,1
lenlacko,2,blue,arab,1,6,no,lshift,433,1
lenlacko,2,red,arab,1,3,no,rshift,452,1
lenlacko,2,blue,arab,1,2,no,lshift,410,1
lenlacko,2,red,arab,0,7,no,lshift,463,1
lenlacko,2,blue,arab,1,6,no,lshift,604,1
lenlacko,2,blue,arab,1,3,no,lshift,1821,1
lenlacko,2,blue,arab,1,4,no,lshift,580,1
lenlacko,2,blue,arab,1,7,no,lshift,497,1
lenlacko,2,red,arab,1,7,no,rshift,439,1
lenlacko,2,blue,arab,1,2,no,lshift,554,1
lenlacko,2,red,arab,1,1,no,rshift,510,1
lenlacko,2,blue,arab,1,1,no,lshift,509,1
lenlacko,2,blue,arab,1,1,no,lshift,509,1
lenlacko,2,red,arab,1,8,no,rshift,609,1
lenlacko,2,red,arab,1,4,no,rshift,450,1
lenlacko,2,blue,arab,1,8,no,lshift,894,1
lenlacko,2,blue,arab,1,6,no,lshift,978,1
lenlacko,2,blue,arab,1,7,no,lshift,825,1
lenlacko,2,blue,arab,1,3,no,lshift,369,1
lenlacko,2,blue,arab,1,1,no,lshift,328,1
lenlacko,2,blue,arab,1,2,no,lshift,320,1
lenlacko,2,red,arab,1,8,no,rshift,427,1
lenlacko,2,blue,arab,1,4,no,lshift,376,1
lenlacko,2,blue,arab,1,6,no,lshift,389,1
lenlacko,2,blue,arab,1,2,no,lshift,489,1
lenlacko,2,red,arab,1,2,no,rshift,414,1
lenlacko,2,red,arab,1,7,no,rshift,407,1
lenlacko,2,blue,arab,1,9,no,lshift,458,1
lenlacko,2,blue,arab,1,7,no,lshift,830,1
lenlacko,2,blue,arab,1,4,no,lshift,476,1
lenlacko,2,red,arab,1,9,no,rshift,439,1
lenlacko,2,red,arab,1,7,no,rshift,420,1
lenlacko,2,blue,arab,1,8,no,lshift,398,1
lenlacko,2,blue,arab,1,7,no,lshift,377,1
lenlacko,2,red,arab,1,1,no,rshift,479,1
lenlacko,2,red,arab,1,4,no,rshift,427,1
lenlacko,2,red,arab,1,2,no,rshift,514,1
lenlacko,2,red,arab,1,7,no,rshift,409,1
lenlacko,3,blue,arab,1,2,no,lshift,799,1
lenlacko,3,red,arab,1,9,no,rshift,381,1
lenlacko,3,blue,arab,1,1,no,lshift,454,1
lenlacko,3,blue,arab,1,8,no,lshift,376,1
lenlacko,3,red,arab,1,3,no,rshift,634,1
lenlacko,3,blue,arab,1,9,no,lshift,430,1
lenlacko,3,red,arab,1,9,no,rshift,380,1
lenlacko,3,red,arab,1,1,no,rshift,788,1
lenlacko,3,blue,arab,1,4,no,lshift,343,1
lenlacko,3,red,arab,1,1,no,rshift,468,1
lenlacko,3,red,arab,1,7,no,rshift,426,1
lenlacko,3,blue,arab,1,2,no,lshift,606,1
lenlacko,3,red,arab,1,6,no,rshift,497,1
lenlacko,3,red,arab,1,3,no,rshift,653,1
lenlacko,3,blue,arab,1,9,no,lshift,171,1
lenlacko,3,blue,arab,1,1,no,lshift,404,1
lenlacko,3,blue,arab,1,1,no,lshift,397,1
lenlacko,3,blue,arab,0,9,no,rshift,107,1
lenlacko,3,blue,arab,1,6,no,lshift,338,1
lenlacko,3,red,arab,1,7,no,rshift,435,1
lenlacko,3,red,arab,0,4,no,lshift,162,1
lenlacko,3,blue,arab,1,8,no,lshift,544,1
lenlacko,3,blue,arab,1,4,no,lshift,466,1
lenlacko,3,blue,arab,1,2,no,lshift,458,1
lenlacko,3,red,arab,1,8,no,rshift,431,1
lenlacko,3,blue,arab,1,9,no,lshift,742,1
lenlacko,3,blue,arab,1,9,no,lshift,436,1
lenlacko,3,red,arab,1,1,no,rshift,363,1
lenlacko,3,blue,arab,1,2,no,lshift,548,1
lenlacko,3,blue,arab,1,9,no,lshift,482,1
lenlacko,3,red,arab,1,3,no,rshift,341,1
lenlacko,3,blue,arab,1,2,no,lshift,352,1
lenlacko,3,blue,arab,1,3,no,lshift,403,1
lenlacko,3,blue,arab,1,6,no,lshift,506,1
lenlacko,3,blue,arab,1,3,no,lshift,419,1
lenlacko,3,blue,arab,1,3,no,lshift,408,1
lenlacko,3,red,arab,1,1,no,rshift,558,1
lenlacko,3,red,arab,1,4,no,rshift,370,1
lenlacko,3,red,arab,0,9,no,lshift,406,1
lenlacko,3,blue,arab,1,2,no,lshift,441,1
lenlacko,3,blue,arab,1,8,no,lshift,377,1
lenlacko,3,blue,arab,1,7,no,lshift,456,1
lenlacko,3,blue,arab,1,8,no,lshift,436,1
lenlacko,3,red,arab,0,1,no,lshift,966,1
lenlacko,3,blue,arab,1,6,no,lshift,416,1
lenlacko,3,blue,arab,1,9,no,lshift,340,1
lenlacko,3,blue,arab,1,7,no,lshift,337,1
lenlacko,3,red,arab,1,3,no,rshift,469,1
lenlacko,3,red,arab,1,4,no,rshift,420,1
lenlacko,3,blue,arab,1,4,no,lshift,372,1
lenlacko,3,red,arab,1,1,no,rshift,754,1
lenlacko,3,red,arab,1,1,no,rshift,421,1
lenlacko,3,blue,arab,1,3,no,lshift,364,1
lenlacko,3,red,arab,1,2,no,rshift,423,1
lenlacko,3,red,arab,1,7,no,rshift,352,1
lenlacko,3,red,arab,1,8,no,rshift,332,1
lenlacko,3,red,arab,1,8,no,rshift,297,1
lenlacko,3,blue,arab,1,6,no,lshift,378,1
lenlacko,3,red,arab,1,2,no,rshift,750,1
lenlacko,3,red,arab,1,7,no,rshift,320,1
lenlacko,3,red,arab,1,3,no,rshift,283,1
lenlacko,3,red,arab,1,4,no,rshift,358,1
lenlacko,3,blue,arab,1,7,no,lshift,405,1
lenlacko,3,blue,arab,0,8,no,rshift,529,1
lenlacko,3,red,arab,1,2,no,rshift,803,1
lenlacko,3,blue,arab,1,2,no,lshift,497,1
lenlacko,3,blue,arab,1,3,no,lshift,487,1
lenlacko,3,red,arab,1,8,no,rshift,514,1
lenlacko,3,blue,arab,1,4,no,lshift,402,1
lenlacko,3,red,arab,1,2,no,rshift,398,1
lenlacko,3,blue,arab,1,1,no,lshift,442,1
lenlacko,3,red,arab,1,3,no,rshift,404,1
lenlacko,3,blue,arab,1,1,no,lshift,449,1
lenlacko,3,red,arab,1,2,no,rshift,321,1
lenlacko,3,blue,arab,1,6,no,lshift,445,1
lenlacko,3,red,arab,1,3,no,rshift,314,1
lenlacko,3,red,arab,1,7,no,rshift,549,1
lenlacko,3,blue,arab,1,1,no,lshift,338,1
lenlacko,3,blue,arab,1,6,no,lshift,407,1
lenlacko,3,red,arab,1,9,no,rshift,435,1
lenlacko,3,blue,arab,1,8,no,lshift,438,1
lenlacko,3,red,arab,1,9,no,rshift,348,1
lenlacko,3,red,arab,1,8,no,rshift,706,1
lenlacko,3,red,arab,1,7,no,rshift,380,1
lenlacko,3,red,arab,1,6,no,rshift,351,1
lenlacko,3,blue,arab,1,4,no,lshift,351,1
lenlacko,3,blue,arab,1,4,no,lshift,405,1
lenlacko,3,red,arab,1,9,no,rshift,320,1
lenlacko,3,red,arab,1,4,no,rshift,341,1
lenlacko,3,red,arab,1,3,no,rshift,340,1
lenlacko,3,red,arab,1,7,no,rshift,250,1
lenlacko,3,red,arab,1,1,no,rshift,277,1
lenlacko,3,blue,arab,1,7,no,lshift,404,1
lenlacko,3,blue,arab,0,7,no,rshift,505,1
lenlacko,3,blue,arab,1,4,no,lshift,781,1
lenlacko,3,blue,arab,1,6,no,lshift,385,1
lenlacko,3,red,arab,1,4,no,rshift,299,1
lenlacko,3,red,arab,1,8,no,rshift,573,1
lenlacko,3,blue,arab,1,6,no,lshift,716,1
lenlacko,3,blue,arab,1,7,no,lshift,701,1
lenlacko,3,red,arab,1,8,no,rshift,376,1
lenlacko,3,red,arab,1,1,no,rshift,664,1
lenlacko,3,blue,arab,1,2,no,lshift,431,1
lenlacko,3,red,arab,1,6,no,rshift,389,1
lenlacko,3,blue,arab,1,3,no,lshift,569,1
lenlacko,3,red,arab,1,4,no,rshift,358,1
lenlacko,3,red,arab,1,7,no,rshift,276,1
lenlacko,3,blue,arab,1,9,no,lshift,386,1
lenlacko,3,blue,arab,1,9,no,lshift,262,1
lenlacko,3,red,arab,1,6,no,rshift,328,1
lenlacko,3,red,arab,1,1,no,rshift,312,1
lenlacko,3,red,arab,1,7,no,rshift,371,1
lenlacko,3,red,arab,1,6,no,rshift,352,1
lenlacko,3,blue,arab,1,8,no,lshift,437,1
lenlacko,3,red,arab,1,9,no,rshift,485,1
lenlacko,3,blue,arab,1,9,no,lshift,484,1
lenlacko,3,red,arab,1,4,no,rshift,750,1
lenlacko,3,blue,arab,1,8,no,lshift,621,1
lenlacko,3,blue,arab,1,6,no,lshift,858,1
lenlacko,3,blue,arab,1,7,no,lshift,479,1
lenlacko,3,red,arab,1,9,no,rshift,568,1
lenlacko,3,blue,arab,1,1,no,lshift,451,1
lenlacko,3,red,arab,1,6,no,rshift,413,1
lenlacko,3,blue,arab,1,1,no,lshift,719,1
lenlacko,3,red,arab,1,9,no,rshift,387,1
lenlacko,3,blue,arab,1,3,no,lshift,587,1
lenlacko,3,blue,arab,1,6,no,lshift,377,1
lenlacko,3,blue,arab,1,4,no,lshift,408,1
lenlacko,3,red,arab,1,2,no,rshift,407,1
lenlacko,3,red,arab,1,6,no,rshift,658,1
lenlacko,3,blue,arab,1,1,no,lshift,512,1
lenlacko,3,blue,arab,1,2,no,lshift,444,1
lenlacko,3,red,arab,1,2,no,rshift,586,1
lenlacko,3,blue,arab,1,3,no,lshift,835,1
lenlacko,3,red,arab,1,3,no,rshift,353,1
lenlacko,3,red,arab,1,9,no,rshift,398,1
lenlacko,3,blue,arab,1,7,no,lshift,296,1
lenlacko,3,red,arab,1,6,no,rshift,388,1
lenlacko,3,blue,arab,1,7,no,lshift,307,1
lenlacko,3,blue,arab,1,2,no,lshift,449,1
lenlacko,3,blue,arab,1,7,no,lshift,454,1
lenlacko,3,red,arab,1,2,no,rshift,534,1
lenlacko,3,blue,arab,1,4,no,lshift,368,1
lenlacko,3,red,arab,1,4,no,rshift,439,1
lenlacko,3,blue,arab,1,1,no,lshift,309,1
lenlacko,3,red,arab,1,3,no,rshift,375,1
lenlacko,3,red,arab,1,8,no,rshift,462,1
lenlacko,3,blue,arab,1,3,no,lshift,566,1
lenlacko,3,blue,arab,0,8,no,rshift,299,1
lenlacko,3,red,arab,1,6,no,rshift,972,1
lenlacko,3,red,arab,1,2,no,rshift,1110,1
lenlacko,3,red,arab,1,2,no,rshift,390,1
lenlacko,3,blue,arab,1,8,no,lshift,302,1
lenlacko,3,blue,arab,1,3,no,lshift,559,1
lenlacko,3,blue,arab,1,4,no,lshift,333,1
lenlacko,3,red,arab,1,6,no,rshift,403,1
lenlacko,3,red,arab,1,8,no,rshift,391,1
lenlacko,3,red,arab,1,4,no,rshift,427,1
lenlacko,3,red,arab,1,7,no,rshift,436,1
lenlacko,3,red,arab,1,8,no,rshift,487,1
lenlacko,0,red,classic,1,2,yes,rshift,875,1
lenlacko,0,red,classic,1,4,yes,rshift,696,1
lenlacko,0,red,classic,1,3,yes,lshift,650,1
lenlacko,0,red,classic,1,7,yes,lshift,655,1
lenlacko,0,red,classic,1,6,yes,rshift,705,1
lenlacko,0,red,classic,1,9,yes,lshift,609,1
lenlacko,0,red,classic,1,8,yes,rshift,667,1
lenlacko,0,red,classic,1,1,yes,lshift,536,1
lenlacko,1,red,classic,1,9,yes,rshift,957,1
lenlacko,1,red,classic,1,3,yes,rshift,813,1
lenlacko,1,red,classic,1,7,yes,rshift,543,1
lenlacko,1,red,classic,1,1,yes,rshift,566,1
lenlacko,1,red,classic,0,8,yes,rshift,523,1
lenlacko,1,red,classic,0,4,yes,rshift,489,1
lenlacko,1,red,classic,1,6,yes,lshift,564,1
lenlacko,1,red,classic,1,2,yes,lshift,626,1
lenlacko,2,red,classic,1,7,no,lshift,2047,1
lenlacko,2,red,classic,1,3,no,lshift,560,1
lenlacko,2,red,classic,1,3,no,lshift,508,1
lenlacko,2,red,classic,1,1,no,lshift,540,1
lenlacko,2,red,classic,1,2,no,rshift,477,1
lenlacko,2,red,classic,1,9,no,lshift,563,1
lenlacko,2,red,classic,1,2,no,rshift,599,1
lenlacko,2,red,classic,1,7,no,lshift,639,1
lenlacko,2,red,classic,1,2,no,rshift,561,1
lenlacko,2,red,classic,1,9,no,lshift,718,1
lenlacko,2,red,classic,1,7,no,lshift,647,1
lenlacko,2,red,classic,1,9,no,lshift,561,1
lenlacko,2,red,classic,1,2,no,rshift,683,1
lenlacko,2,red,classic,1,6,no,rshift,696,1
lenlacko,2,red,classic,1,7,no,lshift,596,1
lenlacko,2,red,classic,1,3,no,lshift,723,1
lenlacko,2,red,classic,1,7,no,lshift,774,1
lenlacko,2,red,classic,1,7,no,lshift,585,1
lenlacko,2,red,classic,1,2,no,rshift,638,1
lenlacko,2,red,classic,1,4,no,rshift,513,1
lenlacko,2,red,classic,1,8,no,rshift,640,1
lenlacko,2,red,classic,1,4,no,rshift,660,1
lenlacko,2,red,classic,1,1,no,lshift,784,1
lenlacko,2,red,classic,1,3,no,lshift,745,1
lenlacko,2,red,classic,1,8,no,rshift,519,1
lenlacko,2,red,classic,1,4,no,rshift,504,1
lenlacko,2,red,classic,1,3,no,lshift,553,1
lenlacko,2,red,classic,1,1,no,lshift,540,1
lenlacko,2,red,classic,1,3,no,lshift,592,1
lenlacko,2,red,classic,1,2,no,rshift,435,1
lenlacko,2,red,classic,1,2,no,rshift,473,1
lenlacko,2,red,classic,1,9,no,lshift,529,1
lenlacko,2,red,classic,1,2,no,rshift,444,1
lenlacko,2,red,classic,1,1,no,lshift,560,1
lenlacko,2,red,classic,1,1,no,lshift,507,1
lenlacko,2,red,classic,1,8,no,rshift,629,1
lenlacko,2,red,classic,1,8,no,rshift,633,1
lenlacko,2,red,classic,1,6,no,rshift,759,1
lenlacko,2,red,classic,1,4,no,rshift,593,1
lenlacko,2,red,classic,1,9,no,lshift,534,1
lenlacko,2,red,classic,1,8,no,rshift,486,1
lenlacko,2,red,classic,1,4,no,rshift,555,1
lenlacko,2,red,classic,1,7,no,lshift,518,1
lenlacko,2,red,classic,1,4,no,rshift,573,1
lenlacko,2,red,classic,1,6,no,rshift,968,1
lenlacko,2,red,classic,1,2,no,rshift,643,1
lenlacko,2,red,classic,1,1,no,lshift,553,1
lenlacko,2,red,classic,1,6,no,rshift,569,1
lenlacko,2,red,classic,1,4,no,rshift,819,1
lenlacko,2,red,classic,1,6,no,rshift,555,1
lenlacko,2,red,classic,1,8,no,rshift,576,1
lenlacko,2,red,classic,1,7,no,lshift,596,1
lenlacko,2,red,classic,1,9,no,lshift,1339,1
lenlacko,2,red,classic,1,1,no,lshift,751,1
lenlacko,2,red,classic,1,3,no,lshift,613,1
lenlacko,2,red,classic,1,3,no,lshift,633,1
lenlacko,2,red,classic,1,2,no,rshift,442,1
lenlacko,2,red,classic,1,1,no,lshift,468,1
lenlacko,2,red,classic,1,1,no,lshift,1056,1
lenlacko,2,red,classic,1,7,no,lshift,922,1
lenlacko,2,red,classic,1,6,no,rshift,776,1
lenlacko,2,red,classic,1,8,no,rshift,649,1
lenlacko,2,red,classic,1,3,no,lshift,673,1
lenlacko,2,red,classic,1,1,no,lshift,721,1
lenlacko,2,red,classic,1,3,no,lshift,756,1
lenlacko,2,red,classic,1,8,no,rshift,532,1
lenlacko,2,red,classic,1,6,no,rshift,575,1
lenlacko,2,red,classic,1,6,no,rshift,684,1
lenlacko,2,red,classic,1,7,no,lshift,659,1
lenlacko,2,red,classic,1,4,no,rshift,831,1
lenlacko,2,red,classic,1,4,no,rshift,620,1
lenlacko,2,red,classic,1,2,no,rshift,517,1
lenlacko,2,red,classic,1,7,no,lshift,591,1
lenlacko,2,red,classic,1,1,no,lshift,753,1
lenlacko,2,red,classic,1,8,no,rshift,534,1
lenlacko,2,red,classic,1,8,no,rshift,509,1
lenlacko,2,red,classic,1,9,no,lshift,580,1
lenlacko,2,red,classic,1,6,no,rshift,576,1
lenlacko,2,red,classic,1,7,no,lshift,621,1
lenlacko,2,red,classic,1,7,no,lshift,638,1
lenlacko,2,red,classic,1,9,no,lshift,954,1
lenlacko,2,red,classic,1,6,no,rshift,1329,1
lenlacko,2,red,classic,1,9,no,lshift,721,1
lenlacko,2,red,classic,1,9,no,lshift,699,1
lenlacko,2,red,classic,1,7,no,lshift,632,1
lenlacko,2,red,classic,1,3,no,lshift,1103,1
lenlacko,2,red,classic,1,2,no,rshift,568,1
lenlacko,2,red,classic,1,1,no,lshift,1125,1
lenlacko,2,red,classic,1,4,no,rshift,622,1
lenlacko,2,red,classic,1,3,no,lshift,582,1
lenlacko,2,red,classic,1,3,no,lshift,817,1
lenlacko,2,red,classic,1,8,no,rshift,602,1
lenlacko,2,red,classic,1,6,no,rshift,765,1
lenlacko,2,red,classic,1,2,no,rshift,694,1
lenlacko,2,red,classic,1,4,no,rshift,478,1
lenlacko,2,red,classic,1,8,no,rshift,1061,1
lenlacko,2,red,classic,1,4,no,rshift,966,1
lenlacko,2,red,classic,0,6,no,lshift,698,1
lenlacko,2,red,classic,1,1,no,lshift,682,1
lenlacko,2,red,classic,1,9,no,lshift,1468,1
lenlacko,2,red,classic,1,6,no,rshift,1543,1
lenlacko,2,red,classic,1,4,no,rshift,708,1
lenlacko,2,red,classic,1,9,no,lshift,1240,1
lenlacko,2,red,classic,1,9,no,lshift,1634,1
lenlacko,2,red,classic,1,4,no,rshift,541,1
lenlacko,2,red,classic,1,3,no,lshift,774,1
lenlacko,2,red,classic,1,9,no,lshift,1116,1
lenlacko,2,red,classic,1,8,no,rshift,822,1
lenlacko,2,red,classic,1,8,no,rshift,791,1
lenlacko,2,red,classic,1,2,no,rshift,673,1
lenlacko,2,red,classic,1,6,no,rshift,945,1
lenlacko,2,red,classic,1,1,no,lshift,741,1
lenlacko,3,red,classic,1,6,no,lshift,845,1
lenlacko,3,red,classic,1,2,no,lshift,473,1
lenlacko,3,red,classic,1,6,no,lshift,656,1
lenlacko,3,red,classic,1,2,no,lshift,695,1
lenlacko,3,red,classic,1,4,no,lshift,421,1
lenlacko,3,red,classic,1,6,no,lshift,474,1
lenlacko,3,red,classic,1,1,no,rshift,514,1
lenlacko,3,red,classic,1,8,no,lshift,445,1
lenlacko,3,red,classic,1,9,no,rshift,764,1
lenlacko,3,red,classic,1,4,no,lshift,513,1
lenlacko,3,red,classic,1,8,no,lshift,411,1
lenlacko,3,red,classic,1,2,no,lshift,412,1
lenlacko,3,red,classic,1,9,no,rshift,725,1
lenlacko,3,red,classic,1,4,no,lshift,474,1
lenlacko,3,red,classic,0,8,no,rshift,521,1
lenlacko,3,red,classic,1,1,no,rshift,736,1
lenlacko,3,red,classic,1,3,no,rshift,792,1
lenlacko,3,red,classic,1,7,no,rshift,733,1
lenlacko,3,red,classic,1,9,no,rshift,666,1
lenlacko,3,red,classic,1,2,no,lshift,477,1
lenlacko,3,red,classic,1,6,no,lshift,624,1
lenlacko,3,red,classic,1,1,no,rshift,532,1
lenlacko,3,red,classic,1,7,no,rshift,641,1
lenlacko,3,red,classic,1,2,no,lshift,593,1
lenlacko,3,red,classic,1,4,no,lshift,549,1
lenlacko,3,red,classic,1,3,no,rshift,601,1
lenlacko,3,red,classic,1,7,no,rshift,938,1
lenlacko,3,red,classic,1,4,no,lshift,519,1
lenlacko,3,red,classic,1,6,no,lshift,468,1
lenlacko,3,red,classic,1,8,no,lshift,375,1
lenlacko,3,red,classic,1,6,no,lshift,638,1
lenlacko,3,red,classic,1,1,no,rshift,487,1
lenlacko,3,red,classic,1,4,no,lshift,370,1
lenlacko,3,red,classic,1,1,no,rshift,423,1
lenlacko,3,red,classic,1,9,no,rshift,940,1
lenlacko,3,red,classic,1,4,no,lshift,434,1
lenlacko,3,red,classic,1,8,no,lshift,485,1
lenlacko,3,red,classic,1,3,no,rshift,568,1
lenlacko,3,red,classic,1,9,no,rshift,855,1
lenlacko,3,red,classic,1,2,no,lshift,809,1
lenlacko,3,red,classic,1,1,no,rshift,782,1
lenlacko,3,red,classic,1,4,no,lshift,594,1
lenlacko,3,red,classic,1,4,no,lshift,648,1
lenlacko,3,red,classic,1,3,no,rshift,1020,1
lenlacko,3,red,classic,1,2,no,lshift,761,1
lenlacko,3,red,classic,1,2,no,lshift,936,1
lenlacko,3,red,classic,1,9,no,rshift,690,1
lenlacko,3,red,classic,1,9,no,rshift,741,1
lenlacko,3,red,classic,1,3,no,rshift,1043,1
lenlacko,3,red,classic,1,7,no,rshift,574,1
lenlacko,3,red,classic,1,2,no,lshift,639,1
lenlacko,3,red,classic,1,2,no,lshift,634,1
lenlacko,3,red,classic,1,7,no,rshift,467,1
lenlacko,3,red,classic,1,1,no,rshift,839,1
lenlacko,3,red,classic,0,4,no,rshift,462,1
lenlacko,3,red,classic,1,1,no,rshift,1423,1
lenlacko,3,red,classic,1,8,no,lshift,702,1
lenlacko,3,red,classic,1,2,no,lshift,1085,1
lenlacko,3,red,classic,1,8,no,lshift,516,1
lenlacko,3,red,classic,1,7,no,rshift,647,1
lenlacko,3,red,classic,1,1,no,rshift,798,1
lenlacko,3,red,classic,1,7,no,rshift,709,1
lenlacko,3,red,classic,1,9,no,rshift,753,1
lenlacko,3,red,classic,1,9,no,rshift,428,1
lenlacko,3,red,classic,1,2,no,lshift,707,1
lenlacko,3,red,classic,1,6,no,lshift,490,1
lenlacko,3,red,classic,1,6,no,lshift,410,1
lenlacko,3,red,classic,1,9,no,rshift,800,1
lenlacko,3,red,classic,1,3,no,rshift,666,1
lenlacko,3,red,classic,1,2,no,lshift,500,1
lenlacko,3,red,classic,1,6,no,lshift,574,1
lenlacko,3,red,classic,1,6,no,lshift,482,1
lenlacko,3,red,classic,1,1,no,rshift,573,1
lenlacko,3,red,classic,1,1,no,rshift,486,1
lenlacko,3,red,classic,1,7,no,rshift,552,1
lenlacko,3,red,classic,1,6,no,lshift,627,1
lenlacko,3,red,classic,1,9,no,rshift,624,1
lenlacko,3,red,classic,1,3,no,rshift,867,1
lenlacko,3,red,classic,1,9,no,rshift,742,1
lenlacko,3,red,classic,1,8,no,lshift,563,1
lenlacko,3,red,classic,1,3,no,rshift,543,1
lenlacko,3,red,classic,1,6,no,lshift,634,1
lenlacko,3,red,classic,1,1,no,rshift,675,1
lenlacko,3,red,classic,1,7,no,rshift,737,1
lenlacko,3,red,classic,1,4,no,lshift,692,1
lenlacko,3,red,classic,1,8,no,lshift,487,1
lenlacko,3,red,classic,1,1,no,rshift,619,1
lenlacko,3,red,classic,1,6,no,lshift,657,1
lenlacko,3,red,classic,1,3,no,rshift,615,1
lenlacko,3,red,classic,1,3,no,rshift,586,1
lenlacko,3,red,classic,1,3,no,rshift,560,1
lenlacko,3,red,classic,1,9,no,rshift,856,1
lenlacko,3,red,classic,1,8,no,lshift,462,1
lenlacko,3,red,classic,1,4,no,lshift,358,1
lenlacko,3,red,classic,1,8,no,lshift,460,1
lenlacko,3,red,classic,1,8,no,lshift,369,1
lenlacko,3,red,classic,1,3,no,rshift,472,1
lenlacko,3,red,classic,1,4,no,lshift,447,1
lenlacko,3,red,classic,1,8,no,lshift,535,1
lenlacko,3,red,classic,1,3,no,rshift,471,1
lenlacko,3,red,classic,1,7,no,rshift,590,1
lenlacko,3,red,classic,1,7,no,rshift,418,1
lenlacko,3,red,classic,1,4,no,lshift,442,1
lenlacko,3,red,classic,1,7,no,rshift,466,1
lenlacko,3,red,classic,1,3,no,rshift,540,1
lenlacko,3,red,classic,1,7,no,rshift,422,1
lenlacko,3,red,classic,0,9,no,lshift,452,1
lenlacko,3,red,classic,1,2,no,lshift,700,1
lenlacko,3,red,classic,1,8,no,lshift,749,1
lenlacko,3,red,classic,1,1,no,rshift,458,1
lenlacko,3,red,classic,1,6,no,lshift,567,1
lenlacko,3,red,classic,1,7,no,rshift,505,1
